label,pixel_0,pixel_1,pixel_2,pixel_3,pixel_4,pixel_5,pixel_6,pixel_7,pixel_8,pixel_9,pixel_10,pixel_11,pixel_12,pixel_13,pixel_14,pixel_15,pixel_16,pixel_17,pixel_18,pixel_19,pixel_20,pixel_21,pixel_22,pixel_23,pixel_24,pixel_25,pixel_26,pixel_27,pixel_28,pixel_29,pixel_30,pixel_31,pixel_32,pixel_33,pixel_34,pixel_35,pixel_36,pixel_37,pixel_38,pixel_39,pixel_40,pixel_41,pixel_42,pixel_43,pixel_44,pixel_45,pixel_46,pixel_47,pixel_48,pixel_49,pixel_50,pixel_51,pixel_52,pixel_53,pixel_54,pixel_55,pixel_56,pixel_57,pixel_58,pixel_59,pixel_60,pixel_61,pixel_62,pixel_63,pixel_64,pixel_65,pixel_66,pixel_67,pixel_68,pixel_69,pixel_70,pixel_71,pixel_72,pixel_73,pixel_74,pixel_75,pixel_76,pixel_77,pixel_78,pixel_79,pixel_80,pixel_81,pixel_82,pixel_83,pixel_84,pixel_85,pixel_86,pixel_87,pixel_88,pixel_89,pixel_90,pixel_91,pixel_92,pixel_93,pixel_94,pixel_95,pixel_96,pixel_97,pixel_98,pixel_99,pixel_100,pixel_101,pixel_102,pixel_103,pixel_104,pixel_105,pixel_106,pixel_107,pixel_108,pixel_109,pixel_110,pixel_111,pixel_112,pixel_113,pixel_114,pixel_115,pixel_116,pixel_117,pixel_118,pixel_119,pixel_120,pixel_121,pixel_122,pixel_123,pixel_124,pixel_125,pixel_126,pixel_127,pixel_128,pixel_129,pixel_130,pixel_131,pixel_132,pixel_133,pixel_134,pixel_135,pixel_136,pixel_137,pixel_138,pixel_139,pixel_140,pixel_141,pixel_142,pixel_143,pixel_144,pixel_145,pixel_146,pixel_147,pixel_148,pixel_149,pixel_150,pixel_151,pixel_152,pixel_153,pixel_154,pixel_155,pixel_156,pixel_157,pixel_158,pixel_159,pixel_160,pixel_161,pixel_162,pixel_163,pixel_164,pixel_165,pixel_166,pixel_167,pixel_168,pixel_169,pixel_170,pixel_171,pixel_172,pixel_173,pixel_174,pixel_175,pixel_176,pixel_177,pixel_178,pixel_179,pixel_180,pixel_181,pixel_182,pixel_183,pixel_184,pixel_185,pixel_186,pixel_187,pixel_188,pixel_189,pixel_190,pixel_191,pixel_192,pixel_193,pixel_194,pixel_195,pixel_196,pixel_197,pixel_198,pixel_199,pixel_200,pixel_201,pixel_202,pixel_203,pixel_204,pixel_205,pixel_206,pixel_207,pixel_208,pixel_209,pixel_210,pixel_211,pixel_212,pixel_213,pixel_214,pixel_215,pixel_216,pixel_217,pixel_218,pixel_219,pixel_220,pixel_221,pixel_222,pixel_223,pixel_224,pixel_225,pixel_226,pixel_227,pixel_228,pixel_229,pixel_230,pixel_231,pixel_232,pixel_233,pixel_234,pixel_235,pixel_236,pixel_237,pixel_238,pixel_239,pixel_240,pixel_241,pixel_242,pixel_243,pixel_244,pixel_245,pixel_246,pixel_247,pixel_248,pixel_249,pixel_250,pixel_251,pixel_252,pixel_253,pixel_254,pixel_255,pixel_256,pixel_257,pixel_258,pixel_259,pixel_260,pixel_261,pixel_262,pixel_263,pixel_264,pixel_265,pixel_266,pixel_267,pixel_268,pixel_269,pixel_270,pixel_271,pixel_272,pixel_273,pixel_274,pixel_275,pixel_276,pixel_277,pixel_278,pixel_279,pixel_280,pixel_281,pixel_282,pixel_283,pixel_284,pixel_285,pixel_286,pixel_287,pixel_288,pixel_289,pixel_290,pixel_291,pixel_292,pixel_293,pixel_294,pixel_295,pixel_296,pixel_297,pixel_298,pixel_299,pixel_300,pixel_301,pixel_302,pixel_303,pixel_304,pixel_305,pixel_306,pixel_307,pixel_308,pixel_309,pixel_310,pixel_311,pixel_312,pixel_313,pixel_314,pixel_315,pixel_316,pixel_317,pixel_318,pixel_319,pixel_320,pixel_321,pixel_322,pixel_323,pixel_324,pixel_325,pixel_326,pixel_327,pixel_328,pixel_329,pixel_330,pixel_331,pixel_332,pixel_333,pixel_334,pixel_335,pixel_336,pixel_337,pixel_338,pixel_339,pixel_340,pixel_341,pixel_342,pixel_343,pixel_344,pixel_345,pixel_346,pixel_347,pixel_348,pixel_349,pixel_350,pixel_351,pixel_352,pixel_353,pixel_354,pixel_355,pixel_356,pixel_357,pixel_358,pixel_359,pixel_360,pixel_361,pixel_362,pixel_363,pixel_364,pixel_365,pixel_366,pixel_367,pixel_368,pixel_369,pixel_370,pixel_371,pixel_372,pixel_373,pixel_374,pixel_375,pixel_376,pixel_377,pixel_378,pixel_379,pixel_380,pixel_381,pixel_382,pixel_383,pixel_384,pixel_385,pixel_386,pixel_387,pixel_388,pixel_389,pixel_390,pixel_391,pixel_392,pixel_393,pixel_394,pixel_395,pixel_396,pixel_397,pixel_398,pixel_399,pixel_400,pixel_401,pixel_402,pixel_403,pixel_404,pixel_405,pixel_406,pixel_407,pixel_408,pixel_409,pixel_410,pixel_411,pixel_412,pixel_413,pixel_414,pixel_415,pixel_416,pixel_417,pixel_418,pixel_419,pixel_420,pixel_421,pixel_422,pixel_423,pixel_424,pixel_425,pixel_426,pixel_427,pixel_428,pixel_429,pixel_430,pixel_431,pixel_432,pixel_433,pixel_434,pixel_435,pixel_436,pixel_437,pixel_438,pixel_439,pixel_440,pixel_441,pixel_442,pixel_443,pixel_444,pixel_445,pixel_446,pixel_447,pixel_448,pixel_449,pixel_450,pixel_451,pixel_452,pixel_453,pixel_454,pixel_455,pixel_456,pixel_457,pixel_458,pixel_459,pixel_460,pixel_461,pixel_462,pixel_463,pixel_464,pixel_465,pixel_466,pixel_467,pixel_468,pixel_469,pixel_470,pixel_471,pixel_472,pixel_473,pixel_474,pixel_475,pixel_476,pixel_477,pixel_478,pixel_479,pixel_480,pixel_481,pixel_482,pixel_483,pixel_484,pixel_485,pixel_486,pixel_487,pixel_488,pixel_489,pixel_490,pixel_491,pixel_492,pixel_493,pixel_494,pixel_495,pixel_496,pixel_497,pixel_498,pixel_499,pixel_500,pixel_501,pixel_502,pixel_503,pixel_504,pixel_505,pixel_506,pixel_507,pixel_508,pixel_509,pixel_510,pixel_511,pixel_512,pixel_513,pixel_514,pixel_515,pixel_516,pixel_517,pixel_518,pixel_519,pixel_520,pixel_521,pixel_522,pixel_523,pixel_524,pixel_525,pixel_526,pixel_527,pixel_528,pixel_529,pixel_530,pixel_531,pixel_532,pixel_533,pixel_534,pixel_535,pixel_536,pixel_537,pixel_538,pixel_539,pixel_540,pixel_541,pixel_542,pixel_543,pixel_544,pixel_545,pixel_546,pixel_547,pixel_548,pixel_549,pixel_550,pixel_551,pixel_552,pixel_553,pixel_554,pixel_555,pixel_556,pixel_557,pixel_558,pixel_559,pixel_560,pixel_561,pixel_562,pixel_563,pixel_564,pixel_565,pixel_566,pixel_567,pixel_568,pixel_569,pixel_570,pixel_571,pixel_572,pixel_573,pixel_574,pixel_575,pixel_576,pixel_577,pixel_578,pixel_579,pixel_580,pixel_581,pixel_582,pixel_583,pixel_584,pixel_585,pixel_586,pixel_587,pixel_588,pixel_589,pixel_590,pixel_591,pixel_592,pixel_593,pixel_594,pixel_595,pixel_596,pixel_597,pixel_598,pixel_599,pixel_600,pixel_601,pixel_602,pixel_603,pixel_604,pixel_605,pixel_606,pixel_607,pixel_608,pixel_609,pixel_610,pixel_611,pixel_612,pixel_613,pixel_614,pixel_615,pixel_616,pixel_617,pixel_618,pixel_619,pixel_620,pixel_621,pixel_622,pixel_623,pixel_624,pixel_625,pixel_626,pixel_627,pixel_628,pixel_629,pixel_630,pixel_631,pixel_632,pixel_633,pixel_634,pixel_635,pixel_636,pixel_637,pixel_638,pixel_639,pixel_640,pixel_641,pixel_642,pixel_643,pixel_644,pixel_645,pixel_646,pixel_647,pixel_648,pixel_649,pixel_650,pixel_651,pixel_652,pixel_653,pixel_654,pixel_655,pixel_656,pixel_657,pixel_658,pixel_659,pixel_660,pixel_661,pixel_662,pixel_663,pixel_664,pixel_665,pixel_666,pixel_667,pixel_668,pixel_669,pixel_670,pixel_671,pixel_672,pixel_673,pixel_674,pixel_675,pixel_676,pixel_677,pixel_678,pixel_679,pixel_680,pixel_681,pixel_682,pixel_683,pixel_684,pixel_685,pixel_686,pixel_687,pixel_688,pixel_689,pixel_690,pixel_691,pixel_692,pixel_693,pixel_694,pixel_695,pixel_696,pixel_697,pixel_698,pixel_699,pixel_700,pixel_701,pixel_702,pixel_703,pixel_704,pixel_705,pixel_706,pixel_707,pixel_708,pixel_709,pixel_710,pixel_711,pixel_712,pixel_713,pixel_714,pixel_715,pixel_716,pixel_717,pixel_718,pixel_719,pixel_720,pixel_721,pixel_722,pixel_723,pixel_724,pixel_725,pixel_726,pixel_727,pixel_728,pixel_729,pixel_730,pixel_731,pixel_732,pixel_733,pixel_734,pixel_735,pixel_736,pixel_737,pixel_738,pixel_739,pixel_740,pixel_741,pixel_742,pixel_743,pixel_744,pixel_745,pixel_746,pixel_747,pixel_748,pixel_749,pixel_750,pixel_751,pixel_752,pixel_753,pixel_754,pixel_755,pixel_756,pixel_757,pixel_758,pixel_759,pixel_760,pixel_761,pixel_762,pixel_763,pixel_764,pixel_765,pixel_766,pixel_767,pixel_768,pixel_769,pixel_770,pixel_771,pixel_772,pixel_773,pixel_774,pixel_775,pixel_776,pixel_777,pixel_778,pixel_779,pixel_780,pixel_781,pixel_782,pixel_783
6,0,0,0,0,0,0,0,0,0,0,0,0,0,0,0,0,0,0,0,0,0,0,0,0,0,0,0,0,0,0,0,0,0,0,0,0,0,0,0,0,0,0,0,0,0,0,0,0,0,0,0,0,0,0,0,0,0,0,0,0,0,0,0,0,0,0,0,0,226,222,101,0,0,0,0,0,0,0,0,0,0,0,0,0,0,0,0,0,0,0,0,0,0,0,0,147,249,252,249,100,0,0,0,0,0,0,0,0,0,0,0,0,0,0,0,0,0,0,0,0,0,0,32,253,252,252,252,112,0,0,0,0,0,0,0,0,0,0,0,0,0,0,0,0,0,0,0,0,0,0,140,253,252,252,252,112,0,0,0,0,0,0,0,0,0,0,0,0,0,0,0,0,0,0,0,0,0,0,140,253,252,252,252,112,0,0,0,0,0,0,0,0,0,0,0,0,0,0,0,0,0,0,0,0,0,0,141,255,253,253,253,253,0,0,0,0,0,0,0,0,0,0,0,0,0,0,0,0,0,0,0,0,0,10,178,253,252,252,252,127,0,0,0,0,0,0,0,0,0,0,0,0,0,0,0,0,0,0,0,0,0,60,252,253,252,252,252,112,0,0,0,0,0,0,0,0,0,0,0,0,0,0,0,0,0,0,0,0,38,224,252,253,252,245,129,37,0,0,0,0,0,0,0,0,0,0,0,0,0,0,0,0,0,0,0,0,57,252,252,253,252,195,0,0,0,0,0,0,0,0,0,0,0,0,0,0,0,0,0,0,0,0,0,0,57,253,253,255,253,196,0,0,0,0,0,0,0,0,0,0,0,0,0,0,0,0,0,0,0,0,0,0,182,252,252,253,252,70,0,0,0,0,0,0,48,85,9,0,0,0,0,0,0,0,0,0,0,0,0,0,197,252,252,253,233,43,0,32,57,182,197,197,227,253,203,75,0,0,0,0,0,0,0,0,0,0,0,10,203,252,252,253,167,7,44,215,253,252,252,252,252,253,252,195,0,0,0,0,0,0,0,0,0,0,0,85,252,252,252,253,214,165,252,252,253,252,252,252,252,253,252,195,0,0,0,0,0,0,0,0,0,0,0,86,253,253,253,255,253,253,253,253,255,253,253,253,253,255,253,133,0,0,0,0,0,0,0,0,0,0,0,85,252,252,252,253,252,252,252,252,253,252,252,252,252,253,252,55,0,0,0,0,0,0,0,0,0,0,0,66,239,252,252,253,252,252,252,173,253,252,252,252,252,253,154,12,0,0,0,0,0,0,0,0,0,0,0,0,197,252,252,253,252,252,252,252,253,252,252,252,252,240,24,0,0,0,0,0,0,0,0,0,0,0,0,0,197,252,252,253,252,252,252,252,253,252,252,252,173,63,0,0,0,0,0,0,0,0,0,0,0,0,0,0,0,0,0,0,0,0,0,0,0,0,0,0,0,0,0,0,0,0,0,0,0,0,0,0,0,0,0,0,0,0,0,0,0,0,0,0,0,0,0,0,0,0,0,0,0,0,0,0,0,0,0,0,0,0,0,0,0,0,0,0,0,0,0,0,0,0,0,0,0,0,0,0,0,0,0,0,0,0,0,0,0,0,0,0,0,0,0,0,0,0,0,0,0,0,0,0,0,0,0,0,0,0,0,0,0,0,0,0,0,0,0,0,0,0,0,0,0,0,0,0,0,0,0,0,0,0,0,0,0,0,0,0,0,0,0,0,0,0,0,0,0,0,0,0,0,0,0,0,0,0,0,0,0,0,0,0,0,0,0,0
9,0,0,0,0,0,0,0,0,0,0,0,0,0,0,0,0,0,0,0,0,0,0,0,0,0,0,0,0,0,0,0,0,0,0,0,0,0,0,0,0,0,0,0,0,0,0,0,0,0,0,0,0,0,0,0,0,0,0,0,0,0,0,0,0,0,0,0,0,0,0,0,0,0,0,0,0,0,0,0,0,0,0,0,0,0,0,0,0,0,0,0,0,0,0,0,0,0,0,0,0,0,0,0,0,0,0,0,0,0,0,0,0,0,0,0,0,0,0,0,0,0,0,0,0,0,0,0,0,0,0,0,0,0,0,0,0,0,0,0,0,0,0,0,0,0,0,0,0,0,0,0,0,0,0,0,0,0,0,0,0,0,0,0,0,0,0,0,0,0,0,0,0,0,0,0,0,0,0,0,0,0,48,147,249,230,106,2,0,0,0,0,0,0,0,0,0,0,0,0,0,0,0,0,0,0,0,0,0,124,229,254,254,254,254,168,0,0,0,0,0,0,0,0,0,0,0,0,0,0,0,0,0,0,0,46,223,252,254,254,254,254,254,228,2,0,0,0,0,0,0,0,0,0,0,0,0,0,0,0,0,0,7,216,254,254,254,254,254,254,254,254,81,0,0,0,0,0,0,0,0,0,0,0,0,0,0,0,0,0,46,254,254,254,202,173,71,190,254,254,81,0,0,0,0,0,0,0,0,0,0,0,0,0,0,0,0,0,120,254,246,91,10,0,76,246,254,230,9,0,0,0,0,0,0,0,0,0,0,0,0,0,0,0,0,16,192,254,80,0,11,50,242,254,254,160,0,0,0,0,0,0,0,0,0,0,0,0,0,0,0,0,0,82,254,254,84,0,13,176,254,254,254,35,0,0,0,0,0,0,0,0,0,0,0,0,0,0,0,0,0,82,254,254,155,178,234,241,254,254,206,5,0,0,0,0,0,0,0,0,0,0,0,0,0,0,0,0,0,82,254,254,254,254,254,254,254,254,177,3,0,0,0,0,0,0,0,0,0,0,0,0,0,0,0,0,0,18,234,254,254,254,254,254,254,254,254,10,0,0,0,0,0,0,0,0,0,0,0,0,0,0,0,0,0,0,70,237,254,253,233,147,191,254,162,1,0,0,0,0,0,0,0,0,0,0,0,0,0,0,0,0,0,0,0,17,87,81,0,0,156,254,179,3,0,0,0,0,0,0,0,0,0,0,0,0,0,0,0,0,0,0,0,0,0,0,0,0,239,254,217,7,0,0,0,0,0,0,0,0,0,0,0,0,0,0,0,0,0,0,0,0,0,0,0,0,239,254,156,0,0,0,0,0,0,0,0,0,0,0,0,0,0,0,0,0,0,0,0,0,0,0,0,0,239,255,182,3,0,0,0,0,0,0,0,0,0,0,0,0,0,0,0,0,0,0,0,0,0,0,0,0,239,254,254,10,0,0,0,0,0,0,0,0,0,0,0,0,0,0,0,0,0,0,0,0,0,0,0,0,239,254,158,1,0,0,0,0,0,0,0,0,0,0,0,0,0,0,0,0,0,0,0,0,0,0,0,0,239,254,156,0,0,0,0,0,0,0,0,0,0,0,0,0,0,0,0,0,0,0,0,0,0,0,0,0,239,254,111,0,0,0,0,0,0,0,0,0,0,0,0,0,0,0,0,0,0,0,0,0,0,0,0,0,0,0,0,0,0,0,0,0,0,0,0,0,0,0,0,0,0,0,0,0,0,0,0,0,0,0,0,0,0,0,0,0,0,0,0,0,0,0,0,0,0
6,0,0,0,0,0,0,0,0,0,0,0,0,0,0,0,0,0,0,0,0,0,0,0,0,0,0,0,0,0,0,0,0,0,0,0,0,0,0,0,0,0,0,0,0,0,0,0,0,0,0,0,0,0,0,0,0,0,0,0,0,0,0,0,0,0,0,0,0,0,0,23,179,204,30,0,0,0,0,0,0,0,0,0,0,0,0,0,0,0,0,0,0,0,0,0,0,0,0,106,254,233,30,0,0,0,0,0,0,0,0,0,0,0,0,0,0,0,0,0,0,0,0,0,0,0,43,213,235,94,0,0,0,0,0,0,0,0,0,0,0,0,0,0,0,0,0,0,0,0,0,0,0,0,189,253,202,15,0,0,0,0,0,0,0,0,0,0,0,0,0,0,0,0,0,0,0,0,0,0,0,31,241,215,60,0,0,0,0,0,0,0,0,0,0,0,0,0,0,0,0,0,0,0,0,0,0,0,0,102,254,193,0,0,0,0,0,0,0,0,0,0,0,0,0,0,0,0,0,0,0,0,0,0,0,0,55,241,234,46,0,0,0,0,0,0,0,0,0,0,0,0,0,0,0,0,0,0,0,0,0,0,0,19,129,253,153,0,0,0,0,0,0,0,0,0,0,0,0,0,0,0,0,0,0,0,0,0,0,0,0,52,238,240,54,0,0,0,0,0,0,0,0,0,0,0,0,0,0,0,0,0,0,0,0,0,0,0,38,194,207,70,0,0,0,0,0,0,0,0,0,0,0,0,0,0,0,0,0,0,0,0,0,0,0,0,135,255,174,0,0,0,0,5,89,156,156,194,148,18,0,0,0,0,0,0,0,0,0,0,0,0,0,4,147,241,88,0,0,8,80,165,253,242,233,238,253,152,0,0,0,0,0,0,0,0,0,0,0,0,0,40,253,165,0,0,0,128,254,253,168,36,0,18,226,78,0,0,0,0,0,0,0,0,0,0,0,0,0,167,253,105,0,0,141,248,244,48,6,0,0,108,242,48,0,0,0,0,0,0,0,0,0,0,0,0,0,174,253,23,0,31,241,253,83,0,0,0,38,231,200,18,0,0,0,0,0,0,0,0,0,0,0,0,79,254,119,0,5,194,254,58,0,0,0,62,254,218,15,0,0,0,0,0,0,0,0,0,0,0,0,0,86,253,147,0,35,253,204,9,0,17,50,228,237,30,0,0,0,0,0,0,0,0,0,0,0,0,0,0,108,253,155,0,147,253,87,61,138,241,253,195,18,0,0,0,0,0,0,0,0,0,0,0,0,0,0,0,48,245,253,235,243,253,243,248,214,168,87,9,0,62,59,0,0,0,0,0,0,0,0,0,0,0,0,0,18,111,193,216,253,253,162,80,0,0,0,16,135,193,24,0,0,0,0,0,0,0,0,0,0,0,0,0,0,0,0,0,0,0,0,0,0,0,0,0,0,0,0,0,0,0,0,0,0,0,0,0,0,0,0,0,0,0,0,0,0,0,0,0,0,0,0,0,0,0,0,0,0,0,0,0,0,0,0,0,0,0,0,0,0,0,0,0,0,0,0,0,0,0,0,0,0,0,0,0,0,0,0,0,0,0,0,0,0,0,0,0,0,0,0,0,0,0,0,0,0,0,0,0,0,0,0,0,0,0,0,0,0,0,0,0,0,0,0,0,0,0,0,0,0,0,0,0,0,0,0,0,0,0,0,0,0,0,0,0,0,0,0,0,0,0,0,0,0,0,0,0,0,0,0,0,0,0,0,0,0,0,0,0,0,0,0,0,0
4,0,0,0,0,0,0,0,0,0,0,0,0,0,0,0,0,0,0,0,0,0,0,0,0,0,0,0,0,0,0,0,0,0,0,0,0,0,0,0,0,0,0,0,0,0,0,0,0,0,0,0,0,0,0,0,0,0,0,0,0,0,0,0,0,0,0,0,0,0,0,0,0,0,0,0,0,0,0,0,0,0,0,0,0,0,0,0,0,0,0,0,0,0,0,0,0,0,0,0,0,0,0,0,0,0,0,0,0,0,0,0,0,0,0,0,0,0,0,0,0,0,0,0,0,0,0,0,0,0,0,0,0,0,0,0,0,0,0,0,0,0,0,0,0,0,0,0,0,0,0,158,218,92,0,0,0,0,0,0,0,16,17,0,0,0,0,0,0,0,0,0,0,0,0,0,0,0,8,228,254,159,0,0,0,0,0,0,81,213,192,0,0,0,0,0,0,0,0,0,0,0,0,0,0,0,2,172,254,232,40,0,0,0,0,0,82,254,250,65,0,0,0,0,0,0,0,0,0,0,0,0,0,0,58,254,254,192,0,0,0,0,0,0,174,254,227,13,0,0,0,0,0,0,0,0,0,0,0,0,0,0,128,254,254,203,0,0,0,0,0,44,200,254,244,52,0,0,0,0,0,0,0,0,0,0,0,0,0,0,228,254,254,32,0,0,0,0,0,136,254,254,222,0,0,0,0,0,0,0,0,0,0,0,0,0,9,130,245,254,200,8,0,0,0,0,0,203,254,254,133,0,0,0,0,0,0,0,0,0,0,0,0,0,11,205,254,254,130,0,0,0,0,0,34,248,254,254,5,0,0,0,0,0,0,0,0,0,0,0,0,0,140,249,254,117,5,0,0,0,0,0,191,254,254,114,1,0,0,0,0,0,0,0,0,0,0,0,0,27,218,254,229,116,0,0,0,0,24,13,178,254,254,128,0,0,0,0,0,0,0,0,0,0,0,0,0,160,254,254,132,93,93,146,201,201,224,214,254,254,227,25,0,0,0,0,0,0,0,0,0,0,0,0,96,233,254,254,254,254,254,254,254,254,254,254,254,254,137,3,0,0,0,0,0,0,0,0,0,0,0,0,114,254,254,254,254,254,254,254,242,195,195,234,254,254,152,0,0,0,0,0,0,0,0,0,0,0,0,0,164,254,254,254,166,90,48,48,38,0,18,238,254,244,71,0,0,0,0,0,0,0,0,0,0,0,0,0,8,106,119,38,2,0,0,0,0,0,4,181,254,253,78,0,0,0,0,0,0,0,0,0,0,0,0,0,0,0,0,0,0,0,0,0,0,0,17,232,254,243,47,0,0,0,0,0,0,0,0,0,0,0,0,0,0,0,0,0,0,0,0,0,0,0,63,240,254,243,48,0,0,0,0,0,0,0,0,0,0,0,0,0,0,0,0,0,0,0,0,0,0,0,71,254,254,242,45,0,0,0,0,0,0,0,0,0,0,0,0,0,0,0,0,0,0,0,0,0,0,0,99,254,254,158,24,0,0,0,0,0,0,0,0,0,0,0,0,0,0,0,0,0,0,0,0,0,0,0,29,171,254,73,0,0,0,0,0,0,0,0,0,0,0,0,0,0,0,0,0,0,0,0,0,0,0,0,0,0,0,0,0,0,0,0,0,0,0,0,0,0,0,0,0,0,0,0,0,0,0,0,0,0,0,0,0,0,0,0,0,0,0,0,0,0,0,0,0,0,0,0,0,0,0,0,0,0,0,0,0,0,0,0,0,0,0,0,0,0,0,0,0,0,0,0,0
0,0,0,0,0,0,0,0,0,0,0,0,0,0,0,0,0,0,0,0,0,0,0,0,0,0,0,0,0,0,0,0,0,0,0,0,0,0,0,0,0,0,0,0,0,0,0,0,0,0,0,0,0,0,0,0,0,0,0,0,0,0,0,0,0,0,0,0,0,0,0,0,0,0,0,0,0,0,0,0,0,0,0,0,0,0,0,0,0,0,0,0,0,0,0,0,0,0,0,0,0,0,0,0,0,0,0,0,0,0,0,0,0,0,0,0,0,0,0,0,0,0,0,0,0,0,0,0,0,0,0,0,0,0,0,0,0,0,0,0,0,0,0,0,0,0,0,0,0,0,0,0,0,0,0,62,254,131,51,51,0,0,0,0,0,0,0,0,0,0,0,0,0,0,0,0,0,0,0,0,0,0,0,183,253,252,253,252,142,20,0,0,0,0,0,0,0,0,0,0,0,0,0,0,0,0,0,0,0,0,92,253,254,253,254,253,254,172,0,0,0,0,0,0,0,0,0,0,0,0,0,0,0,0,0,41,82,0,253,252,253,252,253,252,253,252,41,0,0,0,0,0,0,0,0,0,0,0,0,0,0,0,0,123,254,253,254,253,244,243,254,253,203,243,102,0,0,0,0,0,0,0,0,0,0,0,0,0,0,0,0,203,253,252,253,252,81,122,253,252,0,40,20,0,0,0,0,0,0,0,0,0,0,0,0,0,0,0,11,213,254,253,254,91,0,41,254,253,62,0,0,0,0,0,0,0,0,0,0,0,0,0,0,0,0,0,132,252,253,212,253,50,0,0,213,252,183,0,0,0,0,0,0,0,0,0,0,0,0,0,0,0,0,0,152,253,224,20,102,20,0,0,152,253,224,20,0,0,0,0,0,0,0,0,0,0,0,0,0,0,0,0,233,252,203,0,0,0,0,0,152,252,223,20,0,0,0,0,0,0,0,0,0,0,0,0,0,0,0,62,254,253,142,0,0,0,0,0,173,253,234,30,0,0,0,0,0,0,0,0,0,0,0,0,0,0,0,183,253,252,102,0,0,0,0,41,253,252,253,50,0,0,0,0,0,0,0,0,0,0,0,0,0,0,0,203,254,233,0,0,0,0,0,123,254,253,224,20,0,0,0,0,0,0,0,0,0,0,0,0,0,0,0,203,253,151,0,0,0,0,82,243,253,252,81,0,0,0,0,0,0,0,0,0,0,0,0,0,0,0,0,203,254,151,0,0,11,132,254,253,254,233,0,0,0,0,0,0,0,0,0,0,0,0,0,0,0,0,0,203,253,151,0,0,173,252,253,252,233,50,0,0,0,0,0,0,0,0,0,0,0,0,0,0,0,0,0,183,255,213,173,253,254,253,254,233,123,0,0,0,0,0,0,0,0,0,0,0,0,0,0,0,0,0,0,61,253,252,253,252,253,252,233,91,0,0,0,0,0,0,0,0,0,0,0,0,0,0,0,0,0,0,0,0,234,253,254,253,254,213,41,0,0,0,0,0,0,0,0,0,0,0,0,0,0,0,0,0,0,0,0,0,112,252,253,212,50,10,0,0,0,0,0,0,0,0,0,0,0,0,0,0,0,0,0,0,0,0,0,0,0,0,0,0,0,0,0,0,0,0,0,0,0,0,0,0,0,0,0,0,0,0,0,0,0,0,0,0,0,0,0,0,0,0,0,0,0,0,0,0,0,0,0,0,0,0,0,0,0,0,0,0,0,0,0,0,0,0,0,0,0,0,0,0,0,0,0,0,0,0,0,0,0,0,0
5,0,0,0,0,0,0,0,0,0,0,0,0,0,0,0,0,0,0,0,0,0,0,0,0,0,0,0,0,0,0,0,0,0,0,0,0,0,0,0,0,0,0,0,0,0,0,0,0,0,0,0,0,0,0,0,0,0,0,0,0,0,0,0,0,0,0,0,0,0,0,0,0,0,0,0,0,0,0,0,0,0,0,0,0,0,0,0,0,0,0,0,0,0,0,0,0,0,0,0,0,0,0,0,0,0,0,0,0,0,0,0,0,0,0,0,0,0,0,0,0,0,0,0,0,0,0,0,0,0,0,0,0,0,21,163,254,110,0,0,0,0,0,0,0,0,0,0,0,0,0,0,0,0,0,0,0,0,0,0,44,153,214,253,253,176,0,0,0,0,0,0,0,0,0,0,0,0,0,0,0,0,0,0,57,100,100,157,238,253,253,253,253,147,0,0,0,0,0,0,0,0,0,0,0,0,0,0,0,4,105,229,250,253,253,253,253,253,233,144,10,2,0,0,0,0,0,0,0,0,0,0,0,0,0,0,105,181,253,253,254,239,220,224,174,88,8,0,0,0,0,0,0,0,0,0,0,0,0,0,0,0,0,31,240,253,253,176,103,41,22,26,0,0,0,0,0,0,0,0,0,0,0,0,0,0,0,0,0,0,0,141,253,251,242,31,0,0,0,0,0,0,0,0,0,0,0,0,0,0,0,0,0,0,0,0,0,0,0,180,253,217,12,0,0,0,0,0,0,0,0,0,0,0,0,0,0,0,0,0,0,0,0,0,0,0,0,171,253,138,17,0,0,0,0,0,0,0,0,0,0,0,0,0,0,0,0,0,0,0,0,0,0,0,0,151,253,195,0,0,0,0,0,0,0,0,0,0,0,0,0,0,0,0,0,0,0,0,0,0,0,0,0,137,254,254,221,96,15,0,0,0,0,0,0,0,0,0,0,0,0,0,0,0,0,0,0,0,0,0,0,66,190,253,253,253,139,0,0,0,0,0,0,0,0,0,0,0,0,0,0,0,0,0,0,0,0,0,0,0,2,61,225,253,249,184,19,0,0,0,0,0,0,0,0,0,0,0,0,0,0,0,0,0,0,0,0,0,0,2,44,188,254,251,151,6,0,0,0,0,0,0,0,0,0,0,0,0,0,0,0,0,0,0,0,0,0,0,0,77,206,253,253,59,0,0,0,0,0,0,0,0,0,0,0,0,0,0,0,0,0,0,0,0,0,0,0,0,121,253,253,183,0,0,0,0,0,0,0,0,0,0,0,0,0,0,123,93,12,11,0,0,0,7,12,12,148,253,253,241,39,0,0,0,0,0,0,0,0,0,0,0,0,0,187,253,253,245,155,155,155,215,253,253,255,253,253,212,0,0,0,0,0,0,0,0,0,0,0,0,0,0,158,253,253,253,253,253,253,253,253,253,254,253,189,36,0,0,0,0,0,0,0,0,0,0,0,0,0,0,5,33,76,143,143,143,143,143,143,143,143,114,6,0,0,0,0,0,0,0,0,0,0,0,0,0,0,0,0,0,0,0,0,0,0,0,0,0,0,0,0,0,0,0,0,0,0,0,0,0,0,0,0,0,0,0,0,0,0,0,0,0,0,0,0,0,0,0,0,0,0,0,0,0,0,0,0,0,0,0,0,0,0,0,0,0,0,0,0,0,0,0,0,0,0,0,0,0,0,0,0,0,0,0,0,0,0,0,0,0,0,0,0,0,0,0,0,0,0,0,0,0,0,0,0,0,0,0,0,0,0,0,0,0,0
2,0,0,0,0,0,0,0,0,0,0,0,0,0,0,0,0,0,0,0,0,0,0,0,0,0,0,0,0,0,0,0,0,0,0,0,0,0,0,0,0,0,0,0,0,0,0,0,0,0,0,0,0,0,0,0,0,0,0,0,0,0,0,0,0,0,0,0,0,0,0,0,0,0,0,0,0,0,0,0,0,0,0,0,0,0,0,0,0,0,0,0,0,0,0,0,0,0,0,0,0,0,0,0,0,0,0,0,0,0,0,0,0,0,0,0,0,0,0,0,0,55,59,59,59,59,59,59,46,0,0,0,0,0,0,0,0,0,0,0,0,0,0,0,0,0,0,55,118,243,253,253,253,253,253,253,223,118,36,0,0,0,0,0,0,0,0,0,0,0,0,0,0,0,42,212,253,253,253,253,253,253,253,253,254,253,199,13,0,0,0,0,0,0,0,0,0,0,0,0,0,0,241,253,253,246,213,213,213,213,213,213,254,253,253,18,0,0,0,0,0,0,0,0,0,0,0,0,0,0,254,253,253,137,0,0,0,0,0,0,178,253,253,94,0,0,0,0,0,0,0,0,0,0,0,0,0,0,254,180,97,7,0,0,0,0,0,0,180,253,253,213,0,0,0,0,0,0,0,0,0,0,0,0,0,0,38,20,0,0,0,0,0,0,0,167,254,253,253,47,0,0,0,0,0,0,0,0,0,0,0,0,0,0,0,0,0,0,0,0,0,0,43,213,254,253,253,18,0,0,0,0,0,0,0,0,0,0,0,0,0,0,0,0,0,0,0,0,0,43,200,253,254,253,157,9,0,0,0,0,0,0,0,0,0,0,0,0,0,0,0,0,0,0,0,0,167,213,253,253,254,161,18,0,0,0,0,0,0,0,0,0,0,0,0,0,0,0,0,0,0,0,23,59,226,254,254,254,152,0,0,0,0,0,0,0,0,0,0,0,0,0,0,0,0,0,0,0,0,110,170,253,253,253,253,161,0,0,0,0,0,0,0,0,0,0,0,0,0,0,0,0,0,0,0,0,124,247,253,253,253,253,157,18,0,0,0,0,0,0,0,0,0,0,0,0,0,0,0,0,0,0,0,110,247,253,253,253,253,253,137,40,40,40,40,3,0,0,0,13,145,235,0,0,0,0,0,0,0,0,0,118,253,253,253,253,253,253,253,253,254,253,253,109,99,99,99,146,253,253,0,0,0,0,0,0,0,0,0,118,253,253,253,253,253,253,253,253,255,253,253,253,253,253,253,253,253,253,0,0,0,0,0,0,0,0,0,18,38,219,233,233,233,233,244,237,254,253,253,253,253,253,253,253,253,237,0,0,0,0,0,0,0,0,0,0,0,0,0,0,0,0,95,40,175,174,174,174,174,223,253,228,174,40,0,0,0,0,0,0,0,0,0,0,0,0,0,0,0,0,0,0,0,0,0,0,0,72,116,80,0,0,0,0,0,0,0,0,0,0,0,0,0,0,0,0,0,0,0,0,0,0,0,0,0,0,0,0,0,0,0,0,0,0,0,0,0,0,0,0,0,0,0,0,0,0,0,0,0,0,0,0,0,0,0,0,0,0,0,0,0,0,0,0,0,0,0,0,0,0,0,0,0,0,0,0,0,0,0,0,0,0,0,0,0,0,0,0,0,0,0,0,0,0,0,0,0,0,0,0,0,0,0,0,0,0,0,0,0,0,0,0,0,0,0,0,0,0,0,0,0,0,0,0,0,0,0,0,0,0,0,0,0,0,0,0,0,0,0,0,0,0,0,0,0
2,0,0,0,0,0,0,0,0,0,0,0,0,0,0,0,0,0,0,0,0,0,0,0,0,0,0,0,0,0,0,0,0,0,0,0,0,0,0,0,0,0,0,0,0,0,0,0,0,0,0,0,0,0,0,0,0,0,0,0,0,0,0,0,0,0,0,0,0,63,255,157,29,0,0,0,0,0,0,0,0,0,0,0,0,0,0,0,0,0,0,0,0,0,0,0,0,63,253,253,216,29,0,0,0,0,0,0,0,0,0,0,0,0,0,0,0,0,0,0,0,0,0,0,0,28,144,249,253,215,21,0,0,0,0,0,0,0,0,0,0,0,0,0,0,0,0,0,0,0,0,0,0,0,0,186,253,253,119,3,0,0,0,0,0,0,0,0,0,0,0,0,0,0,0,0,0,0,0,0,0,0,0,29,208,253,253,107,0,0,0,0,0,0,0,0,0,0,0,0,0,0,0,0,0,0,0,0,0,0,0,0,30,208,253,217,34,0,0,0,0,0,0,0,0,0,0,0,0,0,0,0,0,0,0,0,0,0,0,0,0,73,247,253,217,12,0,0,0,0,0,0,0,0,0,0,0,0,0,0,0,0,0,0,0,0,0,0,0,0,217,253,253,18,0,0,0,0,0,0,0,0,0,0,0,0,0,0,0,0,0,0,0,0,0,0,0,0,129,253,253,18,0,0,0,0,0,0,0,0,0,0,0,0,0,0,0,0,0,0,0,0,0,0,0,0,94,253,253,18,0,0,0,0,0,0,0,0,0,0,0,0,0,0,0,0,0,0,0,0,0,0,0,0,127,253,253,18,0,0,0,0,0,0,0,0,0,0,0,0,0,0,0,0,0,0,0,0,0,0,0,0,217,253,253,18,0,0,0,0,0,0,0,0,0,0,0,0,0,0,0,0,54,81,64,0,0,0,0,0,217,253,220,12,0,0,0,0,0,0,0,0,0,0,0,0,0,0,11,106,239,253,244,180,21,0,0,116,247,253,106,0,0,0,0,0,0,0,0,0,0,0,0,0,0,10,173,253,253,189,226,253,226,121,132,247,253,168,4,0,0,0,0,0,0,0,0,0,0,0,0,0,0,74,253,190,72,10,110,227,253,253,253,253,217,33,0,0,0,0,0,0,0,0,0,0,0,0,0,0,0,149,253,93,0,0,76,214,253,253,253,217,33,0,0,0,0,0,0,0,0,0,0,0,0,0,0,0,10,200,253,224,194,236,248,253,253,253,178,12,0,0,0,0,0,0,0,0,0,0,0,0,0,0,0,0,0,92,253,253,253,253,253,253,163,39,8,0,0,0,0,0,0,0,0,0,0,0,0,0,0,0,0,0,0,1,82,208,171,129,102,5,2,0,0,0,0,0,0,0,0,0,0,0,0,0,0,0,0,0,0,0,0,0,0,0,0,0,0,0,0,0,0,0,0,0,0,0,0,0,0,0,0,0,0,0,0,0,0,0,0,0,0,0,0,0,0,0,0,0,0,0,0,0,0,0,0,0,0,0,0,0,0,0,0,0,0,0,0,0,0,0,0,0,0,0,0,0,0,0,0,0,0,0,0,0,0,0,0,0,0,0,0,0,0,0,0,0,0,0,0,0,0,0,0,0,0,0,0,0,0,0,0,0,0,0,0,0,0,0,0,0,0,0,0,0,0,0,0,0,0,0,0,0,0,0,0,0,0,0,0,0,0,0,0,0,0,0,0,0,0,0,0,0,0,0,0,0,0,0,0,0,0,0,0,0,0,0,0,0,0,0,0,0,0
7,0,0,0,0,0,0,0,0,0,0,0,0,0,0,0,0,0,0,0,0,0,0,0,0,0,0,0,0,0,0,0,0,0,0,0,0,0,0,0,0,0,0,0,0,0,0,0,0,0,0,0,0,0,0,0,0,0,0,0,0,0,0,0,0,0,0,0,0,0,0,0,0,0,0,0,0,0,0,0,0,0,0,0,0,0,0,0,0,0,0,0,0,0,0,0,0,0,0,0,0,0,0,0,0,0,0,0,0,0,0,0,0,0,0,0,0,0,0,0,0,0,0,0,0,0,0,0,0,0,0,0,0,0,0,0,0,0,0,0,0,0,0,0,0,0,0,0,0,0,0,0,0,0,0,0,0,0,0,0,0,0,0,0,0,0,0,0,0,0,0,0,0,0,0,0,0,0,0,0,0,0,0,0,0,0,0,0,0,0,0,0,0,0,0,0,0,0,0,0,0,0,0,0,0,29,38,106,146,146,146,146,155,255,166,146,174,210,3,0,0,0,0,0,0,0,0,0,0,0,0,37,184,236,253,253,253,253,253,253,253,253,253,253,253,253,5,0,0,0,0,0,0,0,0,0,0,0,0,112,183,221,248,253,249,251,250,248,248,248,252,253,253,251,5,0,0,0,0,0,0,0,0,0,0,0,0,0,0,0,5,102,24,51,37,0,0,0,206,253,253,86,0,0,0,0,0,0,0,0,0,0,0,0,0,0,0,0,0,0,0,0,0,0,0,80,241,253,205,11,0,0,0,0,0,0,0,0,0,0,0,0,0,0,0,0,0,0,0,0,0,0,20,245,253,252,134,0,0,0,0,0,0,0,0,0,0,0,0,0,0,0,0,0,0,0,0,0,0,18,113,253,253,159,0,0,0,0,0,0,0,0,0,0,0,0,0,0,0,0,0,0,0,0,0,0,0,93,253,253,220,32,0,0,0,0,0,0,0,0,0,0,0,0,0,0,0,0,0,0,0,0,0,0,4,195,253,253,57,0,0,0,0,0,0,0,0,0,0,0,0,0,0,0,0,0,0,0,0,0,0,0,124,253,253,192,18,0,0,0,0,0,0,0,0,0,0,0,0,0,0,0,0,0,0,0,0,0,0,6,195,253,246,55,0,0,0,0,0,0,0,0,0,0,0,0,0,0,0,0,0,0,0,0,0,0,0,82,253,253,222,0,0,0,0,0,0,0,0,0,0,0,0,0,0,0,0,0,0,0,0,0,0,0,0,233,253,253,99,0,0,0,0,0,0,0,0,0,0,0,0,0,0,0,0,0,0,0,0,0,0,0,71,250,253,179,3,0,0,0,0,0,0,0,0,0,0,0,0,0,0,0,0,0,0,0,0,0,0,6,197,253,253,58,0,0,0,0,0,0,0,0,0,0,0,0,0,0,0,0,0,0,0,0,0,0,0,49,253,253,216,17,0,0,0,0,0,0,0,0,0,0,0,0,0,0,0,0,0,0,0,0,0,0,0,139,253,253,110,0,0,0,0,0,0,0,0,0,0,0,0,0,0,0,0,0,0,0,0,0,0,0,2,169,253,244,41,0,0,0,0,0,0,0,0,0,0,0,0,0,0,0,0,0,0,0,0,0,0,0,11,253,253,207,0,0,0,0,0,0,0,0,0,0,0,0,0,0,0,0,0,0,0,0,0,0,0,0,2,126,253,37,0,0,0,0,0,0,0,0,0,0,0,0,0,0,0,0,0,0,0,0,0,0,0,0,0,0,0,0,0,0,0,0,0,0,0,0,0,0,0,0,0,0,0
1,0,0,0,0,0,0,0,0,0,0,0,0,0,0,0,0,0,0,0,0,0,0,0,0,0,0,0,0,0,0,0,0,0,0,0,0,0,0,0,0,0,0,0,0,0,0,0,0,0,0,0,0,0,0,0,0,0,0,0,0,0,0,0,0,0,0,0,0,0,0,0,0,0,0,0,0,0,0,0,0,0,0,0,0,0,0,0,0,0,0,0,0,0,0,0,0,0,0,0,0,0,0,0,0,0,0,0,0,0,0,0,0,0,0,0,0,0,0,0,0,0,0,0,0,0,0,0,0,0,0,0,0,0,0,0,0,0,0,0,0,0,0,0,0,0,0,0,0,0,0,0,0,0,0,0,0,26,223,254,138,0,0,0,0,0,0,0,0,0,0,0,0,0,0,0,0,0,0,0,0,0,0,0,0,121,253,253,137,0,0,0,0,0,0,0,0,0,0,0,0,0,0,0,0,0,0,0,0,0,0,0,0,162,253,253,54,0,0,0,0,0,0,0,0,0,0,0,0,0,0,0,0,0,0,0,0,0,0,0,9,195,253,177,4,0,0,0,0,0,0,0,0,0,0,0,0,0,0,0,0,0,0,0,0,0,0,0,77,253,253,109,0,0,0,0,0,0,0,0,0,0,0,0,0,0,0,0,0,0,0,0,0,0,0,0,139,254,254,46,0,0,0,0,0,0,0,0,0,0,0,0,0,0,0,0,0,0,0,0,0,0,0,22,213,253,241,37,0,0,0,0,0,0,0,0,0,0,0,0,0,0,0,0,0,0,0,0,0,0,0,147,254,253,184,0,0,0,0,0,0,0,0,0,0,0,0,0,0,0,0,0,0,0,0,0,0,0,0,231,254,236,65,0,0,0,0,0,0,0,0,0,0,0,0,0,0,0,0,0,0,0,0,0,0,0,0,231,254,207,0,0,0,0,0,0,0,0,0,0,0,0,0,0,0,0,0,0,0,0,0,0,0,0,156,254,254,84,0,0,0,0,0,0,0,0,0,0,0,0,0,0,0,0,0,0,0,0,0,0,0,45,237,253,210,0,0,0,0,0,0,0,0,0,0,0,0,0,0,0,0,0,0,0,0,0,0,0,0,102,253,253,116,0,0,0,0,0,0,0,0,0,0,0,0,0,0,0,0,0,0,0,0,0,0,0,17,210,253,253,21,0,0,0,0,0,0,0,0,0,0,0,0,0,0,0,0,0,0,0,0,0,0,0,152,253,253,96,0,0,0,0,0,0,0,0,0,0,0,0,0,0,0,0,0,0,0,0,0,0,0,3,171,254,246,21,0,0,0,0,0,0,0,0,0,0,0,0,0,0,0,0,0,0,0,0,0,0,0,45,253,253,139,0,0,0,0,0,0,0,0,0,0,0,0,0,0,0,0,0,0,0,0,0,0,0,0,170,253,234,33,0,0,0,0,0,0,0,0,0,0,0,0,0,0,0,0,0,0,0,0,0,0,0,0,254,253,184,0,0,0,0,0,0,0,0,0,0,0,0,0,0,0,0,0,0,0,0,0,0,0,0,0,254,232,48,0,0,0,0,0,0,0,0,0,0,0,0,0,0,0,0,0,0,0,0,0,0,0,0,0,0,0,0,0,0,0,0,0,0,0,0,0,0,0,0,0,0,0,0,0,0,0,0,0,0,0,0,0,0,0,0,0,0,0,0,0,0,0,0,0,0,0,0,0,0,0,0,0,0,0,0,0,0,0,0,0,0,0,0,0,0,0,0,0,0,0,0,0,0,0,0,0,0,0
3,0,0,0,0,0,0,0,0,0,0,0,0,0,0,0,0,0,0,0,0,0,0,0,0,0,0,0,0,0,0,0,0,0,0,0,0,0,0,0,0,0,0,0,0,0,0,0,0,0,0,0,0,0,0,0,0,0,0,0,0,0,0,0,0,0,0,0,0,0,0,0,0,0,0,0,0,0,0,0,0,0,0,0,0,0,0,0,0,0,0,0,0,0,0,0,0,0,0,0,0,0,0,0,0,0,0,0,0,0,0,0,0,0,0,0,0,0,0,0,0,0,0,0,0,0,0,0,0,0,0,0,0,0,0,0,0,0,0,0,0,0,0,0,0,0,0,0,0,0,0,0,0,0,0,0,0,0,0,0,0,0,0,0,0,0,0,0,0,0,0,0,0,0,0,0,131,168,168,168,215,254,255,254,255,254,254,254,255,183,0,0,0,0,0,0,0,0,0,0,0,0,0,0,138,249,254,210,176,160,90,90,90,90,133,254,254,129,0,0,0,0,0,0,0,0,0,0,0,0,0,0,0,8,8,4,0,0,0,0,0,74,230,222,111,3,0,0,0,0,0,0,0,0,0,0,0,0,0,0,0,0,0,0,0,0,0,0,86,247,185,57,0,0,0,0,0,0,0,0,0,0,0,0,0,0,0,0,0,0,0,0,0,0,0,46,229,184,28,0,0,0,0,0,0,0,0,0,0,0,0,0,0,0,0,0,0,0,0,0,0,0,75,229,151,12,0,0,0,0,0,0,0,0,0,0,0,0,0,0,0,0,0,0,0,0,0,0,0,92,241,151,5,0,0,0,0,0,0,0,0,0,0,0,0,0,0,0,0,0,0,0,0,0,0,0,46,228,168,5,0,0,0,0,0,0,0,0,0,0,0,0,0,0,0,0,0,0,0,0,0,0,0,0,123,254,112,0,0,0,0,0,0,0,0,0,0,0,0,0,0,0,0,0,0,0,0,0,0,0,0,0,8,181,247,160,23,0,0,0,0,0,0,0,0,0,0,0,0,0,0,0,0,0,0,0,0,0,0,0,0,23,130,247,233,161,22,0,0,0,0,0,0,0,0,0,0,0,0,0,0,0,0,0,0,0,0,0,0,0,0,82,174,247,153,0,0,0,0,0,0,0,0,0,0,0,0,0,0,0,0,0,0,0,0,0,0,0,0,0,0,134,248,48,0,0,0,0,0,0,0,0,0,0,0,0,0,0,0,0,0,0,0,0,0,0,0,0,4,160,233,34,0,0,0,0,0,0,0,0,0,0,0,0,0,0,0,0,0,0,0,0,0,0,0,0,109,251,101,0,0,0,0,0,0,0,0,0,0,0,0,0,0,0,0,0,0,0,0,0,0,0,9,131,242,153,0,0,0,0,0,0,0,0,0,0,0,0,0,0,0,0,0,0,0,8,2,0,0,57,207,252,188,14,0,0,0,0,0,0,0,0,0,0,0,0,0,0,0,0,0,0,82,168,13,2,74,244,235,106,0,0,0,0,0,0,0,0,0,0,0,0,0,0,0,0,0,0,0,0,215,156,91,185,251,188,38,0,0,0,0,0,0,0,0,0,0,0,0,0,0,0,0,0,0,0,0,0,130,248,254,205,48,0,0,0,0,0,0,0,0,0,0,0,0,0,0,0,0,0,0,0,0,0,0,0,0,0,0,0,0,0,0,0,0,0,0,0,0,0,0,0,0,0,0,0,0,0,0,0,0,0,0,0,0,0,0,0,0,0,0,0,0,0,0,0,0,0,0,0,0,0,0,0,0
9,0,0,0,0,0,0,0,0,0,0,0,0,0,0,0,0,0,0,0,0,0,0,0,0,0,0,0,0,0,0,0,0,0,0,0,0,0,0,0,0,0,0,0,0,0,0,0,0,0,0,0,0,0,0,0,0,0,0,0,0,0,0,0,0,0,0,0,0,0,0,0,0,0,0,0,0,0,0,0,0,0,0,0,0,0,0,0,0,0,0,0,0,0,0,0,0,0,0,0,0,0,0,0,0,0,0,0,0,0,0,0,0,0,0,0,0,0,0,0,0,0,0,0,0,0,0,0,0,0,0,0,0,0,0,0,0,0,0,0,0,0,0,0,0,0,0,0,0,0,0,0,0,0,0,0,0,0,0,0,0,0,0,0,0,0,0,0,0,0,0,0,0,0,0,0,0,0,0,0,21,173,253,193,71,0,0,0,0,0,0,0,0,0,0,0,0,0,0,0,0,0,0,0,0,0,0,82,223,253,252,253,252,82,0,0,0,0,0,0,0,0,0,0,0,0,0,0,0,0,0,0,0,0,41,214,253,203,61,123,243,234,51,0,0,0,0,0,0,0,0,0,0,0,0,0,0,0,0,0,0,21,223,253,212,20,0,0,162,253,151,0,0,0,0,0,0,0,0,0,0,0,0,0,0,0,0,0,0,52,253,142,0,0,0,0,0,254,151,0,0,0,0,0,0,0,0,0,0,0,0,0,0,0,0,0,0,173,252,102,0,0,0,0,0,253,192,0,0,0,0,0,0,0,0,0,0,0,0,0,0,0,0,0,0,254,253,82,0,0,0,0,163,254,253,0,0,0,0,0,0,0,0,0,0,0,0,0,0,0,0,0,0,253,252,41,0,0,0,82,243,253,252,41,0,0,0,0,0,0,0,0,0,0,0,0,0,0,0,0,0,234,253,102,0,72,193,254,253,254,253,82,0,0,0,0,0,0,0,0,0,0,0,0,0,0,0,0,0,112,252,223,203,253,252,233,151,253,252,0,0,0,0,0,0,0,0,0,0,0,0,0,0,0,0,0,0,0,123,203,203,183,102,0,102,254,192,0,0,0,0,0,0,0,0,0,0,0,0,0,0,0,0,0,0,0,0,0,0,0,0,0,102,253,151,0,0,0,0,0,0,0,0,0,0,0,0,0,0,0,0,0,0,0,0,0,0,0,0,0,102,254,151,0,0,0,0,0,0,0,0,0,0,0,0,0,0,0,0,0,0,0,0,0,0,0,0,0,102,253,192,0,0,0,0,0,0,0,0,0,0,0,0,0,0,0,0,0,0,0,0,0,0,0,0,0,102,254,213,0,0,0,0,0,0,0,0,0,0,0,0,0,0,0,0,0,0,0,0,0,0,0,0,0,102,253,252,0,0,0,0,0,0,0,0,0,0,0,0,0,0,0,0,0,0,0,0,0,0,0,0,0,82,255,213,0,0,0,0,0,0,0,0,0,0,0,0,0,0,0,0,0,0,0,0,0,0,0,0,0,0,253,252,0,0,0,0,0,0,0,0,0,0,0,0,0,0,0,0,0,0,0,0,0,0,0,0,0,0,193,253,173,31,0,0,0,0,0,0,0,0,0,0,0,0,0,0,0,0,0,0,0,0,0,0,0,0,92,232,233,50,0,0,0,0,0,0,0,0,0,0,0,0,0,0,0,0,0,0,0,0,0,0,0,0,0,0,0,0,0,0,0,0,0,0,0,0,0,0,0,0,0,0,0,0,0,0,0,0,0,0,0,0,0,0,0,0,0,0,0,0,0,0,0,0
6,0,0,0,0,0,0,0,0,0,0,0,0,0,0,0,0,0,0,0,0,0,0,0,0,0,0,0,0,0,0,0,0,0,0,0,0,0,0,0,0,0,0,0,0,0,0,0,0,0,0,0,0,0,0,0,0,0,0,0,0,0,0,0,0,0,0,0,0,0,0,87,241,214,34,0,0,0,0,0,0,0,0,0,0,0,0,0,0,0,0,0,0,0,0,0,0,0,58,240,254,254,81,0,0,0,0,0,0,0,0,0,0,0,0,0,0,0,0,0,0,0,0,0,0,0,189,254,254,208,19,0,0,0,0,0,0,0,0,0,0,0,0,0,0,0,0,0,0,0,0,0,0,103,253,254,244,39,0,0,0,0,0,0,0,0,0,0,0,0,0,0,0,0,0,0,0,0,0,0,0,190,254,254,134,0,0,0,0,0,0,0,0,0,0,0,0,0,0,0,0,0,0,0,0,0,0,0,73,252,254,244,40,0,0,0,0,0,0,0,0,0,0,0,0,0,0,0,0,0,0,0,0,0,0,0,162,254,254,133,0,0,0,0,0,0,0,0,0,0,0,0,0,0,0,0,0,0,0,0,0,0,0,51,243,254,245,41,0,0,0,0,0,0,0,0,0,0,0,0,0,0,0,0,0,0,0,0,0,0,0,147,254,254,161,0,0,0,0,0,0,0,0,0,0,0,0,0,0,0,0,0,0,0,0,0,0,0,12,195,254,254,106,0,0,0,0,0,0,0,0,0,0,0,0,0,0,0,0,0,0,0,0,0,0,0,137,254,254,216,18,0,0,19,109,193,212,206,48,0,0,0,0,0,0,0,0,0,0,0,0,0,0,0,163,254,254,117,0,0,72,214,254,254,254,254,155,0,0,0,0,0,0,0,0,0,0,0,0,0,0,0,238,254,254,77,6,90,246,254,254,254,254,254,155,0,0,0,0,0,0,0,0,0,0,0,0,0,0,64,251,254,249,27,125,254,254,251,178,143,254,254,146,0,0,0,0,0,0,0,0,0,0,0,0,0,0,148,254,254,198,107,247,254,251,114,50,202,254,254,69,0,0,0,0,0,0,0,0,0,0,0,0,0,0,70,254,254,240,225,254,254,130,100,220,254,254,206,18,0,0,0,0,0,0,0,0,0,0,0,0,0,0,128,254,254,254,254,254,254,254,254,254,254,212,63,0,0,0,0,0,0,0,0,0,0,0,0,0,0,0,44,245,254,254,255,254,254,254,255,254,201,42,0,0,0,0,0,0,0,0,0,0,0,0,0,0,0,0,0,120,253,254,255,254,254,254,239,125,17,0,0,0,0,0,0,0,0,0,0,0,0,0,0,0,0,0,0,0,147,254,178,168,125,82,15,0,0,0,0,0,0,0,0,0,0,0,0,0,0,0,0,0,0,0,0,0,0,0,0,0,0,0,0,0,0,0,0,0,0,0,0,0,0,0,0,0,0,0,0,0,0,0,0,0,0,0,0,0,0,0,0,0,0,0,0,0,0,0,0,0,0,0,0,0,0,0,0,0,0,0,0,0,0,0,0,0,0,0,0,0,0,0,0,0,0,0,0,0,0,0,0,0,0,0,0,0,0,0,0,0,0,0,0,0,0,0,0,0,0,0,0,0,0,0,0,0,0,0,0,0,0,0,0,0,0,0,0,0,0,0,0,0,0,0,0,0,0,0,0,0,0,0,0,0,0,0,0,0,0,0,0,0,0,0,0,0,0,0,0,0,0,0,0,0,0,0,0,0,0,0,0,0,0,0
7,0,0,0,0,0,0,0,0,0,0,0,0,0,0,0,0,0,0,0,0,0,0,0,0,0,0,0,0,0,0,0,0,0,0,0,0,0,0,0,0,0,0,0,0,0,0,0,0,0,0,0,0,0,0,0,0,0,0,0,0,0,0,0,0,0,0,0,0,0,0,0,0,0,0,0,0,0,0,0,0,0,0,0,0,0,0,0,0,0,0,0,0,0,0,0,0,0,0,0,0,0,0,0,0,0,0,0,0,0,0,0,0,0,0,0,0,0,0,0,0,0,0,0,0,0,0,0,0,0,0,0,0,0,0,0,0,0,0,0,0,0,0,0,0,0,0,0,0,0,0,0,0,0,0,0,0,0,0,0,0,0,0,0,0,0,0,0,0,0,0,0,0,0,0,0,0,0,0,0,0,0,0,0,0,0,0,0,0,0,0,0,0,0,0,0,0,0,0,0,0,0,0,0,0,0,0,0,0,0,0,0,0,0,0,0,0,0,0,0,0,0,0,0,0,0,0,0,0,0,0,0,0,0,6,13,19,133,209,254,254,254,116,2,0,0,0,0,0,0,0,0,0,0,0,0,0,0,0,19,65,145,192,253,254,253,253,249,246,253,253,105,0,0,0,0,0,0,0,0,0,0,0,4,37,118,157,231,253,253,253,236,212,96,96,78,69,199,253,217,15,0,0,0,0,0,0,0,0,0,0,106,253,253,253,253,237,205,95,44,0,0,0,0,0,73,253,253,24,0,0,0,0,0,0,0,0,0,0,111,175,72,72,72,48,0,0,0,0,0,0,0,0,73,253,253,24,0,0,0,0,0,0,0,0,0,0,0,0,0,0,0,0,0,0,0,0,0,0,0,0,52,240,253,24,0,0,0,0,0,0,0,0,0,0,0,0,0,0,0,0,0,0,0,0,0,0,0,0,0,206,253,24,0,0,0,0,0,0,0,0,0,0,0,0,0,0,0,0,0,0,0,0,0,0,0,0,0,206,253,24,0,0,0,0,0,0,0,0,0,0,0,0,0,0,0,0,0,0,0,0,0,0,0,0,67,249,253,24,0,0,0,0,0,0,0,0,0,0,0,0,0,0,0,0,0,0,0,0,0,0,0,0,73,253,207,13,0,0,0,0,0,0,0,0,0,0,0,0,0,0,0,0,0,0,0,0,0,0,0,0,80,254,157,0,0,0,0,0,0,0,0,0,0,0,0,0,0,0,0,0,0,0,0,0,0,0,0,0,194,253,156,0,0,0,0,0,0,0,0,0,0,0,0,0,0,0,0,0,0,0,0,0,0,0,0,0,194,253,156,0,0,0,0,0,0,0,0,0,0,0,0,0,0,0,0,0,0,0,0,0,0,0,0,0,194,253,156,0,0,0,0,0,0,0,0,0,0,0,0,0,0,0,0,0,0,0,0,0,0,0,0,0,194,253,156,0,0,0,0,0,0,0,0,0,0,0,0,0,0,0,0,0,0,0,0,0,0,0,0,0,194,253,156,0,0,0,0,0,0,0,0,0,0,0,0,0,0,0,0,0,0,0,0,0,0,0,0,0,194,253,116,0,0,0,0,0,0,0,0,0,0,0,0,0,0,0,0,0,0,0,0,0,0,0,0,0,194,253,36,0,0,0,0,0,0,0,0,0,0,0,0,0,0,0,0,0,0,0,0,0,0,0,0,0,194,253,36,0,0,0,0,0,0,0,0,0,0,0,0,0,0,0,0,0,0,0,0,0,0,0,0,0,136,213,19,0,0,0,0,0,0,0,0,0
0,0,0,0,0,0,0,0,0,0,0,0,0,0,0,0,0,0,0,0,0,0,0,0,0,0,0,0,0,0,0,0,0,0,0,0,0,0,0,0,0,0,0,0,0,0,0,0,0,0,0,0,0,0,0,0,0,0,0,0,0,0,0,0,0,0,0,0,0,0,0,0,0,0,0,0,0,0,0,0,0,0,0,0,0,0,0,0,0,0,0,0,0,0,0,0,0,0,0,0,0,0,0,0,0,0,0,0,0,0,0,0,0,0,0,0,0,0,0,0,0,0,0,0,0,0,0,0,0,0,0,0,0,0,0,0,0,0,0,0,0,0,0,0,0,0,0,0,0,0,0,0,0,0,2,134,255,255,151,130,130,130,130,9,0,0,0,0,0,0,0,0,0,0,0,0,0,0,0,0,0,3,132,253,253,253,253,253,253,253,253,141,1,0,0,0,0,0,0,0,0,0,0,0,0,0,0,0,0,127,253,253,253,253,253,253,246,235,252,253,5,0,0,0,0,0,0,0,0,0,0,0,0,0,0,0,42,223,253,253,253,253,253,232,79,0,236,253,5,0,0,0,0,0,0,0,0,0,0,0,0,0,0,27,222,253,253,253,229,232,253,37,0,0,236,253,82,0,0,0,0,0,0,0,0,0,0,0,0,0,24,135,253,253,253,191,20,30,93,14,0,0,236,253,129,0,0,0,0,0,0,0,0,0,0,0,0,6,177,253,253,253,191,21,0,0,0,0,0,0,236,253,109,0,0,0,0,0,0,0,0,0,0,0,5,135,253,253,253,129,22,0,0,0,0,0,0,21,239,253,5,0,0,0,0,0,0,0,0,0,0,0,53,253,253,244,173,22,0,0,0,0,0,0,0,133,253,169,2,0,0,0,0,0,0,0,0,0,0,45,226,253,253,179,0,0,0,0,0,0,0,0,74,247,253,135,0,0,0,0,0,0,0,0,0,0,0,143,253,253,130,21,0,0,0,0,0,0,0,0,100,253,253,103,0,0,0,0,0,0,0,0,0,0,47,229,253,244,65,0,0,0,0,0,0,0,0,0,197,253,220,8,0,0,0,0,0,0,0,0,0,0,136,253,253,183,0,0,0,0,0,0,0,0,0,116,248,253,42,0,0,0,0,0,0,0,0,0,0,6,234,253,233,17,0,0,0,0,0,0,0,0,73,247,253,217,12,0,0,0,0,0,0,0,0,0,0,52,253,253,183,0,0,0,0,0,0,0,0,70,230,253,217,33,0,0,0,0,0,0,0,0,0,0,0,130,253,253,105,0,0,0,0,0,0,0,115,233,253,217,33,0,0,0,0,0,0,0,0,0,0,0,0,79,253,253,156,0,0,0,0,76,106,200,248,253,217,33,0,0,0,0,0,0,0,0,0,0,0,0,0,7,253,253,252,236,236,236,236,248,253,253,253,178,12,0,0,0,0,0,0,0,0,0,0,0,0,0,0,4,199,253,253,253,253,253,253,253,253,221,100,8,0,0,0,0,0,0,0,0,0,0,0,0,0,0,0,0,9,199,253,253,253,253,229,129,38,4,0,0,0,0,0,0,0,0,0,0,0,0,0,0,0,0,0,0,0,0,0,0,0,0,0,0,0,0,0,0,0,0,0,0,0,0,0,0,0,0,0,0,0,0,0,0,0,0,0,0,0,0,0,0,0,0,0,0,0,0,0,0,0,0,0,0,0,0,0,0,0,0,0,0,0,0,0,0,0,0,0,0,0,0,0,0,0,0,0,0,0,0,0,0,0,0,0
6,0,0,0,0,0,0,0,0,0,0,0,0,0,0,0,0,0,0,0,0,0,0,0,0,0,0,0,0,0,0,0,0,0,0,0,0,0,0,0,0,0,0,0,0,0,0,0,0,0,0,0,0,0,0,0,0,0,0,0,0,0,0,0,0,0,0,0,0,0,0,0,0,0,26,128,253,141,0,0,0,0,0,0,0,0,0,0,0,0,0,0,0,0,0,0,0,0,0,0,0,76,200,252,252,94,0,0,0,0,0,0,0,0,0,0,0,0,0,0,0,0,0,0,0,0,0,32,57,231,252,252,141,0,0,0,0,0,0,0,0,0,0,0,0,0,0,0,0,0,0,0,0,0,35,215,253,242,223,129,37,0,0,0,0,0,0,0,0,0,0,0,0,0,0,0,0,0,0,0,0,32,215,252,253,89,0,0,0,0,0,0,0,0,0,0,0,0,0,0,0,0,0,0,0,0,0,0,38,144,253,253,255,27,0,0,0,0,0,0,0,0,0,0,0,0,0,0,0,0,0,0,0,0,0,38,219,252,252,204,106,3,0,0,0,0,0,0,0,0,0,0,0,0,0,0,0,0,0,0,0,0,111,222,252,252,245,87,0,0,0,0,0,0,0,0,0,0,0,0,0,0,0,0,0,0,0,0,0,35,215,253,252,245,121,0,0,0,0,0,0,0,0,0,0,0,0,0,0,0,0,0,0,0,0,0,32,215,252,253,252,195,0,0,0,0,0,0,0,0,0,0,0,0,0,0,0,0,0,0,0,0,0,0,120,253,253,255,215,31,0,0,0,0,0,0,0,0,0,0,0,0,0,0,0,0,0,0,0,0,0,76,246,252,252,253,42,0,0,0,0,29,85,101,225,226,225,175,0,0,0,0,0,0,0,0,0,0,0,194,252,252,252,133,6,0,0,32,120,215,252,252,252,253,252,239,66,0,0,0,0,0,0,0,0,0,0,225,252,252,252,0,0,23,123,215,253,252,252,252,252,253,252,252,177,0,0,0,0,0,0,0,0,0,0,225,252,252,252,79,126,227,252,252,253,204,112,112,112,253,252,252,223,0,0,0,0,0,0,0,0,0,0,226,253,253,253,255,253,253,240,63,0,0,0,0,63,255,253,253,162,0,0,0,0,0,0,0,0,0,0,225,252,252,252,253,252,252,249,225,226,100,85,101,240,253,252,201,9,0,0,0,0,0,0,0,0,0,0,97,239,252,252,253,252,252,252,252,253,252,252,252,252,253,233,74,0,0,0,0,0,0,0,0,0,0,0,0,97,242,252,253,252,252,252,252,253,252,252,252,252,225,71,0,0,0,0,0,0,0,0,0,0,0,0,0,0,75,189,253,252,252,252,252,253,173,252,236,112,0,0,0,0,0,0,0,0,0,0,0,0,0,0,0,0,0,0,0,0,0,0,0,0,0,0,0,0,0,0,0,0,0,0,0,0,0,0,0,0,0,0,0,0,0,0,0,0,0,0,0,0,0,0,0,0,0,0,0,0,0,0,0,0,0,0,0,0,0,0,0,0,0,0,0,0,0,0,0,0,0,0,0,0,0,0,0,0,0,0,0,0,0,0,0,0,0,0,0,0,0,0,0,0,0,0,0,0,0,0,0,0,0,0,0,0,0,0,0,0,0,0,0,0,0,0,0,0,0,0,0,0,0,0,0,0,0,0,0,0,0,0,0,0,0,0,0,0,0,0,0,0,0,0,0,0,0,0,0,0,0,0,0,0,0,0,0,0,0,0,0,0,0,0,0,0
3,0,0,0,0,0,0,0,0,0,0,0,0,0,0,0,0,0,0,0,0,0,0,0,0,0,0,0,0,0,0,0,0,0,0,0,0,0,0,0,0,0,0,0,0,0,0,0,0,0,0,0,0,0,0,0,0,0,0,0,0,0,0,0,0,0,0,0,0,0,0,0,0,0,0,0,0,0,0,0,0,0,0,0,0,0,0,0,0,0,0,0,0,0,0,0,0,0,0,0,0,0,0,0,0,0,0,0,0,0,0,0,0,0,0,0,0,0,0,0,0,0,0,0,0,0,0,0,0,0,0,0,0,0,0,0,0,0,0,0,0,0,0,0,0,0,2,36,132,132,231,253,143,132,128,11,0,0,0,0,0,0,0,0,0,0,0,0,0,0,0,0,2,36,160,252,252,252,252,252,252,252,253,242,67,0,0,0,0,0,0,0,0,0,0,0,0,0,0,0,88,252,252,252,226,181,96,96,205,251,253,252,238,52,0,0,0,0,0,0,0,0,0,0,0,0,0,0,132,252,245,124,24,0,0,0,0,80,90,231,252,173,14,0,0,0,0,0,0,0,0,0,0,0,0,0,44,197,158,0,0,0,0,0,0,0,0,53,229,252,172,15,0,0,0,0,0,0,0,0,0,0,0,0,0,6,51,0,0,0,0,0,0,0,0,0,65,252,252,94,0,0,0,0,0,0,0,0,0,0,0,0,0,0,0,0,0,0,0,0,0,0,0,0,7,144,252,204,16,0,0,0,0,0,0,0,0,0,0,0,0,0,0,0,0,0,0,0,0,0,0,0,0,95,252,252,48,0,0,0,0,0,0,0,0,0,0,0,0,0,0,0,0,0,0,0,0,0,0,11,57,205,252,221,27,0,0,0,0,0,0,0,0,0,0,0,0,0,0,0,0,0,0,0,0,173,242,242,247,252,252,123,0,0,0,0,0,0,0,0,0,0,0,0,0,0,0,0,0,0,0,0,0,242,255,253,253,253,253,127,9,0,0,0,0,0,0,0,0,0,0,0,0,0,0,0,0,0,0,0,0,103,109,108,182,228,245,252,216,99,3,0,0,0,0,0,0,0,0,0,0,0,0,0,0,0,0,0,0,0,0,0,0,0,69,187,245,252,165,7,0,0,0,0,0,0,0,0,0,0,0,0,0,0,0,0,0,0,0,0,0,0,0,0,109,245,252,92,0,0,0,0,0,0,0,0,0,0,0,0,0,0,0,0,0,0,0,0,0,0,0,0,0,130,252,131,0,0,0,0,0,0,0,0,0,0,0,0,0,0,0,0,0,0,0,0,0,0,0,0,25,141,252,131,0,0,0,0,0,0,0,0,0,0,0,0,0,0,0,0,0,0,0,0,0,57,85,120,221,252,252,131,0,0,0,0,0,0,0,0,0,0,0,0,0,0,0,84,154,97,218,217,217,241,252,252,252,252,164,24,0,0,0,0,0,0,0,0,0,0,0,0,0,0,77,249,252,252,253,252,252,252,252,252,216,143,14,0,0,0,0,0,0,0,0,0,0,0,0,0,0,0,85,252,252,194,132,131,131,131,131,40,8,0,0,0,0,0,0,0,0,0,0,0,0,0,0,0,0,0,0,0,0,0,0,0,0,0,0,0,0,0,0,0,0,0,0,0,0,0,0,0,0,0,0,0,0,0,0,0,0,0,0,0,0,0,0,0,0,0,0,0,0,0,0,0,0,0,0,0,0,0,0,0,0,0,0,0,0,0,0,0,0,0,0,0,0,0,0,0,0,0,0,0,0
5,0,0,0,0,0,0,0,0,0,0,0,0,0,0,0,0,0,0,0,0,0,0,0,0,0,0,0,0,0,0,0,0,0,0,0,0,0,0,0,0,0,0,0,0,0,0,0,0,0,0,0,0,0,0,0,0,0,0,0,0,0,0,0,0,0,0,0,0,0,0,0,0,0,0,0,0,0,0,0,0,0,0,0,0,0,0,0,0,0,0,0,0,0,0,0,0,0,0,0,0,0,0,0,0,0,0,0,0,0,0,0,0,0,0,0,0,0,0,0,0,0,0,0,0,0,0,0,0,0,0,0,0,0,0,0,0,0,0,0,0,0,0,0,0,0,0,0,0,0,0,0,0,0,0,0,0,0,0,0,0,0,0,0,0,0,0,0,0,0,0,0,0,0,0,0,0,0,0,0,0,0,0,0,0,0,0,0,45,153,161,161,187,254,178,44,0,0,0,0,0,0,0,0,0,0,0,0,0,0,0,0,0,0,22,114,245,227,228,253,241,123,107,6,0,0,0,0,0,0,0,0,0,0,0,0,0,0,0,0,83,132,228,253,254,190,188,128,34,0,0,0,0,0,0,0,0,0,0,0,0,0,0,0,0,51,101,184,254,253,253,253,254,90,0,0,0,0,0,0,0,0,0,0,0,0,0,0,0,0,0,85,187,254,254,254,255,254,222,118,0,0,0,0,0,0,0,0,0,0,0,0,0,0,0,0,0,9,130,247,254,253,253,253,241,173,13,0,0,0,0,0,0,0,0,0,0,0,0,0,0,0,0,0,0,197,253,253,245,253,253,202,34,0,0,0,0,0,0,0,0,0,0,0,0,0,0,0,0,0,0,0,51,247,253,151,69,245,202,19,0,0,0,0,0,0,0,0,0,0,0,0,0,0,0,0,0,0,0,0,70,254,197,0,0,51,17,0,0,0,0,0,0,0,0,0,0,0,0,0,0,0,0,0,0,0,0,0,70,253,251,97,0,0,0,0,0,0,0,0,0,0,0,0,0,0,0,0,0,0,0,0,0,0,0,0,13,226,253,253,183,116,82,49,0,0,0,0,0,0,0,0,0,0,0,0,0,0,0,0,0,0,0,0,0,38,186,253,254,253,253,253,134,0,0,0,0,0,0,0,0,0,0,0,0,0,0,0,0,0,0,0,0,0,0,68,93,214,254,254,254,82,0,0,0,0,0,0,0,0,0,0,0,0,0,0,0,0,0,0,0,0,0,0,0,13,56,140,254,198,0,0,0,0,0,0,0,0,0,0,0,0,0,0,0,0,0,0,0,0,0,0,0,0,0,93,254,206,0,0,0,0,0,0,0,0,0,0,0,0,0,0,0,0,0,0,0,0,0,0,0,0,0,93,254,173,0,0,0,0,0,0,0,0,0,0,0,0,0,0,0,0,0,0,0,0,0,0,0,0,15,229,185,0,0,0,0,0,0,0,0,0,0,0,0,0,0,0,0,0,0,0,0,0,102,0,0,26,132,236,50,0,0,0,0,0,0,0,0,0,0,0,0,0,0,0,0,0,0,0,0,0,153,140,83,224,251,113,0,0,0,0,0,0,0,0,0,0,0,0,0,0,0,0,0,0,0,0,0,0,7,169,254,253,196,0,0,0,0,0,0,0,0,0,0,0,0,0,0,0,0,0,0,0,0,0,0,0,0,0,0,0,0,0,0,0,0,0,0,0,0,0,0,0,0,0,0,0,0,0,0,0,0,0,0,0,0,0,0,0,0,0,0,0,0,0,0,0,0,0,0,0,0,0,0
7,0,0,0,0,0,0,0,0,0,0,0,0,0,0,0,0,0,0,0,0,0,0,0,0,0,0,0,0,0,0,0,0,0,0,0,0,0,0,0,0,0,0,0,0,0,0,0,0,0,0,0,0,0,0,0,0,0,0,0,0,0,0,0,0,0,0,0,0,0,0,0,0,0,0,0,0,0,0,0,0,0,0,0,0,0,0,0,0,0,0,0,0,0,0,0,0,0,0,0,0,0,0,0,0,0,0,0,0,0,0,0,0,0,0,0,0,0,0,0,0,0,0,0,0,0,0,0,0,0,0,0,0,0,0,0,0,0,0,0,0,0,0,0,0,0,0,0,0,0,0,0,0,0,0,0,0,0,0,0,0,0,0,0,0,0,0,0,0,0,0,0,0,0,0,0,0,0,0,0,0,0,0,0,0,0,0,0,0,0,0,0,0,0,0,0,0,0,0,0,0,0,0,0,0,0,0,13,113,114,238,253,253,253,63,0,0,0,0,0,0,0,0,0,0,0,0,0,0,0,10,85,38,85,194,228,252,253,252,252,252,252,241,24,0,0,0,0,0,0,0,0,0,0,0,0,67,197,203,252,222,252,252,252,252,196,195,195,233,252,253,136,0,0,0,0,0,0,0,0,0,0,0,0,85,252,252,252,225,223,223,129,84,0,0,0,153,252,253,167,0,0,0,0,0,0,0,0,0,0,0,0,38,112,112,112,0,0,0,0,0,0,0,0,29,252,253,167,0,0,0,0,0,0,0,0,0,0,0,0,0,0,0,0,0,0,0,0,0,0,0,0,29,253,255,168,0,0,0,0,0,0,0,0,0,0,0,0,0,0,0,0,0,0,0,0,0,0,0,0,29,252,253,167,0,0,0,0,0,0,0,0,0,0,0,0,0,0,0,0,0,0,0,0,0,0,0,0,29,252,253,167,0,0,0,0,0,0,0,0,0,0,0,0,0,0,0,0,0,0,0,0,0,0,0,0,29,252,253,167,0,0,0,0,0,0,0,0,0,0,0,0,0,0,0,0,0,0,0,0,0,0,0,0,29,252,253,167,0,0,0,0,0,0,0,0,0,0,0,0,0,0,0,0,0,0,0,0,0,0,0,0,0,141,255,168,0,0,0,0,0,0,0,0,0,0,0,0,0,0,0,0,0,0,0,0,0,0,0,0,0,140,253,167,0,0,0,0,0,0,0,0,0,0,0,0,0,0,0,0,0,0,0,0,0,0,0,0,0,140,253,233,75,0,0,0,0,0,0,0,0,0,0,0,0,0,0,0,0,0,0,0,0,0,0,0,0,126,253,252,195,0,0,0,0,0,0,0,0,0,0,0,0,0,0,0,0,0,0,0,0,0,0,0,0,0,253,252,227,47,0,0,0,0,0,0,0,0,0,0,0,0,0,0,0,0,0,0,0,0,0,0,0,0,255,253,253,84,0,0,0,0,0,0,0,0,0,0,0,0,0,0,0,0,0,0,0,0,0,0,0,0,128,252,252,84,0,0,0,0,0,0,0,0,0,0,0,0,0,0,0,0,0,0,0,0,0,0,0,0,113,252,252,84,0,0,0,0,0,0,0,0,0,0,0,0,0,0,0,0,0,0,0,0,0,0,0,0,207,252,245,74,0,0,0,0,0,0,0,0,0,0,0,0,0,0,0,0,0,0,0,0,0,0,0,0,112,237,118,0,0,0,0,0,0,0,0,0,0,0,0,0,0,0,0,0,0,0,0,0,0,0,0,0,0,0,0,0,0,0,0,0,0,0,0
7,0,0,0,0,0,0,0,0,0,0,0,0,0,0,0,0,0,0,0,0,0,0,0,0,0,0,0,0,0,0,0,0,0,0,0,0,0,0,0,0,0,0,0,0,0,0,0,0,0,0,0,0,0,0,0,0,0,0,0,0,0,0,0,0,0,0,0,0,0,0,0,0,0,0,0,0,0,0,0,0,0,0,0,0,0,0,0,0,0,0,0,0,0,0,0,0,0,0,0,0,0,0,0,0,0,0,0,0,0,0,0,0,0,0,0,0,0,0,0,0,0,0,0,0,0,0,0,0,0,0,0,0,0,0,0,0,0,0,0,0,0,0,0,0,0,0,0,0,0,0,0,0,0,0,0,0,0,0,0,0,0,0,0,0,0,0,0,0,0,0,0,0,0,0,0,0,0,0,0,0,0,0,0,0,0,0,0,0,0,0,0,0,0,0,0,0,0,0,0,0,7,117,141,141,91,141,141,204,178,141,141,141,141,141,91,13,0,0,0,0,0,0,0,0,0,0,0,0,57,252,252,253,252,252,252,253,252,252,252,253,252,252,252,207,56,0,0,0,0,0,0,0,0,0,0,0,13,171,177,178,252,252,252,253,252,252,252,253,252,252,252,253,171,0,0,0,0,0,0,0,0,0,0,0,0,10,3,4,28,28,28,140,65,28,28,28,103,177,252,253,196,0,0,0,0,0,0,0,0,0,0,0,0,0,0,0,0,0,0,0,0,0,0,0,0,98,253,255,184,0,0,0,0,0,0,0,0,0,0,0,0,0,0,0,0,0,0,0,0,0,0,0,63,234,252,253,84,0,0,0,0,0,0,0,0,0,0,0,0,0,0,0,0,0,0,0,0,0,0,0,169,252,252,244,56,0,0,0,0,0,0,0,0,0,0,0,0,0,0,0,0,0,0,0,0,0,0,26,243,252,252,75,0,0,0,0,0,0,0,0,0,0,0,0,0,0,0,0,0,0,0,0,0,0,0,204,253,253,241,0,0,0,0,0,0,0,0,0,0,0,0,0,0,0,0,0,0,0,0,0,0,0,26,253,252,252,115,0,0,0,0,0,0,0,0,0,0,0,0,0,0,0,0,0,0,0,0,0,0,0,200,253,252,224,19,0,0,0,0,0,0,0,0,0,0,0,0,0,0,0,0,0,0,0,0,0,0,76,249,253,252,118,0,0,0,0,0,0,0,0,0,0,0,0,0,0,0,0,0,0,0,0,0,0,0,147,253,254,209,25,0,0,0,0,0,0,0,0,0,0,0,0,0,0,0,0,0,0,0,0,0,0,63,234,252,247,65,0,0,0,0,0,0,0,0,0,0,0,0,0,0,0,0,0,0,0,0,0,0,10,197,252,252,150,0,0,0,0,0,0,0,0,0,0,0,0,0,0,0,0,0,0,0,0,0,0,0,79,252,252,252,0,0,0,0,0,0,0,0,0,0,0,0,0,0,0,0,0,0,0,0,0,0,0,0,254,253,253,128,0,0,0,0,0,0,0,0,0,0,0,0,0,0,0,0,0,0,0,0,0,0,0,76,253,252,252,28,0,0,0,0,0,0,0,0,0,0,0,0,0,0,0,0,0,0,0,0,0,0,0,113,253,252,224,19,0,0,0,0,0,0,0,0,0,0,0,0,0,0,0,0,0,0,0,0,0,0,0,63,253,177,43,0,0,0,0,0,0,0,0,0,0,0,0,0,0,0,0,0,0,0,0,0,0,0,0,0,0,0,0,0,0,0,0,0,0,0,0,0,0,0,0,0,0
1,0,0,0,0,0,0,0,0,0,0,0,0,0,0,0,0,0,0,0,0,0,0,0,0,0,0,0,0,0,0,0,0,0,0,0,0,0,0,0,0,0,0,0,0,0,0,0,0,0,0,0,0,0,0,0,0,0,0,0,0,0,0,0,0,0,0,0,0,0,0,0,0,0,0,0,0,0,0,0,0,0,0,0,0,0,0,0,0,0,0,0,0,0,0,0,0,0,0,0,0,0,0,0,0,0,0,0,0,0,0,0,0,0,0,0,0,0,0,0,0,0,0,0,0,0,0,0,0,0,0,0,0,0,0,0,0,0,0,0,0,0,0,0,0,0,0,0,0,0,0,0,0,0,0,184,253,159,0,0,0,0,0,0,0,0,0,0,0,0,0,0,0,0,0,0,0,0,0,0,0,0,128,253,252,247,37,0,0,0,0,0,0,0,0,0,0,0,0,0,0,0,0,0,0,0,0,0,0,0,133,253,252,252,158,0,0,0,0,0,0,0,0,0,0,0,0,0,0,0,0,0,0,0,0,0,0,0,133,253,252,252,172,0,0,0,0,0,0,0,0,0,0,0,0,0,0,0,0,0,0,0,0,0,0,0,133,253,252,252,172,0,0,0,0,0,0,0,0,0,0,0,0,0,0,0,0,0,0,0,0,0,0,0,133,253,252,252,143,0,0,0,0,0,0,0,0,0,0,0,0,0,0,0,0,0,0,0,0,0,0,0,133,253,252,252,39,0,0,0,0,0,0,0,0,0,0,0,0,0,0,0,0,0,0,0,0,0,0,2,146,253,252,192,15,0,0,0,0,0,0,0,0,0,0,0,0,0,0,0,0,0,0,0,0,0,0,14,252,253,252,158,0,0,0,0,0,0,0,0,0,0,0,0,0,0,0,0,0,0,0,0,0,0,0,84,252,253,252,158,0,0,0,0,0,0,0,0,0,0,0,0,0,0,0,0,0,0,0,0,0,0,13,197,253,255,253,26,0,0,0,0,0,0,0,0,0,0,0,0,0,0,0,0,0,0,0,0,0,0,27,252,252,253,252,26,0,0,0,0,0,0,0,0,0,0,0,0,0,0,0,0,0,0,0,0,0,0,77,252,252,253,156,3,0,0,0,0,0,0,0,0,0,0,0,0,0,0,0,0,0,0,0,0,0,0,160,252,252,253,33,0,0,0,0,0,0,0,0,0,0,0,0,0,0,0,0,0,0,0,0,0,0,0,160,252,252,221,9,0,0,0,0,0,0,0,0,0,0,0,0,0,0,0,0,0,0,0,0,0,0,0,160,252,252,35,0,0,0,0,0,0,0,0,0,0,0,0,0,0,0,0,0,0,0,0,0,0,0,28,223,252,160,0,0,0,0,0,0,0,0,0,0,0,0,0,0,0,0,0,0,0,0,0,0,0,0,41,252,252,119,0,0,0,0,0,0,0,0,0,0,0,0,0,0,0,0,0,0,0,0,0,0,0,0,111,252,251,113,0,0,0,0,0,0,0,0,0,0,0,0,0,0,0,0,0,0,0,0,0,0,0,0,19,203,168,0,0,0,0,0,0,0,0,0,0,0,0,0,0,0,0,0,0,0,0,0,0,0,0,0,0,0,0,0,0,0,0,0,0,0,0,0,0,0,0,0,0,0,0,0,0,0,0,0,0,0,0,0,0,0,0,0,0,0,0,0,0,0,0,0,0,0,0,0,0,0,0,0,0,0,0,0,0,0,0,0,0,0,0,0,0,0,0,0,0,0,0,0,0,0,0,0,0,0
2,0,0,0,0,0,0,0,0,0,0,0,0,0,0,0,0,0,0,0,0,0,0,0,0,0,0,0,0,0,0,0,0,0,0,0,0,0,0,0,0,0,0,0,0,0,0,0,0,0,0,0,0,0,0,0,0,0,0,0,0,0,0,0,0,0,0,0,0,0,0,0,0,0,0,0,0,0,0,0,0,0,0,0,0,0,0,0,0,0,0,0,0,0,0,0,0,13,102,148,147,102,12,0,0,0,0,0,0,0,0,0,0,0,0,0,0,0,0,0,0,0,0,0,97,208,254,254,254,254,208,95,0,0,0,0,0,0,0,0,0,0,0,0,0,0,0,0,0,0,0,82,249,254,254,254,254,254,254,248,81,0,0,0,0,0,0,0,0,0,0,0,0,0,0,0,0,0,189,252,254,243,161,161,227,254,254,254,181,14,0,0,0,0,0,0,0,0,0,0,0,0,0,0,0,0,194,254,218,95,0,0,43,155,254,254,254,38,0,0,0,0,0,0,0,0,0,0,0,0,0,0,0,0,88,116,7,0,0,0,0,57,238,254,254,38,0,0,0,0,0,0,0,0,0,0,0,0,0,0,0,0,0,0,0,0,0,0,0,0,79,254,254,184,0,0,0,0,0,0,0,0,0,0,0,0,0,0,0,0,0,0,0,0,0,0,0,0,70,254,254,192,0,0,0,0,0,0,0,0,0,0,0,0,0,0,0,0,0,0,0,0,0,0,0,0,70,254,254,192,0,0,0,0,0,0,0,0,0,0,0,0,0,0,0,0,0,0,0,0,0,0,0,0,70,254,254,51,0,0,0,0,0,0,0,0,0,0,0,0,0,0,0,0,0,0,0,0,13,24,24,100,199,254,254,38,0,0,0,0,0,0,0,0,0,0,0,0,0,0,0,0,0,0,42,125,192,254,254,254,254,254,254,38,0,0,0,0,0,0,0,0,0,0,0,0,0,0,0,26,94,225,235,254,254,254,254,254,254,254,254,38,0,0,0,0,0,0,0,0,0,0,0,0,0,3,106,201,254,254,254,254,254,250,250,254,254,254,254,183,72,0,0,0,0,0,0,0,0,0,0,0,0,118,254,254,254,254,144,138,138,131,213,254,254,254,254,254,247,0,0,0,0,0,0,0,0,0,0,0,87,247,254,254,245,108,3,8,63,215,254,254,237,196,254,254,253,217,90,25,0,0,0,0,0,0,0,0,102,254,254,254,123,8,60,174,254,254,254,251,85,6,162,253,255,254,253,97,0,0,0,0,0,0,0,0,102,254,254,254,254,254,254,254,254,254,245,75,0,0,0,125,215,208,115,0,0,0,0,0,0,0,0,0,18,168,232,254,254,254,254,254,254,205,88,0,0,0,0,0,29,26,0,0,0,0,0,0,0,0,0,0,0,0,147,254,254,254,254,141,100,9,0,0,0,0,0,0,0,0,0,0,0,0,0,0,0,0,0,0,0,0,0,0,0,0,0,0,0,0,0,0,0,0,0,0,0,0,0,0,0,0,0,0,0,0,0,0,0,0,0,0,0,0,0,0,0,0,0,0,0,0,0,0,0,0,0,0,0,0,0,0,0,0,0,0,0,0,0,0,0,0,0,0,0,0,0,0,0,0,0,0,0,0,0,0,0,0,0,0,0,0,0,0,0,0,0,0,0,0,0,0,0,0,0,0,0,0,0,0,0,0,0,0,0,0,0,0,0,0,0,0,0,0,0,0,0,0,0,0,0,0,0,0,0,0,0,0,0,0,0,0,0,0,0
8,0,0,0,0,0,0,0,0,0,0,0,0,0,0,0,0,0,0,0,0,0,0,0,0,0,0,0,0,0,0,0,0,0,0,0,0,0,0,0,0,0,0,0,0,0,0,0,0,0,0,0,0,0,0,0,0,0,0,0,0,0,0,0,0,0,0,0,0,0,0,0,0,0,0,0,0,0,0,0,0,0,0,0,0,0,0,0,0,0,0,0,0,0,0,0,0,0,0,0,0,0,0,0,0,0,0,0,0,0,0,0,0,0,0,0,0,0,0,0,0,0,0,0,0,0,0,0,0,0,0,0,0,0,0,0,0,0,0,0,0,0,0,0,0,0,0,0,0,0,0,0,0,0,0,0,0,0,0,0,0,0,0,0,0,0,0,0,0,0,0,0,0,0,0,0,0,0,0,96,214,253,253,153,0,0,0,24,96,255,133,48,0,0,0,0,0,0,0,0,0,0,0,0,0,0,120,253,251,251,251,251,20,0,0,64,251,253,251,126,0,0,0,0,0,0,0,0,0,0,0,0,0,32,205,253,251,251,251,251,158,0,0,143,251,253,251,126,0,0,0,0,0,0,0,0,0,0,0,0,32,210,251,253,251,219,89,228,19,8,143,248,251,253,184,15,0,0,0,0,0,0,0,0,0,0,0,0,127,251,251,253,231,47,0,59,100,32,251,251,251,193,23,0,0,0,0,0,0,0,0,0,0,0,0,0,128,253,253,255,63,0,0,0,36,214,253,229,59,0,0,0,0,0,0,0,0,0,0,0,0,0,0,0,127,251,251,253,62,0,0,20,214,251,251,188,0,0,0,0,0,0,0,0,0,0,0,0,0,0,0,0,127,251,251,253,157,63,32,205,253,251,251,109,0,0,0,0,0,0,0,0,0,0,0,0,0,0,0,0,16,185,251,253,251,236,129,251,253,251,219,23,0,0,0,0,0,0,0,0,0,0,0,0,0,0,0,0,0,24,193,253,251,251,251,251,253,231,47,0,0,0,0,0,0,0,0,0,0,0,0,0,0,0,0,0,0,0,100,255,253,253,253,253,255,221,0,0,0,0,0,0,0,0,0,0,0,0,0,0,0,0,0,0,0,0,0,63,205,251,251,251,253,121,0,0,0,0,0,0,0,0,0,0,0,0,0,0,0,0,0,0,0,0,0,0,190,251,251,251,253,220,0,0,0,0,0,0,0,0,0,0,0,0,0,0,0,0,0,0,0,0,0,0,190,251,251,251,253,228,32,0,0,0,0,0,0,0,0,0,0,0,0,0,0,0,0,0,0,0,0,60,228,251,251,251,253,251,126,0,0,0,0,0,0,0,0,0,0,0,0,0,0,0,0,0,0,0,0,36,214,253,253,253,255,253,126,0,0,0,0,0,0,0,0,0,0,0,0,0,0,0,0,0,0,0,0,24,205,251,251,251,253,247,110,0,0,0,0,0,0,0,0,0,0,0,0,0,0,0,0,0,0,0,0,0,190,251,251,251,253,220,0,0,0,0,0,0,0,0,0,0,0,0,0,0,0,0,0,0,0,0,0,0,43,188,244,251,253,180,0,0,0,0,0,0,0,0,0,0,0,0,0,0,0,0,0,0,0,0,0,0,0,0,83,193,95,23,0,0,0,0,0,0,0,0,0,0,0,0,0,0,0,0,0,0,0,0,0,0,0,0,0,0,0,0,0,0,0,0,0,0,0,0,0,0,0,0,0,0,0,0,0,0,0,0,0,0,0,0,0,0,0,0,0,0,0,0,0,0,0,0,0,0,0
7,0,0,0,0,0,0,0,0,0,0,0,0,0,0,0,0,0,0,0,0,0,0,0,0,0,0,0,0,0,0,0,0,0,0,0,0,0,0,0,0,0,0,0,0,0,0,0,0,0,0,0,0,0,0,0,0,0,0,0,0,0,0,0,0,0,0,0,0,0,0,0,0,0,0,0,0,0,0,0,0,0,0,0,0,0,0,0,0,0,0,0,0,0,0,0,0,0,0,0,0,0,0,0,0,0,0,0,0,0,0,0,0,0,0,0,0,0,0,0,0,0,0,0,0,0,0,0,0,0,0,0,0,0,0,0,0,0,0,0,0,0,0,0,0,0,0,0,0,0,0,0,0,0,0,0,0,0,0,0,0,0,0,0,0,0,0,0,0,0,0,0,0,0,0,0,0,0,0,0,23,214,210,67,0,0,0,0,0,0,0,0,0,0,0,0,0,0,0,0,0,0,0,0,0,0,0,3,181,254,254,244,169,70,38,67,132,39,0,0,0,0,0,0,0,0,0,0,0,0,0,0,0,0,0,62,254,228,150,150,113,100,147,185,254,137,0,0,0,0,0,0,0,0,0,0,0,0,0,0,0,0,0,208,254,40,0,0,0,0,0,26,147,16,0,0,0,0,0,0,0,0,0,0,0,0,0,0,0,0,27,234,189,4,0,0,0,0,2,87,94,0,0,0,0,0,0,0,0,0,0,0,0,0,0,0,0,0,167,254,75,0,0,0,0,0,13,143,5,0,0,0,0,0,0,0,0,0,0,0,0,0,0,0,0,0,157,162,22,0,0,0,0,27,207,204,12,0,0,0,0,0,0,0,0,0,0,0,0,0,0,0,0,0,0,0,0,0,0,0,0,150,233,88,0,0,0,0,0,0,0,0,0,0,0,0,0,0,0,0,0,0,0,0,0,0,0,0,8,230,176,13,0,0,0,0,0,0,0,0,0,0,0,0,0,0,0,0,0,0,0,0,0,0,0,0,53,171,15,0,0,0,0,0,0,0,0,0,0,0,0,0,0,0,0,0,0,0,0,0,0,0,0,25,186,193,0,0,0,0,0,0,0,0,0,0,0,0,0,0,0,0,0,0,0,0,0,0,0,0,0,95,221,24,0,0,0,0,0,0,0,0,0,0,0,0,0,0,0,0,0,0,0,0,0,0,0,0,2,171,189,0,0,0,0,0,0,0,0,0,0,0,0,0,0,0,0,0,0,0,0,0,0,0,0,0,92,254,98,0,0,0,0,0,0,0,0,0,0,0,0,0,0,0,0,0,0,0,0,0,0,0,0,11,182,166,0,0,0,0,0,0,0,0,0,0,0,0,0,0,0,0,0,0,0,0,0,0,0,0,0,100,254,118,0,0,0,0,0,0,0,0,0,0,0,0,0,0,0,0,0,0,0,0,0,0,0,0,0,183,203,20,0,0,0,0,0,0,0,0,0,0,0,0,0,0,0,0,0,0,0,0,0,0,0,0,20,248,111,0,0,0,0,0,0,0,0,0,0,0,0,0,0,0,0,0,0,0,0,0,0,0,16,36,202,126,6,0,0,0,0,0,0,0,0,0,0,0,0,0,0,0,0,0,0,0,0,0,0,0,212,247,195,30,0,0,0,0,0,0,0,0,0,0,0,0,0,0,0,0,0,0,0,0,0,0,0,0,0,0,0,0,0,0,0,0,0,0,0,0,0,0,0,0,0,0,0,0,0,0,0,0,0,0,0,0,0,0,0,0,0,0,0,0,0,0,0,0,0,0,0,0,0,0,0
7,0,0,0,0,0,0,0,0,0,0,0,0,0,0,0,0,0,0,0,0,0,0,0,0,0,0,0,0,0,0,0,0,0,0,0,0,0,0,0,0,0,0,0,0,0,0,0,0,0,0,0,0,0,0,0,0,0,0,0,0,0,0,0,0,0,0,0,0,0,0,0,0,0,0,0,0,0,0,0,0,0,0,0,0,0,0,0,0,0,0,0,0,0,0,0,0,0,0,0,0,0,0,0,0,0,0,0,0,0,0,0,0,0,0,0,0,0,0,0,0,0,0,0,0,0,0,0,0,0,0,0,0,0,0,0,0,0,0,0,0,0,0,0,0,0,0,0,0,0,0,0,0,0,0,0,0,0,0,0,0,0,0,0,0,0,0,0,0,0,0,0,0,0,0,0,0,0,0,0,0,0,0,0,0,0,0,0,0,0,0,0,0,0,0,0,0,0,0,0,0,13,174,165,148,69,43,43,43,36,32,43,139,253,80,0,0,0,0,0,0,0,0,0,0,0,0,0,0,22,252,252,253,252,252,252,252,243,237,252,252,252,225,21,0,0,0,0,0,0,0,0,0,0,0,0,0,22,252,252,253,252,252,252,252,253,252,252,252,252,253,116,0,0,0,0,0,0,0,0,0,0,0,0,0,22,252,252,253,252,252,252,252,253,252,252,252,252,253,168,0,0,0,0,0,0,0,0,0,0,0,0,0,13,147,59,42,42,42,42,86,147,112,42,182,252,253,168,0,0,0,0,0,0,0,0,0,0,0,0,0,0,0,0,0,0,0,0,0,0,0,4,183,253,254,168,0,0,0,0,0,0,0,0,0,0,0,0,0,0,0,0,0,0,0,0,0,0,0,57,252,252,253,196,7,0,0,0,0,0,0,0,0,0,0,0,0,0,0,0,0,0,0,0,0,0,0,11,175,252,250,152,11,0,0,0,0,0,0,0,0,0,0,0,0,0,0,0,0,0,0,0,0,0,0,15,225,252,239,42,0,0,0,0,0,0,0,0,0,0,0,0,0,0,0,0,0,0,0,0,0,0,0,22,252,252,253,107,0,0,0,0,0,0,0,0,0,0,0,0,0,0,0,0,0,0,0,0,0,0,0,18,239,253,255,107,0,0,0,0,0,0,0,0,0,0,0,0,0,0,0,0,0,0,0,0,0,0,0,0,169,252,253,63,0,0,0,0,0,0,0,0,0,0,0,0,0,0,0,0,0,0,0,0,0,0,0,0,169,252,253,63,0,0,0,0,0,0,0,0,0,0,0,0,0,0,0,0,0,0,0,0,0,0,0,6,190,252,253,63,0,0,0,0,0,0,0,0,0,0,0,0,0,0,0,0,0,0,0,0,0,0,0,22,252,252,253,63,0,0,0,0,0,0,0,0,0,0,0,0,0,0,0,0,0,0,0,0,0,0,0,18,239,253,255,253,21,0,0,0,0,0,0,0,0,0,0,0,0,0,0,0,0,0,0,0,0,0,0,0,169,252,253,189,5,0,0,0,0,0,0,0,0,0,0,0,0,0,0,0,0,0,0,0,0,0,0,0,169,252,253,168,0,0,0,0,0,0,0,0,0,0,0,0,0,0,0,0,0,0,0,0,0,0,0,0,142,252,253,168,0,0,0,0,0,0,0,0,0,0,0,0,0,0,0,0,0,0,0,0,0,0,0,0,64,252,236,54,0,0,0,0,0,0,0,0,0,0,0,0,0,0,0,0,0,0,0,0,0,0,0,0,0,0,0,0,0,0,0,0,0,0,0,0,0
9,0,0,0,0,0,0,0,0,0,0,0,0,0,0,0,0,0,0,0,0,0,0,0,0,0,0,0,0,0,0,0,0,0,0,0,0,0,0,0,0,0,0,0,0,0,0,0,0,0,0,0,0,0,0,0,0,0,0,0,0,0,0,0,0,0,0,0,0,0,0,0,0,0,0,0,0,0,0,0,0,0,0,0,0,0,0,0,0,0,0,0,0,0,0,0,0,0,0,0,0,0,0,0,0,0,0,0,0,0,0,0,0,0,0,0,0,0,0,0,0,0,0,0,0,0,0,0,0,0,0,0,0,0,0,0,0,0,0,0,0,0,0,0,0,0,0,0,0,0,0,0,0,0,0,0,0,0,0,0,0,0,0,0,0,0,0,0,0,0,0,0,0,0,0,0,0,0,0,0,0,0,0,19,131,244,255,254,51,0,0,0,0,0,0,0,0,0,0,0,0,0,0,0,0,0,0,0,0,0,90,241,252,200,134,245,187,0,0,0,0,0,0,0,0,0,0,0,0,0,0,0,0,0,0,0,0,63,240,247,84,0,0,229,187,0,0,0,0,0,0,0,0,0,0,0,0,0,0,0,0,0,0,0,63,240,232,48,0,0,4,231,187,0,0,0,0,0,0,0,0,0,0,0,0,0,0,0,0,0,0,26,222,244,64,0,0,0,66,254,152,0,0,0,0,0,0,0,0,0,0,0,0,0,0,0,0,0,3,202,254,70,0,0,0,113,226,254,104,0,0,0,0,0,0,0,0,0,0,0,0,0,0,0,0,0,100,254,181,12,0,0,140,246,254,254,40,0,0,0,0,0,0,0,0,0,0,0,0,0,0,0,0,0,192,240,29,0,0,86,246,254,254,245,18,0,0,0,0,0,0,0,0,0,0,0,0,0,0,0,0,57,242,118,0,0,59,246,254,254,254,85,0,0,0,0,0,0,0,0,0,0,0,0,0,0,0,0,0,173,254,58,34,149,246,161,168,254,225,13,0,0,0,0,0,0,0,0,0,0,0,0,0,0,0,0,0,130,254,222,245,254,175,29,224,254,111,0,0,0,0,0,0,0,0,0,0,0,0,0,0,0,0,0,0,4,135,209,176,54,7,63,254,254,29,0,0,0,0,0,0,0,0,0,0,0,0,0,0,0,0,0,0,0,0,4,7,0,0,202,254,206,13,0,0,0,0,0,0,0,0,0,0,0,0,0,0,0,0,0,0,0,0,0,0,0,38,249,254,42,0,0,0,0,0,0,0,0,0,0,0,0,0,0,0,0,0,0,0,0,0,0,0,0,138,254,208,4,0,0,0,0,0,0,0,0,0,0,0,0,0,0,0,0,0,0,0,0,0,0,0,0,209,254,78,0,0,0,0,0,0,0,0,0,0,0,0,0,0,0,0,0,0,0,0,0,0,0,0,59,251,241,27,0,0,0,0,0,0,0,0,0,0,0,0,0,0,0,0,0,0,0,0,0,0,0,0,173,254,131,0,0,0,0,0,0,0,0,0,0,0,0,0,0,0,0,0,0,0,0,0,0,0,0,22,236,254,41,0,0,0,0,0,0,0,0,0,0,0,0,0,0,0,0,0,0,0,0,0,0,0,0,23,237,130,1,0,0,0,0,0,0,0,0,0,0,0,0,0,0,0,0,0,0,0,0,0,0,0,0,0,0,0,0,0,0,0,0,0,0,0,0,0,0,0,0,0,0,0,0,0,0,0,0,0,0,0,0,0,0,0,0,0,0,0,0,0,0,0,0,0,0,0,0,0
1,0,0,0,0,0,0,0,0,0,0,0,0,0,0,0,0,0,0,0,0,0,0,0,0,0,0,0,0,0,0,0,0,0,0,0,0,0,0,0,0,0,0,0,0,0,0,0,0,0,0,0,0,0,0,0,0,0,0,0,0,0,0,0,0,0,0,0,0,0,0,0,0,0,0,0,0,0,0,0,0,0,0,0,0,0,0,0,0,0,0,0,0,0,0,0,0,0,0,0,0,0,0,0,0,0,0,0,0,0,0,0,0,0,0,0,0,0,0,0,0,0,0,0,0,0,0,0,0,0,0,0,0,0,0,0,0,0,0,0,0,0,0,0,0,0,0,0,0,0,0,0,0,0,13,221,186,85,0,0,0,0,0,0,0,0,0,0,0,0,0,0,0,0,0,0,0,0,0,0,0,0,47,253,253,184,0,0,0,0,0,0,0,0,0,0,0,0,0,0,0,0,0,0,0,0,0,0,0,0,47,253,253,184,0,0,0,0,0,0,0,0,0,0,0,0,0,0,0,0,0,0,0,0,0,0,0,0,47,253,253,184,0,0,0,0,0,0,0,0,0,0,0,0,0,0,0,0,0,0,0,0,0,0,0,0,198,254,254,127,0,0,0,0,0,0,0,0,0,0,0,0,0,0,0,0,0,0,0,0,0,0,0,38,243,253,253,93,0,0,0,0,0,0,0,0,0,0,0,0,0,0,0,0,0,0,0,0,0,0,0,45,245,253,253,93,0,0,0,0,0,0,0,0,0,0,0,0,0,0,0,0,0,0,0,0,0,0,0,70,253,253,253,93,0,0,0,0,0,0,0,0,0,0,0,0,0,0,0,0,0,0,0,0,0,0,0,162,254,254,254,0,0,0,0,0,0,0,0,0,0,0,0,0,0,0,0,0,0,0,0,0,0,0,0,245,253,253,168,0,0,0,0,0,0,0,0,0,0,0,0,0,0,0,0,0,0,0,0,0,0,0,34,254,253,253,85,0,0,0,0,0,0,0,0,0,0,0,0,0,0,0,0,0,0,0,0,0,0,0,34,254,253,244,44,0,0,0,0,0,0,0,0,0,0,0,0,0,0,0,0,0,0,0,0,0,0,0,0,254,254,230,0,0,0,0,0,0,0,0,0,0,0,0,0,0,0,0,0,0,0,0,0,0,0,0,0,254,253,230,0,0,0,0,0,0,0,0,0,0,0,0,0,0,0,0,0,0,0,0,0,0,0,0,76,254,253,187,0,0,0,0,0,0,0,0,0,0,0,0,0,0,0,0,0,0,0,0,0,0,0,9,151,254,253,71,0,0,0,0,0,0,0,0,0,0,0,0,0,0,0,0,0,0,0,0,0,0,0,24,254,255,254,46,0,0,0,0,0,0,0,0,0,0,0,0,0,0,0,0,0,0,0,0,0,0,0,3,140,254,253,46,0,0,0,0,0,0,0,0,0,0,0,0,0,0,0,0,0,0,0,0,0,0,0,0,17,245,253,163,0,0,0,0,0,0,0,0,0,0,0,0,0,0,0,0,0,0,0,0,0,0,0,0,0,44,169,196,0,0,0,0,0,0,0,0,0,0,0,0,0,0,0,0,0,0,0,0,0,0,0,0,0,0,0,0,0,0,0,0,0,0,0,0,0,0,0,0,0,0,0,0,0,0,0,0,0,0,0,0,0,0,0,0,0,0,0,0,0,0,0,0,0,0,0,0,0,0,0,0,0,0,0,0,0,0,0,0,0,0,0,0,0,0,0,0,0,0,0,0,0,0,0,0,0
0,0,0,0,0,0,0,0,0,0,0,0,0,0,0,0,0,0,0,0,0,0,0,0,0,0,0,0,0,0,0,0,0,0,0,0,0,0,0,0,0,0,0,0,0,0,0,0,0,0,0,0,0,0,0,0,0,0,0,0,0,0,0,0,0,0,0,0,0,0,0,0,0,0,0,0,0,0,0,0,0,0,0,0,0,0,0,0,0,0,0,0,0,0,0,0,0,0,0,0,0,0,0,0,0,0,0,0,0,0,0,0,0,0,0,0,0,0,0,0,0,0,0,0,0,0,0,0,0,0,0,0,0,0,0,0,0,0,0,0,0,0,0,0,0,0,0,0,0,0,0,0,16,73,144,195,255,150,63,0,0,0,0,0,0,0,0,0,0,0,0,0,0,0,0,0,0,0,20,114,233,253,253,253,254,253,250,157,16,0,0,0,0,0,0,0,0,0,0,0,0,0,0,0,0,75,230,254,232,171,127,94,127,145,222,253,195,14,0,0,0,0,0,0,0,0,0,0,0,0,0,0,16,222,240,87,34,10,0,0,0,0,8,100,248,193,8,0,0,0,0,0,0,0,0,0,0,0,0,0,11,214,72,0,177,204,20,0,0,0,0,0,84,254,50,0,0,0,0,0,0,0,0,0,0,0,0,0,0,200,72,21,241,254,144,0,0,0,0,0,0,170,215,11,0,0,0,0,0,0,0,0,0,0,0,0,0,21,64,157,241,76,43,0,0,0,0,0,0,31,243,36,0,0,0,0,0,0,0,0,0,0,0,0,0,0,14,241,153,0,0,0,0,0,0,0,0,0,235,36,0,0,0,0,0,0,0,0,0,0,0,0,0,0,129,254,102,0,0,0,0,0,0,0,0,32,243,36,0,0,0,0,0,0,0,0,0,0,0,0,0,0,181,254,18,0,0,0,0,0,0,0,0,106,253,36,0,0,0,0,0,0,0,0,0,0,0,0,0,12,228,182,0,0,0,0,0,0,0,0,0,222,218,13,0,0,0,0,0,0,0,0,0,0,0,0,0,19,253,97,0,0,0,0,0,0,0,0,53,254,95,0,0,0,0,0,0,0,0,0,0,0,0,0,0,32,253,91,0,0,0,0,0,0,0,3,179,243,15,0,0,0,0,0,0,0,0,0,0,0,0,0,0,109,253,91,0,0,0,0,0,0,3,68,253,104,0,0,0,0,0,0,0,0,0,0,0,0,0,0,0,109,253,91,0,0,0,0,0,0,69,253,220,0,0,0,0,0,0,0,0,0,0,0,0,0,0,0,0,84,254,118,0,0,0,0,0,36,241,248,52,0,0,0,0,0,0,0,0,0,0,0,0,0,0,0,0,2,186,181,0,0,0,0,139,239,245,87,0,0,0,0,0,0,0,0,0,0,0,0,0,0,0,0,0,0,181,243,61,0,29,133,254,225,76,0,0,0,0,0,0,0,0,0,0,0,0,0,0,0,0,0,0,0,174,254,222,199,241,253,216,49,0,0,0,0,0,0,0,0,0,0,0,0,0,0,0,0,0,0,0,0,26,221,253,253,246,129,26,0,0,0,0,0,0,0,0,0,0,0,0,0,0,0,0,0,0,0,0,0,0,0,0,0,0,0,0,0,0,0,0,0,0,0,0,0,0,0,0,0,0,0,0,0,0,0,0,0,0,0,0,0,0,0,0,0,0,0,0,0,0,0,0,0,0,0,0,0,0,0,0,0,0,0,0,0,0,0,0,0,0,0,0,0,0,0,0,0,0,0,0,0,0,0,0
5,0,0,0,0,0,0,0,0,0,0,0,0,0,0,0,0,0,0,0,0,0,0,0,0,0,0,0,0,0,0,0,0,0,0,0,0,0,0,0,0,0,0,0,0,0,0,0,0,0,0,0,0,0,0,0,0,0,0,0,0,0,0,0,0,0,0,0,0,0,0,0,0,0,0,0,0,0,0,0,0,0,0,0,0,0,0,0,0,0,0,0,0,0,0,0,0,0,0,0,0,0,0,0,0,0,0,0,0,0,0,0,0,0,0,0,0,0,0,0,0,0,0,0,0,0,0,0,0,0,0,0,0,0,88,176,254,72,0,0,0,0,0,0,0,0,0,0,0,0,0,0,0,0,30,145,20,0,0,24,87,236,252,253,249,57,0,0,0,0,0,0,0,0,0,0,0,0,0,0,0,0,109,253,91,41,140,233,253,243,132,49,33,0,0,0,0,0,0,0,0,0,0,0,0,0,0,0,0,3,184,253,219,230,250,228,112,39,0,0,0,0,0,0,0,0,0,0,0,0,0,0,0,0,0,0,0,102,253,253,254,253,120,0,0,0,0,0,0,0,0,0,0,0,0,0,0,0,0,0,0,0,0,0,16,228,254,254,124,39,0,0,0,0,0,0,0,0,0,0,0,0,0,0,0,0,0,0,0,0,0,0,127,253,223,43,0,0,0,0,0,0,0,0,0,0,0,0,0,0,0,0,0,0,0,0,0,0,0,76,250,234,40,0,0,0,0,0,0,0,0,0,0,0,0,0,0,0,0,0,0,0,0,0,0,0,40,234,253,171,0,0,0,0,0,0,0,0,0,0,0,0,0,0,0,0,0,0,0,0,0,0,0,46,207,254,233,101,85,0,0,0,0,0,0,0,0,0,0,0,0,0,0,0,0,0,0,0,0,0,50,234,254,255,254,254,254,254,163,79,11,0,0,0,0,0,0,0,0,0,0,0,0,0,0,0,0,0,128,253,233,199,198,198,198,218,254,253,225,51,0,0,0,0,0,0,0,0,0,0,0,0,0,0,0,0,64,120,23,0,0,0,0,13,62,178,248,237,88,0,0,0,0,0,0,0,0,0,0,0,0,0,6,103,16,0,0,0,0,0,0,0,0,0,60,230,253,72,0,0,0,0,0,0,0,0,0,0,0,0,137,214,11,0,0,0,0,0,0,0,0,0,0,167,253,91,0,0,0,0,0,0,0,0,0,0,0,0,163,199,0,0,0,0,0,0,0,0,0,0,0,167,254,92,0,0,0,0,0,0,0,0,0,0,0,0,163,229,73,0,0,0,0,0,0,0,0,0,106,249,253,72,0,0,0,0,0,0,0,0,0,0,0,0,108,237,235,178,95,37,37,6,0,14,63,146,248,253,162,0,0,0,0,0,0,0,0,0,0,0,0,0,0,51,189,242,253,254,253,207,199,218,254,253,244,125,16,0,0,0,0,0,0,0,0,0,0,0,0,0,0,0,0,38,162,163,194,240,253,253,195,142,36,0,0,0,0,0,0,0,0,0,0,0,0,0,0,0,0,0,0,0,0,0,0,0,0,0,0,0,0,0,0,0,0,0,0,0,0,0,0,0,0,0,0,0,0,0,0,0,0,0,0,0,0,0,0,0,0,0,0,0,0,0,0,0,0,0,0,0,0,0,0,0,0,0,0,0,0,0,0,0,0,0,0,0,0,0,0,0,0,0,0,0,0,0,0,0,0,0,0,0,0,0,0,0,0,0,0,0,0,0,0,0,0,0,0,0,0,0,0,0,0,0,0
4,0,0,0,0,0,0,0,0,0,0,0,0,0,0,0,0,0,0,0,0,0,0,0,0,0,0,0,0,0,0,0,0,0,0,0,0,0,0,0,0,0,0,0,0,0,0,0,0,0,0,0,0,0,0,0,0,0,0,0,0,0,0,0,0,0,0,0,0,0,0,0,0,0,0,0,0,0,0,0,0,0,0,0,0,0,0,0,0,0,0,0,0,0,0,0,0,0,0,0,0,0,0,0,0,0,0,0,0,0,0,0,0,0,0,0,0,0,0,0,0,0,0,0,0,0,0,0,0,0,0,0,0,0,0,0,0,0,0,0,0,0,0,0,0,0,0,0,0,0,0,0,0,0,0,0,0,0,0,0,0,0,0,0,0,0,0,0,0,0,0,0,0,0,0,0,0,0,173,254,69,0,0,0,0,6,223,172,0,0,0,0,0,0,0,0,0,0,0,0,0,0,0,0,0,0,207,241,18,0,0,0,0,45,254,157,0,0,0,0,0,0,0,0,0,0,0,0,0,0,0,0,0,37,243,169,0,0,0,0,0,10,254,186,0,0,0,0,0,0,0,0,0,0,0,0,0,0,0,0,0,76,254,169,0,0,0,0,0,10,254,206,0,0,0,0,0,0,0,0,0,0,0,0,0,0,0,0,0,159,254,82,0,0,0,0,0,10,254,206,0,0,0,0,0,0,0,0,0,0,0,0,0,0,0,0,0,236,254,75,0,0,0,0,0,10,254,227,21,0,0,0,0,0,0,0,0,0,0,0,0,0,0,0,0,236,254,75,0,0,0,0,0,10,254,254,47,0,0,0,0,0,0,0,0,0,0,0,0,0,0,0,0,236,254,96,0,0,0,0,0,10,254,254,47,0,0,0,0,0,0,0,0,0,0,0,0,0,0,0,0,179,254,210,15,0,0,0,0,10,254,254,47,0,0,0,0,0,0,0,0,0,0,0,0,0,0,0,0,30,236,254,215,98,0,0,0,10,254,254,117,0,0,0,0,0,0,0,0,0,0,0,0,0,0,0,0,0,125,254,255,254,219,161,112,74,254,255,107,0,0,0,0,0,0,0,0,0,0,0,0,0,0,0,0,0,3,95,235,254,254,255,254,254,254,254,175,0,0,0,0,0,0,0,0,0,0,0,0,0,0,0,0,0,0,0,34,136,150,185,199,209,254,254,103,0,0,0,0,0,0,0,0,0,0,0,0,0,0,0,0,0,0,0,0,0,0,0,0,10,254,254,47,0,0,0,0,0,0,0,0,0,0,0,0,0,0,0,0,0,0,0,0,0,0,0,0,5,207,254,47,0,0,0,0,0,0,0,0,0,0,0,0,0,0,0,0,0,0,0,0,0,0,0,0,0,169,254,47,0,0,0,0,0,0,0,0,0,0,0,0,0,0,0,0,0,0,0,0,0,0,0,0,0,170,254,47,0,0,0,0,0,0,0,0,0,0,0,0,0,0,0,0,0,0,0,0,0,0,0,0,0,114,254,82,0,0,0,0,0,0,0,0,0,0,0,0,0,0,0,0,0,0,0,0,0,0,0,0,0,76,254,47,0,0,0,0,0,0,0,0,0,0,0,0,0,0,0,0,0,0,0,0,0,0,0,0,0,20,240,47,0,0,0,0,0,0,0,0,0,0,0,0,0,0,0,0,0,0,0,0,0,0,0,0,0,0,0,0,0,0,0,0,0,0,0,0,0,0,0,0,0,0,0,0,0,0,0,0,0,0,0,0,0,0,0,0,0,0,0,0,0,0,0,0
5,0,0,0,0,0,0,0,0,0,0,0,0,0,0,0,0,0,0,0,0,0,0,0,0,0,0,0,0,0,0,0,0,0,0,0,0,0,0,0,0,0,0,0,0,0,0,0,0,0,0,0,0,0,0,0,0,0,0,0,0,0,0,0,0,0,0,0,0,0,0,0,0,0,0,0,0,0,0,0,0,0,0,0,0,0,0,0,0,0,0,0,0,0,0,0,0,0,0,0,0,0,0,0,0,0,0,0,0,0,0,0,0,0,0,0,0,0,0,0,0,0,0,0,0,0,0,0,0,0,0,0,0,0,0,0,0,0,0,0,0,0,0,0,0,0,0,0,0,0,0,0,14,92,147,61,39,111,189,209,181,41,0,0,0,0,0,0,0,0,0,0,0,0,0,0,0,0,0,0,88,254,254,254,254,254,254,254,254,151,0,0,0,0,0,0,0,0,0,0,0,0,0,0,0,0,0,0,136,254,254,254,254,254,254,249,249,56,0,0,0,0,0,0,0,0,0,0,0,0,0,0,0,0,0,0,196,254,254,254,158,103,103,4,0,0,0,0,0,0,0,0,0,0,0,0,0,0,0,0,0,0,0,0,196,254,254,185,4,0,0,0,0,0,0,0,0,0,0,0,0,0,0,0,0,0,0,0,0,0,0,0,196,254,254,65,0,0,0,0,0,0,0,0,0,0,0,0,0,0,0,0,0,0,0,0,0,0,0,31,232,254,244,44,0,0,0,0,0,0,0,0,0,0,0,0,0,0,0,0,0,0,0,0,0,0,0,87,254,254,200,0,0,0,0,0,0,0,0,0,0,0,0,0,0,0,0,0,0,0,0,0,0,0,6,205,254,254,250,148,117,6,0,0,0,0,0,0,0,0,0,0,0,0,0,0,0,0,0,0,0,0,9,234,254,254,254,254,254,194,55,0,0,0,0,0,0,0,0,0,0,0,0,0,0,0,0,0,0,0,0,55,233,249,162,162,209,254,234,48,0,0,0,0,0,0,0,0,0,0,0,0,0,0,0,0,0,0,0,0,12,15,0,0,8,174,254,223,7,0,0,0,0,0,0,0,0,0,0,0,0,0,0,0,0,0,0,0,0,0,0,0,0,168,254,254,168,10,0,0,0,0,0,0,0,0,0,0,0,0,0,0,0,0,0,0,0,0,0,0,0,168,254,254,254,43,0,0,0,0,0,0,0,0,0,0,0,0,0,0,0,0,0,0,0,0,0,0,24,214,254,254,236,38,0,0,0,0,0,0,0,0,0,0,0,0,0,0,0,0,0,0,0,0,0,0,205,255,254,236,26,0,0,0,0,0,0,0,0,0,0,0,0,0,0,0,0,45,0,0,0,0,23,143,252,254,254,93,0,0,0,0,0,0,0,0,0,0,0,0,0,0,0,0,84,244,250,183,141,96,212,254,254,233,133,5,0,0,0,0,0,0,0,0,0,0,0,0,0,0,0,0,0,114,254,254,254,254,254,254,188,63,0,0,0,0,0,0,0,0,0,0,0,0,0,0,0,0,0,0,0,12,42,146,229,254,254,129,3,0,0,0,0,0,0,0,0,0,0,0,0,0,0,0,0,0,0,0,0,0,0,0,0,0,0,0,0,0,0,0,0,0,0,0,0,0,0,0,0,0,0,0,0,0,0,0,0,0,0,0,0,0,0,0,0,0,0,0,0,0,0,0,0,0,0,0,0,0,0,0,0,0,0,0,0,0,0,0,0,0,0,0,0,0,0,0,0,0,0,0,0,0,0,0,0
0,0,0,0,0,0,0,0,0,0,0,0,0,0,0,0,0,0,0,0,0,0,0,0,0,0,0,0,0,0,0,0,0,0,0,0,0,0,0,0,0,0,0,0,0,0,0,0,0,0,0,0,0,0,0,0,0,0,0,0,0,0,0,0,0,0,0,0,0,0,0,0,0,0,0,0,0,0,0,0,0,0,0,0,0,0,0,0,0,0,0,0,0,0,0,0,0,0,0,0,0,0,0,0,0,0,0,0,0,0,0,0,0,0,0,0,0,0,0,0,0,0,0,0,0,0,0,0,0,0,0,0,0,0,0,0,0,0,0,0,0,0,0,0,0,0,0,0,0,0,0,0,0,0,0,26,0,0,0,0,0,0,0,0,0,0,0,0,0,0,0,0,0,0,0,0,0,0,26,123,206,198,230,239,197,81,47,47,13,0,0,0,0,0,0,0,0,0,0,0,0,0,0,0,9,141,232,253,253,254,253,253,253,254,253,253,220,116,19,0,0,0,0,0,0,0,0,0,0,0,0,43,184,254,253,253,253,254,253,253,253,254,253,253,253,254,215,67,0,0,0,0,0,0,0,0,0,0,55,237,254,254,190,90,152,254,254,80,0,0,17,118,0,204,254,245,44,0,0,0,0,0,0,0,0,0,189,253,253,199,11,57,253,224,73,4,0,0,0,0,0,7,232,253,119,0,0,0,0,0,0,0,0,32,241,253,244,17,0,91,244,51,0,0,0,0,0,0,0,0,230,253,236,0,0,0,0,0,0,0,0,70,253,253,94,0,0,24,94,0,0,0,0,0,0,0,0,0,230,253,253,0,0,0,0,0,0,0,0,70,254,230,0,0,0,0,0,0,0,0,0,0,0,0,0,0,231,254,254,0,0,0,0,0,0,0,0,120,253,230,0,0,0,0,0,0,0,0,0,0,0,0,0,13,235,253,236,0,0,0,0,0,0,0,0,195,253,230,0,0,0,0,0,0,0,0,0,0,0,0,0,120,253,253,152,0,0,0,0,0,0,0,0,161,253,230,0,0,0,0,0,0,0,0,0,0,0,0,34,254,253,253,69,0,0,0,0,0,0,0,0,70,254,245,44,0,0,0,0,0,0,0,0,0,0,15,229,254,254,214,25,0,0,0,0,0,0,0,0,57,249,253,169,0,0,0,0,0,0,0,0,0,9,166,253,254,227,29,0,0,0,0,0,0,0,0,0,0,113,253,253,57,3,0,0,0,0,0,0,41,174,253,253,247,87,0,0,0,0,0,0,0,0,0,0,0,13,119,253,254,90,0,0,0,0,9,127,229,253,253,253,118,0,0,0,0,0,0,0,0,0,0,0,0,0,9,127,255,254,211,128,128,128,237,254,254,254,239,59,0,0,0,0,0,0,0,0,0,0,0,0,0,0,0,0,140,232,253,253,254,253,253,253,241,190,37,0,0,0,0,0,0,0,0,0,0,0,0,0,0,0,0,0,0,42,137,205,239,230,113,79,34,0,0,0,0,0,0,0,0,0,0,0,0,0,0,0,0,0,0,0,0,0,0,0,25,0,0,0,0,0,0,0,0,0,0,0,0,0,0,0,0,0,0,0,0,0,0,0,0,0,0,0,0,0,0,0,0,0,0,0,0,0,0,0,0,0,0,0,0,0,0,0,0,0,0,0,0,0,0,0,0,0,0,0,0,0,0,0,0,0,0,0,0,0,0,0,0,0,0,0,0,0,0,0,0,0,0,0,0,0,0,0,0,0,0,0,0,0,0,0,0,0,0,0
5,0,0,0,0,0,0,0,0,0,0,0,0,0,0,0,0,0,0,0,0,0,0,0,0,0,0,0,0,0,0,0,0,0,0,0,0,0,0,0,0,0,0,0,0,0,0,0,0,0,0,0,0,0,0,0,0,0,0,0,0,0,0,0,0,0,0,0,0,0,0,0,0,0,0,0,0,0,0,0,0,0,0,0,0,0,0,0,0,0,0,0,0,0,0,0,0,0,0,0,0,0,0,0,0,0,0,0,0,0,0,0,0,0,0,0,0,0,0,0,0,0,0,0,0,0,0,0,0,0,0,0,0,0,0,0,0,0,0,0,0,0,0,0,0,0,0,0,0,0,0,0,0,0,0,0,0,0,0,0,0,0,0,0,0,0,0,0,0,0,0,0,0,0,0,0,0,0,0,0,0,0,0,0,0,0,0,0,0,3,6,6,1,0,0,0,0,0,0,0,0,0,0,0,0,0,0,0,0,0,0,0,0,11,44,148,152,194,241,146,59,0,0,0,0,0,0,0,0,0,0,0,0,0,0,0,0,0,0,30,137,205,254,254,254,254,244,173,243,0,0,0,0,0,0,0,0,0,0,0,0,0,0,0,0,8,120,215,254,254,213,135,61,27,23,0,23,0,0,0,0,0,0,0,0,0,0,0,0,0,0,0,17,155,254,254,229,180,97,4,0,0,0,0,0,0,0,0,0,0,0,0,0,0,0,0,0,0,4,88,191,254,199,82,29,0,0,0,0,0,0,0,0,0,0,0,0,0,0,0,0,0,0,0,0,0,6,207,254,254,218,40,8,0,0,0,0,0,0,0,0,0,0,0,0,0,0,0,0,0,0,0,0,0,0,125,242,208,254,254,208,137,11,0,0,0,0,0,0,0,0,0,0,0,0,0,0,0,0,0,0,0,0,0,42,8,54,139,209,254,211,8,0,0,0,0,0,0,0,0,0,0,0,0,0,13,6,0,0,0,0,0,0,0,0,0,8,93,234,228,42,0,0,0,0,0,0,0,0,0,0,0,0,172,192,94,0,0,0,0,0,0,0,0,0,35,234,254,128,0,0,0,0,0,0,0,0,0,0,0,0,80,254,233,207,126,11,0,0,0,0,0,0,35,234,244,97,0,0,0,0,0,0,0,0,0,0,0,0,2,89,167,244,254,246,177,99,28,28,28,93,247,254,157,0,0,0,0,0,0,0,0,0,0,0,0,0,0,0,0,49,162,248,254,254,254,255,254,254,255,159,4,0,0,0,0,0,0,0,0,0,0,0,0,0,0,0,0,0,0,39,64,151,158,254,254,157,80,8,0,0,0,0,0,0,0,0,0,0,0,0,0,0,0,0,0,0,0,0,0,0,1,5,5,1,0,0,0,0,0,0,0,0,0,0,0,0,0,0,0,0,0,0,0,0,0,0,0,0,0,0,0,0,0,0,0,0,0,0,0,0,0,0,0,0,0,0,0,0,0,0,0,0,0,0,0,0,0,0,0,0,0,0,0,0,0,0,0,0,0,0,0,0,0,0,0,0,0,0,0,0,0,0,0,0,0,0,0,0,0,0,0,0,0,0,0,0,0,0,0,0,0,0,0,0,0,0,0,0,0,0,0,0,0,0,0,0,0,0,0,0,0,0,0,0,0,0,0,0,0,0,0,0,0,0,0,0,0,0,0,0,0,0,0,0,0,0,0,0,0,0,0,0,0,0,0,0,0,0,0,0,0,0,0,0,0,0,0,0,0,0,0,0,0,0,0,0,0,0,0,0,0,0,0,0
4,0,0,0,0,0,0,0,0,0,0,0,0,0,0,0,0,0,0,0,0,0,0,0,0,0,0,0,0,0,0,0,0,0,0,0,0,0,0,0,0,0,0,0,0,0,0,0,0,0,0,0,0,0,0,0,0,0,0,0,0,0,0,0,0,0,0,0,0,0,0,0,0,0,0,0,0,0,0,0,0,0,0,0,0,0,0,0,0,0,0,0,0,0,0,0,0,0,0,0,0,0,0,0,0,0,0,0,0,0,0,0,0,0,0,0,0,0,0,0,0,0,0,0,0,0,0,0,0,0,0,0,0,0,0,0,0,0,0,0,0,0,0,0,0,0,0,0,0,0,21,176,253,175,21,0,0,0,0,0,0,0,0,0,0,0,0,0,0,0,0,0,0,0,0,0,0,0,176,251,251,251,71,0,0,0,0,0,0,0,0,0,0,0,0,0,0,0,0,0,0,0,0,0,16,166,253,251,251,235,61,0,0,0,0,0,0,0,0,0,0,0,0,0,0,0,0,0,0,0,0,16,170,251,253,251,235,82,0,0,0,0,0,0,0,0,0,0,0,0,0,0,0,0,0,0,0,0,0,37,251,251,253,251,215,0,0,0,0,0,0,0,0,0,27,103,0,0,0,0,0,0,0,0,0,0,42,228,253,253,255,211,25,0,0,0,0,0,0,0,21,176,253,143,0,0,0,0,0,0,0,0,0,0,144,251,251,251,211,46,0,0,0,0,0,0,0,0,176,251,251,142,0,0,0,0,0,0,0,0,0,0,144,251,251,251,180,0,0,0,0,0,0,0,0,156,253,251,251,142,0,0,0,0,0,0,0,0,0,32,190,251,251,251,180,0,0,0,0,0,0,0,0,180,253,251,251,142,0,0,0,0,0,0,0,0,0,73,251,251,251,251,180,0,0,0,0,0,0,156,180,231,253,251,225,41,0,0,0,0,0,0,0,0,0,0,145,253,253,253,255,253,253,253,253,255,253,253,253,253,255,253,164,0,0,0,0,0,0,0,0,0,0,0,144,251,251,251,253,251,251,251,251,253,251,251,251,251,253,251,35,0,0,0,0,0,0,0,0,0,0,0,20,61,230,251,253,251,251,251,251,253,251,220,230,251,253,251,35,0,0,0,0,0,0,0,0,0,0,0,0,0,62,142,143,142,142,142,142,143,142,20,109,251,253,251,35,0,0,0,0,0,0,0,0,0,0,0,0,0,0,0,0,0,0,0,0,0,0,0,109,251,253,251,35,0,0,0,0,0,0,0,0,0,0,0,0,0,0,0,0,0,0,0,0,0,0,0,110,253,255,253,35,0,0,0,0,0,0,0,0,0,0,0,0,0,0,0,0,0,0,0,0,0,0,0,47,210,253,251,35,0,0,0,0,0,0,0,0,0,0,0,0,0,0,0,0,0,0,0,0,0,0,0,0,180,253,251,61,0,0,0,0,0,0,0,0,0,0,0,0,0,0,0,0,0,0,0,0,0,0,0,0,180,253,251,230,62,0,0,0,0,0,0,0,0,0,0,0,0,0,0,0,0,0,0,0,0,0,0,0,51,124,251,251,142,0,0,0,0,0,0,0,0,0,0,0,0,0,0,0,0,0,0,0,0,0,0,0,0,0,0,0,0,0,0,0,0,0,0,0,0,0,0,0,0,0,0,0,0,0,0,0,0,0,0,0,0,0,0,0,0,0,0,0,0,0,0,0,0,0,0,0,0,0,0,0,0,0,0,0,0,0,0,0,0,0,0,0,0,0,0,0,0,0
4,0,0,0,0,0,0,0,0,0,0,0,0,0,0,0,0,0,0,0,0,0,0,0,0,0,0,0,0,0,0,0,0,0,0,0,0,0,0,0,0,0,0,0,0,0,0,0,0,0,0,0,0,0,0,0,0,0,0,0,0,0,0,0,0,0,0,0,0,0,0,0,0,0,0,0,0,0,0,0,0,0,0,0,0,0,0,0,0,0,0,0,0,0,0,0,0,0,0,0,0,0,0,0,0,0,0,0,0,0,0,0,0,0,0,0,0,0,0,0,0,0,0,0,0,0,0,0,0,0,0,0,0,0,0,0,0,0,0,0,0,0,0,0,0,0,0,0,0,0,0,0,0,0,0,0,0,0,0,0,0,130,176,0,0,0,0,0,0,0,0,0,0,0,0,0,0,0,0,0,0,0,0,0,0,0,0,0,51,247,114,0,0,0,0,0,0,0,0,0,0,0,0,0,0,0,0,0,0,25,209,140,0,0,0,0,137,249,36,0,0,0,0,0,0,0,0,0,0,0,0,0,0,0,0,0,20,193,254,127,0,0,0,29,230,240,0,0,0,0,0,0,0,0,0,0,0,0,0,0,0,0,0,4,162,254,254,65,0,0,0,150,254,143,0,0,0,0,0,0,0,0,0,0,0,0,0,0,0,0,4,157,254,254,141,0,0,0,50,252,254,56,0,0,0,0,0,0,0,0,0,0,0,0,0,0,0,0,135,254,254,140,3,0,0,10,191,254,157,2,0,0,0,0,0,0,0,0,0,0,0,0,0,0,0,93,251,254,174,0,0,0,0,99,254,244,46,0,0,0,0,0,0,0,0,0,0,0,0,0,0,0,0,207,254,224,42,0,0,0,2,243,254,165,0,0,0,0,0,0,0,0,0,0,0,0,0,0,0,0,0,207,254,254,231,95,5,0,156,254,245,51,0,0,0,0,0,0,0,0,0,0,0,0,0,0,0,0,0,47,142,254,254,254,200,155,249,254,129,0,0,0,0,0,0,0,0,0,0,0,0,0,0,0,0,0,0,0,1,55,176,247,254,254,254,186,1,0,0,0,0,0,0,0,0,0,0,0,0,0,0,0,0,0,0,0,0,0,0,34,209,254,237,15,0,0,0,0,0,0,0,0,0,0,0,0,0,0,0,0,0,0,0,0,0,0,0,71,253,254,64,0,0,0,0,0,0,0,0,0,0,0,0,0,0,0,0,0,0,0,0,0,0,0,0,156,255,193,8,0,0,0,0,0,0,0,0,0,0,0,0,0,0,0,0,0,0,0,0,0,0,0,84,250,253,46,0,0,0,0,0,0,0,0,0,0,0,0,0,0,0,0,0,0,0,0,0,0,0,25,226,254,158,0,0,0,0,0,0,0,0,0,0,0,0,0,0,0,0,0,0,0,0,0,0,0,0,78,254,204,19,0,0,0,0,0,0,0,0,0,0,0,0,0,0,0,0,0,0,0,0,0,0,0,26,240,253,94,0,0,0,0,0,0,0,0,0,0,0,0,0,0,0,0,0,0,0,0,0,0,0,0,200,254,157,0,0,0,0,0,0,0,0,0,0,0,0,0,0,0,0,0,0,0,0,0,0,0,0,0,0,0,0,0,0,0,0,0,0,0,0,0,0,0,0,0,0,0,0,0,0,0,0,0,0,0,0,0,0,0,0,0,0,0,0,0,0,0,0,0,0,0,0,0,0,0,0,0,0,0,0,0,0,0,0,0,0,0,0,0,0,0,0,0,0,0,0,0,0,0,0,0,0,0,0
6,0,0,0,0,0,0,0,0,0,0,0,0,0,0,0,0,0,0,0,0,0,0,0,0,0,0,0,0,0,0,0,0,0,0,0,0,0,0,0,0,0,0,0,0,0,0,0,0,0,0,0,0,0,0,0,0,0,0,0,0,0,0,0,0,0,0,0,0,0,0,0,53,80,80,64,0,0,0,0,0,0,0,0,0,0,0,0,0,0,0,0,0,0,0,0,0,0,0,0,168,254,254,201,0,0,0,0,0,0,0,0,0,0,0,0,0,0,0,0,0,0,0,0,0,0,0,22,73,250,254,195,85,0,0,0,0,0,0,0,0,0,0,0,0,0,0,0,0,0,0,0,0,0,104,181,254,254,171,12,0,0,0,0,0,0,0,0,0,0,0,0,0,0,0,0,0,0,0,0,5,119,245,254,254,242,87,0,0,0,0,0,0,0,0,0,0,0,0,0,0,0,0,0,0,0,0,0,113,254,254,254,254,99,0,0,0,0,0,0,0,0,0,0,0,0,0,0,0,0,0,0,0,0,0,13,208,254,254,245,129,3,0,0,0,0,0,0,0,0,0,0,0,0,0,0,0,0,0,0,0,0,19,178,254,254,254,166,99,5,0,0,0,0,0,0,0,0,0,0,0,0,0,0,0,0,0,0,0,5,174,254,254,254,120,46,0,0,0,0,0,0,0,0,0,0,0,0,0,0,0,0,0,0,0,0,84,181,254,254,254,218,46,0,0,0,0,0,47,89,89,89,55,0,0,0,0,0,0,0,0,0,0,0,239,254,254,254,121,51,0,0,0,0,0,151,213,254,254,254,157,0,0,0,0,0,0,0,0,0,0,0,117,254,254,254,174,0,0,0,0,241,247,254,254,254,254,254,252,247,0,0,0,0,0,0,0,0,0,95,248,254,228,105,22,0,6,150,150,252,254,254,254,254,254,254,197,105,0,0,0,0,0,0,0,0,17,69,243,254,204,92,6,54,61,254,254,254,254,254,254,254,254,251,192,55,0,0,0,0,0,0,0,0,80,254,254,254,126,0,27,254,254,254,254,254,254,254,254,254,254,237,0,0,0,0,0,0,0,0,0,0,105,254,254,254,247,212,216,254,254,254,254,254,254,254,254,250,219,82,0,0,0,0,0,0,0,0,0,0,176,254,254,254,254,254,254,254,254,254,254,254,254,254,254,139,0,0,0,0,0,0,0,0,0,0,0,0,19,181,254,254,254,254,254,254,254,254,254,254,244,237,145,11,0,0,0,0,0,0,0,0,0,0,0,0,0,99,157,211,254,254,244,157,157,157,157,157,65,0,0,0,0,0,0,0,0,0,0,0,0,0,0,0,0,0,0,44,78,78,70,0,0,0,0,0,0,0,0,0,0,0,0,0,0,0,0,0,0,0,0,0,0,0,0,0,0,0,0,0,0,0,0,0,0,0,0,0,0,0,0,0,0,0,0,0,0,0,0,0,0,0,0,0,0,0,0,0,0,0,0,0,0,0,0,0,0,0,0,0,0,0,0,0,0,0,0,0,0,0,0,0,0,0,0,0,0,0,0,0,0,0,0,0,0,0,0,0,0,0,0,0,0,0,0,0,0,0,0,0,0,0,0,0,0,0,0,0,0,0,0,0,0,0,0,0,0,0,0,0,0,0,0,0,0,0,0,0,0,0,0,0,0,0,0,0,0,0,0,0,0,0,0,0,0,0,0,0,0,0,0,0,0,0,0,0,0,0,0,0,0,0,0,0,0,0,0,0,0,0,0,0,0,0,0
5,0,0,0,0,0,0,0,0,0,0,0,0,0,0,0,0,0,0,0,0,0,0,0,0,0,0,0,0,0,0,0,0,0,0,0,0,0,0,0,0,0,0,0,0,0,0,0,0,0,0,0,0,0,0,0,0,0,0,0,0,0,0,0,0,0,0,0,0,0,0,0,0,0,0,0,0,0,0,0,0,0,0,0,0,0,0,0,0,0,0,0,0,0,0,0,0,0,0,0,0,0,0,0,0,0,0,0,0,0,0,0,0,0,0,0,0,0,0,0,0,0,0,0,0,0,0,42,228,247,195,163,112,37,0,0,0,0,0,0,0,0,0,0,0,0,0,0,0,0,0,0,0,0,36,200,253,253,253,254,253,210,0,0,0,0,0,0,0,0,0,0,0,0,0,0,0,0,0,0,0,0,163,253,176,127,127,228,253,216,0,0,0,0,0,0,0,0,0,0,0,0,0,0,0,0,0,0,0,0,234,171,8,0,0,16,54,46,0,0,0,0,0,0,0,0,0,0,0,0,0,0,0,0,0,0,0,66,254,43,0,0,0,0,0,0,0,0,0,0,0,0,0,0,0,0,0,0,0,0,0,0,0,0,0,182,234,13,0,0,0,0,0,0,0,0,0,0,0,0,0,0,0,0,0,0,0,0,0,0,0,0,37,248,97,0,0,0,0,0,0,0,0,0,0,0,0,0,0,0,0,0,0,0,0,0,0,0,0,0,122,240,13,0,0,0,0,0,0,0,0,0,0,0,0,0,0,0,0,0,0,0,0,0,0,0,0,0,199,233,167,199,199,199,167,110,14,0,0,0,0,0,0,0,0,0,0,0,0,0,0,0,0,0,0,0,199,253,254,253,253,253,253,254,173,0,0,0,0,0,0,0,0,0,0,0,0,0,0,0,0,0,0,0,143,148,92,72,33,40,124,255,199,0,0,0,0,0,0,0,0,0,0,0,0,0,0,0,0,0,0,0,0,0,0,0,0,0,0,202,198,0,0,0,0,0,0,0,0,0,0,0,0,0,0,0,0,0,0,0,0,0,0,0,0,0,0,163,198,0,0,0,0,0,0,0,0,0,0,0,0,0,55,69,0,0,0,0,0,0,0,0,0,0,0,202,198,0,0,0,0,0,0,0,0,0,0,0,0,0,159,248,84,0,0,0,0,0,0,0,0,0,33,254,133,0,0,0,0,0,0,0,0,0,0,0,0,0,128,254,254,106,5,0,0,0,0,0,0,0,118,234,13,0,0,0,0,0,0,0,0,0,0,0,0,0,22,183,253,254,165,28,0,0,0,0,0,30,222,161,0,0,0,0,0,0,0,0,0,0,0,0,0,0,0,10,158,254,253,235,217,152,128,128,172,233,240,13,0,0,0,0,0,0,0,0,0,0,0,0,0,0,0,0,0,80,232,253,253,253,254,253,253,251,119,0,0,0,0,0,0,0,0,0,0,0,0,0,0,0,0,0,0,0,16,72,79,162,189,253,207,119,0,0,0,0,0,0,0,0,0,0,0,0,0,0,0,0,0,0,0,0,0,0,0,0,0,0,0,0,0,0,0,0,0,0,0,0,0,0,0,0,0,0,0,0,0,0,0,0,0,0,0,0,0,0,0,0,0,0,0,0,0,0,0,0,0,0,0,0,0,0,0,0,0,0,0,0,0,0,0,0,0,0,0,0,0,0,0,0,0,0,0,0,0,0,0,0,0,0,0,0,0,0,0,0,0,0,0,0,0,0,0,0,0,0,0,0,0,0,0,0,0,0,0
6,0,0,0,0,0,0,0,0,0,0,0,0,0,0,0,0,0,0,0,0,0,0,0,0,0,0,0,0,0,0,0,0,0,0,0,0,0,0,0,0,0,0,0,0,0,0,0,0,0,0,0,0,0,0,0,0,0,0,0,0,0,0,0,0,0,0,0,0,0,0,0,0,0,0,0,0,0,0,0,0,0,0,0,0,0,0,0,0,0,0,0,0,0,0,0,0,0,0,0,0,0,0,0,0,0,0,0,0,0,0,0,0,0,0,0,0,0,0,0,0,0,0,0,0,0,0,0,30,96,254,255,180,91,44,0,0,0,0,0,0,0,0,0,0,0,0,0,0,0,0,0,0,0,0,11,200,253,246,238,253,253,215,34,0,0,0,0,0,0,0,0,0,0,0,0,0,0,0,0,0,0,28,197,253,249,90,15,146,146,146,114,0,0,0,0,0,0,0,0,0,0,0,0,0,0,0,0,7,33,196,253,242,107,0,0,0,0,0,0,0,0,0,0,0,0,0,0,0,0,0,0,0,0,0,0,50,253,253,253,91,0,0,0,0,0,0,0,0,0,0,0,0,0,0,0,0,0,0,0,0,0,0,0,82,253,240,103,2,0,0,0,0,0,0,0,0,0,0,0,0,0,0,0,0,0,0,0,0,0,0,69,235,253,187,0,0,0,0,0,0,0,0,0,0,0,0,0,0,0,0,0,0,0,0,0,0,0,30,241,253,253,144,0,0,0,0,0,0,0,0,0,0,0,0,0,0,0,0,0,0,0,0,0,0,0,33,253,253,253,24,97,156,151,0,0,0,0,0,0,0,0,0,0,0,0,0,0,0,0,0,0,0,0,87,253,253,253,247,250,253,253,182,83,45,0,0,0,0,0,0,0,0,0,0,0,0,0,0,0,0,0,197,253,253,253,251,245,245,245,253,253,141,2,0,0,0,0,0,0,0,0,0,0,0,0,0,0,0,42,219,253,253,198,115,0,0,6,193,253,253,112,0,0,0,0,0,0,0,0,0,0,0,0,0,0,0,107,253,253,200,29,0,0,0,0,25,189,253,216,12,0,0,0,0,0,0,0,0,0,0,0,0,0,0,107,253,253,40,0,0,0,0,0,0,25,253,253,122,0,0,0,0,0,0,0,0,0,0,0,0,0,0,107,253,253,40,0,0,0,0,0,0,52,253,246,102,0,0,0,0,0,0,0,0,0,0,0,0,0,0,107,253,253,125,0,0,0,0,0,52,222,253,212,0,0,0,0,0,0,0,0,0,0,0,0,0,0,0,14,204,253,247,131,58,58,58,169,234,253,227,163,0,0,0,0,0,0,0,0,0,0,0,0,0,0,0,0,102,253,253,253,253,253,253,253,253,253,138,0,0,0,0,0,0,0,0,0,0,0,0,0,0,0,0,0,24,179,241,253,253,253,253,202,179,57,9,0,0,0,0,0,0,0,0,0,0,0,0,0,0,0,0,0,0,0,75,89,195,89,89,29,0,0,0,0,0,0,0,0,0,0,0,0,0,0,0,0,0,0,0,0,0,0,0,0,0,0,0,0,0,0,0,0,0,0,0,0,0,0,0,0,0,0,0,0,0,0,0,0,0,0,0,0,0,0,0,0,0,0,0,0,0,0,0,0,0,0,0,0,0,0,0,0,0,0,0,0,0,0,0,0,0,0,0,0,0,0,0,0,0,0,0,0,0,0,0,0,0,0,0,0,0,0,0,0,0,0,0,0,0,0,0,0,0,0,0,0,0,0,0,0,0,0,0
2,0,0,0,0,0,0,0,0,0,0,0,0,0,0,0,0,0,0,0,0,0,0,0,0,0,0,0,0,0,0,0,0,0,0,0,0,0,0,0,0,0,0,0,0,0,0,0,0,0,0,0,0,0,0,0,0,0,0,0,0,0,0,0,0,0,0,0,0,0,0,0,0,0,0,0,0,0,0,0,0,0,0,0,0,0,0,0,0,0,0,0,0,0,0,0,0,0,0,0,0,0,0,0,0,0,0,0,0,0,0,0,0,0,0,0,0,0,0,0,0,0,0,0,0,0,0,0,0,0,0,0,0,0,0,0,0,0,0,0,0,0,0,0,0,0,0,0,0,0,0,0,0,0,0,0,0,0,0,0,0,0,0,0,0,0,0,0,0,0,0,0,0,0,0,0,0,0,0,0,0,0,0,0,0,0,0,0,0,0,0,0,0,0,0,0,0,0,0,0,0,0,0,0,85,135,226,226,205,94,94,94,50,0,0,0,0,0,0,0,0,0,0,0,0,0,0,0,0,0,39,207,248,252,252,252,252,252,252,252,235,157,51,0,0,0,0,0,0,0,0,0,0,0,0,0,0,0,226,252,192,143,53,53,123,67,185,220,253,252,183,11,0,0,0,0,0,0,0,0,0,0,0,0,0,0,253,229,20,0,0,0,0,0,0,35,253,252,252,39,0,0,0,0,0,0,0,0,0,0,0,0,0,0,232,125,0,0,0,0,0,0,0,0,253,252,252,39,0,0,0,0,0,0,0,0,0,0,0,0,0,0,44,5,0,0,0,0,0,0,0,0,253,252,252,39,0,0,0,0,0,0,0,0,0,0,0,0,0,0,0,0,0,0,0,0,0,0,0,8,253,252,197,17,0,0,0,0,0,0,0,0,0,0,0,0,0,0,0,0,0,0,0,0,0,0,0,133,253,252,89,0,0,0,0,0,0,0,0,0,0,0,0,0,0,0,0,0,0,0,0,0,0,0,77,253,255,202,14,0,0,0,0,0,0,0,0,0,0,0,0,0,0,0,0,0,0,0,0,0,0,12,191,252,253,247,121,107,79,0,0,0,0,0,0,0,0,0,0,0,0,0,0,0,0,0,0,20,115,229,252,252,253,252,252,252,245,198,30,0,0,0,0,0,0,0,0,0,0,0,0,0,0,68,213,221,252,252,252,252,253,252,252,252,252,252,191,0,0,0,0,0,0,0,0,0,0,0,0,0,0,150,252,252,252,209,178,53,53,53,53,95,238,252,222,60,117,200,0,0,0,0,0,0,0,0,0,0,0,64,198,170,66,24,0,0,0,0,0,0,88,238,252,245,193,128,0,0,0,0,0,0,0,0,0,0,0,0,0,0,0,0,0,0,0,0,0,0,0,165,252,252,106,0,0,0,0,0,0,0,0,0,0,0,0,0,0,0,0,0,0,0,0,0,0,0,0,20,93,93,39,0,0,0,0,0,0,0,0,0,0,0,0,0,0,0,0,0,0,0,0,0,0,0,0,0,0,0,0,0,0,0,0,0,0,0,0,0,0,0,0,0,0,0,0,0,0,0,0,0,0,0,0,0,0,0,0,0,0,0,0,0,0,0,0,0,0,0,0,0,0,0,0,0,0,0,0,0,0,0,0,0,0,0,0,0,0,0,0,0,0,0,0,0,0,0,0,0,0,0,0,0,0,0,0,0,0,0,0,0,0,0,0,0,0,0,0,0,0,0,0,0,0,0,0,0,0,0,0,0,0,0,0,0,0,0,0,0,0,0,0,0,0,0,0
0,0,0,0,0,0,0,0,0,0,0,0,0,0,0,0,0,0,0,0,0,0,0,0,0,0,0,0,0,0,0,0,0,0,0,0,0,0,0,0,0,0,0,0,0,0,0,0,0,0,0,0,0,0,0,0,0,0,0,0,0,0,0,0,0,0,0,0,0,0,0,0,0,0,0,0,0,0,0,0,0,0,0,0,0,0,0,0,0,0,0,0,0,0,0,0,0,0,0,0,0,0,0,0,0,0,0,0,0,0,0,0,0,0,0,0,0,0,0,0,0,135,255,93,0,13,136,109,13,0,0,0,0,0,0,0,0,0,0,0,0,0,0,0,0,0,0,0,33,228,253,147,0,21,240,253,223,154,47,1,0,0,0,0,0,0,0,0,0,0,0,0,0,0,0,0,43,240,253,67,0,0,72,200,241,253,253,111,0,0,0,0,0,0,0,0,0,0,0,0,0,0,0,0,0,189,253,29,0,0,0,0,50,109,247,250,167,0,0,0,0,0,0,0,0,0,0,0,0,0,0,0,19,212,253,29,0,0,0,0,0,0,95,252,248,114,0,0,0,0,0,0,0,0,0,0,0,0,0,0,158,253,253,29,0,0,0,0,0,0,0,143,253,248,63,0,0,0,0,0,0,0,0,0,0,0,0,0,171,253,253,29,0,0,0,0,0,0,0,12,202,253,185,2,0,0,0,0,0,0,0,0,0,0,0,0,171,253,253,29,0,0,0,0,0,0,0,0,82,253,253,64,0,0,0,0,0,0,0,0,0,0,0,0,171,253,253,29,0,0,0,0,0,0,0,0,30,253,253,170,0,0,0,0,0,0,0,0,0,0,0,0,89,253,253,29,0,0,0,0,0,0,0,0,30,253,253,170,0,0,0,0,0,0,0,0,0,0,0,0,54,253,253,29,0,0,0,0,0,0,0,0,7,186,253,80,0,0,0,0,0,0,0,0,0,0,0,0,9,199,253,29,0,0,0,0,0,0,0,0,0,166,253,53,0,0,0,0,0,0,0,0,0,0,0,0,0,189,253,136,0,0,0,0,0,0,0,0,28,246,224,30,0,0,0,0,0,0,0,0,0,0,0,0,0,128,253,251,17,0,0,0,0,0,0,1,150,253,188,0,0,0,0,0,0,0,0,0,0,0,0,0,0,72,253,253,129,0,0,0,0,0,0,82,253,253,120,0,0,0,0,0,0,0,0,0,0,0,0,0,0,25,201,253,210,96,0,0,0,0,22,208,253,244,57,0,0,0,0,0,0,0,0,0,0,0,0,0,0,0,25,233,253,236,55,0,0,25,204,253,246,98,0,0,0,0,0,0,0,0,0,0,0,0,0,0,0,0,0,97,250,253,245,173,120,221,253,249,150,0,0,0,0,0,0,0,0,0,0,0,0,0,0,0,0,0,0,0,94,253,253,253,253,253,253,93,0,0,0,0,0,0,0,0,0,0,0,0,0,0,0,0,0,0,0,0,1,84,154,198,253,154,28,1,0,0,0,0,0,0,0,0,0,0,0,0,0,0,0,0,0,0,0,0,0,0,0,0,0,0,0,0,0,0,0,0,0,0,0,0,0,0,0,0,0,0,0,0,0,0,0,0,0,0,0,0,0,0,0,0,0,0,0,0,0,0,0,0,0,0,0,0,0,0,0,0,0,0,0,0,0,0,0,0,0,0,0,0,0,0,0,0,0,0,0,0,0,0,0,0,0,0,0,0,0,0,0,0,0,0,0,0,0,0,0,0,0,0,0,0,0,0,0,0,0
3,0,0,0,0,0,0,0,0,0,0,0,0,0,0,0,0,0,0,0,0,0,0,0,0,0,0,0,0,0,0,0,0,0,0,0,0,0,0,0,0,0,0,0,0,0,0,0,0,0,0,0,0,0,0,0,0,0,0,0,0,0,0,0,0,0,0,0,0,0,0,0,0,0,0,0,0,0,0,0,0,0,0,0,0,0,0,0,0,0,0,0,0,0,0,0,0,0,0,0,0,0,0,0,0,0,0,0,0,0,0,0,0,0,0,0,0,0,0,0,0,0,0,0,0,0,0,0,0,0,0,0,0,0,0,0,0,0,0,0,0,0,0,0,0,0,0,0,0,0,5,67,67,88,254,255,226,39,0,0,0,0,0,0,0,0,0,0,0,0,0,0,0,0,0,0,0,75,141,253,253,253,253,253,253,203,44,0,0,0,0,0,0,0,0,0,0,0,0,0,0,0,5,10,66,228,253,253,253,253,253,253,253,253,84,0,0,0,0,0,0,0,0,0,0,0,0,0,0,20,168,253,253,253,253,253,208,177,205,253,253,253,84,0,0,0,0,0,0,0,0,0,0,0,0,0,0,171,253,253,253,253,242,112,45,16,183,253,253,194,37,0,0,0,0,0,0,0,0,0,0,0,0,0,0,100,253,238,177,46,42,0,12,186,253,253,253,156,7,0,0,0,0,0,0,0,0,0,0,0,0,0,0,44,168,37,0,0,7,85,185,253,253,253,253,253,140,70,0,0,0,0,0,0,0,0,0,0,0,0,0,0,0,0,0,0,131,253,253,253,253,253,253,253,253,234,151,151,5,0,0,0,0,0,0,0,0,0,0,0,0,0,65,217,246,253,253,253,253,253,253,253,253,253,253,253,176,15,0,0,0,0,0,0,0,0,0,0,0,0,76,253,253,253,253,242,158,158,158,197,253,253,253,253,253,176,24,0,0,0,0,0,0,0,0,0,0,0,76,253,253,253,157,83,0,0,0,38,93,123,253,253,253,253,65,0,0,0,0,0,0,0,0,0,0,0,8,27,27,27,11,0,0,0,0,0,0,5,27,187,253,253,93,0,0,0,0,0,0,0,0,0,0,0,0,0,0,0,0,0,0,0,0,0,0,0,0,106,172,253,253,0,0,0,0,0,0,0,0,0,0,0,0,0,0,0,0,0,0,0,0,0,0,0,0,0,57,253,253,0,0,0,0,0,0,0,0,0,0,0,0,0,0,80,236,69,0,0,0,0,0,0,22,48,234,253,253,0,0,0,0,0,0,0,0,0,0,0,0,0,0,85,253,224,0,0,0,0,0,22,175,253,253,253,253,0,0,0,0,0,0,0,0,0,0,0,0,0,0,85,253,244,113,0,160,179,179,193,253,253,253,253,120,0,0,0,0,0,0,0,0,0,0,0,0,0,0,85,253,253,250,245,252,253,253,253,253,253,240,105,2,0,0,0,0,0,0,0,0,0,0,0,0,0,0,44,203,253,253,253,253,253,253,253,253,166,102,0,0,0,0,0,0,0,0,0,0,0,0,0,0,0,0,0,39,86,253,253,253,253,253,77,65,19,0,0,0,0,0,0,0,0,0,0,0,0,0,0,0,0,0,0,0,0,0,0,0,0,0,0,0,0,0,0,0,0,0,0,0,0,0,0,0,0,0,0,0,0,0,0,0,0,0,0,0,0,0,0,0,0,0,0,0,0,0,0,0,0,0,0,0,0,0,0,0,0,0,0,0,0,0,0,0,0,0,0,0,0,0,0,0,0,0,0,0
4,0,0,0,0,0,0,0,0,0,0,0,0,0,0,0,0,0,0,0,0,0,0,0,0,0,0,0,0,0,0,0,0,0,0,0,0,0,0,0,0,0,0,0,0,0,0,0,0,0,0,0,0,0,0,0,0,0,0,0,0,0,0,0,0,0,0,0,0,0,0,0,0,0,0,0,0,0,0,0,0,0,0,0,0,0,0,0,0,0,0,0,0,0,0,0,0,0,0,0,0,0,0,0,0,0,0,0,0,0,0,0,0,0,0,0,0,0,0,0,0,0,0,0,0,0,0,0,0,0,0,0,0,0,0,0,0,0,0,0,0,0,0,0,0,0,0,0,0,0,0,0,0,0,0,0,0,128,255,255,191,0,0,0,0,0,0,0,0,0,0,0,0,0,0,0,64,0,0,0,0,0,0,0,0,191,255,255,255,0,0,0,0,0,0,0,0,0,0,0,0,0,0,0,128,255,255,191,0,0,0,0,0,255,255,255,255,0,0,0,0,0,0,0,0,0,0,0,0,0,0,0,128,255,255,255,128,0,0,0,0,255,255,255,255,0,0,0,0,0,0,0,0,0,0,0,0,0,0,0,128,255,255,255,128,0,0,0,0,255,255,255,255,0,0,0,0,0,0,0,0,0,0,0,0,0,0,64,255,255,255,255,0,0,0,0,0,255,255,255,255,0,0,0,0,0,0,0,0,0,0,0,0,0,0,128,255,255,255,255,0,0,0,0,0,255,255,255,255,0,0,0,0,0,0,0,0,0,0,0,0,0,0,128,255,255,255,128,0,0,0,0,0,255,255,255,255,0,0,0,0,0,0,0,0,0,0,0,0,0,0,255,255,255,255,64,0,0,0,0,0,128,255,255,255,0,0,0,0,0,0,0,0,0,0,0,0,0,0,255,255,255,191,0,0,0,0,0,0,255,255,255,255,0,0,0,0,0,0,0,0,0,0,0,0,0,64,255,255,255,128,0,0,0,0,0,0,255,255,255,255,0,0,0,0,0,0,0,0,0,0,0,0,0,128,255,255,191,0,0,0,0,0,0,64,255,255,255,255,255,255,191,128,64,0,0,0,0,0,0,0,0,255,255,255,128,0,0,128,128,128,255,255,255,255,255,255,255,255,255,255,191,0,0,0,0,0,0,0,0,255,255,255,255,255,255,255,255,255,255,255,255,255,255,255,255,255,191,128,64,0,0,0,0,0,0,0,0,255,255,255,255,255,255,255,255,255,255,255,255,255,255,255,0,0,0,0,0,0,0,0,0,0,0,0,0,128,255,255,255,255,255,128,128,128,0,64,64,255,255,255,0,0,0,0,0,0,0,0,0,0,0,0,0,0,64,128,128,64,0,0,0,0,0,0,0,191,255,255,0,0,0,0,0,0,0,0,0,0,0,0,0,0,0,0,0,0,0,0,0,0,0,0,0,0,191,128,0,0,0,0,0,0,0,0,0,0,0,0,0,0,0,0,0,0,0,0,0,0,0,0,0,0,0,0,0,0,0,0,0,0,0,0,0,0,0,0,0,0,0,0,0,0,0,0,0,0,0,0,0,0,0,0,0,0,0,0,0,0,0,0,0,0,0,0,0,0,0,0,0,0,0,0,0,0,0,0,0,0,0,0,0,0,0,0,0,0,0,0,0,0,0,0,0,0,0,0,0,0,0,0,0,0,0,0,0,0,0,0,0,0,0,0,0,0,0,0,0,0,0,0,0,0,0,0,0,0,0,0,0,0,0,0,0,0,0,0,0,0,0,0,0,0,0,0
3,0,0,0,0,0,0,0,0,0,0,0,0,0,0,0,0,0,0,0,0,0,0,0,0,0,0,0,0,0,0,0,0,0,0,0,0,0,0,0,0,0,0,0,0,0,0,0,0,0,0,0,0,0,0,0,0,0,0,0,0,0,0,0,0,0,0,0,0,0,0,0,0,0,0,0,0,0,0,0,0,0,0,0,0,0,0,0,0,0,0,0,0,0,0,0,0,0,0,0,0,0,0,0,0,0,0,0,0,0,0,0,0,0,0,0,0,0,0,0,0,0,0,0,0,0,0,0,0,0,0,0,0,0,0,0,0,0,0,0,0,0,0,0,0,0,0,0,0,0,1,170,255,227,35,0,0,0,0,0,0,0,0,0,0,0,0,0,0,0,0,0,0,0,0,0,0,0,38,253,253,253,167,136,136,136,90,0,0,0,0,0,0,0,0,0,0,0,0,0,0,0,0,0,0,0,35,247,253,253,253,253,253,253,215,21,0,0,0,0,0,0,0,0,0,0,0,0,0,0,0,0,0,0,0,151,245,253,253,253,253,253,253,49,0,0,0,0,0,0,0,0,0,0,0,0,0,0,0,0,0,0,0,0,68,126,222,231,253,253,243,80,0,0,0,0,0,0,0,0,0,0,0,0,0,0,0,0,0,0,0,0,0,0,0,147,253,253,166,0,0,0,0,0,0,0,0,0,0,0,0,0,0,0,0,0,0,0,0,0,0,0,124,233,253,253,181,7,0,0,0,0,0,0,0,0,0,0,0,0,0,0,0,0,0,0,0,0,10,138,232,253,253,253,253,185,21,0,0,0,0,0,0,0,0,0,0,0,0,0,0,0,0,0,0,0,78,253,253,253,253,253,253,253,119,0,0,0,0,0,0,0,0,0,0,0,0,0,0,0,0,0,0,0,143,253,253,253,253,253,253,253,154,0,0,0,0,0,0,0,0,0,0,0,0,0,0,0,0,0,0,0,37,185,94,61,61,123,253,253,121,0,0,0,0,0,0,0,0,0,0,0,0,0,0,0,0,0,0,0,0,0,0,0,0,18,220,253,30,0,0,0,0,0,0,0,0,0,0,0,0,0,0,0,0,0,0,0,0,0,0,0,0,0,211,253,30,0,0,0,0,0,0,0,0,0,0,0,0,0,0,0,0,0,0,0,0,0,0,0,0,0,211,253,30,0,0,0,0,0,0,0,0,0,0,0,0,0,0,0,0,0,0,0,0,0,0,0,0,116,247,253,30,0,0,0,0,0,0,0,0,0,0,0,0,0,0,0,0,0,0,0,0,0,0,0,30,224,253,253,30,0,0,0,0,0,0,0,0,0,0,0,0,0,0,0,11,106,106,106,106,106,106,139,237,253,253,118,3,0,0,0,0,0,0,0,0,0,0,0,0,0,0,0,25,253,253,253,253,253,253,253,253,253,172,3,0,0,0,0,0,0,0,0,0,0,0,0,0,0,0,0,14,207,253,253,253,253,253,253,253,119,8,0,0,0,0,0,0,0,0,0,0,0,0,0,0,0,0,0,0,19,129,211,253,165,129,96,5,1,0,0,0,0,0,0,0,0,0,0,0,0,0,0,0,0,0,0,0,0,0,0,0,0,0,0,0,0,0,0,0,0,0,0,0,0,0,0,0,0,0,0,0,0,0,0,0,0,0,0,0,0,0,0,0,0,0,0,0,0,0,0,0,0,0,0,0,0,0,0,0,0,0,0,0,0,0,0,0,0,0,0,0,0,0,0,0,0,0,0,0,0,0,0,0
6,0,0,0,0,0,0,0,0,0,0,0,0,0,0,0,0,0,0,0,0,0,0,0,0,0,0,0,0,0,0,0,0,0,0,0,0,0,0,0,0,0,0,0,0,0,0,0,0,0,0,0,0,0,0,0,0,0,0,0,0,0,0,0,0,0,0,0,0,0,0,0,0,0,0,0,0,0,0,0,0,0,0,0,0,0,0,0,0,0,0,0,0,0,0,7,124,250,254,254,255,254,210,13,0,0,0,0,0,0,0,0,0,0,0,0,0,0,0,0,0,0,0,161,253,253,253,253,253,253,240,20,0,0,0,0,0,0,0,0,0,0,0,0,0,0,0,0,0,0,74,238,253,253,253,253,253,176,52,0,0,0,0,0,0,0,0,0,0,0,0,0,0,0,0,0,0,0,189,253,253,252,182,163,65,15,0,0,0,0,0,0,0,0,0,0,0,0,0,0,0,0,0,0,0,86,242,253,253,110,0,0,0,0,0,0,0,0,0,0,0,0,0,0,0,0,0,0,0,0,0,0,15,206,253,253,208,7,0,0,0,0,0,0,0,0,0,0,0,0,0,0,0,0,0,0,0,0,0,0,36,253,253,253,144,0,0,0,0,0,0,0,0,0,0,0,0,0,0,0,0,0,0,0,0,0,0,0,103,253,253,203,13,0,0,0,0,19,24,77,142,74,20,0,0,0,0,0,0,0,0,0,0,0,0,0,154,253,253,164,0,0,0,7,70,232,253,253,253,253,236,75,9,0,0,0,0,0,0,0,0,0,0,5,177,253,253,82,0,0,45,190,253,253,253,253,253,253,253,253,154,9,0,0,0,0,0,0,0,0,0,18,253,253,253,47,0,77,228,253,253,253,253,253,253,253,253,253,253,126,0,0,0,0,0,0,0,0,0,18,253,253,253,47,0,243,253,253,253,253,218,107,41,110,221,253,253,237,14,0,0,0,0,0,0,0,0,2,163,253,253,47,149,252,253,253,253,130,15,0,0,0,166,253,253,209,10,0,0,0,0,0,0,0,0,0,154,253,253,208,239,253,253,226,96,2,0,0,1,95,252,253,253,152,0,0,0,0,0,0,0,0,0,0,154,253,253,253,253,253,253,113,30,30,30,30,150,253,253,253,244,80,0,0,0,0,0,0,0,0,0,0,154,253,253,253,253,253,253,253,253,253,253,253,253,253,253,241,84,0,0,0,0,0,0,0,0,0,0,0,60,232,253,253,253,253,253,253,253,253,253,253,253,253,241,85,0,0,0,0,0,0,0,0,0,0,0,0,0,61,232,253,253,253,253,253,253,253,253,253,253,205,84,0,0,0,0,0,0,0,0,0,0,0,0,0,0,0,115,235,253,204,152,98,152,152,152,152,93,15,0,0,0,0,0,0,0,0,0,0,0,0,0,0,0,0,0,152,253,19,0,0,0,0,0,0,0,0,0,0,0,0,0,0,0,0,0,0,0,0,0,0,0,0,0,0,0,0,0,0,0,0,0,0,0,0,0,0,0,0,0,0,0,0,0,0,0,0,0,0,0,0,0,0,0,0,0,0,0,0,0,0,0,0,0,0,0,0,0,0,0,0,0,0,0,0,0,0,0,0,0,0,0,0,0,0,0,0,0,0,0,0,0,0,0,0,0,0,0,0,0,0,0,0,0,0,0,0,0,0,0,0,0,0,0,0,0,0,0,0,0,0,0,0,0,0,0,0,0,0,0,0,0,0,0,0,0,0,0,0,0,0,0,0,0,0,0,0,0,0,0,0,0,0,0
2,0,0,0,0,0,0,0,0,0,0,0,0,0,0,0,0,0,0,0,0,0,0,0,0,0,0,0,0,0,0,0,0,0,0,0,0,0,0,0,0,0,0,0,0,0,0,0,0,0,0,0,0,0,0,0,0,0,0,0,0,0,0,0,0,0,0,0,0,0,0,0,0,0,0,0,0,0,0,0,0,0,0,0,0,0,0,0,0,0,0,0,0,0,0,0,0,0,0,0,0,0,0,0,0,0,0,0,0,0,0,0,0,0,0,0,0,0,0,0,0,0,0,4,111,238,202,249,250,122,11,0,0,0,0,0,0,0,0,0,0,0,0,0,0,0,0,0,0,0,6,91,253,253,253,253,254,253,238,49,0,0,0,0,0,0,0,0,0,0,0,0,0,0,0,0,0,0,79,253,253,253,253,236,237,253,253,189,45,0,0,0,0,0,0,0,0,0,0,0,0,0,0,0,0,56,230,253,253,188,84,44,45,158,253,253,152,0,0,0,0,0,0,0,0,0,0,0,0,0,0,0,0,169,253,253,163,45,0,0,0,7,184,253,207,15,0,0,0,0,0,0,0,0,0,0,0,0,0,0,0,169,253,253,48,0,0,0,0,0,55,229,253,152,0,0,0,0,0,0,0,0,0,0,0,0,0,0,0,129,233,133,9,0,0,0,0,0,0,169,253,240,39,0,0,0,0,0,0,0,0,0,0,0,0,0,0,7,27,0,0,0,0,0,0,0,0,169,253,253,48,0,0,0,0,0,0,0,0,0,0,0,0,0,0,0,0,0,0,0,0,0,0,0,0,169,253,187,5,0,0,0,0,0,0,0,0,0,0,0,0,0,0,0,0,0,0,0,0,0,0,0,0,169,253,180,0,0,0,0,0,0,0,0,0,0,0,0,0,0,0,0,0,0,0,0,0,0,0,0,2,174,254,216,23,0,0,0,0,0,0,0,0,0,0,0,0,0,0,0,18,60,88,145,145,88,25,22,107,253,253,169,0,0,0,0,0,0,0,0,0,0,0,0,0,0,0,106,226,253,253,253,253,253,254,244,217,253,245,51,0,0,0,0,0,0,0,0,0,0,0,0,0,0,7,186,253,253,253,253,253,253,254,253,253,253,193,0,0,0,0,0,0,0,0,0,0,0,0,0,0,0,37,253,253,253,204,89,182,222,254,253,253,253,193,0,0,0,0,0,0,0,0,0,0,0,0,0,0,0,129,253,253,106,12,0,0,156,254,253,253,253,239,81,0,0,0,0,0,0,0,0,0,0,0,0,0,0,118,253,253,125,16,0,37,246,254,253,241,225,253,240,39,0,0,0,0,0,0,0,0,0,0,0,0,0,23,221,253,253,225,160,233,253,250,145,31,124,253,253,127,14,0,0,0,0,0,0,0,0,0,0,0,0,0,169,253,253,253,253,253,149,81,0,0,5,136,253,253,94,0,0,0,0,0,0,0,0,0,0,0,0,0,8,40,167,253,253,201,6,0,0,0,0,32,132,92,2,0,0,0,0,0,0,0,0,0,0,0,0,0,0,0,0,0,0,0,0,0,0,0,0,0,0,0,0,0,0,0,0,0,0,0,0,0,0,0,0,0,0,0,0,0,0,0,0,0,0,0,0,0,0,0,0,0,0,0,0,0,0,0,0,0,0,0,0,0,0,0,0,0,0,0,0,0,0,0,0,0,0,0,0,0,0,0,0,0,0,0,0,0,0,0,0,0,0,0,0,0,0,0,0,0,0,0,0,0,0,0,0,0,0,0,0,0
7,0,0,0,0,0,0,0,0,0,0,0,0,0,0,0,0,0,0,0,0,0,0,0,0,0,0,0,0,0,0,0,0,0,0,0,0,0,0,0,0,0,0,0,0,0,0,0,0,0,0,0,0,0,0,0,0,0,0,0,0,0,0,0,0,0,0,0,0,0,0,0,0,0,0,0,0,0,0,0,0,0,0,0,0,0,0,0,0,0,0,0,0,0,0,0,0,0,0,0,0,0,0,0,0,0,0,0,0,0,0,0,0,0,0,0,0,0,0,0,0,0,0,0,0,0,0,0,0,0,0,0,0,0,0,0,0,0,0,0,0,0,0,0,0,0,0,0,0,0,0,0,0,0,0,0,0,0,0,0,0,0,0,0,0,0,0,0,0,0,0,0,0,0,0,0,0,0,0,0,0,0,9,78,202,255,255,197,119,23,0,0,0,0,0,0,0,0,0,0,0,0,0,0,0,0,0,0,26,168,160,253,253,253,253,253,253,150,0,0,0,0,0,0,0,0,0,0,0,0,0,0,0,0,5,27,161,253,253,249,229,57,52,193,196,204,4,0,0,0,0,0,0,0,0,0,0,0,0,0,0,0,227,253,253,207,102,22,0,0,0,12,189,253,88,0,0,0,0,0,0,0,0,0,0,0,0,0,14,162,247,238,172,15,0,0,0,0,0,9,126,253,106,0,0,0,0,0,0,0,0,0,0,0,0,3,188,253,253,154,0,0,0,0,0,0,0,4,185,253,51,0,0,0,0,0,0,0,0,0,0,0,0,139,253,253,205,37,0,0,0,0,0,0,0,161,253,169,2,0,0,0,0,0,0,0,0,0,0,0,0,222,253,226,64,0,0,0,0,0,0,0,0,160,253,126,0,0,0,0,0,0,0,0,0,0,0,0,33,221,214,15,0,0,0,0,0,0,0,0,90,244,198,15,0,0,0,0,0,0,0,0,0,0,0,0,0,2,76,0,0,0,0,0,0,0,0,13,177,253,216,34,0,0,0,0,0,0,0,0,0,0,0,0,0,0,0,0,0,0,0,0,0,0,8,176,253,232,17,0,0,0,0,0,0,0,0,0,0,0,0,0,0,0,0,0,0,0,0,0,0,0,87,253,253,161,0,0,0,0,0,0,0,0,0,0,0,0,0,0,0,0,0,0,0,0,0,0,0,22,242,253,253,57,0,0,0,0,0,0,0,0,0,0,0,0,0,0,0,0,0,0,0,0,0,0,21,200,253,230,69,2,0,0,0,0,0,0,0,0,0,0,0,0,0,0,0,0,0,0,0,0,0,2,53,231,253,208,21,0,0,0,0,0,0,0,0,0,0,0,0,0,0,0,0,0,0,0,0,0,0,17,253,253,211,28,0,0,0,0,0,0,0,0,0,0,0,0,0,0,0,0,0,0,0,0,0,0,36,159,253,253,80,0,0,0,0,0,0,0,0,0,0,0,0,0,0,0,0,0,0,0,0,0,0,0,193,253,253,117,1,0,0,0,0,0,0,0,0,0,0,0,0,0,0,0,0,0,0,0,0,0,0,111,236,253,223,86,0,0,0,0,0,0,0,0,0,0,0,0,0,0,0,0,0,0,0,0,0,0,0,65,253,253,100,8,0,0,0,0,0,0,0,0,0,0,0,0,0,0,0,0,0,0,0,0,0,0,0,0,0,0,0,0,0,0,0,0,0,0,0,0,0,0,0,0,0,0,0,0,0,0,0,0,0,0,0,0,0,0,0,0,0,0,0,0,0,0,0,0,0,0,0,0,0
6,0,0,0,0,0,0,0,0,0,0,0,0,0,0,0,0,0,0,0,0,0,0,0,0,0,0,0,0,0,0,0,0,0,0,0,0,0,0,0,0,0,0,0,0,0,0,0,0,0,0,0,0,0,0,0,0,0,0,0,0,0,0,0,0,0,0,0,0,0,0,0,0,0,0,0,0,0,0,0,0,0,0,0,0,0,0,0,0,0,0,0,0,0,0,0,0,0,0,25,130,207,225,88,0,0,0,0,0,0,0,0,0,0,0,0,0,0,0,0,0,0,0,0,0,0,41,205,253,254,253,197,5,0,0,0,0,0,0,0,0,0,0,0,0,0,0,0,0,0,0,0,0,97,237,253,253,254,253,111,0,0,0,0,0,0,0,0,0,0,0,0,0,0,0,0,0,0,0,5,61,243,253,253,244,254,180,2,0,0,0,0,0,0,0,0,0,0,0,0,0,0,0,0,0,0,0,56,253,253,244,117,50,254,77,0,0,0,0,0,0,0,0,0,0,0,0,0,0,0,0,0,0,0,8,173,253,253,123,0,0,103,17,0,0,0,0,0,0,0,0,0,0,0,0,0,0,0,0,0,0,0,124,253,253,190,9,0,0,0,0,0,0,0,0,0,0,0,0,0,0,0,0,0,0,0,0,0,0,0,152,253,253,65,0,0,0,0,0,0,0,0,0,0,0,0,0,0,0,0,0,0,0,0,0,0,0,31,246,253,226,15,0,0,0,0,0,0,0,0,0,0,0,0,0,0,0,0,0,0,0,0,0,0,0,196,253,253,69,0,0,0,0,0,0,0,0,0,0,0,0,0,0,0,0,0,0,0,0,0,0,0,0,211,254,199,0,0,0,11,34,82,34,34,16,0,0,0,0,0,0,0,0,0,0,0,0,0,0,0,30,229,253,198,0,66,177,200,253,255,253,253,213,105,15,0,0,0,0,0,0,0,0,0,0,0,0,0,0,210,253,198,35,241,253,253,210,154,223,253,253,253,219,62,0,0,0,0,0,0,0,0,0,0,0,0,0,210,253,203,199,253,250,116,6,0,7,98,233,253,253,244,52,0,0,0,0,0,0,0,0,0,0,0,0,210,253,253,253,253,136,0,0,0,0,0,18,234,253,253,171,0,0,0,0,0,0,0,0,0,0,0,0,171,253,253,253,253,99,0,0,0,0,0,0,80,253,253,209,0,0,0,0,0,0,0,0,0,0,0,0,9,239,253,253,253,221,40,12,2,12,12,21,199,253,253,151,0,0,0,0,0,0,0,0,0,0,0,0,0,110,238,253,253,253,253,253,168,253,253,253,253,253,175,0,0,0,0,0,0,0,0,0,0,0,0,0,0,0,68,203,253,253,253,253,254,253,253,253,236,137,34,0,0,0,0,0,0,0,0,0,0,0,0,0,0,0,0,12,37,143,143,191,192,143,100,33,26,0,0,0,0,0,0,0,0,0,0,0,0,0,0,0,0,0,0,0,0,0,0,0,0,0,0,0,0,0,0,0,0,0,0,0,0,0,0,0,0,0,0,0,0,0,0,0,0,0,0,0,0,0,0,0,0,0,0,0,0,0,0,0,0,0,0,0,0,0,0,0,0,0,0,0,0,0,0,0,0,0,0,0,0,0,0,0,0,0,0,0,0,0,0,0,0,0,0,0,0,0,0,0,0,0,0,0,0,0,0,0,0,0,0,0,0,0,0,0,0,0,0,0,0,0,0,0,0,0,0,0,0,0,0,0,0,0,0,0,0,0,0,0,0,0,0,0
7,0,0,0,0,0,0,0,0,0,0,0,0,0,0,0,0,0,0,0,0,0,0,0,0,0,0,0,0,0,0,0,0,0,0,0,0,0,0,0,0,0,0,0,0,0,0,0,0,0,0,0,0,0,0,0,0,0,0,0,0,0,0,0,0,0,0,0,0,0,0,0,0,0,0,0,0,0,0,0,0,0,0,0,0,0,0,0,0,0,0,0,0,0,0,0,0,0,0,0,0,0,0,0,0,0,0,0,0,0,0,0,0,0,0,0,0,0,0,0,0,0,0,0,0,0,0,0,0,0,0,0,0,0,0,0,0,0,0,0,0,0,0,0,0,0,0,0,0,0,0,0,0,0,0,0,0,0,0,0,0,0,0,0,0,0,0,0,0,0,0,0,0,0,0,0,0,0,0,0,0,0,0,0,0,0,0,0,0,0,0,0,0,0,0,0,0,0,0,0,0,0,0,0,0,0,0,63,192,113,25,29,253,141,0,0,0,0,0,0,0,0,0,0,0,0,0,0,0,0,0,0,0,0,0,140,253,252,231,228,252,140,0,0,0,0,0,0,0,0,0,0,0,0,0,0,0,0,0,0,0,0,7,165,253,252,252,252,252,166,57,57,57,57,57,6,0,0,0,0,0,0,0,0,0,0,0,0,0,0,29,252,253,252,252,252,252,253,252,252,252,252,253,106,0,0,0,0,0,0,0,0,0,0,0,0,0,0,107,252,253,252,252,252,252,253,252,252,252,252,190,12,0,0,0,0,0,0,0,0,0,0,0,0,0,26,207,253,255,253,165,140,140,141,241,253,240,140,0,0,0,0,0,0,0,0,0,0,0,0,0,0,0,57,252,252,215,42,6,0,0,101,249,252,176,0,0,0,0,0,0,0,0,0,0,0,0,0,0,0,0,13,71,195,110,0,0,7,57,222,252,98,19,0,0,0,0,0,0,0,0,0,0,0,0,0,0,0,0,0,0,0,0,0,0,29,252,253,242,49,0,0,0,0,0,0,0,0,0,0,0,0,0,0,0,0,0,0,0,0,0,0,0,29,252,253,167,0,0,0,0,0,0,0,0,0,0,0,0,0,0,0,0,0,0,0,0,0,0,0,0,169,253,255,27,0,0,0,0,0,0,0,0,0,0,0,0,0,0,0,0,0,0,0,0,0,0,0,98,243,252,152,3,0,0,0,0,0,0,0,0,0,0,0,0,0,0,0,0,0,0,0,0,0,0,0,197,252,252,31,0,0,0,0,0,0,0,0,0,0,0,0,0,0,0,0,0,0,0,0,0,0,0,73,234,249,145,0,0,0,0,0,0,0,0,0,0,0,0,0,0,0,0,0,0,0,0,0,0,0,63,240,252,223,0,0,0,0,0,0,0,0,0,0,0,0,0,0,0,0,0,0,0,0,0,0,0,0,114,253,228,47,0,0,0,0,0,0,0,0,0,0,0,0,0,0,0,0,0,0,0,0,0,0,0,0,159,252,148,0,0,0,0,0,0,0,0,0,0,0,0,0,0,0,0,0,0,0,0,0,0,0,0,32,253,252,55,0,0,0,0,0,0,0,0,0,0,0,0,0,0,0,0,0,0,0,0,0,0,0,19,215,253,195,19,0,0,0,0,0,0,0,0,0,0,0,0,0,0,0,0,0,0,0,0,0,0,0,13,189,253,167,0,0,0,0,0,0,0,0,0,0,0,0,0,0,0,0,0,0,0,0,0,0,0,0,0,0,0,0,0,0,0,0,0,0,0,0,0,0,0,0,0,0,0
8,0,0,0,0,0,0,0,0,0,0,0,0,0,0,0,0,0,0,0,0,0,0,0,0,0,0,0,0,0,0,0,0,0,0,0,0,0,0,0,0,0,0,0,0,0,0,0,0,0,0,0,0,0,0,0,0,0,0,0,0,0,0,0,0,0,0,0,0,0,0,0,0,0,0,0,0,0,0,0,0,0,0,0,0,0,0,0,0,0,0,0,0,0,0,0,0,0,0,0,0,0,0,0,0,0,0,0,0,0,0,0,0,0,0,0,0,0,0,0,0,0,0,0,0,0,0,0,0,0,0,0,0,0,0,0,0,0,0,0,0,0,0,0,0,0,0,0,0,0,0,0,0,0,22,139,212,253,253,96,128,9,0,0,0,0,0,0,0,0,0,0,0,0,0,0,0,0,0,0,0,60,244,253,252,252,252,252,253,173,13,0,0,0,0,0,0,0,0,0,0,0,0,0,0,0,0,0,0,68,183,247,183,183,183,246,253,252,171,13,0,0,0,0,0,0,0,0,0,0,0,0,0,0,0,81,207,165,9,42,0,0,0,94,117,252,252,139,0,0,0,0,0,0,0,0,0,0,0,0,0,0,0,161,252,252,75,0,0,0,0,0,24,252,252,160,0,0,0,0,0,0,0,0,0,0,0,0,0,0,0,22,206,253,201,0,0,0,0,0,24,253,253,150,0,0,0,0,0,0,0,0,0,0,0,0,0,0,0,0,57,244,252,74,0,0,0,0,118,252,240,37,0,0,0,0,0,0,0,0,0,0,0,0,0,0,0,0,0,124,252,116,0,0,0,32,253,252,151,0,0,0,0,0,0,0,0,0,0,0,0,0,0,0,0,0,0,17,234,218,34,0,34,165,245,139,13,0,0,0,0,0,0,0,0,0,0,0,0,0,0,0,0,0,0,0,178,253,164,146,238,252,21,0,0,0,0,0,0,0,0,0,0,0,0,0,0,0,0,0,0,0,0,0,127,255,253,253,234,73,0,0,0,0,0,0,0,0,0,0,0,0,0,0,0,0,0,0,0,0,13,89,244,253,244,174,17,0,0,0,0,0,0,0,0,0,0,0,0,0,0,0,0,0,0,0,7,70,172,252,252,253,174,0,0,0,0,0,0,0,0,0,0,0,0,0,0,0,0,0,0,0,0,43,212,252,252,252,252,253,92,0,0,0,0,0,0,0,0,0,0,0,0,0,0,0,0,0,0,32,210,240,253,252,221,43,232,243,50,0,0,0,0,0,0,0,0,0,0,0,0,0,0,0,0,0,5,191,253,253,221,42,0,51,243,168,0,0,0,0,0,0,0,0,0,0,0,0,0,0,0,0,0,0,120,252,235,102,0,0,66,194,231,42,0,0,0,0,0,0,0,0,0,0,0,0,0,0,0,0,0,0,129,252,227,184,123,142,234,252,54,0,0,0,0,0,0,0,0,0,0,0,0,0,0,0,0,0,0,0,30,227,252,252,253,252,227,66,4,0,0,0,0,0,0,0,0,0,0,0,0,0,0,0,0,0,0,0,0,48,179,252,190,117,16,0,0,0,0,0,0,0,0,0,0,0,0,0,0,0,0,0,0,0,0,0,0,0,0,0,0,0,0,0,0,0,0,0,0,0,0,0,0,0,0,0,0,0,0,0,0,0,0,0,0,0,0,0,0,0,0,0,0,0,0,0,0,0,0,0,0,0,0,0,0,0,0,0,0,0,0,0,0,0,0,0,0,0,0,0,0,0,0,0,0,0,0,0,0,0,0,0,0,0,0
6,0,0,0,0,0,0,0,0,0,0,0,0,0,0,0,0,0,0,0,0,0,0,0,0,0,0,0,0,0,0,0,0,0,0,0,0,0,0,0,0,0,0,130,242,32,0,0,0,0,0,0,0,0,0,0,0,0,0,0,0,0,0,0,0,0,0,0,0,0,0,215,254,47,0,0,0,0,0,0,0,0,0,0,0,0,0,0,0,0,0,0,0,0,0,0,0,0,101,253,162,2,0,0,0,0,0,0,0,0,0,0,0,0,0,0,0,0,0,0,0,0,0,0,0,0,187,254,106,0,0,0,0,0,0,0,0,0,0,0,0,0,0,0,0,0,0,0,0,0,0,0,0,0,221,112,3,0,0,0,0,0,0,0,0,0,0,0,0,0,0,0,0,0,0,0,0,0,0,0,0,98,208,4,0,0,0,0,0,0,0,0,0,0,0,0,0,0,0,0,0,0,0,0,0,0,0,0,0,216,158,0,0,0,0,0,0,0,0,0,0,0,0,0,0,0,0,0,0,0,0,0,0,0,0,0,98,223,67,0,0,0,0,0,0,0,0,0,0,0,0,0,0,0,0,0,0,0,0,0,0,0,0,0,188,117,0,0,0,0,0,0,0,0,0,0,0,0,0,0,0,0,0,0,0,0,0,0,0,0,0,31,242,117,0,0,0,0,0,0,0,0,0,0,0,0,0,0,0,0,0,0,0,0,0,0,0,0,0,132,254,74,0,0,0,0,0,0,0,0,0,0,0,0,0,0,0,0,0,0,0,0,0,0,0,0,31,228,216,16,0,0,0,0,0,0,0,0,0,0,0,0,0,0,0,0,0,0,0,0,0,0,0,0,134,254,112,0,0,0,0,5,100,184,166,40,0,0,0,0,0,0,0,0,0,0,0,0,0,0,0,0,160,254,74,0,0,0,0,112,254,254,254,150,0,0,0,0,0,0,0,0,0,0,0,0,0,0,0,0,238,229,15,0,0,0,104,244,245,213,254,150,0,0,0,0,0,0,0,0,0,0,0,0,0,0,0,0,238,239,25,0,0,24,229,246,102,123,254,150,0,0,0,0,0,0,0,0,0,0,0,0,0,0,0,0,175,254,197,53,9,165,254,192,194,254,249,85,0,0,0,0,0,0,0,0,0,0,0,0,0,0,0,0,66,244,254,255,230,254,254,255,254,254,113,0,0,0,0,0,0,0,0,0,0,0,0,0,0,0,0,0,0,66,212,253,254,254,254,251,181,89,0,0,0,0,0,0,0,0,0,0,0,0,0,0,0,0,0,0,0,0,0,45,202,240,126,15,0,0,0,0,0,0,0,0,0,0,0,0,0,0,0,0,0,0,0,0,0,0,0,0,0,0,0,0,0,0,0,0,0,0,0,0,0,0,0,0,0,0,0,0,0,0,0,0,0,0,0,0,0,0,0,0,0,0,0,0,0,0,0,0,0,0,0,0,0,0,0,0,0,0,0,0,0,0,0,0,0,0,0,0,0,0,0,0,0,0,0,0,0,0,0,0,0,0,0,0,0,0,0,0,0,0,0,0,0,0,0,0,0,0,0,0,0,0,0,0,0,0,0,0,0,0,0,0,0,0,0,0,0,0,0,0,0,0,0,0,0,0,0,0,0,0,0,0,0,0,0,0,0,0,0,0,0,0,0,0,0,0,0,0,0,0,0,0,0,0,0,0,0,0,0,0,0,0,0,0,0,0,0,0,0,0,0,0,0,0,0,0,0,0,0,0,0,0,0,0,0,0,0,0,0,0,0
1,0,0,0,0,0,0,0,0,0,0,0,0,0,0,0,0,0,0,0,0,0,0,0,0,0,0,0,0,0,0,0,0,0,0,0,0,0,0,0,0,0,0,0,0,0,0,0,0,0,0,0,0,0,0,0,0,0,0,0,0,0,0,0,0,0,0,0,0,0,0,0,0,0,0,0,0,0,0,0,0,0,0,0,0,0,0,0,0,0,0,0,0,0,0,0,0,0,0,0,0,0,0,0,0,0,0,0,0,0,0,0,0,0,0,0,0,0,0,0,0,0,0,0,0,0,0,95,230,28,0,0,0,0,0,0,0,0,0,0,0,0,0,0,0,0,0,0,0,0,0,0,0,0,7,188,253,28,0,0,0,0,0,0,0,0,0,0,0,0,0,0,0,0,0,0,0,0,0,0,0,0,16,216,253,28,0,0,0,0,0,0,0,0,0,0,0,0,0,0,0,0,0,0,0,0,0,0,0,0,29,253,253,28,0,0,0,0,0,0,0,0,0,0,0,0,0,0,0,0,0,0,0,0,0,0,0,0,29,255,254,28,0,0,0,0,0,0,0,0,0,0,0,0,0,0,0,0,0,0,0,0,0,0,0,0,29,253,253,28,0,0,0,0,0,0,0,0,0,0,0,0,0,0,0,0,0,0,0,0,0,0,0,0,29,253,253,28,0,0,0,0,0,0,0,0,0,0,0,0,0,0,0,0,0,0,0,0,0,0,0,0,29,253,253,28,0,0,0,0,0,0,0,0,0,0,0,0,0,0,0,0,0,0,0,0,0,0,0,0,142,254,254,28,0,0,0,0,0,0,0,0,0,0,0,0,0,0,0,0,0,0,0,0,0,0,0,0,141,253,253,28,0,0,0,0,0,0,0,0,0,0,0,0,0,0,0,0,0,0,0,0,0,0,0,0,141,253,253,28,0,0,0,0,0,0,0,0,0,0,0,0,0,0,0,0,0,0,0,0,0,0,0,0,141,253,253,28,0,0,0,0,0,0,0,0,0,0,0,0,0,0,0,0,0,0,0,0,0,0,0,0,142,254,254,28,0,0,0,0,0,0,0,0,0,0,0,0,0,0,0,0,0,0,0,0,0,0,0,0,141,253,196,9,0,0,0,0,0,0,0,0,0,0,0,0,0,0,0,0,0,0,0,0,0,0,0,0,141,253,168,0,0,0,0,0,0,0,0,0,0,0,0,0,0,0,0,0,0,0,0,0,0,0,0,0,141,253,168,0,0,0,0,0,0,0,0,0,0,0,0,0,0,0,0,0,0,0,0,0,0,0,0,0,142,254,169,0,0,0,0,0,0,0,0,0,0,0,0,0,0,0,0,0,0,0,0,0,0,0,0,0,141,253,168,0,0,0,0,0,0,0,0,0,0,0,0,0,0,0,0,0,0,0,0,0,0,0,0,0,141,253,168,0,0,0,0,0,0,0,0,0,0,0,0,0,0,0,0,0,0,0,0,0,0,0,0,0,28,165,119,0,0,0,0,0,0,0,0,0,0,0,0,0,0,0,0,0,0,0,0,0,0,0,0,0,0,0,0,0,0,0,0,0,0,0,0,0,0,0,0,0,0,0,0,0,0,0,0,0,0,0,0,0,0,0,0,0,0,0,0,0,0,0,0,0,0,0,0,0,0,0,0,0,0,0,0,0,0,0,0,0,0,0,0,0,0,0,0,0,0,0,0,0,0,0,0,0,0,0,0,0,0,0,0,0,0,0,0,0,0,0,0,0,0,0,0,0,0,0,0,0,0,0,0
7,0,0,0,0,0,0,0,0,0,0,0,0,0,0,0,0,0,0,0,0,0,0,0,0,0,0,0,0,0,0,0,0,0,0,0,0,0,0,0,0,0,0,0,0,0,0,0,0,0,0,0,0,0,0,0,0,0,0,0,0,0,0,0,0,0,0,0,0,0,0,0,0,0,0,0,0,0,0,0,0,0,0,0,0,0,0,0,0,0,0,0,0,0,0,0,0,0,0,0,0,0,0,0,0,0,0,0,0,0,0,0,0,0,0,0,0,0,0,0,0,0,0,0,0,0,0,0,0,0,0,0,0,0,0,0,0,0,0,0,0,0,0,0,0,0,0,0,0,0,0,0,0,0,0,0,0,0,0,0,0,0,0,0,0,0,0,0,0,0,0,0,0,0,0,0,0,0,0,0,0,0,0,0,0,0,0,0,0,0,0,0,0,0,0,0,0,0,0,0,0,64,0,128,64,128,128,128,64,128,128,128,191,191,255,255,255,191,128,0,0,0,0,0,0,0,0,0,255,255,191,255,255,255,255,255,191,255,255,255,255,255,255,255,255,255,255,128,0,0,0,0,0,0,0,0,255,255,255,191,255,255,255,255,255,255,255,255,255,128,128,255,255,255,255,128,0,0,0,0,0,0,0,0,0,128,128,128,128,128,128,128,64,0,0,0,0,0,0,128,255,255,255,128,0,0,0,0,0,0,0,0,0,0,0,0,0,0,0,0,0,0,0,0,0,0,0,255,255,255,191,0,0,0,0,0,0,0,0,0,0,0,0,0,0,0,0,0,0,0,0,0,0,0,64,255,255,255,191,0,0,0,0,0,0,0,0,0,0,0,0,0,0,0,0,0,0,0,0,0,0,0,191,255,255,255,64,0,0,0,0,0,0,0,0,0,0,0,0,0,0,0,0,0,0,0,0,0,0,128,255,255,255,255,0,0,0,0,0,0,0,0,0,0,0,0,0,0,0,0,0,0,0,0,0,0,64,255,255,255,255,64,0,0,0,0,0,0,0,0,0,0,0,0,0,0,0,0,0,0,0,0,0,0,255,255,255,255,191,0,0,0,0,0,0,0,0,0,0,0,0,0,0,0,0,0,0,0,0,0,0,64,255,255,255,191,0,0,0,0,0,0,0,0,0,0,0,0,0,0,0,0,0,0,0,0,0,0,64,255,255,255,255,64,0,0,0,0,0,0,0,0,0,0,0,0,0,0,0,0,0,0,0,0,0,0,191,255,255,255,191,0,0,0,0,0,0,0,0,0,0,0,0,0,0,0,0,0,0,0,0,0,0,64,255,255,255,191,0,0,0,0,0,0,0,0,0,0,0,0,0,0,0,0,0,0,0,0,0,0,0,191,255,255,255,0,0,0,0,0,0,0,0,0,0,0,0,0,0,0,0,0,0,0,0,0,0,0,0,255,255,255,191,0,0,0,0,0,0,0,0,0,0,0,0,0,0,0,0,0,0,0,0,0,0,0,64,255,255,255,128,0,0,0,0,0,0,0,0,0,0,0,0,0,0,0,0,0,0,0,0,0,0,0,191,255,255,255,0,0,0,0,0,0,0,0,0,0,0,0,0,0,0,0,0,0,0,0,0,0,0,64,255,255,191,255,0,0,0,0,0,0,0,0,0,0,0,0,0,0,0,0,0,0,0,0,0,0,0,0,128,64,191,255,0,0,0,0,0,0,0,0,0,0,0,0,0,0,0,0,0,0,0,0,0,0,0,0,0,0,0,0,0,0,0,0,0,0,0,0,0,0,0,0,0
9,0,0,0,0,0,0,0,0,0,0,0,0,0,0,0,0,0,0,0,0,0,0,0,0,0,0,0,0,0,0,0,0,0,0,0,0,0,0,0,0,0,0,0,0,0,0,0,0,0,0,0,0,0,0,0,0,0,0,0,0,0,0,0,0,0,0,0,0,0,0,0,0,0,0,0,0,0,0,0,0,0,0,0,0,0,0,0,0,0,0,0,0,0,0,0,0,0,0,0,0,0,0,0,0,0,0,0,0,0,0,0,0,0,0,0,0,0,0,0,0,0,0,0,0,0,0,0,0,0,0,0,0,0,0,0,0,0,0,0,0,0,0,0,0,0,0,0,0,0,0,0,0,0,0,0,0,0,0,0,0,0,0,0,0,0,0,0,0,0,0,0,0,0,0,0,0,0,0,19,148,250,254,255,230,84,0,0,0,0,0,0,0,0,0,0,0,0,0,0,0,0,0,0,0,0,19,180,253,236,129,99,145,244,60,0,0,0,0,0,0,0,0,0,0,0,0,0,0,0,0,0,0,0,183,253,209,23,0,0,0,142,190,0,0,0,0,0,0,0,0,0,0,0,0,0,0,0,0,0,0,48,254,192,7,0,0,0,0,100,244,28,0,0,0,0,0,0,0,0,0,0,0,0,0,0,0,0,0,12,254,149,0,0,0,0,24,131,253,42,0,0,0,0,0,0,0,0,0,0,0,0,0,0,0,0,0,0,102,250,132,43,43,126,207,254,241,24,0,0,0,0,0,0,0,0,0,0,0,0,0,0,0,0,0,0,5,95,230,253,253,254,253,253,120,0,0,0,0,0,0,0,0,0,0,0,0,0,0,0,0,0,0,0,0,0,28,56,56,56,107,253,85,0,0,0,0,0,0,0,0,0,0,0,0,0,0,0,0,0,0,0,0,0,0,0,0,0,22,253,85,0,0,0,0,0,0,0,0,0,0,0,0,0,0,0,0,0,0,0,0,0,0,0,0,0,66,253,85,0,0,0,0,0,0,0,0,0,0,0,0,0,0,0,0,0,0,0,0,0,0,0,0,0,26,254,85,0,0,0,0,0,0,0,0,0,0,0,0,0,0,0,0,0,0,0,0,0,0,0,0,0,85,253,85,0,0,0,0,0,0,0,0,0,0,0,0,0,0,0,0,0,0,0,0,0,0,0,0,0,85,253,85,0,0,0,0,0,0,0,0,0,0,0,0,0,0,0,0,0,0,0,0,0,0,0,0,0,85,253,85,0,0,0,0,0,0,0,0,0,0,0,0,0,0,0,0,0,0,0,0,0,0,0,0,0,143,253,85,0,0,0,0,0,0,0,0,0,0,0,0,0,0,0,0,0,0,0,0,0,0,0,0,0,144,254,34,0,0,0,0,0,0,0,0,0,0,0,0,0,0,0,0,0,0,0,0,0,0,0,0,0,128,253,59,54,0,0,0,0,0,0,0,0,0,0,0,0,0,0,0,0,0,0,0,0,0,0,0,0,101,253,222,218,0,0,0,0,0,0,0,0,0,0,0,0,0,0,0,0,0,0,0,0,0,0,0,0,85,253,253,89,0,0,0,0,0,0,0,0,0,0,0,0,0,0,0,0,0,0,0,0,0,0,0,0,18,183,218,19,0,0,0,0,0,0,0,0,0,0,0,0,0,0,0,0,0,0,0,0,0,0,0,0,0,0,0,0,0,0,0,0,0,0,0,0,0,0,0,0,0,0,0,0,0,0,0,0,0,0,0,0,0,0,0,0,0,0,0,0,0,0,0,0,0
9,0,0,0,0,0,0,0,0,0,0,0,0,0,0,0,0,0,0,0,0,0,0,0,0,0,0,0,0,0,0,0,0,0,0,0,0,0,0,0,0,0,0,0,0,0,0,0,0,0,0,0,0,0,0,0,0,0,0,0,0,0,0,0,0,0,0,0,0,0,0,0,0,0,0,0,0,0,0,0,0,0,0,0,0,0,0,0,0,0,0,0,0,0,0,0,0,0,0,0,0,0,0,0,0,0,0,0,0,0,0,0,0,0,0,0,0,0,0,0,0,0,0,0,0,0,0,0,0,0,0,0,0,0,0,0,0,0,0,0,0,0,0,0,0,0,0,0,0,0,0,0,0,0,0,0,0,0,0,0,0,0,0,0,0,0,0,0,0,0,0,0,0,0,0,0,0,0,0,0,0,0,0,96,115,253,253,253,96,24,0,0,0,0,0,0,0,0,0,0,0,0,0,0,0,0,0,4,32,171,190,253,251,251,251,251,253,205,111,4,0,0,0,0,0,0,0,0,0,0,0,0,0,0,0,112,251,251,251,253,251,251,251,251,253,251,251,110,0,0,0,0,0,0,0,0,0,0,0,0,16,162,223,244,251,251,251,129,31,31,31,31,213,251,251,188,0,0,0,0,0,0,0,0,0,0,0,80,181,251,253,251,251,251,152,0,0,0,0,0,194,251,251,188,0,0,0,0,0,0,0,0,0,0,92,253,253,253,255,253,253,213,96,195,96,48,0,0,255,253,253,189,0,0,0,0,0,0,0,0,0,72,236,251,251,251,253,251,251,251,251,253,251,220,142,120,253,251,251,188,0,0,0,0,0,0,0,0,0,96,251,251,251,251,253,251,251,251,251,253,251,251,188,158,253,251,251,188,0,0,0,0,0,0,0,0,0,72,196,251,251,251,253,251,219,188,188,31,31,31,79,240,253,251,251,148,0,0,0,0,0,0,0,0,0,0,12,173,113,94,95,94,47,0,0,0,0,0,64,251,253,251,172,12,0,0,0,0,0,0,0,0,0,0,0,0,0,0,0,0,0,0,0,0,12,96,234,253,255,253,126,0,0,0,0,0,0,0,0,0,0,0,0,0,0,0,0,0,0,0,0,0,52,251,251,251,253,207,31,0,0,0,0,0,0,0,0,0,0,0,0,0,0,0,0,0,0,0,0,48,221,251,251,251,205,31,0,0,0,0,0,0,0,0,0,0,0,0,0,0,0,0,0,0,0,0,0,234,251,251,251,251,119,0,0,0,0,0,0,0,0,0,0,0,0,0,0,0,0,0,0,0,0,0,0,253,251,251,251,152,0,0,0,0,0,0,0,0,0,0,0,0,0,0,0,0,0,0,0,0,0,84,194,255,253,253,189,0,0,0,0,0,0,0,0,0,0,0,0,0,0,0,0,0,0,0,0,0,16,225,251,253,251,235,66,0,0,0,0,0,0,0,0,0,0,0,0,0,0,0,0,0,0,0,0,0,63,236,251,253,251,126,0,0,0,0,0,0,0,0,0,0,0,0,0,0,0,0,0,0,0,0,0,0,0,181,251,229,168,15,0,0,0,0,0,0,0,0,0,0,0,0,0,0,0,0,0,0,0,0,0,0,0,24,193,158,0,0,0,0,0,0,0,0,0,0,0,0,0,0,0,0,0,0,0,0,0,0,0,0,0,0,0,0,0,0,0,0,0,0,0,0,0,0,0,0,0,0,0,0,0,0,0,0,0,0,0,0,0,0,0,0,0,0,0,0,0,0,0,0,0,0,0,0,0
5,0,0,0,0,0,0,0,0,0,0,0,0,0,0,0,0,0,0,0,0,0,0,0,0,0,0,0,0,0,0,0,0,0,0,0,0,0,0,0,0,0,0,0,0,0,0,0,0,0,0,0,0,0,0,0,0,0,0,0,0,0,0,0,0,0,0,0,0,0,0,0,0,0,0,0,0,0,0,0,0,0,0,0,0,0,0,0,0,0,0,0,0,0,0,0,0,0,0,0,0,0,0,0,0,0,0,0,0,0,0,0,0,0,0,0,0,0,0,0,0,0,128,197,254,169,128,174,174,174,174,174,142,23,0,0,0,0,0,0,0,0,0,0,0,0,0,0,0,16,212,253,254,254,254,254,254,254,254,254,254,86,0,0,0,0,0,0,0,0,0,0,0,0,0,0,0,0,0,235,254,172,137,163,137,157,192,190,105,14,0,0,0,0,0,0,0,0,0,0,0,0,0,0,0,0,32,245,254,77,0,0,0,0,0,0,0,0,0,0,0,0,0,0,0,0,0,0,0,0,0,0,0,0,107,254,251,10,0,0,0,0,0,0,0,0,0,0,0,0,0,0,0,0,0,0,0,0,0,0,0,0,217,254,227,0,0,0,0,0,0,0,0,0,0,0,0,0,0,0,0,0,0,0,0,0,0,0,0,59,244,254,141,0,0,0,0,0,0,0,0,0,0,0,0,0,0,0,0,0,0,0,0,0,0,0,0,186,254,254,51,98,98,98,55,7,0,0,0,0,0,0,0,0,0,0,0,0,0,0,0,0,0,0,37,243,254,254,254,254,254,254,254,218,166,55,0,0,0,0,0,0,0,0,0,0,0,0,0,0,0,0,156,254,254,254,241,214,214,214,214,250,254,253,170,42,0,0,0,0,0,0,0,0,0,0,0,0,0,0,139,254,242,128,29,0,0,0,0,57,187,254,254,226,42,0,0,0,0,0,0,0,0,0,0,0,0,0,4,95,32,0,0,0,0,0,0,0,9,113,254,254,175,0,0,0,0,0,0,0,0,0,0,0,0,0,0,0,0,0,0,0,0,0,0,0,0,1,136,254,252,59,0,0,0,0,0,0,0,0,0,0,0,0,0,0,2,181,221,0,0,0,0,0,0,0,48,254,254,117,0,0,0,0,0,0,0,0,0,0,0,0,0,0,151,254,250,0,0,0,0,0,0,0,6,211,254,117,0,0,0,0,0,0,0,0,0,0,0,0,0,74,247,254,142,0,0,0,0,0,0,0,3,202,254,117,0,0,0,0,0,0,0,0,0,0,0,0,0,129,254,254,8,0,0,0,0,0,0,0,87,254,254,103,0,0,0,0,0,0,0,0,0,0,0,0,0,76,247,254,191,54,0,0,0,0,54,88,233,254,212,17,0,0,0,0,0,0,0,0,0,0,0,0,0,0,112,249,254,253,231,166,150,222,253,254,254,246,69,0,0,0,0,0,0,0,0,0,0,0,0,0,0,0,0,34,172,254,254,255,254,254,254,254,164,55,0,0,0,0,0,0,0,0,0,0,0,0,0,0,0,0,0,0,0,0,0,0,0,0,0,0,0,0,0,0,0,0,0,0,0,0,0,0,0,0,0,0,0,0,0,0,0,0,0,0,0,0,0,0,0,0,0,0,0,0,0,0,0,0,0,0,0,0,0,0,0,0,0,0,0,0,0,0,0,0,0,0,0,0,0,0,0,0,0,0,0,0,0,0,0,0,0,0,0,0,0,0,0,0,0,0,0,0,0,0,0,0,0,0,0,0,0,0,0
0,0,0,0,0,0,0,0,0,0,0,0,0,0,0,0,0,0,0,0,0,0,0,0,0,0,0,0,0,0,0,0,0,0,0,0,0,0,0,0,0,0,0,0,0,0,0,0,0,0,0,0,0,0,0,0,0,0,0,0,0,0,0,0,0,0,0,0,0,0,0,0,0,0,0,0,0,0,0,0,0,0,0,0,0,0,0,0,0,0,0,0,0,0,0,0,0,0,0,0,0,0,0,17,205,254,174,0,0,0,0,0,0,0,0,0,0,0,0,0,0,0,0,0,0,0,0,0,0,22,137,249,253,253,246,54,0,0,0,0,0,0,0,0,0,0,0,0,0,0,0,0,0,0,0,0,0,170,253,253,253,253,183,6,0,0,0,0,0,0,0,0,0,0,0,0,0,0,0,0,0,0,0,25,198,248,253,253,175,157,231,0,0,0,0,0,0,0,0,0,0,0,0,0,0,0,0,0,0,0,76,201,253,253,238,72,20,190,240,0,0,0,0,0,0,0,0,0,0,0,0,0,0,0,0,0,0,74,216,253,253,253,167,0,27,253,240,0,0,0,0,0,0,0,0,0,0,0,0,0,0,0,0,0,67,246,253,253,236,78,13,0,27,253,240,0,0,0,0,0,0,0,0,0,0,0,0,0,0,0,0,27,200,253,253,235,72,0,0,0,67,253,251,96,0,0,0,0,0,0,0,0,0,0,0,0,0,0,0,189,253,253,253,157,0,0,0,0,156,253,253,117,0,0,0,0,0,0,0,0,0,0,0,0,0,26,179,245,253,253,169,15,0,0,0,0,156,253,250,87,0,0,0,0,0,0,0,0,0,0,0,0,0,128,253,253,235,157,15,0,0,0,0,8,179,253,142,0,0,0,0,0,0,0,0,0,0,0,0,23,173,246,253,253,148,0,0,0,0,0,56,192,253,253,206,24,0,0,0,0,0,0,0,0,0,0,0,134,253,253,253,253,45,0,0,0,0,32,228,253,253,253,244,36,0,0,0,0,0,0,0,0,0,0,61,247,253,253,253,220,38,0,0,0,29,145,253,253,253,220,80,0,0,0,0,0,0,0,0,0,0,0,0,241,253,253,194,14,0,0,0,0,116,253,253,253,219,37,0,0,0,0,0,0,0,0,0,0,0,0,73,249,253,243,79,0,0,21,60,156,226,253,253,250,87,0,0,0,0,0,0,0,0,0,0,0,0,0,118,253,253,155,8,64,150,232,253,253,253,253,220,90,0,0,0,0,0,0,0,0,0,0,0,0,0,0,118,253,253,211,183,253,253,253,253,253,244,149,37,0,0,0,0,0,0,0,0,0,0,0,0,0,0,0,115,253,253,253,253,253,253,253,248,149,33,0,0,0,0,0,0,0,0,0,0,0,0,0,0,0,0,0,0,174,253,253,253,253,213,123,28,0,0,0,0,0,0,0,0,0,0,0,0,0,0,0,0,0,0,0,0,0,0,0,0,0,0,0,0,0,0,0,0,0,0,0,0,0,0,0,0,0,0,0,0,0,0,0,0,0,0,0,0,0,0,0,0,0,0,0,0,0,0,0,0,0,0,0,0,0,0,0,0,0,0,0,0,0,0,0,0,0,0,0,0,0,0,0,0,0,0,0,0,0,0,0,0,0,0,0,0,0,0,0,0,0,0,0,0,0,0,0,0,0,0,0,0,0,0,0,0,0,0,0,0,0,0,0,0,0,0,0,0,0,0,0,0,0,0,0,0,0,0,0,0,0,0,0,0,0,0,0,0,0,0
8,0,0,0,0,0,0,0,0,0,0,0,0,0,0,0,0,0,0,0,0,0,0,0,0,0,0,0,0,0,0,0,0,0,0,0,0,0,0,0,0,0,0,0,0,0,0,0,0,0,0,0,0,0,0,0,0,0,0,0,0,0,0,0,0,0,0,0,0,0,0,0,0,0,0,0,0,0,0,0,0,0,0,0,0,0,0,0,0,0,0,0,0,0,0,0,0,0,0,0,0,0,0,0,0,0,0,0,0,0,0,0,0,0,0,0,0,0,0,0,0,0,0,0,0,0,0,0,0,0,0,0,0,0,0,0,0,0,0,0,0,0,0,0,0,0,0,0,0,0,0,0,0,0,0,0,4,92,248,255,254,120,0,0,0,0,0,0,0,0,0,0,0,0,0,0,0,0,0,0,0,0,0,35,205,254,254,254,254,120,48,0,0,0,0,0,0,0,0,0,0,0,0,0,0,0,0,0,0,0,96,225,254,191,212,254,228,40,169,33,0,0,0,0,0,0,0,0,0,0,0,0,0,0,0,0,0,78,252,243,113,2,197,204,36,9,208,57,0,0,0,0,0,0,0,0,0,0,0,0,0,0,0,0,0,161,246,78,0,0,108,8,0,121,242,48,0,0,0,0,0,0,0,0,0,0,0,0,0,0,0,0,71,242,172,0,0,0,0,0,25,211,152,0,0,0,0,0,0,0,0,0,0,0,0,0,0,0,0,0,149,254,100,0,0,0,0,46,215,254,97,0,0,0,0,0,0,0,0,0,0,0,0,0,0,0,0,0,149,254,172,0,0,0,35,225,248,132,10,0,0,0,0,0,0,0,0,0,0,0,0,0,0,0,0,0,119,254,172,0,5,111,248,219,87,0,0,0,0,0,0,0,0,0,0,0,0,0,0,0,0,0,0,0,23,229,187,67,223,254,211,28,0,0,0,0,0,0,0,0,0,0,0,0,0,0,0,0,0,0,0,0,0,138,254,254,242,115,22,0,0,0,0,0,0,0,0,0,0,0,0,0,0,0,0,0,0,0,0,0,130,240,254,239,64,0,0,0,0,0,0,0,0,0,0,0,0,0,0,0,0,0,0,0,0,0,30,208,253,254,254,205,0,0,0,0,0,0,0,0,0,0,0,0,0,0,0,0,0,0,0,0,0,6,198,247,167,68,254,205,0,0,0,0,0,0,0,0,0,0,0,0,0,0,0,0,0,0,0,0,0,217,247,51,0,7,203,205,0,0,0,0,0,0,0,0,0,0,0,0,0,0,0,0,0,0,0,0,84,253,92,0,0,33,247,191,0,0,0,0,0,0,0,0,0,0,0,0,0,0,0,0,0,0,0,0,166,254,38,0,0,116,254,108,0,0,0,0,0,0,0,0,0,0,0,0,0,0,0,0,0,0,0,0,187,254,64,0,40,188,232,10,0,0,0,0,0,0,0,0,0,0,0,0,0,0,0,0,0,0,0,0,56,252,240,189,242,251,113,0,0,0,0,0,0,0,0,0,0,0,0,0,0,0,0,0,0,0,0,0,0,155,239,254,197,110,0,0,0,0,0,0,0,0,0,0,0,0,0,0,0,0,0,0,0,0,0,0,0,0,0,0,0,0,0,0,0,0,0,0,0,0,0,0,0,0,0,0,0,0,0,0,0,0,0,0,0,0,0,0,0,0,0,0,0,0,0,0,0,0,0,0,0,0,0,0,0,0,0,0,0,0,0,0,0,0,0,0,0,0,0,0,0,0,0,0,0,0,0,0,0,0,0,0,0
0,0,0,0,0,0,0,0,0,0,0,0,0,0,0,0,0,0,0,0,0,0,0,0,0,0,0,0,0,0,0,0,0,0,0,0,0,0,0,0,0,0,0,0,0,0,0,0,0,0,0,0,0,0,0,0,0,0,0,0,0,0,0,0,0,0,0,0,0,0,0,0,0,0,0,0,0,0,0,0,0,0,0,0,0,0,0,0,0,0,0,0,0,0,0,0,0,0,0,0,0,0,0,0,0,0,0,0,0,0,0,0,0,0,0,0,0,0,0,0,0,0,47,156,14,141,186,254,254,232,148,18,0,0,0,0,0,0,0,0,0,0,0,0,0,0,0,0,0,0,136,253,204,233,233,233,241,254,253,196,17,0,0,0,0,0,0,0,0,0,0,0,0,0,0,0,0,0,204,253,0,0,0,0,30,119,253,253,196,18,0,0,0,0,0,0,0,0,0,0,0,0,0,0,0,0,234,253,16,0,0,0,0,5,72,213,250,126,16,0,0,0,0,0,0,0,0,0,0,0,0,0,0,0,234,253,98,0,0,0,0,0,0,0,159,253,135,0,0,0,0,0,0,0,0,0,0,0,0,0,0,0,235,254,99,0,0,0,0,0,0,0,16,218,209,9,0,0,0,0,0,0,0,0,0,0,0,0,0,0,234,253,98,0,0,0,0,0,0,0,0,105,254,39,0,0,0,0,0,0,0,0,0,0,0,0,0,0,234,253,98,0,0,0,0,0,0,0,0,0,223,107,0,0,0,0,0,0,0,0,0,0,0,0,0,0,234,253,98,0,0,0,0,0,0,0,0,0,156,150,0,0,0,0,0,0,0,0,0,0,0,0,0,61,248,253,98,0,0,0,0,0,0,0,0,0,81,233,0,0,0,0,0,0,0,0,0,0,0,0,0,138,254,254,38,0,0,0,0,0,0,0,0,0,59,234,0,0,0,0,0,0,0,0,0,0,0,0,2,181,253,207,0,0,0,0,0,0,0,0,0,0,59,250,74,0,0,0,0,0,0,0,0,0,0,0,20,253,253,155,0,0,0,0,0,0,0,0,0,0,59,253,174,0,0,0,0,0,0,0,0,0,0,0,20,253,253,155,0,0,0,0,0,0,0,0,0,0,74,253,123,0,0,0,0,0,0,0,0,0,0,0,20,253,253,155,0,0,0,0,0,0,0,0,0,0,194,237,18,0,0,0,0,0,0,0,0,0,0,0,20,254,254,155,0,0,0,0,0,0,0,0,32,134,255,76,0,0,0,0,0,0,0,0,0,0,0,0,11,217,253,162,0,0,0,0,0,0,0,44,190,245,151,6,0,0,0,0,0,0,0,0,0,0,0,0,0,108,253,253,117,42,0,31,61,79,124,229,128,48,0,0,0,0,0,0,0,0,0,0,0,0,0,0,0,6,205,253,254,244,234,241,248,254,219,79,2,0,0,0,0,0,0,0,0,0,0,0,0,0,0,0,0,0,9,96,155,238,253,200,155,58,9,0,0,0,0,0,0,0,0,0,0,0,0,0,0,0,0,0,0,0,0,0,0,0,0,0,0,0,0,0,0,0,0,0,0,0,0,0,0,0,0,0,0,0,0,0,0,0,0,0,0,0,0,0,0,0,0,0,0,0,0,0,0,0,0,0,0,0,0,0,0,0,0,0,0,0,0,0,0,0,0,0,0,0,0,0,0,0,0,0,0,0,0,0,0,0,0,0,0,0,0,0,0,0,0,0,0,0,0,0,0,0,0,0,0,0,0,0,0,0,0,0,0
4,0,0,0,0,0,0,0,0,0,0,0,0,0,0,0,0,0,0,0,0,0,0,0,0,0,0,0,0,0,0,0,0,0,0,0,0,0,0,0,0,0,0,0,0,0,0,0,0,0,0,0,0,0,0,0,0,0,0,0,0,0,0,0,0,0,0,0,0,0,0,0,0,0,0,0,0,0,0,0,0,0,0,0,0,0,0,0,0,0,0,0,0,0,0,0,0,0,0,0,0,0,0,0,0,0,0,0,0,0,0,0,0,0,0,0,0,0,0,0,0,0,0,0,0,0,0,0,0,0,0,0,0,0,0,0,0,0,0,0,0,0,0,0,0,0,0,0,0,0,0,0,0,39,0,0,0,0,8,127,244,60,0,0,0,0,0,0,0,0,0,0,0,0,0,0,0,0,0,0,96,239,36,0,0,37,163,142,50,0,0,0,0,0,0,0,0,0,0,0,0,0,0,0,0,0,0,41,252,138,0,0,0,157,254,187,6,0,0,58,0,0,0,0,0,0,0,0,0,0,0,0,0,0,0,164,254,58,0,0,73,241,224,17,0,0,0,28,0,0,0,0,0,0,0,0,0,0,0,0,0,0,54,245,187,3,0,3,207,244,63,0,0,0,0,0,0,0,0,0,0,0,0,0,0,0,0,0,0,0,188,254,110,0,0,109,254,155,0,0,0,0,0,0,0,0,0,0,0,0,0,0,0,0,0,0,0,0,188,242,41,0,0,214,251,61,0,0,0,0,0,0,0,0,0,0,0,0,0,0,0,0,0,0,0,0,188,246,51,0,42,240,202,0,0,0,0,0,0,0,0,0,0,0,0,0,0,0,0,0,0,0,0,0,188,254,123,0,150,254,115,0,6,42,165,180,54,0,0,0,0,0,0,0,0,0,0,0,0,0,0,0,124,254,226,150,185,254,194,156,253,254,248,98,0,0,0,0,0,0,0,0,0,0,0,0,0,0,0,0,17,198,255,254,254,254,254,254,238,120,45,0,0,0,0,0,0,0,0,0,0,0,0,0,0,0,0,0,0,3,35,220,254,254,148,26,4,0,0,0,0,0,0,0,0,0,0,0,0,0,0,0,0,0,0,0,0,0,0,121,254,170,0,0,0,0,0,0,0,0,0,0,0,0,0,0,0,0,0,0,0,0,0,0,0,0,9,222,254,132,0,0,0,0,0,0,0,0,0,0,0,0,0,0,0,0,0,0,0,0,0,0,0,0,74,254,254,41,0,0,0,0,0,0,0,0,0,0,0,0,0,0,0,0,0,0,0,0,0,0,0,0,74,254,254,41,0,0,0,0,0,0,0,0,0,0,0,0,0,0,0,0,0,0,0,0,0,0,0,0,74,254,212,14,0,0,0,0,0,0,0,0,0,0,0,0,0,0,0,0,0,0,0,0,0,0,0,0,74,254,246,217,41,0,0,0,0,0,0,0,0,0,0,0,0,0,0,0,0,0,0,0,0,0,0,0,74,254,254,202,0,0,0,0,0,0,0,0,0,0,0,0,0,0,0,0,0,0,0,0,0,0,0,0,44,242,229,25,0,0,0,0,0,0,0,0,0,0,0,0,0,0,0,0,0,0,0,0,0,0,0,0,0,0,0,0,0,0,0,0,0,0,0,0,0,0,0,0,0,0,0,0,0,0,0,0,0,0,0,0,0,0,0,0,0,0,0,0,0,0,0,0,0,0,0,0,0,0,0,0,0,0,0,0,0,0,0,0,0,0,0,0,0,0,0,0,0,0,0,0,0,0,0,0,0
8,0,0,0,0,0,0,0,0,0,0,0,0,0,0,0,0,0,0,0,0,0,0,0,0,0,0,0,0,0,0,0,0,0,0,0,0,0,0,0,0,0,0,0,0,0,0,0,0,0,0,0,0,0,0,0,0,0,0,0,0,0,0,0,0,0,0,0,0,0,0,0,0,0,0,0,0,0,0,0,0,0,0,0,0,0,0,0,0,0,0,0,0,0,0,0,0,0,0,0,0,0,0,0,0,0,0,0,0,0,0,0,0,0,0,0,0,0,0,0,0,0,0,0,0,0,0,0,0,0,0,0,0,0,0,0,0,0,0,0,0,0,0,0,0,0,0,0,0,0,0,0,0,0,0,0,0,59,105,160,213,254,188,125,0,0,0,0,0,0,0,0,0,0,0,0,0,0,0,0,0,0,0,0,157,231,217,254,232,219,254,247,83,0,0,0,0,0,0,0,0,0,0,0,0,0,0,0,0,0,0,74,254,84,3,56,25,9,198,254,128,0,0,0,0,0,0,0,0,0,0,0,0,0,0,34,142,132,0,95,254,28,0,0,0,114,254,237,26,0,0,0,0,0,0,0,0,0,0,0,0,0,9,209,206,53,0,42,254,139,11,0,115,244,238,126,0,0,0,0,0,0,0,0,0,0,0,0,0,0,48,254,169,0,0,0,72,140,67,111,250,252,122,0,0,0,0,0,0,0,0,0,0,0,0,0,0,0,48,254,197,3,0,0,0,0,142,254,254,136,0,0,0,0,0,0,0,0,0,0,0,0,0,0,0,0,2,209,254,30,0,0,36,225,252,237,57,2,0,0,0,0,0,0,0,0,0,0,0,0,0,0,0,0,0,197,254,148,0,22,241,254,228,58,0,0,0,0,0,0,0,0,0,0,0,0,0,0,0,0,0,0,0,79,254,239,119,237,254,169,36,0,0,0,0,0,0,0,0,0,0,0,0,0,0,0,0,0,0,0,0,8,183,254,254,255,129,11,0,0,0,0,0,0,0,0,0,0,0,0,0,0,0,0,0,0,0,0,0,3,145,254,254,134,0,0,0,0,0,0,0,0,0,0,0,0,0,0,0,0,0,0,0,0,0,0,2,132,254,254,254,163,0,0,0,0,0,0,0,0,0,0,0,0,0,0,0,0,0,0,0,0,0,0,138,254,169,122,254,254,0,0,0,0,0,0,0,0,0,0,0,0,0,0,0,0,0,0,0,0,2,173,252,131,6,57,254,254,0,0,0,0,0,0,0,0,0,0,0,0,0,0,0,0,0,0,0,0,128,254,166,9,0,64,254,254,0,0,0,0,0,0,0,0,0,0,0,0,0,0,0,0,0,0,0,59,237,169,6,0,61,223,254,222,0,0,0,0,0,0,0,0,0,0,0,0,0,0,0,0,0,0,0,188,251,66,32,106,248,254,205,6,0,0,0,0,0,0,0,0,0,0,0,0,0,0,0,0,0,0,0,226,249,185,237,254,244,114,20,0,0,0,0,0,0,0,0,0,0,0,0,0,0,0,0,0,0,0,0,191,254,254,201,118,44,0,0,0,0,0,0,0,0,0,0,0,0,0,0,0,0,0,0,0,0,0,0,0,0,0,0,0,0,0,0,0,0,0,0,0,0,0,0,0,0,0,0,0,0,0,0,0,0,0,0,0,0,0,0,0,0,0,0,0,0,0,0,0,0,0,0,0,0,0,0,0,0,0,0,0,0,0,0,0,0,0,0,0,0,0,0,0,0,0,0,0,0,0,0,0,0,0,0,0,0
2,0,0,0,0,0,0,0,0,0,0,0,0,0,0,0,0,0,0,0,0,0,0,0,0,0,0,0,0,0,0,0,0,0,0,0,0,0,0,0,0,0,0,0,0,0,0,0,0,0,0,0,0,0,0,0,0,0,0,0,0,0,0,0,0,0,0,0,0,0,0,0,0,0,0,0,0,0,0,0,0,0,0,0,0,0,0,0,0,0,0,0,0,0,0,0,0,0,0,0,0,0,0,0,0,0,0,0,0,0,0,0,0,0,0,0,0,0,0,0,0,0,0,0,0,21,126,143,180,126,215,129,0,0,0,0,0,0,0,0,0,0,0,0,0,0,0,0,0,0,0,0,74,218,254,254,254,254,254,148,0,0,0,0,0,0,0,0,0,0,0,0,0,0,0,0,0,0,0,86,253,254,254,254,254,254,254,76,0,0,0,0,0,0,0,0,0,0,0,0,0,0,0,0,0,0,3,176,254,254,218,218,254,254,254,148,0,0,0,0,0,0,0,0,0,0,0,0,0,0,0,0,0,0,25,254,254,254,254,254,254,254,254,148,0,0,0,0,0,0,0,0,0,0,0,0,0,0,0,0,0,0,10,213,254,254,254,254,254,254,254,148,0,0,0,0,0,0,0,0,0,0,0,0,0,0,0,0,0,0,0,97,247,254,254,254,254,254,254,69,0,0,0,0,0,0,0,0,0,0,0,0,0,0,0,0,0,0,0,0,65,172,172,116,254,254,254,53,0,0,0,0,0,0,0,0,0,0,0,0,0,0,0,0,0,0,0,0,0,0,0,104,254,254,195,3,0,0,0,0,0,0,0,0,0,0,0,0,0,0,0,0,0,0,0,0,0,0,0,223,254,254,115,0,0,0,0,0,0,0,0,0,0,0,0,0,0,0,0,0,0,0,0,0,0,0,86,250,254,254,50,0,0,0,0,0,0,0,0,0,0,0,0,0,0,0,0,0,0,43,90,140,84,59,249,254,254,130,2,0,0,0,0,0,101,91,0,0,0,0,0,0,0,0,0,16,177,254,254,254,254,254,254,254,245,48,0,0,0,0,0,3,228,254,0,0,0,0,0,0,0,0,0,189,254,254,227,254,254,254,254,254,80,0,0,0,0,0,0,96,254,254,0,0,0,0,0,0,0,0,123,252,254,174,144,254,254,254,254,254,194,70,18,15,26,54,137,246,255,116,0,0,0,0,0,0,0,0,254,254,254,254,254,254,254,254,254,254,254,254,223,219,235,254,254,254,201,38,0,0,0,0,0,0,0,0,81,246,254,254,254,254,240,143,158,251,254,254,254,254,254,254,253,126,10,0,0,0,0,0,0,0,0,0,0,25,100,125,125,92,23,0,0,27,107,125,214,221,157,125,50,0,0,0,0,0,0,0,0,0,0,0,0,0,0,0,0,0,0,0,0,0,0,0,0,0,0,0,0,0,0,0,0,0,0,0,0,0,0,0,0,0,0,0,0,0,0,0,0,0,0,0,0,0,0,0,0,0,0,0,0,0,0,0,0,0,0,0,0,0,0,0,0,0,0,0,0,0,0,0,0,0,0,0,0,0,0,0,0,0,0,0,0,0,0,0,0,0,0,0,0,0,0,0,0,0,0,0,0,0,0,0,0,0,0,0,0,0,0,0,0,0,0,0,0,0,0,0,0,0,0,0,0,0,0,0,0,0,0,0,0,0,0,0,0,0,0,0,0,0,0,0,0,0,0,0,0,0,0,0,0,0,0,0,0,0,0,0,0,0,0,0,0,0,0
3,0,0,0,0,0,0,0,0,0,0,0,0,0,0,0,0,0,0,0,0,0,0,0,0,0,0,0,0,0,0,0,0,0,0,0,0,0,0,0,0,0,0,0,0,0,0,0,0,0,0,0,0,0,0,0,0,0,0,0,0,0,0,0,0,0,0,0,0,0,0,0,0,0,0,0,0,0,0,0,0,0,0,0,0,0,0,0,0,0,0,0,0,0,0,0,0,0,0,0,0,0,0,0,0,0,0,0,0,0,0,0,0,0,0,0,0,0,0,0,0,0,0,0,0,0,0,0,0,0,0,0,0,0,0,0,0,0,0,0,0,0,0,0,0,0,0,59,170,255,254,187,104,19,0,0,0,0,0,0,0,0,0,0,0,0,0,0,0,0,0,0,0,0,31,232,241,214,214,247,253,249,99,6,0,0,0,0,0,0,0,0,0,0,0,0,0,0,0,0,0,0,159,253,67,0,0,33,111,199,253,184,23,0,0,0,0,0,0,0,0,0,0,0,0,0,0,0,0,19,249,150,2,0,0,0,0,8,145,253,193,25,0,0,0,0,0,0,0,0,0,0,0,0,0,0,0,99,239,24,0,0,0,0,0,0,13,138,252,218,23,0,0,0,0,0,0,0,0,0,0,0,0,0,0,86,190,0,0,0,0,0,0,0,0,0,138,254,130,0,0,0,0,0,0,0,0,0,0,0,0,0,0,3,9,0,0,0,0,0,0,0,0,0,12,193,235,39,0,0,0,0,0,0,0,0,0,0,0,0,0,0,0,0,0,0,0,0,0,0,0,0,0,98,253,117,0,0,0,0,0,0,0,0,0,0,0,0,0,0,0,0,0,0,0,0,0,0,10,20,92,206,251,84,0,0,0,0,0,0,0,0,0,0,0,0,0,0,0,0,0,10,177,195,195,196,222,253,253,233,91,0,0,0,0,0,0,0,0,0,0,0,0,0,0,0,0,0,0,9,176,194,146,199,253,253,253,239,215,107,23,0,0,0,0,0,0,0,0,0,0,0,0,0,0,0,0,0,0,0,0,2,19,19,92,128,211,253,241,127,18,0,0,0,0,0,0,0,0,0,0,0,0,0,0,0,0,0,0,0,0,0,0,0,0,61,210,255,181,15,0,0,0,0,0,0,0,0,0,0,0,0,0,0,0,0,0,0,0,0,0,0,0,0,18,181,253,87,0,0,0,0,0,0,0,0,0,0,0,0,0,0,0,0,0,0,0,0,0,0,0,0,0,21,222,244,16,0,0,0,0,0,0,0,0,0,0,0,0,0,0,0,0,0,0,0,0,0,0,0,0,7,213,253,19,0,0,0,0,0,0,0,0,0,0,0,0,0,0,0,0,0,0,0,0,0,0,0,7,158,254,135,0,0,0,0,0,0,0,0,0,0,0,0,0,0,0,34,3,0,0,0,0,0,7,100,213,254,187,21,0,0,0,0,0,0,0,0,0,0,0,0,0,0,0,154,193,137,136,89,136,191,221,253,253,135,9,0,0,0,0,0,0,0,0,0,0,0,0,0,0,0,0,5,139,254,253,253,253,230,217,132,25,0,0,0,0,0,0,0,0,0,0,0,0,0,0,0,0,0,0,0,0,0,0,0,0,0,0,0,0,0,0,0,0,0,0,0,0,0,0,0,0,0,0,0,0,0,0,0,0,0,0,0,0,0,0,0,0,0,0,0,0,0,0,0,0,0,0,0,0,0,0,0,0,0,0,0,0,0,0,0,0,0,0,0,0,0,0,0,0,0,0,0,0
2,0,0,0,0,0,0,0,0,0,0,0,0,0,0,0,0,0,0,0,0,0,0,0,0,0,0,0,0,0,0,0,0,0,0,0,0,0,0,0,0,0,0,0,0,0,0,0,0,0,0,0,0,0,0,0,0,0,0,0,0,0,0,0,0,0,0,0,0,0,0,0,0,0,0,0,0,0,0,0,0,0,0,0,0,0,0,0,0,0,0,0,0,0,0,0,0,0,0,0,0,0,0,0,0,0,0,0,0,0,0,0,0,0,0,0,0,0,0,0,0,0,0,0,0,0,89,96,254,254,254,255,254,217,91,6,0,0,0,0,0,0,0,0,0,0,0,0,0,0,0,0,58,180,251,253,253,253,253,240,245,253,253,26,0,0,0,0,0,0,0,0,0,0,0,0,0,0,0,0,230,253,253,180,188,173,146,28,77,240,253,179,0,0,0,0,0,0,0,0,0,0,0,0,0,0,0,0,103,253,221,71,22,15,0,0,0,222,253,237,70,0,0,0,0,0,0,0,0,0,0,0,0,0,0,0,34,129,4,0,0,0,0,0,65,237,253,253,89,0,0,0,0,0,0,0,0,0,0,0,0,0,0,0,0,0,0,0,0,0,0,9,155,253,253,190,14,0,0,0,0,0,0,0,0,0,0,0,0,0,0,0,0,0,0,0,0,0,0,131,253,253,253,89,0,0,0,0,0,0,0,0,0,0,0,0,0,0,0,0,0,0,0,0,0,0,0,205,253,253,253,15,0,0,0,0,0,0,0,0,0,0,0,0,0,0,0,0,0,0,0,0,0,0,72,235,253,253,162,6,0,0,0,0,0,0,0,0,0,0,0,0,0,0,0,0,0,0,0,0,0,184,249,253,253,143,3,0,0,0,0,0,0,0,0,0,0,0,0,0,0,5,9,9,9,9,116,121,172,232,253,253,249,31,0,0,0,0,0,0,0,0,0,0,0,0,0,0,13,174,253,253,253,253,253,253,253,253,253,173,75,0,0,0,0,0,0,0,0,0,0,0,0,0,0,11,161,253,253,253,253,253,253,253,253,253,253,48,0,0,0,0,0,0,0,0,0,0,0,0,0,0,8,173,253,253,253,189,168,253,253,253,253,253,253,48,0,0,0,0,0,0,0,0,0,0,0,0,0,15,161,253,253,253,253,227,218,253,253,253,253,253,253,75,0,0,0,0,0,0,0,0,0,0,0,0,0,91,253,253,253,253,253,253,253,253,253,163,173,253,253,233,64,0,0,0,0,0,0,0,0,0,0,0,0,91,253,253,253,253,253,253,238,195,142,10,99,253,253,253,122,0,0,0,0,0,0,0,0,0,0,0,0,38,211,253,253,253,253,171,78,0,0,0,99,253,253,253,122,0,0,0,0,0,0,0,0,0,0,0,0,0,22,179,179,100,15,7,0,0,0,0,99,253,253,241,87,0,0,0,0,0,0,0,0,0,0,0,0,0,0,0,0,0,0,0,0,0,0,0,99,253,253,212,0,0,0,0,0,0,0,0,0,0,0,0,0,0,0,0,0,0,0,0,0,0,0,0,0,0,0,0,0,0,0,0,0,0,0,0,0,0,0,0,0,0,0,0,0,0,0,0,0,0,0,0,0,0,0,0,0,0,0,0,0,0,0,0,0,0,0,0,0,0,0,0,0,0,0,0,0,0,0,0,0,0,0,0,0,0,0,0,0,0,0,0,0,0,0,0,0,0,0,0,0,0,0,0,0,0,0,0,0,0,0,0,0,0,0,0,0,0,0,0,0
0,0,0,0,0,0,0,0,0,0,0,0,0,0,0,0,0,0,0,0,0,0,0,0,0,0,0,0,0,0,0,0,0,0,0,0,0,0,0,0,0,0,0,0,0,0,0,0,0,0,0,0,0,0,0,0,0,0,0,0,0,0,0,0,0,0,0,0,0,0,0,0,0,0,0,0,0,0,0,0,0,0,0,0,0,0,0,0,0,0,0,0,0,0,0,0,0,0,0,0,0,0,0,0,0,0,0,0,0,0,0,0,0,0,0,0,0,0,0,0,0,0,0,0,29,197,255,253,198,85,57,0,0,0,0,0,0,0,0,0,0,0,0,0,0,0,0,0,0,0,0,0,197,251,253,251,253,251,225,168,0,0,0,0,0,0,0,0,0,0,0,0,0,0,0,0,0,0,141,253,255,253,254,253,169,168,254,253,57,0,0,0,0,0,0,0,0,0,0,0,0,0,0,0,0,0,253,251,253,251,84,83,0,0,253,251,225,56,0,0,0,0,0,0,0,0,0,0,0,0,0,0,29,197,255,253,255,196,0,0,0,0,198,253,254,253,0,0,0,0,0,0,0,0,0,0,0,0,0,0,197,251,253,251,196,28,0,0,0,0,85,251,253,251,114,0,0,0,0,0,0,0,0,0,0,0,0,0,255,253,255,253,0,0,0,0,0,0,85,253,254,253,169,0,0,0,0,0,0,0,0,0,0,0,0,0,253,251,253,251,0,0,0,0,0,0,28,196,253,251,225,56,0,0,0,0,0,0,0,0,0,0,0,169,254,253,254,253,0,0,0,0,0,0,0,169,254,253,254,139,0,0,0,0,0,0,0,0,0,0,0,168,253,251,253,138,0,0,0,0,0,0,0,168,253,251,253,251,0,0,0,0,0,0,0,0,0,0,0,169,254,253,226,56,0,0,0,0,0,0,29,197,254,253,254,253,0,0,0,0,0,0,0,0,0,0,0,168,253,251,168,0,0,0,0,0,0,0,85,251,253,251,253,251,0,0,0,0,0,0,0,0,0,0,0,169,254,253,169,0,0,0,0,0,0,0,254,253,254,253,226,56,0,0,0,0,0,0,0,0,0,0,0,168,253,251,168,0,0,0,0,0,0,114,253,251,253,251,168,0,0,0,0,0,0,0,0,0,0,0,0,114,254,253,254,84,0,0,0,0,141,253,254,253,254,253,0,0,0,0,0,0,0,0,0,0,0,0,0,0,253,251,253,83,0,0,0,114,253,251,253,251,253,138,0,0,0,0,0,0,0,0,0,0,0,0,0,0,198,253,254,253,254,253,254,253,254,253,254,253,169,56,0,0,0,0,0,0,0,0,0,0,0,0,0,0,28,196,253,251,253,251,253,251,253,251,253,251,0,0,0,0,0,0,0,0,0,0,0,0,0,0,0,0,0,0,169,225,254,253,254,253,254,253,114,0,0,0,0,0,0,0,0,0,0,0,0,0,0,0,0,0,0,0,0,56,253,251,253,251,196,83,0,0,0,0,0,0,0,0,0,0,0,0,0,0,0,0,0,0,0,0,0,0,0,0,0,0,0,0,0,0,0,0,0,0,0,0,0,0,0,0,0,0,0,0,0,0,0,0,0,0,0,0,0,0,0,0,0,0,0,0,0,0,0,0,0,0,0,0,0,0,0,0,0,0,0,0,0,0,0,0,0,0,0,0,0,0,0,0,0,0,0,0,0,0,0,0,0,0,0,0,0,0,0,0,0,0,0,0,0,0,0,0,0,0,0,0,0,0,0,0,0,0,0
2,0,0,0,0,0,0,0,0,0,0,0,0,0,0,0,0,0,0,0,0,0,0,0,0,0,0,0,0,0,0,0,0,0,0,0,0,0,0,0,0,0,0,0,0,0,0,0,0,0,0,0,0,0,0,0,0,0,0,0,0,0,0,0,0,0,0,0,0,0,0,0,0,0,0,0,0,0,0,0,0,0,0,0,0,0,0,0,0,0,0,0,0,0,0,0,0,128,128,191,255,255,191,128,0,0,0,0,0,0,0,0,0,0,0,0,0,0,0,0,0,0,0,0,128,255,255,255,255,255,255,255,128,0,0,0,0,0,0,0,0,0,0,0,0,0,0,0,0,0,0,128,255,255,255,255,255,255,255,255,255,128,0,0,0,0,0,0,0,0,0,0,0,0,0,0,0,0,0,191,255,255,255,191,128,128,191,255,255,255,0,0,0,0,0,0,0,0,0,0,0,0,0,0,0,0,0,64,255,191,0,0,0,0,0,191,255,255,64,0,0,0,0,0,0,0,0,0,0,0,0,0,0,0,0,0,0,0,0,0,0,0,0,0,255,255,191,0,0,0,0,0,0,0,0,0,0,0,0,0,0,0,0,0,0,0,0,0,0,0,0,0,255,255,255,0,0,0,0,0,0,0,0,0,0,0,0,0,0,0,0,0,0,0,0,0,0,0,0,0,255,255,255,0,0,0,0,0,0,0,0,0,0,0,0,0,0,0,0,0,0,0,0,0,0,0,0,128,255,255,191,0,0,0,0,0,0,0,0,0,0,0,0,0,0,0,0,0,0,0,0,0,0,0,0,191,255,255,64,0,0,0,0,0,0,0,0,0,0,0,0,0,0,0,0,0,0,0,0,0,0,0,128,255,255,191,0,0,0,0,0,0,0,0,0,0,0,0,0,0,0,0,0,128,128,64,0,0,0,64,255,255,255,64,0,0,0,0,0,0,0,0,0,0,0,0,0,0,64,191,255,255,255,255,191,128,128,255,255,255,64,0,0,0,0,0,0,0,0,0,0,0,0,0,0,64,255,255,255,255,255,255,255,255,255,255,255,128,0,0,0,0,0,0,0,0,0,0,0,0,0,0,0,191,255,255,255,255,255,255,255,255,255,255,128,0,0,0,0,0,0,0,0,0,0,0,0,0,0,0,128,255,255,255,191,191,255,255,255,255,255,255,255,191,0,0,0,0,0,0,0,0,0,0,0,0,0,0,128,255,255,255,191,255,255,255,255,255,255,255,255,255,128,0,0,0,0,0,0,0,0,0,0,0,0,0,128,255,255,255,255,255,255,255,191,0,0,191,255,255,255,128,0,0,0,0,0,0,0,0,0,0,0,0,128,255,255,255,255,255,255,128,0,0,0,0,128,255,255,128,0,0,0,0,0,0,0,0,0,0,0,0,64,191,255,255,255,128,64,0,0,0,0,0,0,0,0,0,0,0,0,0,0,0,0,0,0,0,0,0,0,0,0,0,0,0,0,0,0,0,0,0,0,0,0,0,0,0,0,0,0,0,0,0,0,0,0,0,0,0,0,0,0,0,0,0,0,0,0,0,0,0,0,0,0,0,0,0,0,0,0,0,0,0,0,0,0,0,0,0,0,0,0,0,0,0,0,0,0,0,0,0,0,0,0,0,0,0,0,0,0,0,0,0,0,0,0,0,0,0,0,0,0,0,0,0,0,0,0,0,0,0,0,0,0,0,0,0,0,0,0,0,0,0,0,0,0,0,0,0,0,0,0,0,0,0,0,0,0,0,0,0,0,0,0
0,0,0,0,0,0,0,0,0,0,0,0,0,0,0,0,0,0,0,0,0,0,0,0,0,0,0,0,0,0,0,0,0,0,0,0,0,0,0,0,0,0,0,0,0,0,0,0,0,0,0,0,0,0,0,0,0,0,0,0,0,0,0,0,0,0,0,0,0,0,0,0,0,0,0,0,0,0,0,0,0,0,0,0,0,0,0,0,0,0,0,0,0,0,0,0,0,0,0,0,0,171,253,149,47,0,0,0,0,0,0,0,0,0,0,0,0,0,0,0,0,0,0,0,0,0,0,0,0,253,252,252,232,73,10,0,0,0,0,0,0,0,0,0,0,0,0,0,0,0,0,0,0,0,0,0,0,72,113,241,252,253,56,0,0,0,0,0,0,0,0,0,0,0,0,0,0,0,1,1,1,1,84,1,0,0,0,98,252,253,179,1,0,0,0,0,0,0,0,0,0,0,0,0,1,109,149,252,252,253,252,231,47,0,0,0,83,253,252,133,0,0,0,0,0,0,0,0,0,0,0,53,155,252,252,252,252,253,189,158,15,0,0,0,0,253,252,226,31,0,0,0,0,0,0,0,0,0,11,191,252,252,241,215,132,72,10,0,0,0,0,0,0,149,252,252,108,0,0,0,0,0,0,0,0,0,73,252,252,252,97,0,0,0,0,0,0,0,0,0,0,47,232,252,108,0,0,0,0,0,0,0,0,110,253,253,253,83,0,0,0,0,0,0,0,0,0,0,0,0,156,253,108,0,0,0,0,0,0,0,0,109,252,252,128,0,0,0,0,0,0,0,0,0,0,0,0,0,197,252,148,0,0,0,0,0,0,0,0,212,252,252,108,0,0,0,0,0,0,0,0,0,0,0,0,0,217,252,252,0,0,0,0,0,0,0,0,253,252,252,108,0,0,0,0,0,0,0,0,0,0,0,0,0,217,252,252,0,0,0,0,0,0,0,0,192,253,253,108,0,0,0,0,0,0,0,0,0,0,0,0,0,218,253,108,0,0,0,0,0,0,0,0,109,252,252,148,0,0,0,0,0,0,0,0,0,0,0,0,135,247,241,77,0,0,0,0,0,0,0,0,109,252,252,252,0,0,0,0,0,0,0,0,0,0,0,21,253,252,195,0,0,0,0,0,0,0,0,0,47,232,252,252,83,0,0,0,0,0,0,0,0,0,105,206,253,210,31,0,0,0,0,0,0,0,0,0,0,73,253,253,253,180,0,0,0,0,0,0,47,233,253,253,255,119,0,0,0,0,0,0,0,0,0,0,0,10,149,252,252,242,217,217,73,73,94,217,233,252,252,210,35,5,0,0,0,0,0,0,0,0,0,0,0,0,11,71,215,247,252,252,253,252,252,252,253,241,195,31,0,0,0,0,0,0,0,0,0,0,0,0,0,0,0,0,0,134,252,252,253,252,252,252,108,77,0,0,0,0,0,0,0,0,0,0,0,0,0,0,0,0,0,0,0,0,0,0,0,0,0,0,0,0,0,0,0,0,0,0,0,0,0,0,0,0,0,0,0,0,0,0,0,0,0,0,0,0,0,0,0,0,0,0,0,0,0,0,0,0,0,0,0,0,0,0,0,0,0,0,0,0,0,0,0,0,0,0,0,0,0,0,0,0,0,0,0,0,0,0,0,0,0,0,0,0,0,0,0,0,0,0,0,0,0,0,0,0,0,0,0,0,0,0,0,0,0,0,0,0,0,0,0,0,0,0,0,0,0,0,0,0,0,0,0,0,0,0,0,0,0,0,0,0,0,0
1,0,0,0,0,0,0,0,0,0,0,0,0,0,0,0,0,0,0,0,0,0,0,0,0,0,0,0,0,0,0,0,0,0,0,0,0,0,0,0,0,0,0,0,0,0,0,0,0,0,0,0,0,0,0,0,0,0,0,0,0,0,0,0,0,0,0,0,0,0,0,0,0,0,0,0,0,0,0,0,0,0,0,0,0,0,0,0,0,0,0,0,0,0,0,0,0,0,0,0,0,0,0,0,0,0,0,0,0,0,0,0,0,0,0,0,0,0,0,0,0,0,0,0,0,13,191,255,253,222,38,0,0,0,0,0,0,0,0,0,0,0,0,0,0,0,0,0,0,0,0,0,0,29,252,253,252,252,84,0,0,0,0,0,0,0,0,0,0,0,0,0,0,0,0,0,0,0,0,0,0,60,252,253,252,252,84,0,0,0,0,0,0,0,0,0,0,0,0,0,0,0,0,0,0,0,0,0,0,169,252,253,252,252,84,0,0,0,0,0,0,0,0,0,0,0,0,0,0,0,0,0,0,0,0,0,0,169,252,253,252,252,84,0,0,0,0,0,0,0,0,0,0,0,0,0,0,0,0,0,0,0,0,0,0,169,253,255,253,253,84,0,0,0,0,0,0,0,0,0,0,0,0,0,0,0,0,0,0,0,0,0,51,243,252,253,252,233,56,0,0,0,0,0,0,0,0,0,0,0,0,0,0,0,0,0,0,0,0,0,57,252,252,253,252,195,0,0,0,0,0,0,0,0,0,0,0,0,0,0,0,0,0,0,0,0,0,0,57,252,252,253,252,195,0,0,0,0,0,0,0,0,0,0,0,0,0,0,0,0,0,0,0,0,0,0,57,252,252,253,252,195,0,0,0,0,0,0,0,0,0,0,0,0,0,0,0,0,0,0,0,0,0,0,57,253,253,255,253,196,0,0,0,0,0,0,0,0,0,0,0,0,0,0,0,0,0,0,0,0,0,0,182,252,252,253,252,195,0,0,0,0,0,0,0,0,0,0,0,0,0,0,0,0,0,0,0,0,0,0,197,252,252,253,252,195,0,0,0,0,0,0,0,0,0,0,0,0,0,0,0,0,0,0,0,0,0,10,203,252,252,253,252,195,0,0,0,0,0,0,0,0,0,0,0,0,0,0,0,0,0,0,0,0,0,85,252,252,252,253,252,195,0,0,0,0,0,0,0,0,0,0,0,0,0,0,0,0,0,0,0,0,0,86,253,253,253,255,253,196,0,0,0,0,0,0,0,0,0,0,0,0,0,0,0,0,0,0,0,0,0,85,252,252,252,253,252,195,0,0,0,0,0,0,0,0,0,0,0,0,0,0,0,0,0,0,0,0,0,66,239,252,252,253,252,86,0,0,0,0,0,0,0,0,0,0,0,0,0,0,0,0,0,0,0,0,0,0,181,252,252,253,226,49,0,0,0,0,0,0,0,0,0,0,0,0,0,0,0,0,0,0,0,0,0,0,57,252,252,253,27,0,0,0,0,0,0,0,0,0,0,0,0,0,0,0,0,0,0,0,0,0,0,0,0,0,0,0,0,0,0,0,0,0,0,0,0,0,0,0,0,0,0,0,0,0,0,0,0,0,0,0,0,0,0,0,0,0,0,0,0,0,0,0,0,0,0,0,0,0,0,0,0,0,0,0,0,0,0,0,0,0,0,0,0,0,0,0,0,0,0,0,0,0,0,0,0,0,0,0,0,0,0,0,0,0,0,0,0,0,0,0,0,0,0,0,0,0,0,0,0,0,0,0,0
6,0,0,0,0,0,0,0,0,0,0,0,0,0,0,0,0,0,0,0,0,0,0,0,0,0,0,0,0,0,0,0,0,0,0,0,0,0,0,0,0,0,0,0,0,0,0,0,0,0,0,0,0,0,0,0,0,0,0,0,0,0,0,0,0,0,0,0,0,0,0,0,0,0,0,0,0,0,0,0,0,0,0,0,0,0,0,0,0,0,0,0,0,0,0,0,0,0,0,0,0,0,0,0,0,0,0,0,0,0,0,0,0,0,0,0,0,0,0,0,0,0,0,0,0,0,0,0,0,0,17,118,243,127,0,0,0,0,0,0,0,0,0,0,0,0,0,0,0,0,0,0,0,0,0,0,0,9,197,252,252,245,88,13,0,0,0,0,0,0,0,0,0,0,0,0,0,0,0,0,0,0,0,0,17,197,252,252,252,253,252,69,0,0,0,0,0,0,0,0,0,0,0,0,0,0,0,0,0,0,0,0,160,252,252,210,252,203,87,13,0,0,0,0,0,0,0,0,0,0,0,0,0,0,0,0,0,0,0,158,253,252,221,75,85,11,0,0,0,0,0,0,0,0,0,0,0,0,0,0,0,0,0,0,0,0,155,253,255,228,32,0,0,0,0,0,0,0,0,0,0,0,0,0,0,0,0,0,0,0,0,0,0,45,236,252,253,132,0,0,0,0,0,0,0,0,0,0,0,0,0,0,0,0,0,0,0,0,0,0,34,203,252,252,173,25,0,0,0,0,0,0,0,0,0,0,0,0,0,0,0,0,0,0,0,0,0,9,174,252,252,200,0,0,0,0,0,0,0,0,0,0,0,0,0,0,0,0,0,0,0,0,0,0,0,128,252,252,252,252,231,157,32,0,0,0,0,0,0,0,0,0,0,0,0,0,0,0,0,0,0,0,11,202,253,253,253,253,255,253,169,78,0,0,0,0,0,0,0,0,0,0,0,0,0,0,0,0,0,0,189,253,252,252,214,153,232,252,252,119,0,0,0,0,0,0,0,0,0,0,0,0,0,0,0,0,0,26,236,253,218,69,13,32,222,252,233,64,0,0,0,0,0,0,0,0,0,0,0,0,0,0,0,0,0,134,252,253,206,0,0,116,253,252,89,0,0,0,0,0,0,0,0,0,0,0,0,0,0,0,0,0,32,228,252,253,102,0,43,230,253,231,37,0,0,0,0,0,0,0,0,0,0,0,0,0,0,0,0,0,70,253,253,231,130,138,233,253,242,42,0,0,0,0,0,0,0,0,0,0,0,0,0,0,0,0,0,0,70,252,252,130,219,252,252,252,135,0,0,0,0,0,0,0,0,0,0,0,0,0,0,0,0,0,0,0,51,240,252,222,252,252,252,136,0,0,0,0,0,0,0,0,0,0,0,0,0,0,0,0,0,0,0,0,0,165,252,253,252,252,134,4,0,0,0,0,0,0,0,0,0,0,0,0,0,0,0,0,0,0,0,0,0,9,128,148,231,106,4,0,0,0,0,0,0,0,0,0,0,0,0,0,0,0,0,0,0,0,0,0,0,0,0,0,0,0,0,0,0,0,0,0,0,0,0,0,0,0,0,0,0,0,0,0,0,0,0,0,0,0,0,0,0,0,0,0,0,0,0,0,0,0,0,0,0,0,0,0,0,0,0,0,0,0,0,0,0,0,0,0,0,0,0,0,0,0,0,0,0,0,0,0,0,0,0,0,0,0,0,0,0,0,0,0,0,0,0,0,0,0,0,0,0,0,0,0,0,0,0,0,0,0,0,0,0
7,0,0,0,0,0,0,0,0,0,0,0,0,0,0,0,0,0,0,0,0,0,0,0,0,0,0,0,0,0,0,0,0,0,0,0,0,0,0,0,0,0,0,0,0,0,0,0,0,0,0,0,0,0,0,0,0,0,0,0,0,0,0,0,0,0,0,0,0,0,0,0,0,0,0,0,0,0,0,0,0,0,0,0,0,0,0,0,0,0,0,0,0,0,0,0,0,0,0,0,0,0,0,0,0,0,0,0,0,0,0,0,0,0,0,0,0,0,0,0,0,0,0,0,0,0,0,0,0,0,0,0,0,0,0,0,0,0,0,0,0,0,0,0,0,0,0,0,0,0,0,0,0,0,0,0,0,0,0,0,0,0,0,0,0,0,0,0,0,0,0,0,0,0,0,0,0,0,0,0,0,0,0,0,0,0,0,0,0,0,0,0,0,0,0,0,0,0,0,0,0,0,0,0,0,0,0,0,5,7,7,7,40,130,170,151,237,254,254,82,0,0,0,0,0,0,0,0,0,0,0,0,78,136,136,136,214,253,253,253,253,253,253,253,253,253,253,75,0,0,0,0,0,0,0,0,0,0,0,0,132,235,237,251,235,235,235,235,235,137,117,233,253,246,123,8,0,0,0,0,0,0,0,0,0,0,0,0,0,0,13,90,0,0,0,0,0,0,94,253,253,154,0,0,0,0,0,0,0,0,0,0,0,0,0,0,0,0,0,0,0,0,0,0,0,61,234,253,181,60,0,0,0,0,0,0,0,0,0,0,0,0,0,0,0,0,0,0,0,0,0,0,11,207,253,179,14,0,0,0,0,0,0,0,0,0,0,0,0,0,0,0,0,0,0,0,0,0,0,11,161,253,200,15,0,0,0,0,0,0,0,0,0,0,0,0,0,0,0,0,0,0,0,0,0,0,0,87,253,239,79,0,0,0,0,0,0,0,0,0,0,0,0,0,0,0,0,0,0,0,0,0,0,0,128,234,253,91,0,0,0,0,0,0,0,0,0,0,0,0,0,0,0,0,0,0,0,0,0,0,0,68,234,238,158,15,0,0,0,0,0,0,0,0,0,0,0,0,0,0,0,0,0,0,0,0,0,0,34,234,253,158,0,0,0,0,0,0,0,0,0,0,0,0,0,0,0,0,0,0,0,0,0,0,0,11,166,253,173,15,0,0,0,0,0,0,0,0,0,0,0,0,0,0,0,0,0,0,0,0,0,0,0,137,253,237,51,0,0,0,0,0,0,0,0,0,0,0,0,0,0,0,0,0,0,0,0,0,0,0,69,238,238,74,0,0,0,0,0,0,0,0,0,0,0,0,0,0,0,0,0,0,0,0,0,0,0,22,239,253,164,0,0,0,0,0,0,0,0,0,0,0,0,0,0,0,0,0,0,0,0,0,0,0,0,134,253,172,11,0,0,0,0,0,0,0,0,0,0,0,0,0,0,0,0,0,0,0,0,0,0,0,69,244,253,93,0,0,0,0,0,0,0,0,0,0,0,0,0,0,0,0,0,0,0,0,0,0,0,0,143,253,253,226,43,0,0,0,0,0,0,0,0,0,0,0,0,0,0,0,0,0,0,0,0,0,0,12,248,253,253,98,0,0,0,0,0,0,0,0,0,0,0,0,0,0,0,0,0,0,0,0,0,0,0,7,199,253,162,2,0,0,0,0,0,0,0,0,0,0,0,0,0,0,0,0,0,0,0,0,0,0,0,0,0,0,0,0,0,0,0,0,0,0,0,0,0,0,0,0,0,0,0,0,0
2,0,0,0,0,0,0,0,0,0,0,0,0,0,0,0,0,0,0,0,0,0,0,0,0,0,0,0,0,0,0,0,0,0,0,0,0,0,0,0,0,0,0,0,0,0,0,0,0,0,0,0,0,0,0,0,0,0,0,0,0,0,0,0,0,0,0,0,0,0,0,0,0,0,0,0,0,0,0,0,0,0,0,0,0,0,0,0,0,0,0,0,0,0,0,0,0,0,0,0,0,0,0,0,0,0,71,121,0,0,0,0,0,0,0,0,0,0,0,0,0,0,0,0,0,0,0,0,0,0,0,0,96,241,248,253,0,0,0,0,0,0,0,0,0,0,0,0,0,0,0,0,0,0,0,0,0,0,25,193,245,253,253,253,0,0,0,0,0,0,0,0,0,0,0,0,0,0,0,0,0,0,0,0,73,194,225,253,253,253,253,140,0,0,0,0,0,0,0,0,0,0,0,0,0,0,0,0,0,0,0,29,234,253,253,253,253,253,250,88,0,0,0,0,0,0,0,0,0,0,0,0,0,0,0,0,0,0,0,108,253,253,211,101,124,253,211,0,0,0,0,0,0,0,0,0,0,0,0,0,0,0,0,0,0,0,0,91,213,170,17,30,187,253,107,0,0,0,0,0,0,0,0,0,0,0,0,0,0,0,0,0,0,0,0,0,0,0,0,187,253,236,39,0,0,0,0,0,0,0,0,0,0,0,0,0,0,0,0,0,0,0,0,0,0,0,40,226,251,143,0,0,0,0,0,0,0,0,0,0,0,0,0,0,0,0,0,0,0,0,0,0,0,0,138,253,213,0,0,0,0,0,0,0,0,0,0,0,0,0,0,0,0,0,0,0,0,0,0,0,0,144,254,254,150,0,0,0,0,0,0,0,0,0,0,0,0,0,0,0,0,80,128,241,241,241,242,241,241,251,253,253,135,0,0,0,0,0,0,0,0,0,0,0,0,0,0,80,200,247,253,253,253,253,254,253,253,253,253,253,249,228,96,0,0,0,0,0,0,0,0,0,0,0,123,247,253,194,81,39,51,253,254,253,253,228,173,190,253,253,107,0,0,0,0,0,0,0,0,0,0,191,248,232,81,14,0,43,147,253,254,253,143,36,0,12,85,253,107,0,0,0,0,0,0,0,0,0,90,250,233,66,0,12,145,229,253,253,229,73,7,0,0,0,41,253,107,0,0,0,0,0,0,0,0,0,213,253,224,174,174,191,253,253,251,213,42,0,0,0,0,0,41,253,107,0,0,0,0,0,0,0,0,0,255,253,253,253,253,253,249,212,88,0,0,0,0,0,0,0,41,253,107,0,0,0,0,0,0,0,0,0,170,240,240,240,240,211,90,0,0,0,0,0,0,0,0,0,39,240,101,0,0,0,0,0,0,0,0,0,0,0,0,0,0,0,0,0,0,0,0,0,0,0,0,0,0,0,0,0,0,0,0,0,0,0,0,0,0,0,0,0,0,0,0,0,0,0,0,0,0,0,0,0,0,0,0,0,0,0,0,0,0,0,0,0,0,0,0,0,0,0,0,0,0,0,0,0,0,0,0,0,0,0,0,0,0,0,0,0,0,0,0,0,0,0,0,0,0,0,0,0,0,0,0,0,0,0,0,0,0,0,0,0,0,0,0,0,0,0,0,0,0,0,0,0,0,0,0,0,0,0,0,0,0,0,0,0,0,0,0,0,0,0,0,0,0,0,0,0,0,0,0,0,0,0,0,0,0,0,0,0,0,0,0,0,0,0,0,0,0,0,0,0,0
9,0,0,0,0,0,0,0,0,0,0,0,0,0,0,0,0,0,0,0,0,0,0,0,0,0,0,0,0,0,0,0,0,0,0,0,0,0,0,0,0,0,0,0,0,0,0,0,0,0,0,0,0,0,0,0,0,0,0,0,0,0,0,0,0,0,0,0,0,0,0,0,0,0,0,0,0,0,0,0,0,0,0,0,0,0,0,0,0,0,0,0,0,0,0,0,0,0,0,0,0,0,0,0,0,0,0,0,0,0,0,0,0,0,0,0,0,0,0,0,0,0,0,0,0,0,0,0,0,0,0,0,0,0,0,0,0,0,0,0,0,0,0,0,0,0,0,0,0,0,0,0,0,0,0,0,0,0,0,0,0,0,0,0,0,0,0,0,0,0,0,0,0,0,0,0,0,0,0,0,0,0,25,82,144,143,235,244,143,31,0,0,0,0,0,0,0,0,0,0,0,0,0,0,0,0,0,0,61,133,233,252,253,252,252,252,252,154,6,0,0,0,0,0,0,0,0,0,0,0,0,0,0,0,0,35,240,252,252,252,253,252,252,252,252,252,21,0,0,0,0,0,0,0,0,0,0,0,0,0,0,0,29,222,252,248,196,121,107,10,10,195,252,206,10,0,0,0,0,0,0,0,0,0,0,0,0,0,0,0,56,252,252,136,0,0,0,0,66,249,252,93,0,0,0,0,0,0,0,0,0,0,0,0,0,0,0,0,56,252,247,56,0,0,0,0,100,252,252,55,0,0,0,0,0,0,0,0,0,0,0,0,0,0,0,0,56,252,252,105,12,12,12,89,173,252,252,236,20,0,0,0,0,0,0,0,0,0,0,0,0,0,0,0,22,200,252,252,252,252,253,252,252,252,252,218,18,0,0,0,0,0,0,0,0,0,0,0,0,0,0,0,0,62,246,252,252,252,253,252,252,252,178,14,0,0,0,0,0,0,0,0,0,0,0,0,0,0,0,0,0,0,30,100,176,252,253,252,252,185,12,0,0,0,0,0,0,0,0,0,0,0,0,0,0,0,0,0,0,0,0,6,148,253,255,245,134,0,0,0,0,0,0,0,0,0,0,0,0,0,0,0,0,0,0,0,0,0,0,122,252,252,253,110,0,0,0,0,0,0,0,0,0,0,0,0,0,0,0,0,0,0,0,0,0,0,5,193,252,252,139,13,0,0,0,0,0,0,0,0,0,0,0,0,0,0,0,0,0,0,0,0,0,0,174,252,246,134,0,0,0,0,0,0,0,0,0,0,0,0,0,0,0,0,0,0,0,0,0,0,0,82,245,252,151,0,0,0,0,0,0,0,0,0,0,0,0,0,0,0,0,0,0,0,0,0,0,0,44,241,252,218,14,0,0,0,0,0,0,0,0,0,0,0,0,0,0,0,0,0,0,0,0,0,0,0,109,252,252,108,0,0,0,0,0,0,0,0,0,0,0,0,0,0,0,0,0,0,0,0,0,0,0,33,218,252,250,82,0,0,0,0,0,0,0,0,0,0,0,0,0,0,0,0,0,0,0,0,0,0,0,132,252,252,159,0,0,0,0,0,0,0,0,0,0,0,0,0,0,0,0,0,0,0,0,0,0,0,0,75,214,252,35,0,0,0,0,0,0,0,0,0,0,0,0,0,0,0,0,0,0,0,0,0,0,0,0,0,0,0,0,0,0,0,0,0,0,0,0,0,0,0,0,0,0,0,0,0,0,0,0,0,0,0,0,0,0,0,0,0,0,0,0,0,0,0,0,0,0,0,0,0,0,0,0
1,0,0,0,0,0,0,0,0,0,0,0,0,0,0,0,0,0,0,0,0,0,0,0,0,0,0,0,0,0,0,0,0,0,0,0,0,0,0,0,0,0,0,0,0,0,0,0,0,0,0,0,0,0,0,0,0,0,0,0,0,0,0,0,0,0,0,0,0,0,0,0,0,0,0,0,0,0,0,0,0,0,0,0,0,0,0,0,0,0,0,0,0,0,0,0,0,0,0,0,0,0,0,0,0,0,0,0,0,0,0,0,0,0,0,0,0,0,0,0,0,0,0,0,0,45,253,205,126,0,0,0,0,0,0,0,0,0,0,0,0,0,0,0,0,0,0,0,0,0,0,0,0,45,252,252,220,0,0,0,0,0,0,0,0,0,0,0,0,0,0,0,0,0,0,0,0,0,0,0,0,8,198,252,248,64,0,0,0,0,0,0,0,0,0,0,0,0,0,0,0,0,0,0,0,0,0,0,0,0,187,252,253,77,0,0,0,0,0,0,0,0,0,0,0,0,0,0,0,0,0,0,0,0,0,0,0,0,187,252,253,101,0,0,0,0,0,0,0,0,0,0,0,0,0,0,0,0,0,0,0,0,0,0,0,0,187,252,253,100,0,0,0,0,0,0,0,0,0,0,0,0,0,0,0,0,0,0,0,0,0,0,0,0,187,252,253,129,0,0,0,0,0,0,0,0,0,0,0,0,0,0,0,0,0,0,0,0,0,0,0,0,187,252,253,186,0,0,0,0,0,0,0,0,0,0,0,0,0,0,0,0,0,0,0,0,0,0,0,0,187,252,253,186,0,0,0,0,0,0,0,0,0,0,0,0,0,0,0,0,0,0,0,0,0,0,0,0,187,252,253,186,0,0,0,0,0,0,0,0,0,0,0,0,0,0,0,0,0,0,0,0,0,0,0,0,188,253,255,125,0,0,0,0,0,0,0,0,0,0,0,0,0,0,0,0,0,0,0,0,0,0,0,0,187,252,245,57,0,0,0,0,0,0,0,0,0,0,0,0,0,0,0,0,0,0,0,0,0,0,0,0,187,252,233,30,0,0,0,0,0,0,0,0,0,0,0,0,0,0,0,0,0,0,0,0,0,0,0,0,187,252,253,77,0,0,0,0,0,0,0,0,0,0,0,0,0,0,0,0,0,0,0,0,0,0,0,0,187,252,253,77,0,0,0,0,0,0,0,0,0,0,0,0,0,0,0,0,0,0,0,0,0,0,0,0,187,252,242,50,0,0,0,0,0,0,0,0,0,0,0,0,0,0,0,0,0,0,0,0,0,0,0,0,187,252,251,75,0,0,0,0,0,0,0,0,0,0,0,0,0,0,0,0,0,0,0,0,0,0,0,0,187,252,253,186,0,0,0,0,0,0,0,0,0,0,0,0,0,0,0,0,0,0,0,0,0,0,0,0,187,252,253,186,0,0,0,0,0,0,0,0,0,0,0,0,0,0,0,0,0,0,0,0,0,0,0,0,58,238,239,57,0,0,0,0,0,0,0,0,0,0,0,0,0,0,0,0,0,0,0,0,0,0,0,0,0,0,0,0,0,0,0,0,0,0,0,0,0,0,0,0,0,0,0,0,0,0,0,0,0,0,0,0,0,0,0,0,0,0,0,0,0,0,0,0,0,0,0,0,0,0,0,0,0,0,0,0,0,0,0,0,0,0,0,0,0,0,0,0,0,0,0,0,0,0,0,0,0,0,0,0,0,0,0,0,0,0,0,0,0,0,0,0,0,0,0,0,0,0,0,0,0,0,0
1,0,0,0,0,0,0,0,0,0,0,0,0,0,0,0,0,0,0,0,0,0,0,0,0,0,0,0,0,0,0,0,0,0,0,0,0,0,0,0,0,0,0,0,0,0,0,0,0,0,0,0,0,0,0,0,0,0,0,0,0,0,0,0,0,0,0,0,0,0,0,0,0,0,0,0,0,0,0,0,0,0,0,0,0,0,0,0,0,0,0,0,0,0,0,0,0,0,0,0,0,0,0,0,0,0,0,0,0,0,0,0,0,0,0,0,0,0,0,0,0,0,0,0,0,0,91,224,14,0,0,0,0,0,0,0,0,0,0,0,0,0,0,0,0,0,0,0,0,0,0,0,0,0,59,254,108,0,0,0,0,0,0,0,0,0,0,0,0,0,0,0,0,0,0,0,0,0,0,0,0,0,90,254,44,0,0,0,0,0,0,0,0,0,0,0,0,0,0,0,0,0,0,0,0,0,0,0,0,0,59,254,89,0,0,0,0,0,0,0,0,0,0,0,0,0,0,0,0,0,0,0,0,0,0,0,0,0,59,254,133,0,0,0,0,0,0,0,0,0,0,0,0,0,0,0,0,0,0,0,0,0,0,0,0,0,59,254,133,0,0,0,0,0,0,0,0,0,0,0,0,0,0,0,0,0,0,0,0,0,0,0,0,0,59,254,195,0,0,0,0,0,0,0,0,0,0,0,0,0,0,0,0,0,0,0,0,0,0,0,0,0,59,254,135,0,0,0,0,0,0,0,0,0,0,0,0,0,0,0,0,0,0,0,0,0,0,0,0,0,25,237,217,0,0,0,0,0,0,0,0,0,0,0,0,0,0,0,0,0,0,0,0,0,0,0,0,0,0,224,223,0,0,0,0,0,0,0,0,0,0,0,0,0,0,0,0,0,0,0,0,0,0,0,0,0,0,224,223,0,0,0,0,0,0,0,0,0,0,0,0,0,0,0,0,0,0,0,0,0,0,0,0,0,0,224,247,45,0,0,0,0,0,0,0,0,0,0,0,0,0,0,0,0,0,0,0,0,0,0,0,0,0,224,254,58,0,0,0,0,0,0,0,0,0,0,0,0,0,0,0,0,0,0,0,0,0,0,0,0,0,224,254,58,0,0,0,0,0,0,0,0,0,0,0,0,0,0,0,0,0,0,0,0,0,0,0,0,0,224,254,58,0,0,0,0,0,0,0,0,0,0,0,0,0,0,0,0,0,0,0,0,0,0,0,0,0,205,254,58,0,0,0,0,0,0,0,0,0,0,0,0,0,0,0,0,0,0,0,0,0,0,0,0,0,134,254,58,0,0,0,0,0,0,0,0,0,0,0,0,0,0,0,0,0,0,0,0,0,0,0,0,0,144,254,58,0,0,0,0,0,0,0,0,0,0,0,0,0,0,0,0,0,0,0,0,0,0,0,0,0,224,254,90,0,0,0,0,0,0,0,0,0,0,0,0,0,0,0,0,0,0,0,0,0,0,0,0,0,129,212,38,0,0,0,0,0,0,0,0,0,0,0,0,0,0,0,0,0,0,0,0,0,0,0,0,0,0,0,0,0,0,0,0,0,0,0,0,0,0,0,0,0,0,0,0,0,0,0,0,0,0,0,0,0,0,0,0,0,0,0,0,0,0,0,0,0,0,0,0,0,0,0,0,0,0,0,0,0,0,0,0,0,0,0,0,0,0,0,0,0,0,0,0,0,0,0,0,0,0,0,0,0,0,0,0,0,0,0,0,0,0,0,0,0,0,0,0,0,0,0,0,0,0,0
2,0,0,0,0,0,0,0,0,0,0,0,0,0,0,0,0,0,0,0,0,0,0,0,0,0,0,0,0,0,0,0,0,0,0,0,0,0,0,0,0,0,0,0,0,0,0,0,0,0,0,0,0,0,0,0,0,0,0,0,0,0,0,0,0,0,0,0,0,0,0,0,0,0,0,0,0,0,0,0,0,0,0,0,0,0,0,0,0,0,0,0,0,0,0,0,0,50,163,224,201,45,0,0,0,0,0,0,0,0,0,0,0,0,0,0,0,0,0,0,0,0,0,12,145,239,216,160,226,214,15,0,0,0,0,0,0,0,0,0,0,0,0,0,0,0,0,0,0,0,23,196,228,75,6,0,19,223,120,0,0,0,0,0,0,0,0,0,0,0,0,0,0,0,0,0,0,0,39,226,38,0,0,0,0,149,188,1,0,0,0,0,0,0,0,0,0,0,0,0,0,0,0,0,0,0,22,63,0,0,0,0,0,65,254,7,0,0,0,0,0,0,0,0,0,0,0,0,0,0,0,0,0,0,0,0,0,0,0,0,0,47,254,7,0,0,0,0,0,0,0,0,0,0,0,0,0,0,0,0,0,0,0,0,0,0,0,0,0,33,245,7,0,0,0,0,0,0,0,0,0,0,0,0,0,0,0,0,0,0,0,0,0,0,0,0,0,47,254,7,0,0,0,0,0,0,0,0,0,0,0,0,0,0,0,0,0,0,0,0,0,0,0,0,0,87,254,7,0,0,0,0,0,0,0,0,0,0,0,0,0,0,0,0,0,0,0,0,0,0,0,0,0,194,233,5,0,0,0,0,0,0,0,0,0,0,0,0,0,0,0,0,0,0,0,0,0,0,0,0,10,222,147,0,0,0,0,0,0,0,0,0,0,0,0,0,0,0,0,0,0,0,0,0,0,0,0,0,99,254,31,0,0,0,0,0,0,0,0,0,0,0,0,0,0,0,0,0,0,0,0,0,0,22,0,0,198,213,4,0,0,0,0,0,0,0,0,0,0,0,0,0,0,0,0,0,0,0,3,12,153,249,207,124,255,82,0,0,0,0,0,0,0,0,0,0,0,0,0,0,0,0,0,0,0,0,132,192,21,94,221,254,190,13,0,0,0,0,0,0,0,0,0,0,0,0,0,0,0,0,0,0,0,9,226,150,0,0,150,254,59,0,0,0,0,0,0,0,0,0,0,0,0,0,0,0,0,0,0,0,0,16,254,45,1,107,251,251,55,0,0,0,0,0,0,0,0,0,0,0,0,0,0,0,0,0,0,0,0,5,209,197,159,250,166,160,248,49,0,0,0,0,0,0,0,0,0,0,0,0,0,0,0,0,0,0,0,0,82,200,174,85,0,52,222,232,73,55,55,41,0,0,0,0,0,0,0,0,0,0,0,0,0,0,0,0,0,0,0,0,0,0,16,174,254,254,242,87,0,0,0,0,0,0,0,0,0,0,0,0,0,0,0,0,0,0,0,0,0,0,0,0,0,0,0,0,0,0,0,0,0,0,0,0,0,0,0,0,0,0,0,0,0,0,0,0,0,0,0,0,0,0,0,0,0,0,0,0,0,0,0,0,0,0,0,0,0,0,0,0,0,0,0,0,0,0,0,0,0,0,0,0,0,0,0,0,0,0,0,0,0,0,0,0,0,0,0,0,0,0,0,0,0,0,0,0,0,0,0,0,0,0,0,0,0,0,0,0,0,0,0,0,0,0,0,0,0,0,0,0,0,0,0,0,0,0,0,0,0,0,0,0,0,0,0
7,0,0,0,0,0,0,0,0,0,0,0,0,0,0,0,0,0,0,0,0,0,0,0,0,0,0,0,0,0,0,0,0,0,0,0,0,0,0,0,0,0,0,0,0,0,0,0,0,0,0,0,0,0,0,0,0,0,0,0,0,0,0,0,0,0,0,0,0,0,0,0,0,0,0,0,0,0,0,0,0,0,0,0,0,0,0,0,0,0,0,0,0,0,0,0,0,0,0,0,0,0,0,0,0,0,0,0,0,0,0,0,0,0,0,0,0,0,0,0,0,0,0,0,0,0,0,0,0,0,0,0,0,0,0,0,0,0,0,0,0,0,0,0,0,0,0,0,0,0,0,0,0,0,0,0,0,0,0,0,0,0,0,0,0,0,0,0,0,0,0,0,0,0,0,0,0,0,0,0,0,0,0,0,0,0,0,0,0,0,0,0,0,0,0,0,0,0,0,0,0,0,0,0,0,0,0,0,0,0,0,0,0,0,0,0,0,0,0,0,0,0,0,0,0,0,0,0,0,0,0,0,0,0,0,0,0,0,0,0,0,0,0,0,0,0,0,0,0,0,0,0,0,0,0,0,114,206,113,113,50,0,101,88,0,0,0,0,0,76,113,114,75,57,253,112,0,0,0,0,0,0,0,0,238,252,252,252,237,226,249,246,225,225,226,225,225,243,252,253,243,231,252,112,0,0,0,0,0,0,0,0,222,252,252,252,252,253,252,252,252,252,253,252,252,252,252,253,252,252,252,112,0,0,0,0,0,0,0,0,101,223,223,223,223,225,249,252,252,236,253,242,223,227,236,146,249,252,252,112,0,0,0,0,0,0,0,0,0,0,0,0,0,0,100,112,112,50,112,74,0,13,50,0,225,252,236,50,0,0,0,0,0,0,0,0,0,0,0,0,0,0,0,0,0,0,0,0,0,0,0,0,226,253,162,0,0,0,0,0,0,0,0,0,0,0,0,0,0,0,0,0,0,0,0,0,0,0,0,38,234,201,9,0,0,0,0,0,0,0,0,0,0,0,0,0,0,0,0,0,0,0,0,0,0,0,0,113,252,195,0,0,0,0,0,0,0,0,0,0,0,0,0,0,0,0,0,0,0,0,0,0,0,0,0,128,252,195,0,0,0,0,0,0,0,0,0,0,0,0,0,0,0,0,0,0,0,0,0,0,0,0,0,253,252,118,0,0,0,0,0,0,0,0,0,0,0,0,0,0,0,0,0,0,0,0,0,0,0,0,141,255,215,31,0,0,0,0,0,0,0,0,0,0,0,0,0,0,0,0,0,0,0,0,0,0,0,0,140,253,42,0,0,0,0,0,0,0,0,0,0,0,0,0,0,0,0,0,0,0,0,0,0,0,0,0,140,253,27,0,0,0,0,0,0,0,0,0,0,0,0,0,0,0,0,0,0,0,0,0,0,0,0,19,215,253,27,0,0,0,0,0,0,0,0,0,0,0,0,0,0,0,0,0,0,0,0,0,0,0,0,29,252,253,27,0,0,0,0,0,0,0,0,0,0,0,0,0,0,0,0,0,0,0,0,0,0,0,26,207,253,255,27,0,0,0,0,0,0,0,0,0,0,0,0,0,0,0,0,0,0,0,0,0,0,0,57,252,252,215,18,0,0,0,0,0,0,0,0,0,0,0,0,0,0,0,0,0,0,0,0,0,0,0,57,252,252,110,0,0,0,0,0,0,0,0,0,0,0,0,0,0,0,0,0,0,0,0,0,0,0,0,57,252,236,0,0,0,0,0,0,0,0,0,0
1,0,0,0,0,0,0,0,0,0,0,0,0,0,0,0,0,0,0,0,0,0,0,0,0,0,0,0,0,0,0,0,0,0,0,0,0,0,0,0,0,0,0,0,0,0,0,0,0,0,0,0,0,0,0,0,0,0,0,0,0,0,0,0,0,0,0,0,0,0,0,0,0,0,0,0,0,0,0,0,0,0,0,0,0,0,0,0,0,0,0,0,0,0,0,0,0,0,0,0,0,0,0,0,0,0,0,0,0,0,0,0,0,0,0,0,0,0,0,0,0,0,0,0,47,243,109,0,0,0,0,0,0,0,0,0,0,0,0,0,0,0,0,0,0,0,0,0,0,0,0,0,120,211,108,0,0,0,0,0,0,0,0,0,0,0,0,0,0,0,0,0,0,0,0,0,0,0,0,0,161,252,185,7,0,0,0,0,0,0,0,0,0,0,0,0,0,0,0,0,0,0,0,0,0,0,0,0,161,252,252,22,0,0,0,0,0,0,0,0,0,0,0,0,0,0,0,0,0,0,0,0,0,0,0,22,244,252,252,75,0,0,0,0,0,0,0,0,0,0,0,0,0,0,0,0,0,0,0,0,0,0,0,11,203,253,253,253,0,0,0,0,0,0,0,0,0,0,0,0,0,0,0,0,0,0,0,0,0,0,0,0,140,252,252,252,0,0,0,0,0,0,0,0,0,0,0,0,0,0,0,0,0,0,0,0,0,0,0,0,47,252,252,252,0,0,0,0,0,0,0,0,0,0,0,0,0,0,0,0,0,0,0,0,0,0,0,0,47,252,252,252,0,0,0,0,0,0,0,0,0,0,0,0,0,0,0,0,0,0,0,0,0,0,0,0,5,190,252,252,53,0,0,0,0,0,0,0,0,0,0,0,0,0,0,0,0,0,0,0,0,0,0,0,0,185,253,253,116,0,0,0,0,0,0,0,0,0,0,0,0,0,0,0,0,0,0,0,0,0,0,0,0,184,252,252,116,0,0,0,0,0,0,0,0,0,0,0,0,0,0,0,0,0,0,0,0,0,0,0,0,82,240,252,199,0,0,0,0,0,0,0,0,0,0,0,0,0,0,0,0,0,0,0,0,0,0,0,0,0,207,252,239,34,0,0,0,0,0,0,0,0,0,0,0,0,0,0,0,0,0,0,0,0,0,0,0,0,207,252,253,92,0,0,0,0,0,0,0,0,0,0,0,0,0,0,0,0,0,0,0,0,0,0,0,0,93,253,255,103,0,0,0,0,0,0,0,0,0,0,0,0,0,0,0,0,0,0,0,0,0,0,0,0,76,248,253,236,65,0,0,0,0,0,0,0,0,0,0,0,0,0,0,0,0,0,0,0,0,0,0,0,0,146,253,252,202,13,0,0,0,0,0,0,0,0,0,0,0,0,0,0,0,0,0,0,0,0,0,0,0,21,253,252,252,139,0,0,0,0,0,0,0,0,0,0,0,0,0,0,0,0,0,0,0,0,0,0,0,0,33,211,252,160,0,0,0,0,0,0,0,0,0,0,0,0,0,0,0,0,0,0,0,0,0,0,0,0,0,0,0,0,0,0,0,0,0,0,0,0,0,0,0,0,0,0,0,0,0,0,0,0,0,0,0,0,0,0,0,0,0,0,0,0,0,0,0,0,0,0,0,0,0,0,0,0,0,0,0,0,0,0,0,0,0,0,0,0,0,0,0,0,0,0,0,0,0,0,0,0,0,0,0,0,0,0,0,0,0,0,0,0,0,0,0,0,0,0,0,0,0,0,0,0,0
7,0,0,0,0,0,0,0,0,0,0,0,0,0,0,0,0,0,0,0,0,0,0,0,0,0,0,0,0,0,0,0,0,0,0,0,0,0,0,0,0,0,0,0,0,0,0,0,0,0,0,0,0,0,0,0,0,0,0,0,0,0,0,0,0,0,0,0,0,0,0,0,0,0,0,0,0,0,0,0,0,0,0,0,0,0,0,0,0,0,0,0,0,0,0,0,0,0,0,0,0,0,0,0,0,0,0,0,0,0,0,0,0,0,0,0,0,0,0,0,0,0,0,0,0,0,0,0,0,0,0,0,0,0,0,0,0,0,0,0,0,0,0,0,0,0,0,0,0,0,0,0,0,0,0,0,0,0,0,0,0,0,0,0,0,0,0,0,0,0,0,0,0,0,0,0,0,0,0,0,0,0,0,0,0,0,0,0,0,0,0,0,0,0,0,0,0,0,0,0,0,0,0,0,0,0,0,0,0,0,36,63,63,63,63,100,115,197,230,42,0,0,0,0,0,0,0,0,0,0,0,0,0,0,21,123,126,193,240,254,254,254,254,254,254,254,221,27,0,0,0,0,0,0,0,0,0,0,0,0,43,188,236,254,254,254,254,254,254,239,166,254,254,254,150,0,0,0,0,0,0,0,0,0,0,0,0,56,213,254,254,186,57,4,4,4,4,4,7,222,255,253,95,0,0,0,0,0,0,0,0,0,0,0,25,230,254,254,246,37,0,0,0,0,0,0,102,254,254,168,14,0,0,0,0,0,0,0,0,0,0,0,99,254,254,246,75,0,0,0,0,0,0,65,240,254,254,121,0,0,0,0,0,0,0,0,0,0,0,0,63,241,222,37,0,0,0,0,0,0,46,244,254,254,140,2,0,0,0,0,0,0,0,0,0,0,0,0,0,32,17,0,0,0,0,0,0,0,92,248,254,222,50,0,0,0,0,0,0,0,0,0,0,0,0,0,0,0,0,0,0,0,0,0,0,36,199,254,251,88,0,0,0,0,0,0,0,0,0,0,0,0,0,0,0,0,0,0,0,0,0,0,10,174,254,254,227,0,0,0,0,0,0,0,0,0,0,0,0,0,0,0,0,0,0,0,0,0,0,0,54,254,254,252,104,0,0,0,0,0,0,0,0,0,0,0,0,0,0,0,0,0,0,0,0,0,0,0,109,254,254,198,20,0,0,0,0,0,0,0,0,0,0,0,0,0,0,0,0,0,0,0,0,0,0,46,205,254,254,62,0,0,0,0,0,0,0,0,0,0,0,0,0,0,0,0,0,0,0,0,0,0,9,154,254,254,150,4,0,0,0,0,0,0,0,0,0,0,0,0,0,0,0,0,0,0,0,0,0,0,147,254,254,203,0,0,0,0,0,0,0,0,0,0,0,0,0,0,0,0,0,0,0,0,0,0,0,172,251,254,254,189,0,0,0,0,0,0,0,0,0,0,0,0,0,0,0,0,0,0,0,0,0,0,37,228,254,254,217,33,0,0,0,0,0,0,0,0,0,0,0,0,0,0,0,0,0,0,0,0,0,0,183,254,254,254,119,0,0,0,0,0,0,0,0,0,0,0,0,0,0,0,0,0,0,0,0,0,0,35,247,254,252,123,2,0,0,0,0,0,0,0,0,0,0,0,0,0,0,0,0,0,0,0,0,0,0,30,164,234,110,0,0,0,0,0,0,0,0,0,0,0,0,0,0,0,0,0,0,0,0,0,0,0,0,0,0,0,0,0,0,0,0,0,0,0,0,0,0,0,0,0,0,0,0
9,0,0,0,0,0,0,0,0,0,0,0,0,0,0,0,0,0,0,0,0,0,0,0,0,0,0,0,0,0,0,0,0,0,0,0,0,0,0,0,0,0,0,0,0,0,0,0,0,0,0,0,0,0,0,0,0,0,0,0,0,0,0,0,0,0,0,0,0,0,0,0,0,0,0,0,0,0,0,0,0,0,0,0,0,0,0,0,0,0,0,0,0,0,0,0,0,0,0,0,0,0,0,0,0,0,0,0,0,0,0,0,0,0,0,0,0,0,0,0,0,0,0,0,0,0,0,0,0,0,0,0,0,0,0,0,0,0,0,0,0,0,0,0,0,0,0,0,0,0,31,105,105,105,219,253,255,165,253,253,122,31,0,0,0,0,0,0,0,0,0,0,0,0,0,0,48,208,221,252,252,252,241,192,218,252,252,223,192,56,0,0,0,0,0,0,0,0,0,0,0,0,0,135,221,252,252,250,237,96,73,0,37,88,88,47,0,0,0,0,0,0,0,0,0,0,0,0,0,0,50,229,252,252,146,118,0,0,0,0,0,0,0,0,0,0,0,0,0,0,0,0,0,0,0,0,0,0,148,252,238,29,4,0,0,0,14,75,224,188,27,0,0,0,0,0,0,0,0,0,0,0,0,0,0,0,253,252,237,0,0,0,0,0,45,252,253,252,193,0,0,0,0,0,0,0,0,0,0,0,0,0,0,0,174,252,245,134,95,0,0,0,45,252,253,252,157,0,0,0,0,0,0,0,0,0,0,0,0,0,0,0,6,158,252,252,248,238,238,238,240,252,253,252,88,0,0,0,0,0,0,0,0,0,0,0,0,0,0,0,0,14,67,207,246,252,252,252,217,207,253,252,202,0,0,0,0,16,159,193,0,0,0,0,0,0,0,0,0,0,0,0,92,103,103,103,24,0,165,252,245,79,0,106,149,185,225,103,0,0,0,0,0,0,0,0,0,0,0,0,0,0,0,0,0,0,0,209,253,253,253,253,253,102,0,0,0,0,0,0,0,0,0,0,0,0,0,0,0,0,0,0,0,0,61,218,252,252,252,244,192,11,0,0,0,0,0,0,0,0,0,0,0,0,0,0,0,0,0,0,3,104,253,252,252,252,252,126,0,0,0,0,0,0,0,0,0,0,0,0,0,0,0,0,0,0,0,0,116,252,253,252,252,252,252,74,0,0,0,0,0,0,0,0,0,0,0,0,0,0,0,0,0,0,0,80,245,252,222,142,38,212,252,74,0,0,0,0,0,0,0,0,0,0,0,0,0,0,0,0,0,0,0,90,252,252,44,0,2,135,252,74,0,0,0,0,0,0,0,0,0,0,0,0,0,0,0,0,0,0,0,90,252,252,80,0,95,252,252,74,0,0,0,0,0,0,0,0,0,0,0,0,0,0,0,0,0,0,0,58,231,252,247,238,247,252,225,48,0,0,0,0,0,0,0,0,0,0,0,0,0,0,0,0,0,0,0,0,72,207,253,252,252,230,58,0,0,0,0,0,0,0,0,0,0,0,0,0,0,0,0,0,0,0,0,0,0,0,104,103,103,55,0,0,0,0,0,0,0,0,0,0,0,0,0,0,0,0,0,0,0,0,0,0,0,0,0,0,0,0,0,0,0,0,0,0,0,0,0,0,0,0,0,0,0,0,0,0,0,0,0,0,0,0,0,0,0,0,0,0,0,0,0,0,0,0,0,0,0,0,0,0,0,0,0,0,0,0,0,0,0,0,0,0,0,0,0,0,0,0,0,0,0,0,0
2,0,0,0,0,0,0,0,0,0,0,0,0,0,0,0,0,0,0,0,0,0,0,0,0,0,0,0,0,0,0,0,0,0,0,0,0,0,0,0,0,0,0,0,0,0,0,0,0,0,0,0,0,0,0,0,0,0,0,0,0,0,0,0,0,0,0,0,0,0,0,0,0,0,0,0,0,0,0,0,0,0,0,0,0,0,0,0,0,0,0,0,0,26,146,151,255,171,47,14,0,0,0,0,0,0,0,0,0,0,0,0,0,0,0,0,0,0,0,0,2,152,253,253,253,253,253,209,118,0,0,0,0,0,0,0,0,0,0,0,0,0,0,0,0,0,0,0,6,253,253,253,253,253,253,253,242,157,5,0,0,0,0,0,0,0,0,0,0,0,0,0,0,0,0,0,6,253,253,253,253,253,251,219,253,253,229,29,0,0,0,0,0,0,0,0,0,0,0,0,0,0,0,0,6,253,253,253,253,226,116,14,132,253,253,83,0,0,0,0,0,0,0,0,0,0,0,0,0,0,0,0,3,201,250,243,201,18,0,0,10,189,253,202,5,0,0,0,0,0,0,0,0,0,0,0,0,0,0,0,0,17,66,0,0,0,0,0,0,63,253,253,78,0,0,0,0,0,0,0,0,0,0,0,0,0,0,0,0,0,0,0,0,0,0,0,0,22,253,253,119,0,0,0,0,0,0,0,0,0,0,0,0,0,0,0,0,0,0,0,0,0,0,0,0,22,253,253,171,0,0,0,0,0,0,0,0,0,0,0,0,0,0,0,0,0,0,0,0,0,0,0,0,8,198,253,244,52,0,0,0,0,0,0,0,0,0,0,0,0,0,0,0,0,0,0,0,0,0,0,0,0,168,253,253,81,0,0,0,0,0,0,0,0,0,0,0,0,0,0,0,0,0,0,0,0,0,0,0,12,212,253,253,81,0,0,0,0,0,0,0,0,0,0,0,0,0,0,0,0,0,0,0,0,0,0,0,22,253,253,253,81,0,0,0,0,0,0,0,0,0,0,0,0,0,0,0,0,74,148,206,206,206,206,166,112,253,253,243,50,0,0,0,0,0,0,0,0,0,0,0,0,0,0,1,93,224,253,253,253,253,253,253,253,253,253,226,0,0,0,0,0,0,0,0,0,0,0,0,0,0,0,6,253,253,253,253,253,253,253,253,253,253,253,233,21,0,0,0,0,0,0,0,0,0,0,0,0,0,0,6,253,253,253,253,218,150,82,165,253,253,253,253,170,0,0,0,0,0,0,0,0,0,0,0,0,0,0,6,253,253,253,159,3,3,56,228,253,253,253,253,252,102,0,0,0,0,0,0,0,0,0,0,0,0,0,6,253,253,253,239,179,183,253,253,253,253,154,75,149,109,0,0,0,0,0,0,0,0,0,0,0,0,0,4,163,253,253,253,253,253,253,253,253,228,28,0,0,0,0,0,0,0,0,0,0,0,0,0,0,0,0,0,0,0,0,0,0,0,0,0,0,0,0,0,0,0,0,0,0,0,0,0,0,0,0,0,0,0,0,0,0,0,0,0,0,0,0,0,0,0,0,0,0,0,0,0,0,0,0,0,0,0,0,0,0,0,0,0,0,0,0,0,0,0,0,0,0,0,0,0,0,0,0,0,0,0,0,0,0,0,0,0,0,0,0,0,0,0,0,0,0,0,0,0,0,0,0,0,0,0,0,0,0,0,0,0,0,0,0,0,0,0,0,0,0,0,0,0,0,0,0,0,0,0,0,0,0,0,0,0,0,0,0,0
4,0,0,0,0,0,0,0,0,0,0,0,0,0,0,0,0,0,0,0,0,0,0,0,0,0,0,0,0,0,0,0,0,0,0,0,0,0,0,0,0,0,0,0,0,0,0,0,0,0,0,0,0,0,0,0,0,0,0,0,0,0,0,0,0,0,0,0,0,0,0,0,0,0,0,0,0,0,0,0,0,0,0,0,0,0,0,0,0,0,0,0,0,0,0,0,0,0,0,0,0,0,0,0,0,0,0,0,0,0,0,0,0,0,0,0,0,0,0,0,0,0,0,0,0,0,0,0,0,0,0,0,0,0,0,0,0,0,0,0,0,0,0,0,0,0,0,0,0,0,0,189,245,51,0,0,0,0,0,0,0,0,0,0,0,0,0,0,0,0,0,0,0,0,0,0,0,0,0,244,254,166,0,0,0,0,152,140,13,0,0,0,0,0,0,0,0,0,0,0,0,0,0,0,0,0,0,244,254,213,0,0,0,0,250,254,168,0,0,0,0,0,0,0,0,0,0,0,0,0,0,0,0,0,31,247,254,179,0,0,0,0,250,254,173,0,0,0,0,0,0,0,0,0,0,0,0,0,0,0,0,0,108,254,254,95,0,0,0,40,251,254,89,0,0,0,0,0,0,0,0,0,0,0,0,0,0,0,0,0,213,254,254,95,0,0,0,163,254,254,89,0,0,0,0,0,0,0,0,0,0,0,0,0,0,0,0,86,253,254,243,48,0,0,3,232,254,254,89,0,0,0,0,0,0,0,0,0,0,0,0,0,0,0,0,90,254,254,164,0,0,0,107,254,254,252,80,0,0,0,0,0,0,0,0,0,0,0,0,0,0,0,0,90,254,254,146,160,160,160,240,254,254,205,0,0,0,0,0,0,0,0,0,0,0,0,0,0,0,0,0,172,254,254,254,254,255,254,255,254,254,107,0,0,0,0,0,0,0,0,0,0,0,0,0,0,0,0,0,208,254,254,254,254,236,177,242,254,254,107,0,0,0,0,0,0,0,0,0,0,0,0,0,0,0,0,0,75,244,254,246,140,32,0,214,254,250,67,0,0,0,0,0,0,0,0,0,0,0,0,0,0,0,0,0,0,21,23,21,0,0,0,214,254,243,0,0,0,0,0,0,0,0,0,0,0,0,0,0,0,0,0,0,0,0,0,0,0,0,82,254,254,243,0,0,0,0,0,0,0,0,0,0,0,0,0,0,0,0,0,0,0,0,0,0,0,0,196,254,254,229,0,0,0,0,0,0,0,0,0,0,0,0,0,0,0,0,0,0,0,0,0,0,0,0,196,254,254,102,0,0,0,0,0,0,0,0,0,0,0,0,0,0,0,0,0,0,0,0,0,0,0,0,196,254,254,5,0,0,0,0,0,0,0,0,0,0,0,0,0,0,0,0,0,0,0,0,0,0,0,48,242,254,254,83,0,0,0,0,0,0,0,0,0,0,0,0,0,0,0,0,0,0,0,0,0,0,0,9,204,254,254,148,0,0,0,0,0,0,0,0,0,0,0,0,0,0,0,0,0,0,0,0,0,0,0,0,105,236,202,3,0,0,0,0,0,0,0,0,0,0,0,0,0,0,0,0,0,0,0,0,0,0,0,0,0,0,0,0,0,0,0,0,0,0,0,0,0,0,0,0,0,0,0,0,0,0,0,0,0,0,0,0,0,0,0,0,0,0,0,0,0,0,0,0,0,0,0,0,0,0,0,0,0,0,0,0,0,0,0,0,0,0,0,0,0,0,0,0,0,0,0,0,0,0
7,0,0,0,0,0,0,0,0,0,0,0,0,0,0,0,0,0,0,0,0,0,0,0,0,0,0,0,0,0,0,0,0,0,0,0,0,0,0,0,0,0,0,0,0,0,0,0,0,0,0,0,0,0,0,0,0,0,0,0,0,0,0,0,0,0,0,0,0,0,0,0,0,0,0,0,0,0,0,0,0,0,0,0,0,0,0,0,0,0,0,0,0,0,0,0,0,0,0,0,0,0,0,0,0,0,0,0,0,0,0,0,0,0,0,0,0,0,0,0,0,0,0,0,0,0,0,0,0,0,0,0,0,0,0,0,0,0,0,0,0,0,0,0,0,0,0,0,0,0,0,0,0,0,0,0,0,0,0,0,0,0,0,0,0,0,0,0,0,0,0,0,0,0,0,0,0,0,0,0,0,0,0,0,0,0,0,0,0,0,0,0,0,0,0,0,0,0,0,18,67,67,22,0,0,0,0,8,67,67,67,67,67,5,0,0,0,0,0,0,0,0,0,0,0,0,0,220,254,254,235,226,226,226,226,229,254,254,254,254,254,158,7,0,0,0,0,0,0,0,0,0,0,0,0,36,154,251,254,254,254,254,244,244,244,245,244,244,254,254,50,0,0,0,0,0,0,0,0,0,0,0,0,0,0,135,85,120,85,85,3,0,0,0,0,4,197,254,140,0,0,0,0,0,0,0,0,0,0,0,0,0,0,0,0,0,0,0,0,0,0,0,0,0,169,254,232,14,0,0,0,0,0,0,0,0,0,0,0,0,0,0,0,0,0,0,0,0,0,0,0,0,123,252,254,82,0,0,0,0,0,0,0,0,0,0,0,0,0,0,0,0,0,0,0,0,0,0,0,0,0,236,254,169,0,0,0,0,0,0,0,0,0,0,0,0,0,0,0,0,0,0,0,0,0,0,0,0,0,144,254,219,6,0,0,0,0,0,0,0,0,0,0,0,0,0,0,0,0,0,0,0,0,0,0,0,0,97,254,254,90,0,0,0,0,0,0,0,0,0,0,0,0,0,0,0,0,0,0,0,0,0,0,0,0,13,219,254,138,0,0,0,0,0,0,0,0,0,0,0,0,0,0,0,0,0,0,0,0,0,0,0,0,0,114,255,198,0,0,0,0,0,0,0,0,0,0,0,0,0,0,0,0,0,0,0,0,0,0,0,0,0,114,254,226,20,0,0,0,0,0,0,0,0,0,0,0,0,0,0,0,0,0,0,0,0,0,0,0,0,40,254,254,111,0,0,0,0,0,0,0,0,0,0,0,0,0,0,0,0,0,0,0,0,0,0,0,0,7,204,254,159,0,0,0,0,0,0,0,0,0,0,0,0,0,0,0,0,0,0,0,0,0,0,0,0,0,127,254,230,13,0,0,0,0,0,0,0,0,0,0,0,0,0,0,0,0,0,0,0,0,0,0,0,0,86,254,254,219,0,0,0,0,0,0,0,0,0,0,0,0,0,0,0,0,0,0,0,0,0,0,0,0,57,251,254,254,0,0,0,0,0,0,0,0,0,0,0,0,0,0,0,0,0,0,0,0,0,0,0,0,0,154,254,254,0,0,0,0,0,0,0,0,0,0,0,0,0,0,0,0,0,0,0,0,0,0,0,0,0,65,239,243,0,0,0,0,0,0,0,0,0,0,0,0,0,0,0,0,0,0,0,0,0,0,0,0,0,0,32,41,0,0,0,0,0,0,0,0,0,0,0,0,0,0,0,0,0,0,0,0,0,0,0,0,0,0,0,0,0,0,0,0,0,0
8,0,0,0,0,0,0,0,0,0,0,0,0,0,0,0,0,0,0,0,0,0,0,0,0,0,0,0,0,0,0,0,0,0,0,0,0,0,0,0,0,0,0,0,0,0,0,0,0,0,0,0,0,0,0,0,0,0,0,0,0,0,0,0,0,0,0,0,0,0,0,0,0,0,0,0,0,0,0,0,0,0,0,0,0,0,0,0,0,0,0,0,0,0,0,0,0,0,0,0,0,0,0,0,0,0,0,0,0,0,0,0,0,0,0,0,0,0,0,0,0,0,0,0,0,0,0,0,0,54,249,87,0,0,0,0,0,0,0,0,0,0,0,0,0,0,0,0,0,0,0,0,0,0,0,0,0,126,248,61,0,0,0,0,0,0,0,0,0,0,0,0,0,0,0,0,0,0,0,0,0,0,0,0,27,225,233,0,0,122,118,0,0,0,0,0,0,0,0,0,0,0,0,0,0,0,0,0,0,0,0,0,163,254,149,11,132,234,33,0,0,0,0,0,0,0,0,0,0,0,0,0,0,0,0,0,0,0,0,13,231,185,11,169,254,112,0,0,0,0,0,0,0,0,0,0,0,0,0,0,0,0,0,0,0,0,0,165,224,44,79,252,114,2,0,0,0,0,0,0,0,0,0,0,0,0,0,0,0,0,0,0,0,0,55,247,92,114,250,111,0,0,0,0,0,0,0,0,0,0,0,0,0,0,0,0,0,0,0,0,0,0,171,242,146,242,195,0,0,0,0,0,0,0,0,0,0,0,0,0,0,0,0,0,0,0,0,0,0,0,196,253,247,202,17,0,0,0,0,0,0,0,0,0,0,0,0,0,0,0,0,0,0,0,0,0,0,11,208,254,196,20,0,0,0,0,0,0,0,0,0,0,0,0,0,0,0,0,0,0,0,0,0,0,0,89,254,254,92,0,0,0,0,0,0,0,0,0,0,0,0,0,0,0,0,0,0,0,0,0,0,0,15,207,247,253,92,0,0,0,0,0,0,0,0,0,0,0,0,0,0,0,0,0,0,0,0,0,0,0,145,243,82,234,163,0,0,0,0,0,0,0,0,0,0,0,0,0,0,0,0,0,0,0,0,0,0,32,238,205,0,192,244,44,0,0,0,0,0,0,0,0,0,0,0,0,0,0,0,0,0,0,0,0,0,186,254,147,0,68,254,66,0,0,0,0,0,0,0,0,0,0,0,0,0,0,0,0,0,0,0,0,0,190,247,31,0,13,231,162,0,0,0,0,0,0,0,0,0,0,0,0,0,0,0,0,0,0,0,0,0,190,244,0,0,14,239,162,0,0,0,0,0,0,0,0,0,0,0,0,0,0,0,0,0,0,0,0,0,190,254,162,8,91,254,102,0,0,0,0,0,0,0,0,0,0,0,0,0,0,0,0,0,0,0,0,0,137,217,254,197,248,239,39,0,0,0,0,0,0,0,0,0,0,0,0,0,0,0,0,0,0,0,0,0,0,69,166,254,154,69,0,0,0,0,0,0,0,0,0,0,0,0,0,0,0,0,0,0,0,0,0,0,0,0,0,0,0,0,0,0,0,0,0,0,0,0,0,0,0,0,0,0,0,0,0,0,0,0,0,0,0,0,0,0,0,0,0,0,0,0,0,0,0,0,0,0,0,0,0,0,0,0,0,0,0,0,0,0,0,0,0,0,0,0,0,0,0,0,0,0,0,0,0,0,0,0,0,0,0,0,0,0,0,0,0,0,0,0,0,0,0,0,0,0,0,0,0,0,0,0,0,0,0,0
7,0,0,0,0,0,0,0,0,0,0,0,0,0,0,0,0,0,0,0,0,0,0,0,0,0,0,0,0,0,0,0,0,0,0,0,0,0,0,0,0,0,0,0,0,0,0,0,0,0,0,0,0,0,0,0,0,0,0,0,0,0,0,0,0,0,0,0,0,0,0,0,0,0,0,0,0,0,0,0,0,0,0,0,0,0,0,0,0,0,0,0,0,0,0,0,0,0,0,0,0,0,0,0,0,0,0,0,0,0,0,0,0,0,0,0,0,0,0,0,0,0,0,0,0,0,0,0,0,0,0,0,0,0,0,0,0,0,0,0,0,0,0,0,0,0,0,0,0,0,0,0,0,0,0,0,0,0,0,0,0,0,0,0,0,0,0,0,0,0,0,0,0,0,0,0,0,0,72,227,189,85,31,69,27,2,0,0,0,0,0,0,0,0,0,0,0,0,0,0,0,0,0,0,0,0,43,213,254,254,254,254,254,208,170,95,0,0,0,0,0,0,0,0,0,0,0,0,0,0,0,0,0,0,0,8,23,41,96,45,129,179,254,162,0,0,0,0,0,0,0,0,0,0,0,0,0,0,0,0,0,0,0,0,0,0,0,0,0,16,254,110,0,0,0,0,0,0,0,0,0,0,0,0,0,0,0,0,0,0,0,0,0,0,0,0,0,56,254,110,0,0,0,0,0,0,0,0,0,0,0,0,0,0,0,0,0,0,0,0,0,0,0,0,0,94,254,40,0,0,0,0,0,0,0,0,0,0,0,0,0,0,0,0,0,0,0,0,0,0,0,0,0,167,224,9,0,0,0,0,0,0,0,0,0,0,0,0,0,0,0,0,0,0,0,0,0,0,0,0,0,186,171,0,0,0,0,0,0,0,0,0,0,0,0,0,0,0,0,0,0,11,190,167,111,88,88,144,183,254,154,88,87,47,0,0,0,0,0,0,0,0,0,0,0,0,0,0,0,8,127,223,254,243,238,140,238,174,87,87,60,39,0,0,0,0,0,0,0,0,0,0,0,0,0,0,0,0,0,13,38,27,25,75,249,88,0,0,0,0,0,0,0,0,0,0,0,0,0,0,0,0,0,0,0,0,0,0,0,0,0,120,251,14,0,0,0,0,0,0,0,0,0,0,0,0,0,0,0,0,0,0,0,0,0,0,0,0,6,220,154,0,0,0,0,0,0,0,0,0,0,0,0,0,0,0,0,0,0,0,0,0,0,0,0,0,55,254,94,0,0,0,0,0,0,0,0,0,0,0,0,0,0,0,0,0,0,0,0,0,0,0,0,0,167,200,13,0,0,0,0,0,0,0,0,0,0,0,0,0,0,0,0,0,0,0,0,0,0,0,0,30,247,140,0,0,0,0,0,0,0,0,0,0,0,0,0,0,0,0,0,0,0,0,0,0,0,0,0,62,251,78,0,0,0,0,0,0,0,0,0,0,0,0,0,0,0,0,0,0,0,0,0,0,0,0,4,169,213,0,0,0,0,0,0,0,0,0,0,0,0,0,0,0,0,0,0,0,0,0,0,0,0,0,35,254,167,0,0,0,0,0,0,0,0,0,0,0,0,0,0,0,0,0,0,0,0,0,0,0,0,0,25,196,144,0,0,0,0,0,0,0,0,0,0,0,0,0,0,0,0,0,0,0,0,0,0,0,0,0,0,0,0,0,0,0,0,0,0,0,0,0,0,0,0,0,0,0,0,0,0,0,0,0,0,0,0,0,0,0,0,0,0,0,0,0,0,0,0,0,0,0,0,0,0
9,0,0,0,0,0,0,0,0,0,0,0,0,0,0,0,0,0,0,0,0,0,0,0,0,0,0,0,0,0,0,0,0,0,0,0,0,0,0,0,0,0,0,0,0,0,0,0,0,0,0,0,0,0,0,0,0,0,0,0,0,0,0,0,0,0,0,0,0,0,0,0,0,0,0,0,0,0,0,0,0,0,0,0,0,0,0,0,0,0,0,0,0,0,0,0,0,0,0,0,0,0,0,0,0,0,0,0,0,0,0,0,0,0,0,0,0,0,0,0,0,0,0,0,0,0,0,0,0,0,0,0,0,0,0,0,0,0,0,0,0,0,0,0,0,0,0,0,0,0,0,0,0,0,0,0,0,0,0,0,0,0,0,0,0,0,0,0,0,0,0,0,0,0,0,0,0,0,0,0,0,0,0,0,0,0,0,0,0,0,0,0,0,0,0,0,0,0,0,0,0,0,0,0,0,0,0,0,0,0,0,57,136,254,254,254,254,26,0,0,0,0,0,0,0,0,0,0,0,0,0,0,0,0,0,0,34,139,222,249,253,254,253,253,253,239,21,0,0,0,0,0,0,0,0,0,0,0,0,0,0,0,5,141,240,254,240,221,137,138,54,54,213,254,73,0,0,0,0,0,0,0,0,0,0,0,0,0,0,26,189,253,253,136,31,0,0,0,0,0,59,254,206,0,0,0,0,0,0,0,0,0,0,0,0,0,26,221,254,188,25,0,0,0,0,0,0,7,170,255,207,0,0,0,0,0,0,0,0,0,0,0,0,5,189,254,194,21,0,0,0,0,0,0,0,24,253,216,60,0,0,0,0,0,0,0,0,0,0,0,0,66,253,146,4,0,0,0,0,0,0,0,5,145,253,134,0,0,0,0,0,0,0,0,0,0,0,0,0,182,253,0,0,0,0,0,0,0,0,0,114,253,219,0,0,0,0,0,0,0,0,0,0,0,0,0,47,254,254,0,0,0,0,0,0,32,104,221,254,239,25,0,0,0,0,0,0,0,0,0,0,0,0,0,21,211,253,206,138,138,138,139,189,241,236,220,253,128,0,0,0,0,0,0,0,0,0,0,0,0,0,0,0,74,253,254,253,253,253,254,240,145,29,78,232,25,0,0,0,0,0,0,0,0,0,0,0,0,0,0,0,7,69,186,253,210,160,103,31,0,0,195,173,0,0,0,0,0,0,0,0,0,0,0,0,0,0,0,0,0,0,0,0,0,0,0,0,0,60,236,50,0,0,0,0,0,0,0,0,0,0,0,0,0,0,0,0,0,0,0,0,0,0,0,0,5,189,184,0,0,0,0,0,0,0,0,0,0,0,0,0,0,0,0,0,0,0,0,0,0,0,0,0,99,253,101,0,0,0,0,0,0,0,0,0,0,0,0,0,0,0,0,0,0,0,0,0,0,0,0,0,149,219,0,0,0,0,0,0,0,0,0,0,0,0,0,0,0,0,0,0,0,0,0,0,0,0,0,55,237,136,0,0,0,0,0,0,0,0,0,0,0,0,0,0,0,0,0,0,0,0,0,0,0,0,0,155,223,31,0,0,0,0,0,0,0,0,0,0,0,0,0,0,0,0,0,0,0,0,0,0,0,0,32,241,171,0,0,0,0,0,0,0,0,0,0,0,0,0,0,0,0,0,0,0,0,0,0,0,0,0,45,245,104,0,0,0,0,0,0,0,0,0,0,0,0,0,0,0,0,0,0,0,0,0,0,0,0,0,0,0,0,0,0,0,0,0,0,0,0,0,0,0,0,0
9,0,0,0,0,0,0,0,0,0,0,0,0,0,0,0,0,0,0,0,0,0,0,0,0,0,0,0,0,0,0,0,0,0,0,0,0,0,0,0,0,0,0,0,0,0,0,0,0,0,0,0,0,0,0,0,0,0,0,0,0,0,0,0,0,0,0,0,0,0,0,0,0,0,0,0,0,0,0,0,0,0,0,0,0,0,0,0,0,0,0,0,0,0,0,0,0,0,0,0,0,0,0,0,0,0,0,0,0,0,0,0,0,0,0,0,0,0,0,0,0,0,0,0,0,0,0,0,0,0,0,0,0,0,0,0,0,0,0,0,0,0,0,0,0,0,0,0,0,0,0,0,0,0,0,0,0,0,0,0,0,0,0,0,0,0,0,0,0,0,0,0,0,0,0,0,0,0,0,0,128,128,255,255,255,255,64,0,0,0,0,0,0,0,0,0,0,0,0,0,0,0,0,0,0,0,0,191,255,255,255,255,255,255,255,255,0,0,0,0,0,0,0,0,0,0,0,0,0,0,0,0,0,0,191,255,255,255,128,64,64,255,255,255,64,0,0,0,0,0,0,0,0,0,0,0,0,0,0,0,0,64,255,255,191,0,0,0,0,255,255,255,0,0,0,0,0,0,0,0,0,0,0,0,0,0,0,0,0,128,255,255,128,0,0,0,0,255,255,255,0,0,0,0,0,0,0,0,0,0,0,0,0,0,0,0,0,128,255,255,128,0,0,0,0,255,255,255,0,0,0,0,0,0,0,0,0,0,0,0,0,0,0,0,0,0,255,255,128,0,0,0,0,255,255,191,0,0,0,0,0,0,0,0,0,0,0,0,0,0,0,0,0,0,191,255,128,0,0,0,0,255,255,128,0,0,0,0,0,0,0,0,0,0,0,0,0,0,0,0,0,0,128,255,128,0,0,64,255,255,255,128,0,0,0,0,0,0,0,0,0,0,0,0,0,0,0,0,0,0,0,255,255,255,128,191,255,255,255,128,0,0,0,0,0,0,0,0,0,0,0,0,0,0,0,0,0,0,0,128,255,255,255,191,128,255,255,64,0,0,0,0,0,0,0,0,0,0,0,0,0,0,0,0,0,0,0,0,0,0,0,0,0,255,255,0,0,0,0,0,0,0,0,0,0,0,0,0,0,0,0,0,0,0,0,0,0,0,0,0,0,255,255,0,0,0,0,0,0,0,0,0,0,0,0,0,0,0,0,0,0,0,0,0,0,0,0,0,0,255,255,0,0,0,0,0,0,0,0,0,0,0,0,0,0,0,0,0,0,0,0,0,0,0,0,0,64,255,255,0,0,0,0,0,0,0,0,0,0,0,0,0,0,0,0,0,0,0,0,0,0,0,0,0,0,255,191,0,0,0,0,0,0,0,0,0,0,0,0,0,0,0,0,0,0,0,0,0,0,0,0,0,128,255,255,0,0,0,0,0,0,0,0,0,0,0,0,0,0,0,0,0,0,0,0,0,0,0,0,0,128,255,191,0,0,0,0,0,0,0,0,0,0,0,0,0,0,0,0,0,0,0,0,0,191,255,191,128,255,255,128,0,0,0,0,0,0,0,0,0,0,0,0,0,0,0,0,0,0,0,0,0,64,255,255,255,255,128,64,0,0,0,0,0,0,0,0,0,0,0,0,0,0,0,0,0,0,0,0,0,0,0,0,0,0,0,0,0,0,0,0,0,0,0,0,0,0,0,0,0,0,0,0,0,0,0,0,0,0,0,0,0,0,0,0,0,0,0,0,0,0,0,0,0,0
7,0,0,0,0,0,0,0,0,0,0,0,0,0,0,0,0,0,0,0,0,0,0,0,0,0,0,0,0,0,0,0,0,0,0,0,0,0,0,0,0,0,0,0,0,0,0,0,0,0,0,0,0,0,0,0,0,0,0,0,0,0,0,0,0,0,0,0,0,0,0,0,0,0,0,0,0,0,0,0,0,0,0,0,0,0,0,0,0,0,0,0,0,0,0,0,0,0,0,0,0,0,0,0,0,0,0,0,0,0,0,0,0,0,0,0,0,0,0,0,0,0,0,0,0,0,0,0,0,0,0,0,0,0,0,0,0,0,0,0,0,0,0,0,0,0,0,0,0,0,0,0,0,0,0,0,0,0,0,0,0,0,0,0,0,0,0,0,0,0,0,0,0,0,0,0,0,0,30,77,189,255,176,239,248,165,82,0,0,0,0,0,0,0,0,0,0,0,0,0,0,19,85,152,196,241,246,254,254,254,254,254,254,254,193,2,0,0,0,0,0,0,0,0,0,0,0,0,0,108,254,254,254,254,252,221,236,187,37,118,254,254,254,57,0,0,0,0,0,0,0,0,0,0,0,0,0,12,93,128,128,121,38,14,26,3,0,63,254,254,254,54,0,0,0,0,0,0,0,0,0,0,0,0,0,0,0,0,0,0,0,0,0,0,0,103,254,254,210,5,0,0,0,0,0,0,0,0,0,0,0,0,0,0,0,0,0,0,0,0,0,0,0,121,254,254,209,6,0,0,0,0,0,0,0,0,0,0,0,0,0,0,0,0,0,0,0,0,0,0,0,121,254,254,254,9,0,0,0,0,0,0,0,0,0,0,0,0,0,0,0,0,0,0,0,0,0,0,0,145,254,254,254,9,0,0,0,0,0,0,0,0,0,0,0,0,0,0,0,0,0,0,0,0,0,0,0,210,254,254,254,237,237,237,216,229,27,0,0,0,0,0,0,0,0,0,0,0,0,0,0,0,13,66,212,248,254,254,239,154,70,31,20,29,0,0,0,0,0,0,0,0,0,0,0,0,0,8,147,210,222,254,254,254,254,254,100,0,0,0,0,0,0,0,0,0,0,0,0,0,0,0,0,0,0,0,81,248,254,237,157,235,254,254,85,0,0,0,0,0,0,0,0,0,0,0,0,0,0,0,0,0,0,0,0,49,71,5,0,210,254,254,85,0,0,0,0,0,0,0,0,0,0,0,0,0,0,0,0,0,0,0,0,0,0,0,0,210,254,254,85,0,0,0,0,0,0,0,0,0,0,0,0,0,0,0,0,0,0,0,0,0,0,0,0,210,254,252,62,0,0,0,0,0,0,0,0,0,0,0,0,0,0,0,0,0,0,0,0,0,0,0,41,250,254,253,77,0,0,0,0,0,0,0,0,0,0,0,0,0,0,0,0,0,0,0,0,0,0,0,77,254,254,250,12,0,0,0,0,0,0,0,0,0,0,0,0,0,0,0,0,0,0,0,0,0,0,0,108,254,254,249,0,0,0,0,0,0,0,0,0,0,0,0,0,0,0,0,0,0,0,0,0,0,0,0,45,254,254,244,0,0,0,0,0,0,0,0,0,0,0,0,0,0,0,0,0,0,0,0,0,0,0,0,29,238,216,73,0,0,0,0,0,0,0,0,0,0,0,0,0,0,0,0,0,0,0,0,0,0,0,0,0,0,0,0,0,0,0,0,0,0,0,0,0,0,0,0,0,0,0,0,0,0,0,0,0,0,0,0,0,0,0,0,0,0,0,0,0,0,0,0,0,0,0
9,0,0,0,0,0,0,0,0,0,0,0,0,0,0,0,0,0,0,0,0,0,0,0,0,0,0,0,0,0,0,0,0,0,0,0,0,0,0,0,0,0,0,0,0,0,0,0,0,0,0,0,0,0,0,0,0,0,0,0,0,0,0,0,0,0,0,0,0,0,0,0,0,0,0,0,0,0,0,0,0,0,0,0,0,0,0,0,0,0,0,0,0,0,0,0,0,0,0,0,0,0,0,0,0,0,0,0,0,0,0,0,0,0,0,0,0,0,0,0,0,0,0,0,0,0,0,0,0,0,0,0,0,0,0,0,0,0,0,0,0,0,0,0,0,0,0,0,0,0,0,0,0,0,0,0,0,0,0,0,0,0,0,0,0,0,0,0,0,0,0,0,0,0,0,0,0,0,0,0,0,0,0,0,0,0,0,0,0,0,0,0,0,0,0,0,0,0,0,0,0,0,0,0,0,0,0,0,0,0,0,0,14,77,145,131,0,0,0,189,192,152,0,0,0,0,0,0,0,0,0,0,0,0,0,0,0,44,120,173,244,254,254,254,103,0,0,11,124,151,0,0,0,0,0,0,0,0,0,0,0,0,0,22,119,246,254,254,254,214,205,241,246,8,0,23,223,151,0,0,0,0,0,0,0,0,0,0,0,7,93,232,254,242,219,135,51,7,0,31,213,128,0,160,254,139,0,0,0,0,0,0,0,0,0,0,6,100,254,253,194,36,0,0,0,0,0,83,237,211,8,219,225,13,0,0,0,0,0,0,0,0,0,0,67,254,237,80,0,0,0,0,8,21,168,236,254,152,0,204,54,0,0,0,0,0,0,0,0,0,0,0,152,254,100,0,0,0,85,106,245,254,254,254,227,34,0,88,0,0,0,0,0,0,0,0,0,0,0,0,209,254,220,188,251,251,254,254,254,254,254,226,33,0,0,0,0,0,0,0,0,0,0,0,0,0,0,0,221,254,254,254,254,254,218,93,64,239,244,36,0,0,0,205,181,0,0,0,0,0,0,0,0,0,0,0,41,151,132,202,121,59,12,11,219,249,101,0,0,0,0,167,76,0,0,0,0,0,0,0,0,0,0,0,0,0,0,0,0,0,0,143,254,138,0,0,0,0,0,0,0,0,0,0,0,0,0,0,0,0,0,0,0,0,0,0,0,0,31,245,229,26,0,0,0,0,0,0,0,0,0,0,0,0,0,0,0,0,0,0,0,0,0,0,0,2,201,254,56,0,0,0,0,0,0,0,0,0,0,0,0,0,0,0,0,0,0,0,0,0,0,0,3,170,254,187,11,0,0,0,0,0,0,0,0,0,0,0,0,0,0,0,0,0,0,0,0,0,0,0,120,254,236,16,0,0,0,0,0,0,0,0,0,0,0,0,0,0,0,0,0,0,0,0,0,0,0,40,249,254,51,0,0,0,0,0,0,0,0,0,0,0,0,0,0,0,0,0,0,0,0,0,0,0,46,235,250,95,1,0,0,0,0,0,0,0,0,0,0,0,0,0,0,0,0,0,0,0,0,0,0,6,202,252,126,0,0,0,0,0,0,0,0,0,0,0,0,0,0,0,0,0,0,0,0,0,0,0,0,55,254,191,0,0,0,0,0,0,0,0,0,0,0,0,0,0,0,0,0,0,0,0,0,0,0,0,0,170,198,16,0,0,0,0,0,0,0,0,0,0,0,0,0,0,0,0,0,0,0,0,0,0,0,0,0,0,0,0,0,0,0,0,0,0,0,0,0,0,0,0,0,0,0,0,0
2,0,0,0,0,0,0,0,0,0,0,0,0,0,0,0,0,0,0,0,0,0,0,0,0,0,0,0,0,0,0,0,0,0,0,0,0,0,0,0,0,0,0,0,0,0,0,0,0,0,0,0,0,0,0,0,0,0,0,0,0,0,0,0,0,0,0,0,0,13,110,137,137,137,57,0,0,0,0,0,0,0,0,0,0,0,0,0,0,0,0,0,0,0,0,0,43,225,254,254,254,254,182,13,0,0,0,0,0,0,0,0,0,0,0,0,0,0,0,0,0,0,0,17,224,254,254,254,254,254,254,168,0,0,0,0,0,0,0,0,0,0,0,0,0,0,0,0,0,0,0,18,228,254,254,194,128,253,254,242,160,15,0,0,0,0,0,0,0,0,0,0,0,0,0,0,0,0,0,0,105,165,74,8,0,166,254,254,254,53,0,0,0,0,0,0,0,0,0,0,0,0,0,0,0,0,0,0,0,0,0,0,0,2,160,254,254,103,0,0,0,0,0,0,0,0,0,0,0,0,0,0,0,0,0,0,0,0,0,0,0,0,148,254,254,171,0,0,0,0,0,0,0,0,0,0,0,0,0,0,0,0,0,0,0,0,0,0,0,0,148,254,254,171,0,0,0,0,0,0,0,0,0,0,0,0,0,0,0,0,0,0,0,0,0,0,0,0,148,254,254,171,0,0,0,0,0,0,0,0,0,0,0,0,0,0,0,0,0,0,0,0,0,0,0,0,148,254,254,171,0,0,0,0,0,0,0,0,0,0,0,0,0,0,0,0,0,0,0,0,0,0,0,10,230,254,254,80,0,0,0,0,0,0,0,0,0,0,0,0,0,0,0,0,0,0,0,0,0,0,0,156,254,254,199,9,0,0,0,0,0,0,0,0,0,0,0,0,0,0,53,0,109,114,114,114,114,18,51,252,254,254,136,0,0,0,0,0,0,0,0,0,0,0,71,131,131,220,252,250,254,254,254,254,254,250,252,254,254,210,11,0,0,0,0,0,0,0,0,0,0,0,150,254,254,254,254,254,254,254,254,255,254,254,254,254,255,254,227,55,5,0,0,0,0,0,0,0,0,0,178,254,254,254,254,254,254,254,254,254,254,254,254,254,254,254,254,254,113,0,0,0,0,0,0,0,0,0,137,254,254,254,254,254,254,254,254,254,254,254,195,189,189,232,254,254,227,43,0,0,0,0,0,0,0,0,29,136,254,254,254,254,254,254,254,254,229,128,5,0,0,57,232,254,254,174,0,0,0,0,0,0,0,0,0,5,116,153,236,254,254,245,153,126,25,0,0,0,0,0,56,234,254,151,0,0,0,0,0,0,0,0,0,0,0,0,14,17,17,16,0,0,0,0,0,0,0,0,0,108,135,17,0,0,0,0,0,0,0,0,0,0,0,0,0,0,0,0,0,0,0,0,0,0,0,0,0,0,0,0,0,0,0,0,0,0,0,0,0,0,0,0,0,0,0,0,0,0,0,0,0,0,0,0,0,0,0,0,0,0,0,0,0,0,0,0,0,0,0,0,0,0,0,0,0,0,0,0,0,0,0,0,0,0,0,0,0,0,0,0,0,0,0,0,0,0,0,0,0,0,0,0,0,0,0,0,0,0,0,0,0,0,0,0,0,0,0,0,0,0,0,0,0,0,0,0,0,0,0,0,0,0,0,0,0,0,0,0,0,0,0,0,0,0,0,0,0,0,0,0,0,0,0,0,0,0,0,0,0,0,0,0,0,0,0,0,0,0,0,0,0,0,0,0,0
2,0,0,0,0,0,0,0,0,0,0,0,0,0,0,0,0,0,0,0,0,0,0,0,0,0,0,0,0,0,0,0,0,0,0,0,0,0,0,0,0,0,0,0,0,0,0,0,0,0,0,0,0,0,0,0,0,0,0,0,0,0,0,0,0,0,0,0,0,0,0,0,0,0,0,0,0,0,0,0,0,0,0,0,0,0,0,0,0,0,0,0,0,101,253,253,253,155,29,2,0,0,0,0,0,0,0,0,0,0,0,0,0,0,0,0,0,0,0,0,26,211,247,228,246,252,252,103,2,0,0,0,0,0,0,0,0,0,0,0,0,0,0,0,0,0,0,0,145,247,118,0,108,228,252,252,104,0,0,0,0,0,0,0,0,0,0,0,0,0,0,0,0,0,0,0,145,193,0,0,0,28,229,252,252,0,0,0,0,0,0,0,0,0,0,0,0,0,0,0,0,0,0,0,111,73,0,0,0,0,62,236,252,87,0,0,0,0,0,0,0,0,0,0,0,0,0,0,0,0,0,0,0,0,0,0,0,0,0,137,252,213,0,0,0,0,0,0,0,0,0,0,0,0,0,0,0,0,0,0,0,0,0,0,0,0,0,109,252,251,88,0,0,0,0,0,0,0,0,0,0,0,0,0,0,0,0,0,0,0,0,0,0,0,0,109,252,253,108,0,0,0,0,0,0,0,0,0,0,0,0,0,0,0,0,0,0,0,0,0,0,0,0,10,242,253,108,0,0,0,0,0,0,0,0,0,0,0,0,0,0,0,0,0,0,0,0,0,0,0,0,0,241,253,108,0,0,0,0,0,0,0,0,0,0,0,0,0,0,0,0,0,0,0,0,0,0,0,0,0,242,255,109,0,0,0,0,0,0,0,0,0,0,0,0,0,0,0,0,0,0,0,0,0,0,0,0,0,241,252,98,0,0,0,0,0,0,0,0,0,0,0,0,0,0,0,0,0,0,0,0,0,0,0,0,68,248,241,0,0,0,0,0,0,0,0,0,0,0,0,0,0,0,0,0,0,0,0,0,0,0,0,0,109,252,218,0,0,0,0,0,0,0,0,0,0,0,0,0,0,0,0,0,0,0,0,0,0,0,0,53,200,252,92,0,0,0,0,0,0,0,0,0,0,0,0,0,0,0,0,0,0,0,0,0,0,21,73,227,252,217,0,0,0,0,0,0,0,0,0,0,0,0,0,0,0,0,0,0,0,0,0,17,85,190,252,252,216,30,0,0,0,0,0,0,0,0,0,0,0,0,0,0,0,0,0,0,0,125,217,224,252,252,252,252,143,0,0,0,0,0,0,0,0,0,0,0,0,0,0,0,0,0,0,0,0,145,252,252,252,252,252,252,242,229,224,109,109,109,109,109,109,212,130,0,0,0,0,0,0,0,0,0,0,7,69,11,11,46,131,131,183,252,253,252,252,252,252,217,131,86,7,0,0,0,0,0,0,0,0,0,0,0,0,0,0,0,0,0,0,0,0,0,0,0,0,0,0,0,0,0,0,0,0,0,0,0,0,0,0,0,0,0,0,0,0,0,0,0,0,0,0,0,0,0,0,0,0,0,0,0,0,0,0,0,0,0,0,0,0,0,0,0,0,0,0,0,0,0,0,0,0,0,0,0,0,0,0,0,0,0,0,0,0,0,0,0,0,0,0,0,0,0,0,0,0,0,0,0,0,0,0,0,0,0,0,0,0,0,0,0,0,0,0,0,0,0,0,0,0,0,0,0,0,0,0,0,0,0,0,0,0,0,0,0
5,0,0,0,0,0,0,0,0,0,0,0,0,0,0,0,0,0,0,0,0,0,0,0,0,0,0,0,0,0,0,0,0,0,0,0,0,0,0,0,0,0,0,0,0,0,0,0,0,0,0,0,0,0,0,0,0,0,0,0,0,0,0,0,0,0,0,0,0,0,0,0,0,0,0,0,0,0,0,0,0,0,0,0,0,0,0,0,0,0,0,0,0,0,0,0,0,0,0,0,0,0,0,0,0,0,0,0,0,0,0,0,0,0,0,0,0,0,0,0,0,0,0,0,0,0,0,0,0,0,0,0,0,0,0,0,0,0,0,0,0,0,0,0,0,0,0,0,0,0,0,0,0,0,0,0,0,0,0,0,0,0,0,0,0,0,0,0,0,0,0,0,0,0,0,0,0,0,0,0,0,0,0,0,0,0,0,0,0,0,0,0,0,0,0,0,0,0,0,0,0,0,0,0,0,9,100,100,100,120,210,114,211,181,100,4,0,0,0,0,0,0,0,0,0,0,0,0,0,0,0,0,62,240,253,253,253,253,253,253,254,248,188,5,0,0,0,0,0,0,0,0,0,0,0,0,0,0,0,68,238,253,253,234,198,198,198,102,88,65,0,0,0,0,0,0,0,0,0,0,0,0,0,0,0,0,12,204,253,253,234,60,0,0,0,0,0,0,0,0,0,0,0,0,0,0,0,0,0,0,0,0,0,0,18,217,253,252,141,0,0,0,0,0,0,0,0,0,0,0,0,0,0,0,0,0,0,0,0,0,0,0,6,190,253,231,0,0,0,0,0,0,0,0,0,0,0,0,0,0,0,0,0,0,0,0,0,0,0,0,149,253,253,248,164,78,130,188,188,188,189,188,188,140,116,78,41,0,0,0,0,0,0,0,0,0,0,0,254,253,253,253,253,253,253,253,253,253,254,253,253,253,253,253,233,111,29,0,0,0,0,0,0,0,0,0,174,221,221,221,221,221,221,221,221,221,222,221,221,236,229,254,254,255,172,33,0,0,0,0,0,0,0,0,0,0,0,0,0,0,0,0,0,0,0,0,0,34,17,116,219,253,253,143,0,0,0,0,0,0,0,0,0,0,0,0,0,0,0,0,0,0,0,0,0,0,0,0,30,253,253,186,0,0,0,0,0,0,0,0,0,0,0,0,0,0,0,0,0,0,0,0,0,0,0,0,21,253,253,244,0,0,0,0,0,0,0,0,0,0,0,0,0,0,0,0,0,0,0,0,0,5,56,142,208,253,253,143,0,0,0,0,0,0,0,0,0,0,0,0,0,0,129,89,89,89,90,89,89,151,253,253,253,253,188,45,0,0,0,0,0,0,0,0,0,0,0,0,0,0,78,242,251,253,254,253,253,253,246,242,237,65,6,0,0,0,0,0,0,0,0,0,0,0,0,0,0,0,0,0,74,99,100,176,209,199,35,0,0,0,0,0,0,0,0,0,0,0,0,0,0,0,0,0,0,0,0,0,0,0,0,0,0,0,0,0,0,0,0,0,0,0,0,0,0,0,0,0,0,0,0,0,0,0,0,0,0,0,0,0,0,0,0,0,0,0,0,0,0,0,0,0,0,0,0,0,0,0,0,0,0,0,0,0,0,0,0,0,0,0,0,0,0,0,0,0,0,0,0,0,0,0,0,0,0,0,0,0,0,0,0,0,0,0,0,0,0,0,0,0,0,0,0,0,0,0,0,0,0,0,0,0,0,0,0,0,0,0,0,0,0,0,0,0,0,0,0,0,0,0,0,0,0,0,0
6,0,0,0,0,0,0,0,0,0,0,0,0,0,0,0,0,0,0,0,0,0,0,0,0,0,0,0,0,0,0,0,0,0,0,0,0,0,0,0,0,0,0,0,0,0,0,0,0,0,0,0,0,0,0,0,0,0,0,0,0,0,0,0,0,0,0,0,0,0,0,0,0,0,0,0,0,0,0,0,0,0,0,0,0,0,0,0,0,0,0,0,0,0,0,0,0,0,0,0,0,0,0,0,7,104,255,107,0,0,0,0,0,0,0,0,0,0,0,0,0,0,0,0,0,0,0,0,0,0,0,9,166,253,254,190,0,0,0,0,0,0,0,0,0,0,0,0,68,0,0,0,0,0,0,0,0,0,7,166,253,253,205,29,0,0,0,0,0,0,0,0,0,0,0,0,0,0,0,0,0,0,0,0,0,34,170,253,253,151,0,0,0,0,0,0,0,0,0,0,0,0,0,0,0,0,0,0,0,0,0,0,41,229,254,241,101,0,0,0,0,0,0,0,0,0,0,0,0,0,0,0,0,0,0,0,0,0,0,26,174,253,241,135,0,0,0,0,0,0,0,0,0,0,0,0,0,0,0,0,0,0,0,0,0,0,7,149,253,244,101,0,0,0,0,0,0,0,0,0,0,0,0,0,0,0,0,0,0,0,0,0,0,0,136,253,244,103,0,0,0,0,0,0,0,0,0,0,0,0,0,0,0,0,0,0,0,0,0,0,0,119,221,254,163,0,0,0,0,0,0,0,0,0,0,0,0,0,0,0,0,0,0,0,0,0,0,60,114,247,254,253,251,197,17,0,0,0,0,0,0,0,0,0,0,0,0,0,0,0,0,0,0,0,83,241,253,253,254,253,253,253,168,0,0,0,0,0,0,0,0,0,0,0,0,0,0,0,0,0,0,34,254,253,253,253,161,160,152,203,235,17,0,0,0,0,0,0,0,0,0,0,0,0,0,0,0,0,0,151,254,254,214,25,0,0,0,0,195,82,0,0,0,0,0,0,0,0,0,0,0,0,0,0,0,0,13,222,254,253,54,0,0,0,0,0,212,64,0,0,0,0,0,0,0,0,0,0,0,0,0,0,0,0,24,253,254,253,46,0,0,0,0,85,222,13,0,0,0,0,0,0,0,0,0,0,0,0,0,0,0,0,24,253,254,119,13,0,0,0,51,234,184,0,0,0,0,0,0,0,0,0,0,0,0,0,0,0,0,0,49,254,93,0,0,0,0,89,237,228,102,0,0,0,0,0,0,0,0,0,0,0,0,0,0,0,0,0,116,253,55,47,30,114,139,235,248,64,0,0,0,0,0,0,0,0,0,0,0,0,0,0,0,0,0,0,74,253,254,253,236,253,247,179,58,0,0,0,0,0,0,0,0,0,0,0,0,0,0,0,0,0,0,0,15,194,254,253,244,160,50,0,0,0,0,0,0,0,0,0,0,0,0,0,0,0,0,0,0,0,0,0,0,0,0,0,0,0,0,0,0,0,0,0,0,0,0,0,0,0,0,0,0,0,0,0,0,0,0,0,0,0,0,0,0,0,0,0,0,0,0,0,0,0,0,0,0,0,0,0,0,0,0,0,0,0,0,0,0,0,0,0,0,0,0,0,0,0,0,0,0,0,0,0,0,0,0,0,0,0,0,0,0,0,0,0,0,0,0,0,0,0,0,0,0,0,0,0,0,0,0,0,0,0,0,0,0,0,0,0,0,0,0,0,0,0,0,0,0,0,0,0,0,0,0,0,0,0,0,0,0,0,0,0,0
1,0,0,0,0,0,0,0,0,0,0,0,0,0,0,0,0,0,0,0,0,0,0,0,0,0,0,0,0,0,0,0,0,0,0,0,0,0,0,0,0,0,0,0,0,0,0,0,0,0,0,0,0,0,0,0,0,0,0,0,0,0,0,0,0,0,0,0,0,0,0,0,0,0,0,0,0,0,0,0,0,0,0,0,0,0,0,0,0,0,0,0,0,0,0,0,0,0,0,0,0,0,0,0,0,0,0,0,0,0,0,0,0,0,0,0,0,0,0,0,0,0,0,0,0,0,0,0,0,0,0,0,187,184,12,0,0,0,0,0,0,0,0,0,0,0,0,0,0,0,0,0,0,0,0,0,0,0,0,0,186,254,59,0,0,0,0,0,0,0,0,0,0,0,0,0,0,0,0,0,0,0,0,0,0,0,0,44,233,208,15,0,0,0,0,0,0,0,0,0,0,0,0,0,0,0,0,0,0,0,0,0,0,0,16,210,255,114,0,0,0,0,0,0,0,0,0,0,0,0,0,0,0,0,0,0,0,0,0,0,0,0,106,254,247,53,0,0,0,0,0,0,0,0,0,0,0,0,0,0,0,0,0,0,0,0,0,0,0,43,235,254,128,0,0,0,0,0,0,0,0,0,0,0,0,0,0,0,0,0,0,0,0,0,0,0,36,152,254,231,20,0,0,0,0,0,0,0,0,0,0,0,0,0,0,0,0,0,0,0,0,0,0,0,122,254,246,83,0,0,0,0,0,0,0,0,0,0,0,0,0,0,0,0,0,0,0,0,0,0,0,57,224,254,202,0,0,0,0,0,0,0,0,0,0,0,0,0,0,0,0,0,0,0,0,0,0,0,0,150,254,231,65,0,0,0,0,0,0,0,0,0,0,0,0,0,0,0,0,0,0,0,0,0,0,0,79,234,252,124,8,0,0,0,0,0,0,0,0,0,0,0,0,0,0,0,0,0,0,0,0,0,0,34,209,254,189,0,0,0,0,0,0,0,0,0,0,0,0,0,0,0,0,0,0,0,0,0,0,0,0,180,254,232,82,0,0,0,0,0,0,0,0,0,0,0,0,0,0,0,0,0,0,0,0,0,0,0,85,217,254,110,0,0,0,0,0,0,0,0,0,0,0,0,0,0,0,0,0,0,0,0,0,0,0,15,219,254,208,42,0,0,0,0,0,0,0,0,0,0,0,0,0,0,0,0,0,0,0,0,0,0,54,189,254,242,70,0,0,0,0,0,0,0,0,0,0,0,0,0,0,0,0,0,0,0,0,0,0,0,128,254,254,137,24,0,0,0,0,0,0,0,0,0,0,0,0,0,0,0,0,0,0,0,0,0,0,16,235,254,191,29,0,0,0,0,0,0,0,0,0,0,0,0,0,0,0,0,0,0,0,0,0,0,0,100,254,231,19,0,0,0,0,0,0,0,0,0,0,0,0,0,0,0,0,0,0,0,0,0,0,0,0,60,254,152,15,0,0,0,0,0,0,0,0,0,0,0,0,0,0,0,0,0,0,0,0,0,0,0,0,0,0,0,0,0,0,0,0,0,0,0,0,0,0,0,0,0,0,0,0,0,0,0,0,0,0,0,0,0,0,0,0,0,0,0,0,0,0,0,0,0,0,0,0,0,0,0,0,0,0,0,0,0,0,0,0,0,0,0,0,0,0,0,0,0,0,0,0,0,0,0,0,0,0,0,0,0,0,0,0,0,0,0,0,0,0,0,0,0,0,0,0,0,0,0,0,0,0,0,0,0,0,0,0
0,0,0,0,0,0,0,0,0,0,0,0,0,0,0,0,0,0,0,0,0,0,0,0,0,0,0,0,0,0,0,0,0,0,0,0,0,0,0,0,0,0,0,0,0,0,0,0,0,0,0,0,0,0,0,0,0,0,0,0,0,0,0,0,0,0,0,0,0,0,0,0,0,0,0,0,0,0,0,0,0,0,0,0,0,0,0,0,0,0,0,0,0,0,0,0,0,0,0,13,18,63,245,125,0,0,0,0,0,0,0,0,0,0,0,0,0,0,0,0,0,0,0,0,0,0,0,178,254,254,254,124,0,0,0,0,0,0,0,0,0,0,0,0,0,0,0,0,0,0,0,0,0,0,29,230,254,255,254,212,97,0,0,0,0,0,0,0,0,0,0,0,0,0,0,0,0,0,0,0,0,52,201,255,254,255,254,254,233,25,0,0,0,0,0,0,0,0,0,0,0,0,0,0,0,0,0,0,47,234,254,234,129,47,155,253,254,185,0,0,0,0,0,0,0,0,0,0,0,0,0,0,0,0,0,0,230,254,237,58,0,0,0,144,254,249,63,0,0,0,0,0,0,0,0,0,0,0,0,0,0,0,44,175,254,240,53,0,0,0,0,12,200,254,71,0,0,0,0,0,0,0,0,0,0,0,0,0,0,7,105,254,240,50,0,0,0,0,0,0,30,254,71,0,0,0,0,0,0,0,0,0,0,0,0,0,0,72,254,254,111,0,0,0,0,0,0,0,30,254,90,0,0,0,0,0,0,0,0,0,0,0,0,0,0,100,254,151,4,0,0,0,0,0,0,0,30,254,204,13,0,0,0,0,0,0,0,0,0,0,0,0,0,190,254,29,0,0,0,0,0,0,0,0,21,228,235,37,0,0,0,0,0,0,0,0,0,0,0,0,46,244,179,5,0,0,0,0,0,0,0,0,26,240,244,45,0,0,0,0,0,0,0,0,0,0,0,0,162,254,58,0,0,0,0,0,0,0,0,0,30,254,195,5,0,0,0,0,0,0,0,0,0,0,0,0,172,184,1,0,0,0,0,0,0,0,0,0,92,254,128,0,0,0,0,0,0,0,0,0,0,0,0,0,172,191,6,0,0,0,0,0,0,0,0,7,210,249,63,0,0,0,0,0,0,0,0,0,0,0,0,0,172,254,141,6,0,0,0,0,0,0,0,113,254,185,0,0,0,0,0,0,0,0,0,0,0,0,0,0,172,254,254,192,184,118,66,66,66,111,184,253,254,89,0,0,0,0,0,0,0,0,0,0,0,0,0,0,61,233,254,254,254,254,254,254,254,254,254,254,231,19,0,0,0,0,0,0,0,0,0,0,0,0,0,0,0,88,254,254,254,254,254,254,254,254,254,197,31,0,0,0,0,0,0,0,0,0,0,0,0,0,0,0,0,5,59,185,254,254,254,227,135,135,28,9,0,0,0,0,0,0,0,0,0,0,0,0,0,0,0,0,0,0,0,0,0,0,0,0,0,0,0,0,0,0,0,0,0,0,0,0,0,0,0,0,0,0,0,0,0,0,0,0,0,0,0,0,0,0,0,0,0,0,0,0,0,0,0,0,0,0,0,0,0,0,0,0,0,0,0,0,0,0,0,0,0,0,0,0,0,0,0,0,0,0,0,0,0,0,0,0,0,0,0,0,0,0,0,0,0,0,0,0,0,0,0,0,0,0,0,0,0,0,0,0,0,0,0,0,0,0,0,0,0,0,0,0,0,0,0,0,0,0,0,0,0,0,0,0,0,0,0,0,0
5,0,0,0,0,0,0,0,0,0,0,0,0,0,0,0,0,0,0,0,0,0,0,0,0,0,0,0,0,0,0,0,0,0,0,0,0,0,0,0,0,0,0,0,0,0,0,0,0,0,0,0,0,0,0,0,0,0,0,0,0,0,0,0,0,0,0,0,0,0,0,0,0,0,0,0,0,0,0,0,0,0,0,0,0,0,0,0,0,0,0,0,0,0,0,0,0,0,0,0,0,0,0,0,0,0,0,0,0,0,0,0,0,0,0,0,0,0,0,0,0,0,0,0,0,0,0,0,0,0,0,0,0,0,0,0,0,0,0,0,0,0,0,0,0,0,0,0,0,0,0,0,0,0,11,22,0,0,0,0,3,24,17,0,0,0,0,0,0,0,0,0,0,0,0,0,0,0,0,0,0,17,193,245,161,161,161,161,170,252,227,161,57,0,0,0,0,0,0,0,0,0,0,0,0,0,0,0,0,124,252,253,252,252,252,252,253,252,252,252,189,0,0,0,0,0,0,0,0,0,0,0,0,0,0,17,124,244,252,253,252,252,252,252,245,160,160,119,4,0,0,0,0,0,0,0,0,0,0,0,0,0,0,47,252,252,252,253,178,106,22,22,21,0,0,0,0,0,0,0,0,0,0,0,0,0,0,0,0,0,0,47,253,253,253,255,218,84,0,0,0,0,0,0,0,0,0,0,0,0,0,0,0,0,0,0,0,0,0,47,252,214,153,207,75,0,38,5,0,0,0,0,0,0,0,0,0,0,0,0,0,0,0,0,0,0,0,13,69,13,0,0,0,134,240,190,0,0,0,0,0,0,0,0,0,0,0,0,0,0,0,0,0,0,0,0,0,0,0,0,0,184,252,252,0,0,0,0,0,0,0,0,0,0,0,0,0,0,0,0,0,0,0,0,0,0,0,0,0,131,252,252,0,0,0,0,0,0,0,0,0,0,0,0,0,0,0,0,0,0,0,0,0,0,0,0,0,7,212,253,0,0,0,0,0,0,0,0,0,0,0,0,0,47,47,87,0,0,0,0,0,0,0,0,0,91,252,252,0,0,0,0,0,0,0,0,0,0,0,0,0,253,252,151,0,0,0,0,0,0,0,7,91,234,252,221,0,0,0,0,0,0,0,0,0,0,0,0,0,211,252,162,0,0,0,0,0,0,0,24,252,252,252,96,0,0,0,0,0,0,0,0,0,0,0,0,0,86,252,246,135,11,0,0,0,0,0,181,252,252,210,12,0,0,0,0,0,0,0,0,0,0,0,0,0,0,95,247,253,201,139,138,138,138,191,255,253,247,94,0,0,0,0,0,0,0,0,0,0,0,0,0,0,0,0,99,244,252,253,252,252,252,252,253,223,98,0,0,0,0,0,0,0,0,0,0,0,0,0,0,0,0,0,0,99,183,253,252,252,252,221,122,25,0,0,0,0,0,0,0,0,0,0,0,0,0,0,0,0,0,0,0,0,0,46,67,108,119,25,0,0,0,0,0,0,0,0,0,0,0,0,0,0,0,0,0,0,0,0,0,0,0,0,0,0,0,0,0,0,0,0,0,0,0,0,0,0,0,0,0,0,0,0,0,0,0,0,0,0,0,0,0,0,0,0,0,0,0,0,0,0,0,0,0,0,0,0,0,0,0,0,0,0,0,0,0,0,0,0,0,0,0,0,0,0,0,0,0,0,0,0,0,0,0,0,0,0,0,0,0,0,0,0,0,0,0,0,0,0,0,0,0,0,0,0,0,0,0,0,0,0,0,0,0,0
9,0,0,0,0,0,0,0,0,0,0,0,0,0,0,0,0,0,0,0,0,0,0,0,0,0,0,0,0,0,0,0,0,0,0,0,0,0,0,0,0,0,0,0,0,0,0,0,0,0,0,0,0,0,0,0,0,0,0,0,0,0,0,0,0,0,0,0,0,0,0,0,0,0,0,0,0,0,0,0,0,0,0,0,0,0,0,0,0,0,0,0,0,0,0,0,0,0,0,0,0,0,0,0,0,0,0,0,0,0,0,0,0,0,0,0,0,0,0,0,0,0,0,0,0,0,0,0,0,0,0,0,0,0,0,0,0,0,0,0,0,0,0,0,0,0,0,0,0,0,0,0,0,0,0,0,0,0,0,0,0,0,0,0,0,0,0,0,0,0,0,0,0,0,0,0,0,0,0,0,0,0,0,0,0,0,0,0,0,0,0,0,0,0,0,0,0,0,0,0,0,0,0,0,0,0,0,0,0,0,0,0,0,0,0,0,0,0,0,0,0,0,0,0,0,0,0,0,0,0,0,0,0,11,119,172,254,254,255,254,232,118,66,0,0,0,0,0,0,0,0,0,0,0,0,0,0,0,0,0,122,246,253,248,183,183,183,183,248,253,251,97,0,0,0,0,0,0,0,0,0,0,0,0,0,0,15,128,250,190,65,16,0,0,0,0,16,66,233,160,0,0,0,0,0,0,0,0,0,0,0,0,0,0,62,253,213,5,0,0,0,0,0,0,0,0,68,28,0,0,0,0,0,0,0,0,0,0,0,0,0,0,30,224,247,164,9,0,0,0,0,0,0,0,0,0,0,0,0,0,0,0,0,0,0,0,0,0,0,0,0,42,212,253,209,87,34,0,0,0,0,0,0,0,0,0,0,0,0,0,0,0,0,0,0,0,0,0,0,0,9,136,229,253,251,201,174,30,27,3,0,0,21,7,0,0,0,0,0,0,0,0,0,0,0,0,0,0,0,0,7,97,148,208,241,253,253,198,117,118,240,61,0,0,0,0,0,0,0,0,0,0,0,0,0,0,0,0,0,0,0,0,22,70,121,156,156,236,253,61,0,0,0,0,0,0,0,0,0,0,0,0,0,0,0,0,0,0,0,0,0,0,0,0,0,210,253,61,0,0,0,0,0,0,0,0,0,0,0,0,0,0,0,0,0,0,0,0,0,0,0,0,0,211,254,61,0,0,0,0,0,0,0,0,0,0,0,0,0,0,0,0,0,0,0,0,0,0,0,0,0,210,227,2,0,0,0,0,0,0,0,0,0,0,0,0,0,0,0,0,0,0,0,0,0,0,0,0,0,210,226,0,0,0,0,0,0,0,0,0,0,0,0,0,0,0,0,0,0,0,0,0,0,0,0,0,0,210,208,0,0,0,0,0,0,0,0,0,0,0,0,0,0,0,0,0,0,0,0,0,0,0,0,0,38,247,139,0,0,0,0,0,0,0,0,0,0,0,0,0,0,0,0,0,0,0,0,0,0,0,0,0,117,253,67,0,0,0,0,0,0,0,0,0,0,0,0,0,0,0,0,0,0,0,0,0,0,0,0,0,62,253,52,0,0,0,0,0,0,0,0,0,0,0,0,0,0,0,0,0,0,0,0,0,0,0,0,0,44,253,52,0,0,0,0,0,0,0,0,0,0,0,0,0,0,0,0,0,0,0,0,0,0,0,0,0,44,253,86,0,0,0,0,0,0,0,0,0,0,0,0,0,0,0,0,0,0,0,0,0,0,0,0,0,14,223,110,0,0,0,0,0,0,0,0
1,0,0,0,0,0,0,0,0,0,0,0,0,0,0,0,0,0,0,0,0,0,0,0,0,0,0,0,0,0,0,0,0,0,0,0,0,0,0,0,0,0,0,0,0,0,0,0,0,0,0,0,0,0,0,0,0,0,0,0,0,0,0,0,0,0,0,0,0,0,0,0,0,0,0,0,0,0,0,0,0,0,0,0,0,0,0,0,0,0,0,0,0,0,0,0,0,0,0,0,0,0,0,0,0,0,0,0,0,0,0,0,0,0,0,0,0,0,0,0,0,0,0,0,0,0,0,0,0,0,0,31,233,203,0,0,0,0,0,0,0,0,0,0,0,0,0,0,0,0,0,0,0,0,41,0,0,0,0,173,252,203,0,0,0,0,0,0,0,0,0,0,0,0,0,0,0,0,0,0,0,0,0,0,0,0,102,254,253,183,0,0,0,0,0,0,0,0,0,0,0,0,0,0,0,0,0,0,0,0,0,0,0,21,203,253,252,20,0,0,0,0,0,0,0,0,0,0,0,0,0,0,0,0,0,0,0,0,0,0,0,173,253,244,81,0,0,0,0,0,0,0,0,0,0,0,0,0,0,0,0,0,0,0,0,0,0,0,82,253,252,203,0,0,0,0,0,0,0,0,0,0,0,0,0,0,0,0,0,0,0,0,0,0,0,31,233,254,253,123,0,0,0,0,0,0,0,0,0,0,0,0,0,0,0,0,0,0,0,0,0,0,0,213,252,253,212,0,0,0,0,0,0,0,0,0,0,0,0,0,0,0,0,0,0,0,0,0,0,0,62,254,253,203,20,0,0,0,0,0,0,0,0,0,0,0,0,0,0,0,0,0,0,0,0,0,0,21,203,253,252,102,0,0,0,0,0,0,0,0,0,0,0,0,0,0,0,0,0,0,0,0,0,0,0,132,253,254,213,41,0,0,0,0,0,0,0,0,0,0,0,0,0,0,0,0,0,0,0,0,0,0,123,253,252,233,30,0,0,0,0,0,0,0,0,0,0,0,0,0,0,0,0,0,0,0,0,0,0,0,123,254,253,123,0,0,0,0,0,0,0,0,0,0,0,0,0,0,0,0,0,0,0,0,0,0,0,123,243,253,171,0,0,0,0,0,0,0,0,0,0,0,0,0,0,0,0,0,0,0,0,0,0,0,21,254,253,163,0,0,0,0,0,0,0,0,0,0,0,0,0,0,0,0,0,0,0,0,0,0,0,21,203,253,252,122,0,0,0,0,0,0,0,0,0,0,0,0,0,0,0,0,0,0,0,0,0,0,41,214,253,254,151,0,0,0,0,0,0,0,0,0,0,0,0,0,0,0,0,0,0,0,0,0,0,0,82,253,252,233,50,0,0,0,0,0,0,0,0,0,0,0,0,0,0,0,0,0,0,0,0,0,0,21,223,255,172,0,0,0,0,0,0,0,0,0,0,0,0,0,0,0,0,0,0,0,0,0,0,0,0,0,81,253,50,0,0,0,0,0,0,0,0,0,0,0,0,0,0,0,0,0,0,0,0,0,0,0,0,0,0,0,0,0,0,0,0,0,0,0,0,0,0,0,0,0,0,0,0,0,0,0,0,0,0,0,0,0,0,0,0,0,0,0,0,0,0,0,0,0,0,0,0,0,0,0,0,0,0,0,0,0,0,0,0,0,0,0,0,0,0,0,0,0,0,0,0,0,0,0,0,0,0,0,0,0,0,0,0,0,0,0,0,0,0,0,0,0,0,0,0,0,0,0,0,0,0,0,0,0,0,0,0,0,0
0,0,0,0,0,0,0,0,0,0,0,0,0,0,0,0,0,0,0,0,0,0,0,0,0,0,0,0,0,0,0,0,0,0,0,0,0,0,0,0,0,0,0,0,0,0,0,0,0,0,0,0,0,0,0,0,0,0,0,0,0,0,0,0,0,0,0,0,0,0,0,0,0,0,0,0,0,0,0,0,0,0,0,0,0,0,0,0,0,0,0,0,0,0,0,0,0,0,0,0,0,0,0,0,0,0,0,0,0,0,0,0,0,0,0,0,0,0,0,0,0,0,0,0,0,0,57,170,198,29,0,0,0,0,0,0,0,0,0,0,0,0,0,0,0,0,0,0,0,0,0,0,0,141,255,255,255,226,0,0,0,0,0,0,0,0,0,0,0,0,0,0,0,0,0,0,0,0,0,0,141,255,255,170,255,255,86,0,0,0,0,0,0,0,0,0,0,0,0,0,0,0,0,0,0,0,0,86,255,170,29,0,141,255,198,0,0,0,0,0,0,0,0,0,0,0,0,0,0,0,0,0,0,0,0,198,255,86,0,0,29,255,255,29,0,0,0,0,0,0,0,0,0,0,0,0,0,0,0,0,0,0,57,255,226,0,0,0,0,198,255,86,0,0,0,0,0,0,0,0,0,0,0,0,0,0,0,0,0,0,170,255,114,0,0,0,0,114,255,198,0,0,0,0,0,0,0,0,0,0,0,0,0,0,0,0,0,0,255,255,29,0,0,0,0,86,255,255,57,0,0,0,0,0,0,0,0,0,0,0,0,0,0,0,0,86,255,198,0,0,0,0,0,141,255,255,86,0,0,0,0,0,0,0,0,0,0,0,0,0,0,0,0,170,255,114,0,0,0,0,0,0,170,255,86,0,0,0,0,0,0,0,0,0,0,0,0,0,0,0,0,170,255,86,0,0,0,0,0,0,170,255,86,0,0,0,0,0,0,0,0,0,0,0,0,0,0,0,0,170,255,57,0,0,0,0,0,0,170,255,86,0,0,0,0,0,0,0,0,0,0,0,0,0,0,0,0,170,226,0,0,0,0,0,0,0,170,255,86,0,0,0,0,0,0,0,0,0,0,0,0,0,0,0,0,170,198,0,0,0,0,0,0,0,170,255,86,0,0,0,0,0,0,0,0,0,0,0,0,0,0,0,0,170,170,0,0,0,0,0,0,0,226,255,57,0,0,0,0,0,0,0,0,0,0,0,0,0,0,0,0,170,226,29,0,0,0,0,0,86,255,255,29,0,0,0,0,0,0,0,0,0,0,0,0,0,0,0,0,114,255,141,0,0,0,0,29,226,255,141,0,0,0,0,0,0,0,0,0,0,0,0,0,0,0,0,0,57,255,226,86,0,29,114,255,255,141,0,0,0,0,0,0,0,0,0,0,0,0,0,0,0,0,0,0,0,141,255,255,255,255,255,255,114,0,0,0,0,0,0,0,0,0,0,0,0,0,0,0,0,0,0,0,0,0,114,226,255,255,141,57,0,0,0,0,0,0,0,0,0,0,0,0,0,0,0,0,0,0,0,0,0,0,0,0,0,0,0,0,0,0,0,0,0,0,0,0,0,0,0,0,0,0,0,0,0,0,0,0,0,0,0,0,0,0,0,0,0,0,0,0,0,0,0,0,0,0,0,0,0,0,0,0,0,0,0,0,0,0,0,0,0,0,0,0,0,0,0,0,0,0,0,0,0,0,0,0,0,0,0,0,0,0,0,0,0,0,0,0,0,0,0,0,0,0,0,0,0,0,0,0,0,0,0,0
2,0,0,0,0,0,0,0,0,0,0,0,0,0,0,0,0,0,0,0,0,0,0,0,0,0,0,0,0,0,0,0,0,0,0,0,0,0,0,0,0,0,0,0,0,0,0,0,0,0,0,0,0,0,0,0,0,0,0,0,0,0,0,0,0,0,0,0,0,0,0,0,0,0,0,0,0,0,0,0,0,0,0,0,0,0,0,0,0,0,0,0,0,0,0,0,0,0,0,0,0,0,0,0,0,0,0,0,0,0,0,0,0,0,0,0,0,0,0,0,0,0,55,97,157,202,224,141,59,0,0,0,0,0,0,0,0,0,0,0,0,0,0,0,0,0,0,0,2,155,251,246,235,234,240,254,254,156,64,0,0,0,0,0,0,0,0,0,0,0,0,0,0,0,0,0,88,254,158,48,0,0,24,78,153,224,218,54,0,0,0,0,0,0,0,0,0,0,0,0,0,0,0,0,62,117,9,0,0,0,0,0,0,35,233,168,0,0,0,0,0,0,0,0,0,0,0,0,0,0,0,0,0,0,0,0,0,0,0,0,0,0,215,175,0,0,0,0,0,0,0,0,0,0,0,0,0,0,0,0,0,0,0,0,0,0,0,0,0,14,225,176,0,0,0,0,0,0,0,0,0,0,0,0,0,0,0,0,0,0,0,0,0,0,0,0,0,105,254,130,0,0,0,0,0,0,0,0,0,0,0,0,0,0,0,0,0,0,0,0,0,0,0,0,31,225,240,24,0,0,0,0,0,0,0,0,0,0,0,0,0,0,0,0,0,0,0,0,0,0,0,7,197,254,128,0,0,0,0,0,0,0,0,0,0,0,0,0,0,0,0,0,0,0,0,0,0,0,0,115,254,171,9,0,0,0,0,0,0,0,0,0,0,0,0,0,0,0,0,0,0,0,0,0,0,13,156,247,171,38,0,0,0,0,0,0,0,0,0,0,0,0,0,0,0,0,0,0,0,0,0,0,5,151,254,228,32,0,0,0,0,0,0,0,0,0,0,0,0,0,0,0,0,0,0,0,0,0,0,0,90,254,199,43,0,0,0,0,0,0,0,0,0,0,0,0,0,0,0,0,0,0,0,0,0,0,0,107,247,220,6,0,0,0,0,0,0,0,0,0,0,0,0,0,0,0,0,0,0,0,0,0,0,0,69,240,232,46,0,0,0,0,0,0,0,0,0,0,31,83,0,0,0,0,0,0,0,0,0,0,0,0,198,254,114,0,0,0,0,0,0,0,0,0,14,105,225,118,0,0,0,0,0,0,0,0,0,0,0,61,249,170,0,0,0,0,0,0,0,7,20,58,225,237,166,25,0,0,0,0,0,0,0,0,0,0,0,0,205,224,177,131,117,79,79,79,161,200,254,223,116,12,0,0,0,0,0,0,0,0,0,0,0,0,0,0,79,229,255,254,254,254,254,255,250,214,109,12,0,0,0,0,0,0,0,0,0,0,0,0,0,0,0,0,0,23,59,58,156,163,81,59,54,0,0,0,0,0,0,0,0,0,0,0,0,0,0,0,0,0,0,0,0,0,0,0,0,0,0,0,0,0,0,0,0,0,0,0,0,0,0,0,0,0,0,0,0,0,0,0,0,0,0,0,0,0,0,0,0,0,0,0,0,0,0,0,0,0,0,0,0,0,0,0,0,0,0,0,0,0,0,0,0,0,0,0,0,0,0,0,0,0,0,0,0,0,0,0,0,0,0,0,0,0,0,0,0,0,0,0,0,0,0,0,0,0,0,0,0,0,0,0,0,0,0
5,0,0,0,0,0,0,0,0,0,0,0,0,0,0,0,0,0,0,0,0,0,0,0,0,0,0,0,0,0,0,0,0,0,0,0,0,0,0,0,0,0,0,0,0,0,0,0,0,0,0,0,0,0,0,0,0,0,0,0,0,0,0,0,0,0,0,0,0,0,0,0,0,0,0,0,0,0,0,0,0,0,0,0,0,0,0,0,0,0,0,0,0,0,0,0,0,0,0,0,0,0,0,0,0,0,0,0,0,0,0,0,0,0,0,0,0,0,0,0,0,0,0,0,0,0,0,0,0,0,0,0,0,0,0,0,0,0,0,0,0,0,0,0,0,0,0,0,0,0,0,5,24,170,243,191,138,138,138,138,74,0,0,0,0,0,0,0,0,0,0,0,0,0,0,0,0,0,36,178,252,252,252,253,252,252,252,252,157,0,0,0,0,0,0,0,0,0,0,0,0,0,0,0,0,85,222,252,252,153,69,131,183,183,183,130,32,0,0,0,0,0,0,0,0,0,0,0,0,0,0,0,0,157,253,252,101,51,0,0,0,0,0,0,0,0,0,0,0,0,0,0,0,0,0,0,0,0,0,0,0,230,253,252,236,240,178,53,0,0,0,0,0,0,0,0,0,0,0,0,0,0,0,0,0,0,0,0,0,53,231,234,253,243,253,255,180,38,0,0,0,0,0,0,0,0,0,0,0,0,0,0,0,0,0,0,0,0,0,17,92,50,143,253,252,154,9,0,0,0,0,0,0,0,0,0,0,0,0,0,0,0,0,0,0,0,0,0,0,0,0,190,252,252,154,7,0,0,0,0,0,0,0,0,0,0,0,0,0,0,0,0,0,0,0,0,0,0,0,5,177,252,252,65,0,0,0,0,0,0,0,0,0,0,0,0,0,0,0,0,0,0,0,0,0,0,0,0,36,221,252,189,0,0,0,0,0,0,0,0,0,0,0,0,0,0,0,0,0,0,0,0,0,0,0,0,0,70,253,253,0,0,0,0,0,0,0,0,0,0,0,0,0,0,0,0,0,0,0,0,0,0,0,0,0,70,252,252,0,0,0,0,0,0,0,0,0,0,0,0,0,0,0,0,0,0,0,0,0,0,0,0,0,70,252,252,53,0,0,0,0,0,0,0,0,0,0,0,0,0,0,0,0,43,0,0,0,0,0,0,0,70,252,252,0,0,0,0,0,0,0,0,0,0,0,0,0,0,0,0,0,220,106,0,0,0,0,0,0,122,252,200,0,0,0,0,0,0,0,0,0,0,0,0,0,0,0,0,0,231,233,9,0,0,0,3,170,253,253,75,0,0,0,0,0,0,0,0,0,0,0,0,0,0,0,0,0,157,253,173,13,0,0,66,252,252,172,8,0,0,0,0,0,0,0,0,0,0,0,0,0,0,0,0,0,84,222,252,171,164,184,253,252,170,13,0,0,0,0,0,0,0,0,0,0,0,0,0,0,0,0,0,0,0,97,252,252,252,252,253,172,13,0,0,0,0,0,0,0,0,0,0,0,0,0,0,0,0,0,0,0,0,3,96,221,157,137,75,8,0,0,0,0,0,0,0,0,0,0,0,0,0,0,0,0,0,0,0,0,0,0,0,0,0,0,0,0,0,0,0,0,0,0,0,0,0,0,0,0,0,0,0,0,0,0,0,0,0,0,0,0,0,0,0,0,0,0,0,0,0,0,0,0,0,0,0,0,0,0,0,0,0,0,0,0,0,0,0,0,0,0,0,0,0,0,0,0,0,0,0,0,0,0,0,0
2,0,0,0,0,0,0,0,0,0,0,0,0,0,0,0,0,0,0,0,0,0,0,0,0,0,0,0,0,0,0,0,0,0,0,0,0,0,0,0,0,0,0,0,0,0,0,0,0,0,0,0,0,0,0,0,0,0,0,0,0,0,0,0,0,0,0,0,0,0,0,0,0,0,0,0,0,0,0,0,0,0,0,0,0,0,0,0,0,0,0,0,0,0,0,0,0,0,0,0,0,0,0,0,0,0,0,0,0,0,0,0,0,0,0,0,0,0,0,0,0,0,0,0,0,0,0,122,177,254,212,89,0,0,0,0,0,0,0,0,0,0,0,0,0,0,0,0,0,0,0,0,0,63,108,254,253,253,253,250,120,0,0,0,0,0,0,0,0,0,0,0,0,0,0,0,0,0,0,37,228,242,253,254,253,253,253,253,219,30,0,0,0,0,0,0,0,0,0,0,0,0,0,0,0,0,0,153,253,253,253,254,253,211,253,253,253,80,0,0,0,0,0,0,0,0,0,0,0,0,0,0,0,0,43,237,253,253,253,187,129,25,222,253,253,80,0,0,0,0,0,0,0,0,0,0,0,0,0,0,0,0,54,253,253,253,154,0,0,0,214,253,253,80,0,0,0,0,0,0,0,0,0,0,0,0,0,0,0,0,17,171,213,206,38,0,0,65,241,253,245,67,0,0,0,0,0,0,0,0,0,0,0,0,0,0,0,0,0,0,0,0,0,0,12,181,253,253,185,0,0,0,0,0,0,0,0,0,0,0,0,0,0,0,0,0,0,0,0,0,0,0,108,253,253,250,63,0,0,0,0,0,0,0,0,0,0,0,0,0,0,0,0,0,0,0,0,0,0,0,178,253,253,186,0,0,0,0,0,0,0,0,0,0,0,0,0,0,0,0,0,0,0,0,0,0,0,122,248,254,254,124,0,0,0,0,0,0,0,0,0,0,0,0,0,0,0,0,0,0,0,0,0,0,0,254,253,253,219,31,0,0,0,0,0,0,0,0,0,0,0,0,0,0,0,0,0,75,94,94,35,62,228,254,253,253,53,0,0,0,0,0,0,0,0,0,0,0,0,0,0,0,0,0,111,245,253,253,228,237,253,254,253,131,6,0,0,0,0,0,0,0,0,0,0,0,0,0,0,0,0,0,214,253,253,253,253,253,253,254,132,6,0,0,0,0,0,0,0,0,0,0,0,0,0,0,0,0,0,0,214,253,253,253,253,253,253,254,41,0,0,0,0,0,0,0,0,0,0,0,0,0,0,0,0,0,0,0,123,253,253,253,253,253,253,255,220,174,174,138,11,0,0,0,0,0,0,0,0,0,0,0,0,0,0,0,30,128,226,205,93,172,253,255,253,253,253,253,66,0,0,0,0,0,0,0,0,0,0,0,0,0,0,0,0,0,0,0,0,6,177,255,253,253,253,243,63,0,0,0,0,0,0,0,0,0,0,0,0,0,0,0,0,0,0,0,0,0,0,255,253,253,140,25,0,0,0,0,0,0,0,0,0,0,0,0,0,0,0,0,0,0,0,0,0,0,0,0,0,0,0,0,0,0,0,0,0,0,0,0,0,0,0,0,0,0,0,0,0,0,0,0,0,0,0,0,0,0,0,0,0,0,0,0,0,0,0,0,0,0,0,0,0,0,0,0,0,0,0,0,0,0,0,0,0,0,0,0,0,0,0,0,0,0,0,0,0,0,0,0,0,0,0,0,0,0,0,0,0,0,0,0,0,0,0,0,0,0,0,0,0,0,0,0,0
8,0,0,0,0,0,0,0,0,0,0,0,0,0,0,0,0,0,0,0,0,0,0,0,0,0,0,0,0,0,0,0,0,0,0,0,0,0,0,0,0,0,0,0,0,0,0,0,0,0,0,0,0,0,0,0,0,0,0,0,0,0,0,0,0,0,0,0,0,0,0,0,0,0,0,0,0,0,0,0,0,0,0,0,0,0,0,0,0,0,0,0,0,0,0,0,0,0,0,0,0,0,0,0,0,0,0,0,0,0,0,0,0,0,0,0,0,0,0,0,0,0,0,0,0,0,0,0,0,0,0,0,0,0,0,0,0,0,0,0,0,0,0,0,0,0,0,0,0,0,0,0,0,0,0,0,0,8,78,148,218,253,237,113,4,0,0,0,0,0,0,0,0,0,0,0,0,0,0,0,0,0,0,0,0,157,252,252,252,252,253,252,135,0,0,0,0,0,0,0,0,0,0,0,0,0,0,0,0,8,2,0,150,253,252,252,252,252,253,252,251,77,0,0,0,0,0,0,0,0,0,0,0,0,0,0,29,197,21,16,221,253,252,194,162,198,253,252,247,63,0,0,0,0,0,0,0,0,0,0,0,0,0,0,130,252,21,152,252,218,42,4,0,150,253,252,187,0,0,0,0,0,0,0,0,0,0,0,0,0,0,107,254,151,0,98,167,45,0,39,139,253,247,176,9,0,0,0,0,0,0,0,0,0,0,0,0,0,0,106,253,63,0,0,0,0,29,239,252,252,97,0,0,0,0,0,0,0,0,0,0,0,0,0,0,0,0,203,232,32,0,0,9,101,239,251,134,21,0,0,0,0,0,0,0,0,0,0,0,0,0,0,0,0,0,211,222,16,6,134,204,253,231,86,0,0,0,0,0,0,0,0,0,0,0,0,0,0,0,0,0,0,0,211,253,142,206,252,252,174,28,0,0,0,0,0,0,0,0,0,0,0,0,0,0,0,0,0,0,0,0,212,255,253,253,199,62,0,0,0,0,0,0,0,0,0,0,0,0,0,0,0,0,0,0,0,0,0,0,211,253,252,201,21,0,0,0,0,0,0,0,0,0,0,0,0,0,0,0,0,0,0,0,0,0,2,162,249,253,252,38,0,0,0,0,0,0,0,0,0,0,0,0,0,0,0,0,0,0,0,0,0,0,48,252,252,227,252,196,0,0,0,0,0,0,0,0,0,0,0,0,0,0,0,0,0,0,0,0,0,0,215,252,164,60,252,240,35,0,0,0,0,0,0,0,0,0,0,0,0,0,0,0,0,0,0,0,0,15,237,216,18,43,253,253,84,0,0,0,0,0,0,0,0,0,0,0,0,0,0,0,0,0,0,0,0,85,252,153,0,43,252,252,84,0,0,0,0,0,0,0,0,0,0,0,0,0,0,0,0,0,0,0,0,85,252,168,171,237,252,251,77,0,0,0,0,0,0,0,0,0,0,0,0,0,0,0,0,0,0,0,0,64,247,252,252,253,252,178,0,0,0,0,0,0,0,0,0,0,0,0,0,0,0,0,0,0,0,0,0,0,188,252,252,236,112,4,0,0,0,0,0,0,0,0,0,0,0,0,0,0,0,0,0,0,0,0,0,0,0,0,0,0,0,0,0,0,0,0,0,0,0,0,0,0,0,0,0,0,0,0,0,0,0,0,0,0,0,0,0,0,0,0,0,0,0,0,0,0,0,0,0,0,0,0,0,0,0,0,0,0,0,0,0,0,0,0,0,0,0,0,0,0,0,0,0,0,0,0,0,0,0,0,0,0
2,0,0,0,0,0,0,0,0,0,0,0,0,0,0,0,0,0,0,0,0,0,0,0,0,0,0,0,0,0,0,0,0,0,0,0,0,0,0,0,0,0,0,0,0,0,0,0,0,0,0,0,0,0,0,0,0,0,0,0,0,0,0,0,0,0,0,0,0,0,0,0,0,0,0,0,0,0,0,0,0,0,0,0,0,0,0,0,0,0,0,0,0,32,121,121,191,121,121,122,6,0,0,0,0,0,0,0,0,0,0,0,0,0,0,0,0,0,0,0,0,194,253,253,253,253,253,254,242,82,0,0,0,0,0,0,0,0,0,0,0,0,0,0,0,0,0,0,0,201,253,253,253,253,253,254,253,244,185,20,0,0,0,0,0,0,0,0,0,0,0,0,0,0,0,0,0,158,253,240,173,177,253,254,253,253,253,165,0,0,0,0,0,0,0,0,0,0,0,0,0,0,0,0,0,14,53,45,0,3,53,53,180,246,253,239,88,0,0,0,0,0,0,0,0,0,0,0,0,0,0,0,0,0,0,0,0,0,0,0,0,128,253,253,199,0,0,0,0,0,0,0,0,0,0,0,0,0,0,0,0,0,0,0,0,0,0,0,0,30,226,253,199,0,0,0,0,0,0,0,0,0,0,0,0,0,0,0,0,0,0,0,0,0,0,0,0,0,143,253,234,51,0,0,0,0,0,0,0,0,0,0,0,0,0,0,0,0,0,0,0,0,0,0,0,55,237,253,250,75,0,0,0,0,0,0,0,0,0,0,0,0,0,0,0,0,0,0,0,0,0,0,0,94,253,253,199,0,0,0,0,0,0,0,0,0,0,0,0,0,0,0,0,0,0,0,0,0,0,0,52,241,254,254,201,0,0,0,0,0,0,0,0,0,0,0,0,0,0,0,0,0,0,0,0,0,0,108,240,253,253,225,45,0,0,0,0,0,0,0,0,0,0,0,0,0,0,0,0,0,0,0,0,5,164,254,253,253,223,47,0,0,0,0,0,0,0,0,0,0,0,0,0,0,0,0,0,0,0,0,66,216,253,254,253,223,48,0,0,0,0,0,0,0,0,0,0,0,0,0,0,0,0,0,0,0,0,68,234,253,253,254,189,47,0,0,0,0,0,0,0,0,0,0,0,0,0,0,0,0,0,0,0,43,153,233,253,253,253,254,13,0,0,0,0,0,6,23,0,0,0,0,0,0,0,0,0,20,168,174,174,237,253,253,253,253,253,255,178,174,174,174,174,174,182,198,0,0,0,0,0,0,0,0,0,109,252,253,253,253,253,253,253,253,253,255,253,253,253,253,247,226,141,88,0,0,0,0,0,0,0,0,0,0,163,253,253,253,253,253,253,253,253,248,240,240,240,240,119,0,0,0,0,0,0,0,0,0,0,0,0,0,51,120,190,120,120,120,120,120,120,64,0,0,0,0,0,0,0,0,0,0,0,0,0,0,0,0,0,0,0,0,0,0,0,0,0,0,0,0,0,0,0,0,0,0,0,0,0,0,0,0,0,0,0,0,0,0,0,0,0,0,0,0,0,0,0,0,0,0,0,0,0,0,0,0,0,0,0,0,0,0,0,0,0,0,0,0,0,0,0,0,0,0,0,0,0,0,0,0,0,0,0,0,0,0,0,0,0,0,0,0,0,0,0,0,0,0,0,0,0,0,0,0,0,0,0,0,0,0,0,0,0,0,0,0,0,0,0,0,0,0,0,0,0,0,0,0,0,0,0,0,0,0,0,0,0,0,0,0,0,0,0,0,0
8,0,0,0,0,0,0,0,0,0,0,0,0,0,0,0,0,0,0,0,0,0,0,0,0,0,0,0,0,0,0,0,0,0,0,0,0,0,0,0,0,0,0,0,0,0,0,0,0,0,0,0,0,0,0,0,0,0,0,0,0,0,0,0,0,0,0,0,0,0,0,0,0,0,0,0,0,0,0,0,0,0,0,0,0,0,0,0,0,0,0,0,0,0,0,0,0,0,0,0,0,0,0,0,0,0,0,0,0,0,0,0,0,0,0,0,0,0,0,0,0,0,0,0,0,0,0,0,0,0,0,0,0,0,0,0,0,0,0,0,0,0,0,0,0,0,0,0,0,0,0,0,0,0,0,29,144,255,189,0,0,0,0,0,0,0,0,0,0,0,0,0,0,0,0,0,0,0,0,0,0,82,194,248,254,254,250,198,70,0,0,0,0,0,0,0,0,0,0,0,0,0,0,0,0,0,0,52,208,253,242,207,166,254,254,254,165,0,0,0,0,0,0,0,0,0,0,0,0,0,0,0,0,0,120,250,243,172,47,0,47,254,254,254,148,0,0,0,0,0,0,0,0,0,0,0,0,0,0,0,0,66,251,250,113,0,9,140,226,156,247,250,64,0,0,0,0,0,0,0,0,0,0,0,0,0,0,0,0,114,254,243,0,0,24,40,0,62,249,210,19,0,0,0,0,0,0,0,0,0,0,0,0,0,0,0,0,114,254,250,110,0,0,0,123,250,254,222,79,0,0,0,0,0,0,0,0,0,0,0,0,0,0,0,0,28,215,254,217,6,0,13,251,254,243,120,5,0,0,0,0,0,0,0,0,0,0,0,0,0,0,0,0,0,45,246,254,162,23,158,254,252,79,0,0,0,0,0,0,0,0,0,0,0,0,0,0,0,0,0,0,0,0,72,234,254,234,254,254,64,0,0,0,0,0,0,0,0,0,0,0,0,0,0,0,0,0,0,0,0,0,0,30,217,254,254,187,7,0,0,0,0,0,0,0,0,0,0,0,0,0,0,0,0,0,0,0,0,0,14,150,253,254,254,244,40,0,0,0,0,0,0,0,0,0,0,0,0,0,0,0,0,0,0,0,0,13,212,254,254,194,176,254,194,3,0,0,0,0,0,0,0,0,0,0,0,0,0,0,0,0,0,0,0,108,254,250,165,27,3,244,254,45,0,0,0,0,0,0,0,0,0,0,0,0,0,0,0,0,0,0,0,199,254,156,0,0,0,161,254,174,0,0,0,0,0,0,0,0,0,0,0,0,0,0,0,0,0,0,0,199,251,45,0,0,0,57,254,232,0,0,0,0,0,0,0,0,0,0,0,0,0,0,0,0,0,0,0,128,254,132,0,0,0,30,254,232,0,0,0,0,0,0,0,0,0,0,0,0,0,0,0,0,0,0,0,6,230,249,119,5,0,99,254,232,0,0,0,0,0,0,0,0,0,0,0,0,0,0,0,0,0,0,0,0,29,220,254,225,188,234,254,153,0,0,0,0,0,0,0,0,0,0,0,0,0,0,0,0,0,0,0,0,0,19,151,254,254,254,135,2,0,0,0,0,0,0,0,0,0,0,0,0,0,0,0,0,0,0,0,0,0,0,0,0,0,0,0,0,0,0,0,0,0,0,0,0,0,0,0,0,0,0,0,0,0,0,0,0,0,0,0,0,0,0,0,0,0,0,0,0,0,0,0,0,0,0,0,0,0,0,0,0,0,0,0,0,0,0,0,0,0,0,0,0,0,0,0,0,0,0,0,0,0,0
3,0,0,0,0,0,0,0,0,0,0,0,0,0,0,0,0,0,0,0,0,0,0,0,0,0,0,0,0,0,0,0,0,0,0,0,0,0,0,0,0,0,0,0,0,0,0,0,0,0,0,0,0,0,0,0,0,0,0,0,0,0,0,0,0,0,0,0,0,0,0,0,0,0,0,0,0,0,0,0,0,0,0,0,0,0,0,0,0,0,0,0,0,0,0,0,0,0,0,0,0,0,0,0,0,0,0,0,0,0,0,0,0,0,0,0,0,0,0,0,0,0,0,245,189,137,137,101,119,137,21,18,7,0,0,0,0,0,0,0,0,0,0,0,0,0,0,0,0,0,0,244,254,254,254,254,254,254,254,254,160,0,0,0,0,0,0,0,0,0,0,0,0,0,0,0,0,0,0,79,83,102,201,201,246,254,254,254,207,0,0,0,0,0,0,0,0,0,0,0,0,0,0,0,0,0,0,0,0,0,0,0,81,244,254,254,173,0,0,0,0,0,0,0,0,0,0,0,0,0,0,0,0,0,0,0,0,0,0,28,151,254,254,188,17,0,0,0,0,0,0,0,0,0,0,0,0,0,0,0,0,0,0,0,0,0,76,207,254,254,249,62,0,0,0,0,0,0,0,0,0,0,0,0,0,0,0,0,0,0,0,0,15,144,251,254,254,249,15,0,0,0,0,0,0,0,0,0,0,0,0,0,0,0,0,0,0,0,0,26,205,254,254,254,190,10,0,0,0,0,0,0,0,0,0,0,0,0,0,0,0,0,0,0,0,76,160,251,254,254,254,254,61,0,0,0,0,0,0,0,0,0,0,0,0,0,0,0,0,0,0,0,51,241,254,254,254,254,255,254,226,126,2,0,0,0,0,0,0,0,0,0,0,0,0,0,0,0,0,0,72,254,254,254,211,190,254,254,254,254,192,33,0,0,0,0,0,0,0,0,0,0,0,0,0,0,0,0,12,137,159,46,18,7,41,132,195,254,254,150,0,0,0,0,0,0,0,0,0,0,0,0,0,0,0,0,0,0,0,0,0,0,0,0,54,244,254,252,133,0,0,0,0,0,0,0,0,0,0,0,0,0,0,0,0,0,0,0,0,0,0,0,0,58,252,254,207,0,0,0,0,0,0,0,0,0,0,0,0,0,0,0,0,11,80,148,53,0,0,0,0,0,250,255,207,0,0,0,0,0,0,0,0,0,0,0,0,0,0,0,0,112,254,171,0,0,0,0,0,44,251,254,207,0,0,0,0,0,0,0,0,0,0,0,0,0,0,0,19,220,254,105,0,11,66,66,165,248,254,254,207,0,0,0,0,0,0,0,0,0,0,0,0,0,0,0,49,239,254,253,202,211,254,254,254,254,254,245,84,0,0,0,0,0,0,0,0,0,0,0,0,0,0,0,0,161,254,254,254,254,254,254,254,254,155,81,0,0,0,0,0,0,0,0,0,0,0,0,0,0,0,0,0,48,185,254,254,235,219,163,92,17,1,0,0,0,0,0,0,0,0,0,0,0,0,0,0,0,0,0,0,0,0,0,0,0,0,0,0,0,0,0,0,0,0,0,0,0,0,0,0,0,0,0,0,0,0,0,0,0,0,0,0,0,0,0,0,0,0,0,0,0,0,0,0,0,0,0,0,0,0,0,0,0,0,0,0,0,0,0,0,0,0,0,0,0,0,0,0,0,0,0,0,0,0,0,0,0,0,0,0,0,0,0,0,0,0,0,0,0,0,0,0,0,0,0,0,0,0,0,0,0,0,0,0
1,0,0,0,0,0,0,0,0,0,0,0,0,0,0,0,0,0,0,0,0,0,0,0,0,0,0,0,0,0,0,0,0,0,0,0,0,0,0,0,0,0,0,0,0,0,0,0,0,0,0,0,0,0,0,0,0,0,0,0,0,0,0,0,0,0,0,0,0,0,0,0,0,0,0,0,0,0,0,0,0,0,0,0,0,0,0,0,0,0,0,0,0,0,0,0,0,0,0,0,0,0,0,0,0,0,0,0,0,0,0,0,0,0,0,0,0,0,0,0,0,0,0,0,0,0,0,0,0,0,0,0,0,0,0,0,0,0,0,0,0,0,0,0,0,0,0,0,0,0,0,0,0,0,0,45,255,138,0,0,0,0,0,0,0,0,0,0,0,0,0,0,0,0,0,0,0,0,0,0,0,0,0,147,254,195,2,0,0,0,0,0,0,0,0,0,0,0,0,0,0,0,0,0,0,0,0,0,0,0,5,192,254,254,16,0,0,0,0,0,0,0,0,0,0,0,0,0,0,0,0,0,0,0,0,0,0,0,111,254,254,221,8,0,0,0,0,0,0,0,0,0,0,0,0,0,0,0,0,0,0,0,0,0,0,34,246,209,254,170,0,20,0,0,0,0,0,0,0,0,0,0,0,0,0,0,0,0,0,0,0,0,0,98,179,200,254,109,122,35,0,0,0,0,0,0,0,0,0,0,0,0,0,0,0,0,0,0,0,0,4,225,128,219,254,247,71,0,0,0,0,0,0,0,0,0,0,0,0,0,0,0,0,0,0,0,0,0,85,248,59,237,254,52,0,0,0,0,0,0,0,0,0,0,0,0,0,0,0,0,0,0,0,0,0,0,85,239,71,254,214,7,0,0,0,0,0,0,0,0,0,0,0,0,0,0,0,0,0,0,0,0,0,0,19,102,123,254,201,0,0,0,0,0,0,0,0,0,0,0,0,0,0,0,0,0,0,0,0,0,0,0,0,0,67,254,133,0,0,0,0,0,0,0,0,0,0,0,0,0,0,0,0,0,0,0,0,0,0,0,0,0,101,254,121,0,0,0,0,0,0,0,0,0,0,0,0,0,0,0,0,0,0,0,0,0,0,0,0,0,159,254,121,0,0,0,0,0,0,0,0,0,0,0,0,0,0,0,0,0,0,0,0,0,0,0,0,6,212,254,121,0,0,0,0,0,0,0,0,0,0,0,0,0,0,0,0,0,0,0,0,0,0,0,0,23,254,254,115,0,0,0,0,0,0,0,0,0,0,0,0,0,0,0,0,0,0,0,0,0,0,0,0,87,254,254,40,0,0,0,0,0,0,0,0,0,0,0,0,0,0,0,0,0,0,0,0,0,0,0,0,82,254,247,33,0,0,0,0,0,0,0,0,0,0,0,0,0,0,0,0,0,0,0,0,0,0,0,0,98,254,195,0,0,0,0,0,0,0,0,0,0,0,0,0,0,0,0,0,0,0,0,0,0,0,0,24,165,254,132,0,0,0,0,0,0,0,0,0,0,0,0,0,0,0,0,0,0,0,0,0,0,0,0,60,254,245,39,0,0,0,0,0,0,0,0,0,0,0,0,0,0,0,0,0,0,0,0,0,0,0,0,0,0,0,0,0,0,0,0,0,0,0,0,0,0,0,0,0,0,0,0,0,0,0,0,0,0,0,0,0,0,0,0,0,0,0,0,0,0,0,0,0,0,0,0,0,0,0,0,0,0,0,0,0,0,0,0,0,0,0,0,0,0,0,0,0,0,0,0,0,0,0,0,0
3,0,0,0,0,0,0,0,0,0,0,0,0,0,0,0,0,0,0,0,0,0,0,0,0,0,0,0,0,0,0,0,0,0,0,0,0,0,0,0,0,0,0,0,0,0,0,0,0,0,0,0,0,0,0,0,0,0,0,0,0,0,0,0,0,0,0,0,0,0,0,0,0,0,0,0,0,0,0,0,0,0,0,0,0,0,0,0,0,0,0,0,0,0,0,0,0,0,0,0,0,0,0,0,0,0,0,0,0,0,0,0,0,0,0,0,0,0,0,0,0,0,0,93,218,253,193,183,245,148,104,18,0,0,0,0,0,0,0,0,0,0,0,0,0,0,0,0,0,0,64,247,252,252,253,252,252,252,252,217,190,16,0,0,0,0,0,0,0,0,0,0,0,0,0,0,0,0,43,242,212,126,127,126,134,231,249,253,252,118,0,0,0,0,0,0,0,0,0,0,0,0,0,0,0,0,0,77,28,0,0,0,0,70,239,253,252,100,0,0,0,0,0,0,0,0,0,0,0,0,0,0,0,0,0,0,0,0,0,0,107,239,252,236,112,4,0,0,0,0,0,0,0,0,0,0,0,0,0,0,0,0,0,0,0,0,123,253,253,253,218,89,0,0,0,0,0,0,0,0,0,0,0,0,0,0,0,0,0,0,0,0,22,128,253,252,245,98,11,0,0,0,0,0,0,0,0,0,0,0,0,0,0,0,0,0,0,0,0,2,167,252,250,152,27,0,0,0,0,0,0,0,0,0,0,0,0,0,0,0,0,0,0,0,0,0,0,22,252,252,239,133,64,64,11,0,0,0,0,0,0,0,0,0,0,0,0,0,0,0,0,0,0,0,0,13,217,252,253,252,252,252,218,89,0,0,0,0,0,0,0,0,0,0,0,0,0,0,0,0,0,0,0,0,0,45,107,185,211,239,253,255,218,12,0,0,0,0,0,0,0,0,0,0,0,0,0,0,0,0,0,0,0,0,0,0,0,69,168,253,252,179,0,0,0,0,0,0,0,0,0,0,0,0,0,0,0,0,0,0,0,0,0,0,0,0,0,104,252,251,77,0,0,0,0,0,0,0,0,0,0,0,0,0,0,0,0,0,0,0,0,0,0,0,0,69,252,252,84,0,0,0,0,0,0,0,0,0,0,0,0,0,0,0,0,0,0,0,0,0,0,0,45,236,252,244,49,0,0,0,0,0,0,0,0,0,0,0,0,0,0,0,0,0,0,0,0,32,96,218,253,255,253,65,0,0,0,0,0,0,0,0,0,0,0,0,0,0,0,0,29,50,85,85,146,237,252,252,252,239,132,5,0,0,0,0,0,0,0,0,0,0,0,0,29,127,215,233,239,244,252,252,253,252,252,238,99,17,0,0,0,0,0,0,0,0,0,0,0,0,0,128,246,252,252,253,252,252,252,226,190,153,84,28,0,0,0,0,0,0,0,0,0,0,0,0,0,0,0,146,252,226,147,129,42,42,42,24,0,0,0,0,0,0,0,0,0,0,0,0,0,0,0,0,0,0,0,0,0,0,0,0,0,0,0,0,0,0,0,0,0,0,0,0,0,0,0,0,0,0,0,0,0,0,0,0,0,0,0,0,0,0,0,0,0,0,0,0,0,0,0,0,0,0,0,0,0,0,0,0,0,0,0,0,0,0,0,0,0,0,0,0,0,0,0,0,0,0,0,0,0,0,0,0,0,0,0,0,0,0,0,0,0,0,0,0,0,0,0,0,0,0,0,0,0,0,0,0,0,0,0,0,0,0,0
7,0,0,0,0,0,0,0,0,0,0,0,0,0,0,0,0,0,0,0,0,0,0,0,0,0,0,0,0,0,0,0,0,0,0,0,0,0,0,0,0,0,0,0,0,0,0,0,0,0,0,0,0,0,0,0,0,0,0,0,0,0,0,0,0,0,0,0,0,0,0,0,0,0,0,0,0,0,0,0,0,0,0,0,0,0,0,0,0,0,0,0,0,0,0,0,0,0,0,0,0,0,0,0,0,0,0,0,0,0,0,0,0,0,0,0,0,0,0,0,0,0,0,0,0,0,0,0,0,0,0,0,0,0,0,0,0,0,0,0,0,0,0,0,0,0,0,0,0,0,0,0,0,0,0,0,0,0,0,0,0,0,0,0,0,0,0,0,0,0,0,0,0,0,0,31,148,104,43,78,51,114,60,43,43,43,43,130,237,113,22,0,0,0,0,0,0,0,0,0,0,0,0,92,252,252,253,252,252,252,252,253,252,252,252,252,253,252,205,0,0,0,0,0,0,0,0,0,0,0,0,2,91,170,214,126,126,82,126,127,126,136,252,252,223,126,72,0,0,0,0,0,0,0,0,0,0,0,0,0,0,0,0,0,0,0,0,0,0,119,252,252,80,0,0,0,0,0,0,0,0,0,0,0,0,0,0,0,0,0,0,0,0,0,0,0,36,241,252,164,0,0,0,0,0,0,0,0,0,0,0,0,0,0,0,0,0,0,0,0,0,0,0,0,85,253,253,147,0,0,0,0,0,0,0,0,0,0,0,0,0,0,0,0,0,0,0,0,0,0,0,0,121,252,252,147,0,0,0,0,0,0,0,0,0,0,0,0,0,0,0,0,0,0,0,0,0,0,0,0,190,252,247,47,0,0,0,0,0,0,0,0,0,0,0,0,0,0,0,0,0,0,0,0,27,27,0,11,161,252,189,0,0,0,0,0,0,0,0,0,0,0,0,0,0,0,0,0,71,106,124,211,228,228,211,219,252,252,242,79,0,0,0,0,0,0,0,0,0,0,0,0,0,0,36,242,253,253,254,253,253,253,253,255,253,253,253,236,168,0,0,0,0,0,0,0,0,0,0,0,0,0,0,232,252,217,183,224,124,168,80,63,170,252,252,68,53,0,0,0,0,0,0,0,0,0,0,0,0,0,0,19,91,74,4,14,0,0,0,0,7,234,252,138,0,0,0,0,0,0,0,0,0,0,0,0,0,0,0,0,0,0,0,0,0,0,0,0,0,232,252,147,0,0,0,0,0,0,0,0,0,0,0,0,0,0,0,0,0,0,0,0,0,0,0,0,0,232,252,147,0,0,0,0,0,0,0,0,0,0,0,0,0,0,0,0,0,0,0,0,0,0,0,0,0,233,253,129,0,0,0,0,0,0,0,0,0,0,0,0,0,0,0,0,0,0,0,0,0,0,0,0,0,232,252,121,0,0,0,0,0,0,0,0,0,0,0,0,0,0,0,0,0,0,0,0,0,0,0,0,0,223,252,147,0,0,0,0,0,0,0,0,0,0,0,0,0,0,0,0,0,0,0,0,0,0,0,0,0,127,252,77,0,0,0,0,0,0,0,0,0,0,0,0,0,0,0,0,0,0,0,0,0,0,0,0,0,39,252,42,0,0,0,0,0,0,0,0,0,0,0,0,0,0,0,0,0,0,0,0,0,0,0,0,0,0,0,0,0,0,0,0,0,0,0,0,0,0,0,0,0,0,0,0,0,0,0,0,0,0,0,0,0,0,0,0,0,0,0,0,0,0,0,0,0
3,0,0,0,0,0,0,0,0,0,0,0,0,0,0,0,0,0,0,0,0,0,0,0,0,0,0,0,0,0,0,0,0,0,0,0,0,0,0,0,0,0,0,0,0,0,0,0,0,0,0,0,0,0,0,0,0,0,0,0,0,0,0,0,0,0,0,0,0,0,0,0,0,0,0,0,0,0,0,0,0,0,0,0,0,0,0,0,0,0,0,0,0,0,0,0,0,0,0,0,0,0,0,0,0,0,0,0,0,0,0,0,0,0,0,0,0,0,0,0,0,0,0,0,0,0,0,0,0,0,0,0,0,0,0,0,0,0,0,0,0,0,0,0,0,0,0,0,0,0,0,0,0,0,0,0,0,0,0,0,0,0,0,0,0,0,0,0,0,0,0,0,0,0,0,0,0,0,42,135,217,217,217,218,217,217,134,73,10,0,0,0,0,0,0,0,0,0,0,0,0,0,0,0,0,47,221,253,252,252,252,253,252,252,252,253,149,11,0,0,0,0,0,0,0,0,0,0,0,0,0,0,0,181,252,253,252,252,252,253,252,252,252,253,252,154,0,0,0,0,0,0,0,0,0,0,0,0,0,0,0,119,252,206,143,41,0,0,124,159,252,253,252,215,0,0,0,0,0,0,0,0,0,0,0,0,0,0,0,5,35,20,0,0,0,0,0,5,159,253,252,215,0,0,0,0,0,0,0,0,0,0,0,0,0,0,0,0,0,0,0,0,0,0,32,140,221,253,252,215,0,0,0,0,0,0,0,0,0,0,0,0,0,0,0,0,84,145,144,144,144,145,237,252,252,253,252,215,0,0,0,0,0,0,0,0,0,0,0,0,0,0,94,212,253,255,253,253,253,255,253,253,253,255,159,41,0,0,0,0,0,0,0,0,0,0,0,0,1,134,247,252,252,253,252,252,252,253,252,252,252,253,77,0,0,0,0,0,0,0,0,0,0,0,0,0,1,252,252,252,252,253,252,252,252,253,252,252,252,253,231,72,0,0,0,0,0,0,0,0,0,0,0,0,1,169,252,252,252,253,210,108,108,108,108,128,252,253,252,215,0,0,0,0,0,0,0,0,0,0,0,0,0,0,0,0,0,0,0,0,0,0,0,0,84,255,253,253,170,0,0,0,0,0,0,0,0,0,0,0,0,0,0,11,73,42,0,0,0,0,0,0,0,211,252,252,252,0,0,0,0,0,0,0,0,84,0,0,0,0,0,140,252,222,181,78,37,37,5,21,21,129,252,252,252,0,0,0,0,0,0,0,0,0,0,0,0,0,0,181,252,253,252,252,252,253,159,206,206,253,252,252,252,0,0,0,0,0,0,0,0,0,0,0,0,0,0,21,207,255,253,253,253,255,253,253,253,255,253,237,144,0,0,0,0,0,0,0,0,0,0,0,0,0,0,0,20,35,77,179,221,253,252,252,252,253,252,174,0,0,0,0,0,0,0,0,0,0,0,0,0,0,0,0,0,0,0,0,41,72,113,215,215,154,71,20,0,0,0,0,0,0,0,0,0,0,0,0,0,0,0,0,0,0,0,0,0,0,0,0,0,0,0,0,0,0,0,0,0,0,0,0,0,0,0,0,0,0,0,0,0,0,0,0,0,0,0,0,0,0,0,0,0,0,0,0,0,0,0,0,0,0,0,0,0,0,0,0,0,0,0,0,0,0,0,0,0,0,0,0,0,0,0,0,0,0,0,0,0,0,0,0,0,0,0,0,0,0,0,0,0,0,0,0,0,0,0,0,0,0,0,0,0,0,0
3,0,0,0,0,0,0,0,0,0,0,0,0,0,0,0,0,0,0,0,0,0,0,0,0,0,0,0,0,0,0,0,0,0,0,0,0,0,0,0,0,0,0,0,0,0,0,0,0,0,0,0,0,0,0,0,0,0,0,0,0,0,0,0,0,0,0,0,0,0,0,0,0,0,0,0,0,0,0,0,0,0,0,0,0,0,0,0,0,0,0,0,0,0,0,0,0,0,0,0,0,0,0,119,255,115,0,0,0,0,0,0,0,0,0,0,0,0,0,0,0,0,0,0,0,0,0,17,106,138,180,247,241,60,0,0,0,0,0,0,0,0,0,0,0,0,0,0,0,0,0,0,0,5,74,224,254,253,253,253,216,19,0,0,0,0,0,0,0,0,0,0,0,0,0,0,0,0,0,0,0,80,253,253,254,253,253,253,254,115,0,0,0,0,0,0,0,0,0,0,0,0,0,0,0,0,0,0,0,139,254,254,254,254,197,235,254,237,29,0,0,0,0,0,0,0,0,0,0,0,0,0,0,0,0,0,0,46,206,206,115,31,4,184,254,253,46,0,0,0,0,0,0,0,0,0,0,0,0,0,0,0,0,0,0,0,0,0,0,0,0,184,254,253,46,0,0,0,0,0,0,0,0,0,0,0,0,0,0,0,0,0,0,0,0,0,60,93,101,234,254,219,13,0,0,0,0,0,0,0,0,0,0,0,0,0,0,0,0,0,0,13,153,254,254,254,254,254,254,90,0,0,0,0,0,0,0,0,0,0,0,0,0,0,0,0,0,0,0,181,253,253,254,253,253,253,140,2,0,0,0,0,0,0,0,0,0,0,0,0,0,0,0,0,0,0,0,230,253,253,254,253,253,253,101,0,0,0,0,0,0,0,0,0,0,0,0,0,0,0,0,0,0,0,0,129,253,253,228,111,220,253,235,17,0,0,0,0,0,0,0,0,0,0,0,0,7,45,0,0,0,0,0,0,0,0,0,0,116,254,254,23,0,0,0,0,0,0,0,0,0,0,0,0,191,245,114,5,0,0,0,0,0,0,0,0,199,253,254,23,0,0,0,0,0,0,0,0,0,0,0,0,207,253,254,73,0,0,0,0,0,0,0,47,245,253,222,13,0,0,0,0,0,0,0,0,0,0,0,17,224,253,254,240,142,59,68,0,9,25,93,214,253,253,118,0,0,0,0,0,0,0,0,0,0,0,0,17,225,254,254,254,254,254,254,254,254,254,254,254,254,228,34,0,0,0,0,0,0,0,0,0,0,0,0,0,140,253,254,253,253,253,254,253,253,253,254,253,164,15,0,0,0,0,0,0,0,0,0,0,0,0,0,0,13,171,245,253,253,253,254,253,253,253,247,128,9,0,0,0,0,0,0,0,0,0,0,0,0,0,0,0,0,0,44,119,202,253,254,253,177,160,50,0,0,0,0,0,0,0,0,0,0,0,0,0,0,0,0,0,0,0,0,0,0,0,0,0,0,0,0,0,0,0,0,0,0,0,0,0,0,0,0,0,0,0,0,0,0,0,0,0,0,0,0,0,0,0,0,0,0,0,0,0,0,0,0,0,0,0,0,0,0,0,0,0,0,0,0,0,0,0,0,0,0,0,0,0,0,0,0,0,0,0,0,0,0,0,0,0,0,0,0,0,0,0,0,0,0,0,0,0,0,0,0,0,0,0,0,0,0,0,0,0,0,0,0,0,0,0,0,0,0,0,0,0,0,0,0,0,0,0,0,0,0,0,0,0,0,0,0,0,0,0,0
7,0,0,0,0,0,0,0,0,0,0,0,0,0,0,0,0,0,0,0,0,0,0,0,0,0,0,0,0,0,0,0,0,0,0,0,0,0,0,0,0,0,0,0,0,0,0,0,0,0,0,0,0,0,0,0,0,0,0,0,0,0,0,0,0,0,0,0,0,0,0,0,0,0,0,0,0,0,0,0,0,0,0,0,0,0,0,0,0,0,0,0,0,0,0,0,0,0,0,0,0,0,0,0,0,0,0,0,0,0,0,0,0,0,0,0,0,0,0,0,0,0,0,0,0,0,0,0,0,0,0,0,0,0,0,0,0,0,0,0,0,0,0,0,0,0,0,0,0,0,0,0,0,0,0,0,0,0,0,0,0,0,0,0,0,0,0,0,0,0,0,0,0,0,0,0,0,0,0,0,0,0,0,0,0,0,0,0,0,0,0,0,0,0,0,0,0,0,0,0,0,0,0,0,0,0,0,0,0,0,1,24,133,214,254,220,25,0,0,0,0,0,0,0,0,0,0,0,0,0,0,0,6,25,25,25,25,140,151,253,253,253,253,253,118,0,0,0,0,0,0,0,0,0,0,0,0,0,0,48,180,253,253,253,253,253,254,253,231,241,253,253,94,0,0,0,0,0,0,0,0,0,0,0,0,0,0,146,253,239,244,253,253,253,200,84,32,169,253,253,48,0,0,0,0,0,0,0,0,0,0,0,0,0,0,14,72,52,59,72,72,72,0,0,9,190,253,201,14,0,0,0,0,0,0,0,0,0,0,0,0,0,0,0,0,0,0,0,0,0,0,0,129,253,253,88,0,0,0,0,0,0,0,0,0,0,0,0,0,0,0,0,0,0,0,0,0,0,0,0,157,253,253,60,0,0,0,0,0,0,0,0,0,0,0,0,0,0,0,0,0,0,0,0,0,0,0,10,194,253,201,9,0,0,0,0,0,0,0,0,0,0,0,0,0,0,0,0,0,0,0,0,0,0,0,77,253,253,140,0,0,0,0,0,0,0,0,0,0,0,0,0,0,0,0,0,0,0,0,0,0,0,12,249,253,207,4,0,0,0,0,0,0,0,0,0,0,0,0,0,0,0,0,0,0,0,0,0,0,0,19,254,254,206,0,0,0,0,0,0,0,0,0,0,0,0,0,0,0,0,0,0,0,0,0,0,0,0,145,253,250,128,0,0,0,0,0,0,0,0,0,0,0,0,0,0,0,0,0,0,0,0,0,0,0,76,254,253,141,0,0,0,0,0,0,0,0,0,0,0,0,0,0,0,0,0,0,0,0,0,0,0,0,202,254,249,78,0,0,0,0,0,0,0,0,0,0,0,0,0,0,0,0,0,0,0,0,0,0,0,108,250,254,142,0,0,0,0,0,0,0,0,0,0,0,0,0,0,0,0,0,0,0,0,0,0,0,0,230,253,245,26,0,0,0,0,0,0,0,0,0,0,0,0,0,0,0,0,0,0,0,0,0,0,0,33,238,253,202,0,0,0,0,0,0,0,0,0,0,0,0,0,0,0,0,0,0,0,0,0,0,0,0,143,253,253,75,0,0,0,0,0,0,0,0,0,0,0,0,0,0,0,0,0,0,0,0,0,0,0,0,218,253,143,0,0,0,0,0,0,0,0,0,0,0,0,0,0,0,0,0,0,0,0,0,0,0,0,0,160,253,75,0,0,0,0,0,0,0,0,0,0,0,0,0,0,0,0,0,0,0,0,0,0,0,0,0,0,0,0,0,0,0,0,0,0,0,0,0,0,0,0,0,0,0
5,0,0,0,0,0,0,0,0,0,0,0,0,0,0,0,0,0,0,0,0,0,0,0,0,0,0,0,0,0,0,0,0,0,0,0,0,0,0,0,0,0,0,0,0,0,0,0,0,0,0,0,0,0,0,0,0,0,0,0,0,0,0,0,0,0,0,0,0,0,0,0,0,0,0,0,0,0,0,0,0,0,0,0,0,0,0,0,0,0,0,0,0,0,0,0,0,0,0,0,0,0,0,0,0,0,0,0,0,0,0,0,0,0,0,0,0,0,0,0,0,0,0,0,0,0,0,0,0,0,0,0,0,0,0,0,0,0,0,0,0,0,0,0,0,0,0,0,0,0,0,0,0,0,0,0,0,0,0,0,0,0,0,0,0,0,0,0,0,0,0,0,0,0,0,0,0,0,0,0,0,0,0,0,0,6,7,7,56,131,15,1,0,0,0,0,0,0,0,0,0,0,7,13,7,13,13,34,137,137,137,137,137,232,254,254,254,254,254,12,0,0,0,0,0,0,0,0,0,74,203,254,200,254,254,254,254,254,254,254,254,254,254,254,254,247,181,5,0,0,0,0,0,0,0,0,0,192,254,254,254,254,254,254,254,254,254,236,193,144,229,123,105,62,0,0,0,0,0,0,0,0,0,0,0,116,240,254,251,223,223,223,199,99,99,24,0,0,0,0,0,0,0,0,0,0,0,0,0,0,0,0,0,0,137,254,233,15,0,0,8,38,38,38,27,0,0,0,0,0,0,0,0,0,0,0,0,0,0,0,0,0,117,254,254,202,168,168,185,254,254,254,229,168,126,28,0,0,0,0,0,0,0,0,0,0,0,0,0,0,11,233,254,254,254,254,254,254,254,254,254,254,254,225,65,5,0,0,0,0,0,0,0,0,0,0,0,0,0,42,147,226,120,74,74,74,74,74,74,174,218,254,254,136,32,0,0,0,0,0,0,0,0,0,0,0,0,0,0,34,0,0,0,0,0,0,0,0,24,114,247,254,225,9,0,0,0,0,0,0,0,0,0,0,0,0,0,0,0,0,0,0,0,0,0,0,0,0,55,203,254,138,2,0,0,0,0,0,0,0,0,0,0,0,0,0,0,0,0,0,0,0,0,0,0,0,0,75,249,254,104,0,0,0,0,0,0,0,0,0,0,0,0,0,0,0,0,0,0,0,0,0,0,0,0,0,101,251,231,0,0,0,0,0,0,0,0,0,0,0,0,54,88,30,0,0,0,0,0,0,0,0,0,0,0,243,254,0,0,0,0,0,0,0,0,0,0,0,128,240,254,148,30,0,0,0,0,0,0,0,0,0,0,243,254,0,0,0,0,0,0,0,0,0,0,0,149,254,254,254,234,197,76,0,0,81,100,64,40,100,155,253,144,0,0,0,0,0,0,0,0,0,0,0,14,114,254,254,254,254,249,231,231,250,254,246,240,255,254,254,130,0,0,0,0,0,0,0,0,0,0,0,0,3,18,18,18,46,142,142,142,142,142,183,254,254,254,202,12,0,0,0,0,0,0,0,0,0,0,0,0,0,0,0,0,0,0,0,0,0,0,5,122,194,136,12,0,0,0,0,0,0,0,0,0,0,0,0,0,0,0,0,0,0,0,0,0,0,0,0,0,3,0,0,0,0,0,0,0,0,0,0,0,0,0,0,0,0,0,0,0,0,0,0,0,0,0,0,0,0,0,0,0,0,0,0,0,0,0,0,0,0,0,0,0,0,0,0,0,0,0,0,0,0,0,0,0,0,0,0,0,0,0,0,0
7,0,0,0,0,0,0,0,0,0,0,0,0,0,0,0,0,0,0,0,0,0,0,0,0,0,0,0,0,0,0,0,0,0,0,0,0,0,0,0,0,0,0,0,0,0,0,0,0,0,0,0,0,0,0,0,0,0,0,0,0,0,0,0,0,0,0,0,0,0,0,0,0,0,0,0,0,0,0,0,0,0,0,0,0,0,0,0,0,0,0,0,0,0,0,0,0,0,0,0,0,0,0,0,0,0,0,0,0,0,0,0,0,0,0,0,0,0,0,0,0,0,0,0,0,0,0,0,0,0,0,0,0,0,0,0,0,0,0,0,0,0,0,0,0,0,0,0,0,0,0,0,0,0,0,0,0,0,0,0,0,0,0,0,0,0,0,0,0,0,0,0,0,0,0,0,0,0,0,0,0,0,0,0,0,0,0,0,0,0,0,0,0,0,0,0,0,0,0,0,0,0,0,107,255,157,146,146,94,38,38,6,30,0,17,0,0,0,0,0,0,0,0,0,0,0,0,0,0,0,0,151,253,253,253,253,253,253,253,194,237,184,202,57,0,0,0,0,0,0,0,0,0,0,0,0,0,0,0,103,252,253,253,253,253,253,253,253,253,253,253,218,19,0,0,0,0,0,0,0,0,0,0,0,0,0,0,0,77,148,123,210,210,219,253,253,253,253,253,253,43,0,0,0,0,0,0,0,0,0,0,0,0,0,0,0,0,0,0,0,0,14,104,242,145,253,253,233,29,0,0,0,0,0,0,0,0,0,0,0,0,0,0,0,0,0,0,0,0,0,0,23,157,253,253,184,0,0,0,0,0,0,0,0,0,0,0,0,0,0,0,0,0,0,0,0,0,0,0,0,168,253,248,65,0,0,0,0,0,0,0,0,0,0,0,0,0,0,0,0,0,0,0,0,0,0,0,0,168,253,226,0,0,0,0,0,0,0,0,0,0,0,0,0,0,0,0,0,0,0,0,0,0,0,0,0,168,253,226,0,0,0,0,0,0,0,0,0,0,0,0,0,0,0,0,0,0,0,0,0,0,0,0,0,168,253,226,0,0,0,0,0,0,0,0,0,0,0,0,0,0,0,0,0,0,0,0,0,0,0,0,8,199,253,226,0,0,0,0,0,0,0,0,0,0,0,0,0,0,0,0,0,0,0,0,0,0,0,0,22,253,253,125,0,0,0,0,0,0,0,0,0,0,0,0,0,0,0,0,0,0,0,0,0,0,0,0,22,253,253,93,0,0,0,0,0,0,0,0,0,0,0,0,0,0,0,0,0,0,0,0,0,0,0,0,22,253,253,98,0,0,0,0,0,0,0,0,0,0,0,0,0,0,0,0,0,0,0,0,0,0,0,0,127,253,253,14,0,0,0,0,0,0,0,0,0,0,0,0,0,0,0,0,0,0,0,0,0,0,0,0,204,253,253,10,0,0,0,0,0,0,0,0,0,0,0,0,0,0,0,0,0,0,0,0,0,0,0,0,148,253,253,101,0,0,0,0,0,0,0,0,0,0,0,0,0,0,0,0,0,0,0,0,0,0,0,0,130,253,253,105,0,0,0,0,0,0,0,0,0,0,0,0,0,0,0,0,0,0,0,0,0,0,0,0,101,253,253,10,0,0,0,0,0,0,0,0,0,0,0,0,0,0,0,0,0,0,0,0,0,0,0,0,13,217,253,10,0,0,0,0,0,0,0,0,0,0,0,0,0,0,0,0,0,0,0,0,0,0,0,0,0,0,0,0,0,0,0,0,0,0,0,0,0,0
8,0,0,0,0,0,0,0,0,0,0,0,0,0,0,0,0,0,0,0,0,0,0,0,0,0,0,0,0,0,0,0,0,0,0,0,0,0,0,0,0,0,0,0,0,0,0,0,0,0,0,0,0,0,0,0,0,0,0,0,0,0,0,0,0,0,0,0,0,0,0,0,0,0,0,0,0,0,0,0,0,0,0,0,0,0,0,0,0,0,0,0,0,0,0,0,0,0,0,0,0,0,0,0,0,0,0,0,0,0,0,0,0,0,0,0,0,0,0,0,0,0,0,0,1,82,171,240,170,15,0,0,0,0,0,0,0,0,0,0,0,0,0,0,0,0,0,0,0,0,0,12,166,254,174,100,177,212,26,0,0,0,0,0,0,0,0,0,0,0,0,0,0,0,0,0,0,0,13,191,254,254,254,242,137,95,162,2,0,0,0,0,0,0,0,0,0,0,0,0,0,0,0,0,0,13,191,253,173,143,111,226,254,178,57,8,0,0,0,0,0,0,0,0,0,0,0,0,0,0,0,0,2,168,239,81,0,0,0,11,151,251,219,29,0,0,0,0,0,0,0,0,0,0,0,0,0,0,0,0,112,253,81,0,0,0,0,0,0,87,251,148,0,0,0,0,0,0,0,0,0,0,0,0,0,0,0,44,236,101,0,0,0,0,0,0,0,0,222,222,11,0,0,0,0,0,0,0,0,0,0,0,0,0,0,93,244,10,0,0,0,0,0,0,0,0,222,247,22,0,0,0,0,0,0,0,0,0,0,0,0,0,0,21,219,152,23,0,0,0,19,38,38,99,248,89,0,0,0,0,0,0,0,0,0,0,0,0,0,0,0,0,37,220,236,137,42,53,215,254,254,254,219,10,0,0,0,0,0,0,0,0,0,0,0,0,0,0,0,0,0,36,190,254,254,254,254,254,254,254,254,199,55,4,0,0,0,0,0,0,0,0,0,0,0,0,0,0,0,0,4,51,235,254,254,254,212,214,254,254,254,198,25,0,0,0,0,0,0,0,0,0,0,0,0,0,0,0,48,205,254,200,105,33,6,7,69,236,213,254,235,29,0,0,0,0,0,0,0,0,0,0,0,0,0,109,247,221,48,7,0,0,0,0,0,19,8,170,254,212,5,0,0,0,0,0,0,0,0,0,0,0,135,248,173,35,0,0,0,0,0,0,0,0,0,7,164,254,8,0,0,0,0,0,0,0,0,0,0,5,224,167,6,0,0,0,0,0,0,0,0,0,0,0,177,254,8,0,0,0,0,0,0,0,0,0,0,60,251,51,0,0,0,0,0,0,0,0,0,0,0,19,243,209,3,0,0,0,0,0,0,0,0,0,0,40,250,94,0,0,0,0,0,0,0,0,0,68,76,233,255,48,0,0,0,0,0,0,0,0,0,0,0,4,154,254,247,239,163,87,0,66,150,235,247,254,254,181,74,1,0,0,0,0,0,0,0,0,0,0,0,0,1,70,233,246,235,254,251,254,184,171,98,88,12,1,0,0,0,0,0,0,0,0,0,0,0,0,0,0,0,0,0,0,0,0,0,0,0,0,0,0,0,0,0,0,0,0,0,0,0,0,0,0,0,0,0,0,0,0,0,0,0,0,0,0,0,0,0,0,0,0,0,0,0,0,0,0,0,0,0,0,0,0,0,0,0,0,0,0,0,0,0,0,0,0,0,0,0,0,0,0,0,0,0,0,0,0,0,0,0,0,0,0,0,0,0,0,0,0,0,0,0,0,0,0,0,0,0,0,0,0,0,0,0
2,0,0,0,0,0,0,0,0,0,0,0,0,0,0,0,0,0,0,0,0,0,0,0,0,0,0,0,0,0,0,0,0,0,0,0,0,0,0,0,0,0,0,0,0,0,0,0,0,0,0,0,0,0,0,0,0,0,0,0,0,0,0,0,0,0,0,0,0,0,0,0,0,0,0,0,0,0,0,0,0,0,0,0,0,0,0,0,0,0,0,0,0,0,0,0,0,0,0,0,0,0,0,0,0,0,0,0,0,0,0,0,0,0,0,0,0,0,2,90,161,255,254,254,199,243,136,109,13,0,0,0,0,0,0,0,0,0,0,0,0,0,0,0,0,0,35,253,253,253,253,253,253,253,253,253,223,154,31,0,0,0,0,0,0,0,0,0,0,0,0,0,0,0,57,253,253,253,253,231,251,253,253,253,253,253,217,109,0,0,0,0,0,0,0,0,0,0,0,0,0,0,13,182,182,128,86,38,62,65,138,182,204,253,253,245,30,0,0,0,0,0,0,0,0,0,0,0,0,0,0,0,0,0,0,0,0,0,0,0,15,146,245,253,157,31,0,0,0,0,0,0,0,0,0,0,0,0,0,0,0,0,0,0,0,0,0,0,0,0,181,253,253,88,0,0,0,0,0,0,0,0,0,0,0,0,0,0,0,0,0,0,0,0,0,0,0,0,113,253,253,88,0,0,0,0,0,0,0,0,0,0,0,0,0,0,0,0,0,0,0,0,0,0,0,20,181,253,253,88,0,0,0,0,0,0,0,0,0,0,0,0,0,0,0,0,0,0,0,0,0,0,13,220,253,253,234,88,0,0,0,0,0,0,0,0,0,0,0,0,0,0,0,0,0,0,0,0,0,14,119,253,253,245,41,27,0,0,0,0,0,0,0,0,0,0,0,0,0,0,0,0,0,0,0,0,13,173,253,253,253,205,0,0,0,0,0,0,0,0,0,0,0,0,0,0,0,0,0,0,0,0,0,9,121,253,253,253,211,22,0,0,0,0,0,0,0,0,0,0,0,0,0,0,0,0,0,0,0,0,6,233,253,253,253,159,24,0,0,0,0,0,0,0,0,0,0,0,0,0,0,0,0,0,0,0,0,5,183,253,253,251,241,39,0,0,0,0,0,0,0,0,0,0,0,0,0,0,0,0,0,0,0,0,0,121,253,253,253,180,0,0,0,0,4,86,61,148,136,78,0,0,0,0,0,0,0,0,0,0,0,0,17,230,253,253,234,74,48,48,155,166,176,253,253,253,152,42,0,0,0,0,0,0,0,0,0,0,0,0,89,253,253,253,253,253,253,253,253,253,253,223,253,146,59,0,0,0,0,0,0,0,0,0,0,0,0,0,89,253,253,253,253,253,253,253,253,253,253,120,170,36,0,0,0,0,0,0,0,0,0,0,0,0,0,0,54,242,253,253,253,253,253,253,209,153,139,12,0,0,0,0,0,0,0,0,0,0,0,0,0,0,0,0,0,65,137,253,178,190,135,91,10,0,0,0,0,0,0,0,0,0,0,0,0,0,0,0,0,0,0,0,0,0,0,0,0,0,0,0,0,0,0,0,0,0,0,0,0,0,0,0,0,0,0,0,0,0,0,0,0,0,0,0,0,0,0,0,0,0,0,0,0,0,0,0,0,0,0,0,0,0,0,0,0,0,0,0,0,0,0,0,0,0,0,0,0,0,0,0,0,0,0,0,0,0,0,0,0,0,0,0,0,0,0,0,0,0,0,0,0,0,0,0,0,0,0,0,0,0,0,0,0,0,0
1,0,0,0,0,0,0,0,0,0,0,0,0,0,0,0,0,0,0,0,0,0,0,0,0,0,0,0,0,0,0,0,0,0,0,0,0,0,0,0,0,0,0,0,0,0,0,0,0,0,0,0,0,0,0,0,0,0,0,0,0,0,0,0,0,0,0,0,0,0,0,0,0,0,0,0,0,0,0,0,0,0,0,0,0,0,0,0,0,0,0,0,0,0,0,0,0,0,0,0,0,0,0,0,0,0,0,0,0,0,0,0,0,0,0,0,0,0,0,0,0,0,0,0,0,0,0,0,0,0,7,254,151,0,0,0,0,0,0,0,0,0,0,0,0,0,0,0,0,0,0,0,0,0,0,0,0,0,60,253,150,0,0,0,0,0,0,0,0,0,0,0,0,0,0,0,0,0,0,0,0,0,0,0,0,0,144,253,150,0,0,0,0,0,0,0,0,0,0,0,0,0,0,0,0,0,0,0,0,0,0,0,0,21,227,253,150,0,0,0,0,0,0,0,0,0,0,0,0,0,0,0,0,0,0,0,0,0,0,0,0,122,253,253,57,0,0,0,0,0,0,0,0,0,0,0,0,0,0,0,0,0,0,0,0,0,0,0,3,170,253,246,12,0,0,0,0,0,0,0,0,0,0,0,0,0,0,0,0,0,0,0,0,0,0,0,49,253,250,63,0,0,0,0,0,0,0,0,0,0,0,0,0,0,0,0,0,0,0,0,0,0,0,30,212,253,246,0,0,0,0,0,0,0,0,0,0,0,0,0,0,0,0,0,0,0,0,0,0,0,0,69,253,253,124,0,0,0,0,0,0,0,0,0,0,0,0,0,0,0,0,0,0,0,0,0,0,0,0,107,253,231,21,0,0,0,0,0,0,0,0,0,0,0,0,0,0,0,0,0,0,0,0,0,0,0,66,241,253,125,0,0,0,0,0,0,0,0,0,0,0,0,0,0,0,0,0,0,0,0,0,0,0,0,179,253,248,79,0,0,0,0,0,0,0,0,0,0,0,0,0,0,0,0,0,0,0,0,0,0,0,67,242,253,127,0,0,0,0,0,0,0,0,0,0,0,0,0,0,0,0,0,0,0,0,0,0,0,65,250,253,219,35,0,0,0,0,0,0,0,0,0,0,0,0,0,0,0,0,0,0,0,0,0,0,0,130,253,253,184,0,0,0,0,0,0,0,0,0,0,0,0,0,0,0,0,0,0,0,0,0,0,0,12,237,253,253,139,0,0,0,0,0,0,0,0,0,0,0,0,0,0,0,0,0,0,0,0,0,0,0,123,253,253,149,10,0,0,0,0,0,0,0,0,0,0,0,0,0,0,0,0,0,0,0,0,0,0,25,223,253,253,27,0,0,0,0,0,0,0,0,0,0,0,0,0,0,0,0,0,0,0,0,0,0,0,35,253,253,173,10,0,0,0,0,0,0,0,0,0,0,0,0,0,0,0,0,0,0,0,0,0,0,0,35,253,182,3,0,0,0,0,0,0,0,0,0,0,0,0,0,0,0,0,0,0,0,0,0,0,0,0,0,0,0,0,0,0,0,0,0,0,0,0,0,0,0,0,0,0,0,0,0,0,0,0,0,0,0,0,0,0,0,0,0,0,0,0,0,0,0,0,0,0,0,0,0,0,0,0,0,0,0,0,0,0,0,0,0,0,0,0,0,0,0,0,0,0,0,0,0,0,0,0,0,0,0,0,0,0,0,0,0,0,0,0,0,0,0,0,0,0,0,0,0,0,0,0,0,0,0,0,0,0,0
5,0,0,0,0,0,0,0,0,0,0,0,0,0,0,0,0,0,0,0,0,0,0,0,0,0,0,0,0,0,0,0,0,0,0,0,0,0,0,0,0,0,0,0,0,0,0,0,0,0,0,0,0,0,0,0,0,0,0,0,0,0,0,0,0,0,0,0,0,0,0,0,0,0,0,0,0,0,0,0,0,0,0,0,0,0,0,0,0,0,0,0,0,0,0,0,0,0,0,0,0,0,0,0,0,0,0,0,0,0,0,0,0,0,0,0,0,0,0,0,0,0,0,0,0,0,0,0,0,0,0,0,0,0,0,0,0,0,0,0,0,0,0,0,0,0,0,0,0,0,0,0,0,0,76,50,0,0,0,0,0,0,0,89,113,113,0,0,0,0,0,0,0,0,0,0,0,0,0,0,0,67,196,237,86,85,85,85,163,226,225,246,252,252,0,0,0,0,0,0,0,0,0,0,0,0,0,89,197,240,252,252,253,252,252,252,252,253,252,239,180,55,0,0,0,0,0,0,0,0,0,0,0,0,0,113,252,252,252,252,253,252,252,252,236,225,223,96,0,0,0,0,0,0,0,0,0,0,0,0,0,0,0,191,252,220,112,112,253,252,252,157,50,0,0,0,0,0,0,0,0,0,0,0,0,0,0,0,0,13,191,255,253,56,0,0,0,0,0,0,0,0,0,0,0,0,0,0,0,0,0,0,0,0,0,0,0,76,252,215,121,6,0,0,0,0,0,0,0,0,0,0,0,0,0,0,0,0,0,0,0,0,0,19,166,234,252,110,0,0,0,0,0,0,0,0,0,0,0,0,0,0,0,0,0,0,0,0,0,0,13,181,252,252,252,16,0,0,0,0,0,0,0,0,0,0,0,0,0,0,0,0,0,0,0,0,0,0,113,252,252,252,252,203,140,31,0,0,0,0,0,0,0,0,0,0,0,0,0,0,0,0,0,0,0,0,192,253,253,253,253,255,253,253,146,0,0,0,0,0,0,0,0,0,0,0,0,0,0,0,0,0,0,0,75,167,167,167,167,253,252,252,249,225,163,57,0,0,0,0,0,0,0,0,0,0,0,0,0,0,0,0,0,0,0,0,0,56,55,165,233,252,253,233,75,0,0,0,0,0,0,0,0,0,0,0,0,0,0,0,0,0,0,0,0,0,0,0,72,223,253,252,233,72,0,0,0,0,0,0,0,0,0,0,0,0,0,0,0,0,0,16,63,0,0,0,0,0,112,237,252,239,140,0,0,0,0,0,0,0,0,0,0,0,0,0,0,0,0,0,79,129,113,113,38,0,0,48,229,253,253,63,0,0,0,0,0,0,0,0,0,0,0,0,0,0,0,0,0,12,181,252,218,85,48,0,197,252,252,140,0,0,0,0,0,0,0,0,0,0,0,0,0,0,0,0,0,0,19,165,202,252,229,197,240,252,252,140,0,0,0,0,0,0,0,0,0,0,0,0,0,0,0,0,0,0,0,0,10,84,225,223,246,249,223,47,0,0,0,0,0,0,0,0,0,0,0,0,0,0,0,0,0,0,0,0,0,0,0,0,88,99,0,0,0,0,0,0,0,0,0,0,0,0,0,0,0,0,0,0,0,0,0,0,0,0,0,0,0,0,0,0,0,0,0,0,0,0,0,0,0,0,0,0,0,0,0,0,0,0,0,0,0,0,0,0,0,0,0,0,0,0,0,0,0,0,0,0,0,0,0,0,0,0,0,0,0,0,0,0,0,0,0,0,0,0,0,0,0,0,0,0,0,0,0
6,0,0,0,0,0,0,0,0,0,0,0,0,0,0,0,0,0,0,0,0,0,0,0,0,0,0,0,0,0,0,0,0,0,0,0,0,0,0,0,0,0,0,0,0,0,0,0,0,0,0,0,0,0,0,0,0,0,0,0,0,0,0,0,0,0,0,0,0,0,0,0,0,0,0,0,0,0,0,0,0,0,0,0,0,0,0,0,0,0,0,0,0,0,0,0,0,0,0,0,0,0,191,255,255,64,0,0,0,0,0,0,0,0,0,0,0,0,0,0,0,0,0,0,0,0,0,0,0,191,255,255,128,0,0,0,0,0,0,0,0,0,0,0,0,0,0,0,0,0,0,0,0,0,0,0,191,255,255,128,0,0,0,0,0,0,0,0,0,0,0,0,0,0,0,0,0,0,0,0,0,0,0,128,255,255,128,0,0,0,0,0,0,0,0,0,0,0,0,0,0,0,0,0,0,0,0,0,0,0,0,191,255,255,0,0,0,0,0,0,0,0,0,0,0,0,0,0,0,0,0,0,0,0,0,0,0,0,191,255,255,64,0,0,0,0,0,0,0,0,0,0,0,0,0,0,0,0,0,0,0,0,0,0,0,0,255,255,255,0,0,0,0,0,0,0,0,0,0,0,0,0,0,0,0,0,0,0,0,0,0,0,0,191,255,255,64,0,0,0,0,0,0,0,0,0,0,0,0,0,0,0,0,0,0,0,0,0,0,0,128,255,255,128,0,0,0,0,0,0,0,0,0,0,0,0,0,0,0,0,0,0,0,0,0,0,0,0,191,255,255,64,0,0,0,0,0,0,0,0,0,0,0,0,0,0,0,0,0,0,0,0,0,0,0,64,255,255,64,0,0,0,128,0,0,0,0,0,0,0,0,0,0,0,0,0,0,0,0,0,0,0,0,255,255,255,0,0,128,255,255,255,0,0,0,0,0,0,0,0,0,0,0,0,0,0,0,0,0,0,0,255,255,191,64,191,255,255,255,255,191,0,0,0,0,0,0,0,0,0,0,0,0,0,0,0,0,0,0,255,255,191,255,255,255,64,128,255,255,0,0,0,0,0,0,0,0,0,0,0,0,0,0,0,0,0,128,255,255,255,255,191,128,0,128,255,255,0,0,0,0,0,0,0,0,0,0,0,0,0,0,0,0,0,128,255,255,255,191,0,0,0,255,255,128,0,0,0,0,0,0,0,0,0,0,0,0,0,0,0,0,0,128,255,255,255,0,0,64,255,255,255,0,0,0,0,0,0,0,0,0,0,0,0,0,0,0,0,0,0,64,255,255,255,128,191,255,255,255,191,0,0,0,0,0,0,0,0,0,0,0,0,0,0,0,0,0,0,0,191,255,255,255,255,255,255,128,0,0,0,0,0,0,0,0,0,0,0,0,0,0,0,0,0,0,0,0,0,64,255,255,191,128,0,0,0,0,0,0,0,0,0,0,0,0,0,0,0,0,0,0,0,0,0,0,0,0,0,0,0,0,0,0,0,0,0,0,0,0,0,0,0,0,0,0,0,0,0,0,0,0,0,0,0,0,0,0,0,0,0,0,0,0,0,0,0,0,0,0,0,0,0,0,0,0,0,0,0,0,0,0,0,0,0,0,0,0,0,0,0,0,0,0,0,0,0,0,0,0,0,0,0,0,0,0,0,0,0,0,0,0,0,0,0,0,0,0,0,0,0,0,0,0,0,0,0,0,0,0,0,0,0,0,0,0,0,0,0,0,0,0,0,0,0,0,0,0,0,0,0,0,0,0,0,0
9,0,0,0,0,0,0,0,0,0,0,0,0,0,0,0,0,0,0,0,0,0,0,0,0,0,0,0,0,0,0,0,0,0,0,0,0,0,0,0,0,0,0,0,0,0,0,0,0,0,0,0,0,0,0,0,0,0,0,0,0,0,0,0,0,0,0,0,0,0,0,0,0,0,0,0,0,0,0,0,0,0,0,0,0,0,0,0,0,0,0,0,0,0,0,0,0,0,0,0,0,0,0,0,0,0,0,0,0,0,0,0,0,0,0,0,0,0,0,0,0,0,0,0,0,0,0,0,0,0,0,0,0,0,0,0,0,0,0,0,0,0,0,0,0,0,0,0,0,0,0,0,0,0,0,0,0,0,0,0,0,0,0,0,0,0,0,0,0,0,0,0,0,0,0,0,0,0,0,0,0,0,0,0,0,64,150,206,255,246,124,7,0,0,0,0,0,0,0,0,0,0,0,0,0,0,0,0,0,0,0,20,176,253,253,253,253,253,253,74,0,0,0,0,0,0,0,0,0,0,0,0,0,0,0,0,0,9,168,246,253,247,181,16,10,30,253,139,0,0,0,0,0,0,0,0,0,0,0,0,0,0,0,0,6,167,253,253,187,58,0,0,0,6,95,52,0,0,0,0,0,0,0,0,0,0,0,0,0,0,0,0,164,253,240,103,4,0,0,0,40,172,53,0,0,0,0,0,0,0,0,0,0,0,0,0,0,0,0,51,244,253,115,0,0,0,0,52,200,253,156,0,0,0,0,0,0,0,0,0,0,0,0,0,0,0,2,169,253,149,5,0,0,0,0,141,253,186,10,0,0,0,0,0,0,0,0,0,0,0,0,0,0,0,27,253,250,66,0,0,0,0,84,248,234,55,0,0,0,0,0,0,0,0,0,0,0,0,0,0,0,0,27,253,238,2,3,6,46,127,244,253,129,0,0,0,0,0,0,0,0,0,0,0,0,0,0,0,0,0,21,238,253,189,198,253,253,253,253,201,0,0,0,0,0,0,0,0,0,0,0,0,0,0,0,0,0,0,0,66,242,253,253,253,253,253,219,30,0,0,0,0,0,0,0,0,0,0,0,0,0,0,0,0,0,0,0,0,4,73,110,213,253,253,64,0,0,0,0,0,0,0,0,0,0,0,0,0,0,0,0,0,0,0,0,0,0,0,121,253,253,186,15,0,0,0,0,0,0,0,0,0,0,0,0,0,0,0,0,0,0,0,0,0,0,47,234,253,241,10,0,0,0,0,0,0,0,0,0,0,0,0,0,0,0,0,0,0,0,0,0,0,5,193,253,237,65,0,0,0,0,0,0,0,0,0,0,0,0,0,0,0,0,0,0,0,0,0,0,0,160,253,253,101,0,0,0,0,0,0,0,0,0,0,0,0,0,0,0,0,0,0,0,0,0,0,7,140,244,253,150,0,0,0,0,0,0,0,0,0,0,0,0,0,0,0,0,0,0,0,0,0,0,4,79,253,253,153,6,0,0,0,0,0,0,0,0,0,0,0,0,0,0,0,0,0,0,0,0,0,0,107,253,253,220,32,0,0,0,0,0,0,0,0,0,0,0,0,0,0,0,0,0,0,0,0,0,0,73,241,253,224,37,0,0,0,0,0,0,0,0,0,0,0,0,0,0,0,0,0,0,0,0,0,0,0,0,0,0,0,0,0,0,0,0,0,0,0,0,0,0,0,0,0,0,0,0,0,0,0,0,0,0,0,0,0,0,0,0,0,0,0,0,0,0,0,0,0,0,0,0,0,0,0,0
8,0,0,0,0,0,0,0,0,0,0,0,0,0,0,0,0,0,0,0,0,0,0,0,0,0,0,0,0,0,0,0,0,0,0,0,0,0,0,0,0,0,0,0,0,0,0,0,0,0,0,0,0,0,0,0,0,0,0,0,0,0,0,0,0,0,0,0,0,0,0,0,0,0,0,0,0,0,0,0,0,0,0,0,0,0,0,0,0,0,0,0,0,0,0,0,0,0,0,0,0,0,0,0,0,0,0,0,0,0,0,0,0,0,0,0,0,0,0,0,0,0,0,0,0,0,0,10,128,141,216,253,103,0,0,0,0,0,0,0,0,0,0,0,0,0,0,0,0,0,0,0,0,32,131,197,252,253,252,252,252,0,0,0,0,0,0,0,0,0,0,0,0,0,0,0,0,0,0,0,0,178,252,252,252,253,252,252,252,0,0,0,0,0,0,0,0,0,0,0,0,0,0,0,0,0,0,38,213,253,252,252,252,253,252,252,252,51,0,0,0,0,0,0,0,0,0,0,0,0,0,0,0,0,0,98,253,255,253,253,178,51,70,253,253,114,0,0,0,0,0,0,0,0,0,0,0,0,0,0,0,0,38,234,252,253,214,84,9,120,225,252,252,163,0,0,0,0,0,0,0,0,0,0,0,0,0,0,0,0,57,252,252,194,43,29,185,253,252,252,252,113,0,0,0,0,0,0,0,0,0,0,0,0,0,0,0,0,57,252,252,63,101,234,252,253,252,252,151,13,0,0,0,0,0,0,0,0,0,0,0,0,0,0,0,0,51,247,253,154,253,253,253,254,247,187,13,0,0,0,0,0,0,0,0,0,0,0,0,0,0,0,0,0,0,172,252,253,252,252,252,253,171,0,0,0,0,0,0,0,0,0,0,0,0,0,0,0,0,0,0,0,0,123,252,253,252,252,252,143,19,0,0,0,0,0,0,0,0,0,0,0,0,0,0,0,0,0,0,0,101,246,252,253,252,252,252,226,38,0,0,0,0,0,0,0,0,0,0,0,0,0,0,0,0,0,0,92,253,253,253,254,253,253,253,254,203,7,0,0,0,0,0,0,0,0,0,0,0,0,0,0,0,0,0,216,252,252,252,222,196,215,252,253,252,81,0,0,0,0,0,0,0,0,0,0,0,0,0,0,0,0,126,253,252,252,214,25,0,19,231,253,252,168,0,0,0,0,0,0,0,0,0,0,0,0,0,0,0,0,225,253,252,214,28,0,26,150,249,253,252,168,0,0,0,0,0,0,0,0,0,0,0,0,0,0,0,0,163,254,253,216,141,254,253,253,253,254,247,100,0,0,0,0,0,0,0,0,0,0,0,0,0,0,0,0,38,253,252,252,252,253,252,252,252,222,103,0,0,0,0,0,0,0,0,0,0,0,0,0,0,0,0,0,0,165,252,252,252,253,252,252,77,25,0,0,0,0,0,0,0,0,0,0,0,0,0,0,0,0,0,0,0,91,252,252,252,140,139,52,3,0,0,0,0,0,0,0,0,0,0,0,0,0,0,0,0,0,0,0,0,0,0,0,0,0,0,0,0,0,0,0,0,0,0,0,0,0,0,0,0,0,0,0,0,0,0,0,0,0,0,0,0,0,0,0,0,0,0,0,0,0,0,0,0,0,0,0,0,0,0,0,0,0,0,0,0,0,0,0,0,0,0,0,0,0,0,0,0,0,0,0,0,0,0,0,0,0,0,0,0,0,0,0,0,0,0,0,0,0,0,0,0,0,0,0,0,0,0,0,0,0,0,0,0
8,0,0,0,0,0,0,0,0,0,0,0,0,0,0,0,0,0,0,0,0,0,0,0,0,0,0,0,0,0,0,0,0,0,0,0,0,0,0,0,0,0,0,0,0,0,0,0,0,0,0,0,0,0,0,0,0,0,0,0,0,0,0,0,0,0,0,0,0,0,0,0,0,0,0,0,0,0,0,0,0,0,0,0,0,0,0,0,0,0,0,0,0,0,0,0,0,0,0,0,0,0,0,0,0,0,0,0,0,0,0,0,0,0,0,0,0,0,0,0,0,0,0,0,0,0,0,0,0,0,0,0,0,0,0,0,0,0,0,0,0,0,0,0,0,0,0,0,0,0,0,0,0,0,0,0,51,162,245,254,254,229,132,0,0,0,0,0,0,0,0,0,0,0,0,0,0,0,0,0,0,0,0,123,247,254,227,206,240,254,249,92,0,0,0,0,0,0,0,0,0,0,0,0,0,0,0,0,0,7,157,245,236,80,21,0,151,254,253,137,0,0,0,0,0,0,0,0,0,0,0,0,0,0,0,0,34,204,253,168,19,0,0,51,234,254,253,137,0,0,0,0,0,0,0,0,0,0,0,0,0,0,0,7,170,254,173,17,0,0,0,116,254,255,254,113,0,0,0,0,0,0,0,0,0,0,0,0,0,0,9,166,253,199,11,0,0,0,43,224,253,254,227,21,0,0,0,0,0,0,0,0,0,0,0,0,0,0,55,253,253,17,0,0,0,7,182,253,253,247,87,0,0,0,0,0,0,0,0,0,0,0,0,0,0,0,172,253,151,0,0,0,0,170,253,253,253,84,0,0,0,0,0,0,0,0,0,0,0,0,0,0,0,0,231,254,152,70,7,57,204,254,254,155,59,0,0,0,0,0,0,0,0,0,0,0,0,0,0,0,0,0,163,253,253,254,232,249,253,224,73,4,0,0,0,0,0,0,0,0,0,0,0,0,0,0,0,0,0,0,9,54,188,254,253,253,253,93,0,0,0,0,0,0,0,0,0,0,0,0,0,0,0,0,0,0,0,0,0,17,234,254,236,202,253,210,50,0,0,0,0,0,0,0,0,0,0,0,0,0,0,0,0,0,0,0,55,237,254,185,9,9,210,254,173,0,0,0,0,0,0,0,0,0,0,0,0,0,0,0,0,0,0,55,235,253,185,9,0,0,134,254,206,0,0,0,0,0,0,0,0,0,0,0,0,0,0,0,0,0,43,237,248,145,13,0,0,0,59,254,228,21,0,0,0,0,0,0,0,0,0,0,0,0,0,0,0,43,184,254,106,0,0,0,0,0,159,254,185,13,0,0,0,0,0,0,0,0,0,0,0,0,0,0,13,187,254,160,0,0,0,0,13,153,254,254,90,0,0,0,0,0,0,0,0,0,0,0,0,0,0,0,97,253,253,42,0,5,47,139,226,253,219,56,2,0,0,0,0,0,0,0,0,0,0,0,0,0,0,0,138,253,253,183,199,212,253,230,179,62,13,0,0,0,0,0,0,0,0,0,0,0,0,0,0,0,0,0,55,202,253,195,160,152,69,0,0,0,0,0,0,0,0,0,0,0,0,0,0,0,0,0,0,0,0,0,0,0,0,0,0,0,0,0,0,0,0,0,0,0,0,0,0,0,0,0,0,0,0,0,0,0,0,0,0,0,0,0,0,0,0,0,0,0,0,0,0,0,0,0,0,0,0,0,0,0,0,0,0,0,0,0,0,0,0,0,0,0,0,0,0,0,0,0,0,0,0,0,0,0,0,0,0,0,0
7,0,0,0,0,0,0,0,0,0,0,0,0,0,0,0,0,0,0,0,0,0,0,0,0,0,0,0,0,0,0,0,0,0,0,0,0,0,0,0,0,0,0,0,0,0,0,0,0,0,0,0,0,0,0,0,0,0,0,0,0,0,0,0,0,0,0,0,0,0,0,0,0,0,0,0,0,0,0,0,0,0,0,0,0,0,0,0,0,0,0,0,0,0,0,0,0,0,0,0,0,0,0,0,0,0,0,0,0,0,0,0,0,0,0,0,0,0,0,0,0,0,0,0,0,0,0,0,0,0,0,0,0,0,0,0,0,0,0,0,0,0,0,0,0,0,0,0,0,0,0,0,0,0,0,0,0,0,0,0,0,0,0,0,0,0,0,0,0,0,0,0,0,0,0,0,0,0,0,0,0,0,0,0,0,0,0,0,0,0,0,0,0,0,0,0,0,0,0,0,0,0,19,101,156,254,254,254,254,255,254,240,101,12,0,0,0,0,0,0,0,0,0,0,0,0,0,0,0,0,75,253,253,253,253,253,253,253,253,253,253,164,44,0,0,0,0,0,0,0,0,0,0,0,0,0,0,0,200,253,253,253,253,253,253,253,253,253,253,253,246,80,0,0,0,0,0,0,0,0,0,0,0,0,0,0,128,160,217,160,160,160,160,160,188,253,253,253,253,250,247,89,0,0,0,0,0,0,0,0,0,0,0,0,0,0,37,0,0,0,0,0,19,61,135,225,253,253,253,214,128,7,0,0,0,0,0,0,0,0,0,0,0,0,0,0,0,0,0,0,0,0,0,32,207,253,253,253,253,45,0,0,0,0,0,0,0,0,0,0,0,0,0,0,0,0,0,0,0,0,0,24,197,253,253,253,217,30,0,0,0,0,0,0,0,0,0,0,0,0,0,0,0,0,0,0,0,0,16,186,253,253,253,228,39,0,0,0,0,0,0,0,0,0,0,0,0,0,0,0,0,0,0,0,0,13,190,253,253,253,221,44,0,0,0,0,0,0,0,0,0,0,0,0,0,0,0,0,0,0,0,0,24,94,253,253,253,218,39,0,0,0,0,0,0,0,0,0,0,0,0,0,0,0,0,0,0,0,0,0,78,253,253,253,228,42,0,0,0,0,0,0,0,0,0,0,0,0,0,0,0,0,0,0,0,0,0,0,152,253,253,253,84,0,0,0,0,0,0,0,0,0,0,0,0,0,0,0,0,0,0,0,0,0,9,149,250,253,253,149,10,0,0,0,0,0,0,0,0,0,0,0,0,0,0,0,0,0,0,0,0,0,31,253,253,253,170,10,0,0,0,0,0,0,0,0,0,0,0,0,0,0,0,0,0,0,0,0,0,0,102,253,253,242,71,0,0,0,0,0,0,0,0,0,0,0,0,0,0,0,0,0,0,0,0,0,0,111,243,253,234,80,0,0,0,0,0,0,0,0,0,0,0,0,0,0,0,0,0,0,0,0,0,0,0,239,253,253,176,0,0,0,0,0,0,0,0,0,0,0,0,0,0,0,0,0,0,0,0,0,0,0,60,245,253,253,111,0,0,0,0,0,0,0,0,0,0,0,0,0,0,0,0,0,0,0,0,0,0,0,139,253,253,253,22,0,0,0,0,0,0,0,0,0,0,0,0,0,0,0,0,0,0,0,0,0,0,0,55,244,253,173,9,0,0,0,0,0,0,0,0,0,0,0,0,0,0,0,0,0,0,0,0,0,0,0,0,0,0,0,0,0,0,0,0,0,0,0,0,0,0,0,0,0,0
7,0,0,0,0,0,0,0,0,0,0,0,0,0,0,0,0,0,0,0,0,0,0,0,0,0,0,0,0,0,0,0,0,0,0,0,0,0,0,0,0,0,0,0,0,0,0,0,0,0,0,0,0,0,0,0,0,0,0,0,0,0,0,0,0,0,0,0,0,0,0,0,0,0,0,0,0,0,0,0,0,0,0,0,0,0,0,0,0,0,0,0,0,0,0,0,0,0,0,0,0,0,0,0,0,0,0,0,0,0,0,0,0,0,0,0,0,0,0,0,0,0,0,0,0,0,0,0,0,0,0,0,0,0,0,0,0,0,0,0,0,0,0,0,0,0,0,0,0,0,0,0,0,0,0,0,0,0,0,0,0,0,0,0,0,0,0,0,0,0,0,0,0,0,0,0,16,101,181,163,126,47,0,0,0,0,0,0,0,0,0,0,0,0,0,0,0,0,0,0,0,0,0,0,53,247,254,254,254,253,116,0,0,0,0,0,0,0,0,0,0,0,0,0,0,0,0,0,0,0,0,0,0,63,143,218,218,249,253,245,41,9,0,0,0,0,0,0,0,0,0,0,0,0,0,0,0,0,0,0,0,0,0,0,0,102,188,254,254,204,46,0,0,0,0,0,0,0,0,0,0,0,0,0,0,0,0,0,0,0,0,0,0,0,5,104,231,254,175,8,0,0,0,0,0,0,0,0,0,0,0,0,0,0,0,0,0,0,0,0,0,0,0,0,13,212,254,103,0,0,0,0,0,0,0,0,0,0,0,0,0,0,0,0,0,0,0,0,0,0,0,0,0,102,254,176,0,0,0,0,0,0,0,0,0,0,0,0,0,0,0,78,17,7,63,63,63,63,25,0,0,89,254,176,0,0,0,0,0,0,0,0,0,0,0,0,0,0,41,232,224,218,255,254,254,254,229,214,112,160,254,178,3,0,0,0,0,0,0,0,0,0,0,0,0,0,37,249,254,254,254,254,254,254,254,254,254,254,254,254,206,156,108,0,0,0,0,0,0,0,0,0,0,0,0,122,254,244,126,143,155,113,216,175,253,254,254,254,254,254,248,39,0,0,0,0,0,0,0,0,0,0,0,1,5,4,0,0,0,0,3,1,5,194,249,107,5,33,62,0,0,0,0,0,0,0,0,0,0,0,0,0,0,0,0,0,0,0,0,0,15,214,223,0,0,0,0,0,0,0,0,0,0,0,0,0,0,0,0,0,0,0,0,0,0,0,0,0,55,254,167,0,0,0,0,0,0,0,0,0,0,0,0,0,0,0,0,0,0,0,0,0,0,0,0,0,72,254,194,0,0,0,0,0,0,0,0,0,0,0,0,0,0,0,0,0,0,0,0,0,0,0,0,0,42,254,223,0,0,0,0,0,0,0,0,0,0,0,0,0,0,0,0,0,0,0,0,0,0,0,0,0,42,254,223,0,0,0,0,0,0,0,0,0,0,0,0,0,0,0,0,0,0,0,0,0,0,0,0,0,42,254,223,0,0,0,0,0,0,0,0,0,0,0,0,0,0,0,0,0,0,0,0,0,0,0,0,0,16,215,223,0,0,0,0,0,0,0,0,0,0,0,0,0,0,0,0,0,0,0,0,0,0,0,0,0,0,150,223,0,0,0,0,0,0,0,0,0,0,0,0,0,0,0,0,0,0,0,0,0,0,0,0,0,0,0,0,0,0,0,0,0,0,0,0,0,0,0,0,0,0,0,0,0,0,0,0,0,0,0,0,0,0,0,0,0,0,0,0,0,0,0,0,0,0
5,0,0,0,0,0,0,0,0,0,0,0,0,0,0,0,0,0,0,0,0,0,0,0,0,0,0,0,0,0,0,0,0,0,0,0,0,0,0,0,0,0,0,0,0,0,0,0,0,0,0,0,0,0,0,0,0,0,0,0,0,0,0,0,0,0,0,0,0,0,0,0,0,0,0,0,0,0,0,0,0,0,0,0,0,0,0,0,0,0,0,0,0,0,0,0,0,0,0,0,0,0,0,0,0,0,0,0,0,0,0,0,0,0,0,0,0,0,0,0,0,0,0,0,0,0,0,0,0,0,0,0,0,0,0,0,0,0,0,0,0,0,0,0,0,0,0,0,0,0,0,0,0,0,0,0,0,0,0,0,0,0,0,0,0,0,0,0,0,0,0,0,0,0,0,0,0,0,0,0,0,0,0,0,0,0,0,0,0,0,0,0,0,0,0,0,0,0,0,0,0,0,0,0,0,0,0,0,0,0,0,0,0,0,0,0,0,0,0,0,0,0,0,0,0,0,0,0,0,0,0,0,0,0,0,0,0,0,0,0,17,104,19,0,0,0,0,0,45,49,0,0,0,0,0,0,0,0,0,0,0,0,0,0,0,0,0,0,111,251,209,171,223,223,223,223,252,229,0,0,0,0,0,0,0,0,0,0,0,0,0,0,0,28,133,181,178,181,181,181,181,181,167,101,79,20,0,0,0,0,0,0,0,0,0,0,0,0,0,0,2,126,190,40,0,0,0,0,0,0,0,0,0,0,0,0,0,0,0,0,0,0,0,0,0,0,0,0,34,233,0,0,0,0,0,0,0,0,0,0,0,0,0,0,0,0,0,0,0,0,0,0,0,0,0,0,162,142,26,0,0,0,0,0,0,0,0,0,0,0,0,0,0,0,0,0,0,0,0,4,22,21,6,74,218,255,249,203,143,18,0,0,0,0,0,0,0,0,0,0,0,0,0,0,0,0,0,72,183,182,51,74,122,122,122,122,217,177,0,0,0,0,0,0,0,0,0,0,0,0,0,0,0,0,104,113,0,0,0,0,0,0,0,0,71,218,35,0,0,0,0,0,0,0,0,0,0,0,0,0,0,0,222,72,0,0,0,0,0,0,0,0,129,213,6,0,0,0,0,0,0,0,0,0,0,0,0,0,0,0,143,212,25,0,0,0,0,0,0,28,214,128,6,0,0,0,0,0,0,0,0,0,0,0,0,0,0,0,8,214,244,126,21,21,8,2,56,177,221,17,0,0,0,0,0,0,0,0,0,0,0,0,0,0,0,0,0,6,98,182,250,254,215,198,251,196,10,0,0,0,0,0,0,0,0,0,0,0,0,0,0,0,0,0,0,0,0,0,42,48,126,48,43,0,0,0,0,0,0,0,0,0,0,0,0,0,0,0,0,0,0,0,0,0,0,0,0,0,0,0,0,0,0,0,0,0,0,0,0,0,0,0,0,0,0,0,0,0,0,0,0,0,0,0,0,0,0,0,0,0,0,0,0,0,0,0,0,0,0,0,0,0,0,0,0,0,0,0,0,0,0,0,0,0,0,0,0,0,0,0,0,0,0,0,0,0,0,0,0,0,0,0,0,0,0,0,0,0,0,0,0,0,0,0,0,0,0,0,0,0,0,0,0,0,0,0,0,0,0,0,0,0,0,0,0,0,0,0,0,0,0,0,0,0,0,0,0,0,0,0,0,0,0,0,0,0,0,0,0,0,0,0,0,0,0,0,0,0,0,0,0,0,0,0,0,0,0,0,0,0,0,0,0,0,0
9,0,0,0,0,0,0,0,0,0,0,0,0,0,0,0,0,0,0,0,0,0,0,0,0,0,0,0,0,0,0,0,0,0,0,0,0,0,0,0,0,0,0,0,0,0,0,0,0,0,0,0,0,0,0,0,0,0,0,0,0,0,0,0,0,0,0,0,0,0,0,0,0,0,0,0,0,0,0,0,0,0,0,0,0,0,0,0,0,0,0,0,0,0,0,0,0,0,0,0,0,0,0,0,0,0,0,0,0,0,0,0,0,0,0,0,0,0,0,0,0,0,0,0,0,0,0,0,0,0,0,0,0,0,0,0,0,0,0,0,0,0,0,0,0,0,0,0,0,0,0,0,0,0,0,0,0,0,0,0,0,0,0,0,0,0,0,0,0,0,0,0,0,0,0,0,0,0,0,0,0,0,42,161,244,254,254,192,26,0,0,0,0,0,0,0,0,0,0,0,0,0,0,0,0,0,0,0,0,135,238,254,211,181,180,254,191,0,0,0,0,0,0,0,0,0,0,0,0,0,0,0,0,0,0,0,135,255,202,84,0,0,0,213,254,42,0,0,0,0,0,0,0,0,0,0,0,0,0,0,0,0,0,1,217,243,47,0,0,0,0,191,253,63,0,0,0,0,0,0,0,0,0,0,0,0,0,0,0,0,0,57,253,166,0,0,0,0,32,254,253,53,0,0,0,0,0,0,0,0,0,0,0,0,0,0,0,0,0,58,253,176,11,0,0,84,197,254,232,11,0,0,0,0,0,0,0,0,0,0,0,0,0,0,0,0,0,11,187,255,212,182,244,254,254,254,129,0,0,0,0,0,0,0,0,0,0,0,0,0,0,0,0,0,0,0,11,160,201,223,180,254,253,212,26,0,0,0,0,0,0,0,0,0,0,0,0,0,0,0,0,0,0,0,0,0,0,0,32,254,254,94,0,0,0,0,0,0,0,0,0,0,0,0,0,0,0,0,0,0,0,0,0,0,0,11,186,254,191,11,0,0,0,0,0,0,0,0,0,0,0,0,0,0,0,0,0,0,0,0,0,0,0,68,244,249,73,0,0,0,0,0,0,0,0,0,0,0,0,0,0,0,0,0,0,0,0,0,0,0,42,244,253,134,0,0,0,0,0,0,0,0,0,0,0,0,0,0,0,0,0,0,0,0,0,0,0,27,233,254,223,0,0,0,0,0,0,0,0,0,0,0,0,0,0,0,0,0,0,0,0,0,0,0,0,171,253,233,36,0,0,0,0,0,0,0,0,0,0,0,0,0,0,0,0,0,0,0,0,0,0,0,94,254,243,21,0,0,0,0,0,0,0,0,0,0,0,0,0,0,0,0,0,0,0,0,0,0,0,94,248,254,98,0,0,0,0,0,0,0,0,0,0,0,0,0,0,0,0,0,0,0,0,0,0,0,73,254,254,135,0,0,0,0,0,0,0,0,0,0,0,0,0,0,0,0,0,0,0,0,0,0,0,63,238,254,149,11,0,0,0,0,0,0,0,0,0,0,0,0,0,0,0,0,0,0,0,0,0,0,11,213,254,218,21,0,0,0,0,0,0,0,0,0,0,0,0,0,0,0,0,0,0,0,0,0,0,0,11,232,253,32,0,0,0,0,0,0,0,0,0,0,0,0,0,0,0,0,0,0,0,0,0,0,0,0,0,0,0,0,0,0,0,0,0,0,0,0,0,0,0,0,0,0,0,0,0,0,0,0,0,0,0,0,0,0,0,0,0,0,0,0,0,0,0,0,0,0,0,0,0,0,0,0,0
7,0,0,0,0,0,0,0,0,0,0,0,0,0,0,0,0,0,0,0,0,0,0,0,0,0,0,0,0,0,0,0,0,0,0,0,0,0,0,0,0,0,0,0,0,0,0,0,0,0,0,0,0,0,0,0,0,0,0,0,0,0,0,0,0,0,0,0,0,0,0,0,0,0,0,0,0,0,0,0,0,0,0,0,0,0,0,0,0,0,0,0,0,0,0,0,0,0,0,0,0,0,0,0,0,0,0,0,0,0,0,0,0,0,0,0,0,0,0,0,0,0,0,0,0,0,0,0,0,0,0,0,0,0,0,0,0,0,0,0,0,0,0,0,0,0,0,0,0,0,0,0,0,0,0,0,0,0,0,0,0,0,0,0,0,0,0,0,0,0,0,0,0,0,0,0,0,0,0,0,0,0,0,0,0,0,0,0,0,0,0,0,0,0,0,0,0,0,0,0,0,0,0,0,0,13,105,105,25,0,0,0,0,0,32,211,254,164,0,0,0,0,0,0,0,0,0,0,0,0,0,0,0,66,253,253,193,25,0,0,4,60,206,253,253,128,0,0,0,0,0,0,0,0,0,0,0,0,0,0,146,227,253,253,253,201,165,77,170,253,253,253,245,13,0,0,0,0,0,0,0,0,0,0,0,0,0,57,238,253,189,176,253,253,254,253,253,253,253,253,119,0,0,0,0,0,0,0,0,0,0,0,0,0,58,238,253,182,14,11,56,178,179,178,182,253,253,253,119,0,0,0,0,0,0,0,0,0,0,0,0,0,147,253,182,22,0,0,0,0,0,0,15,253,253,232,35,0,0,0,0,0,0,0,0,0,0,0,0,0,8,119,14,0,0,0,0,0,0,0,15,253,253,143,0,0,0,0,0,0,0,0,0,0,0,0,0,0,0,0,0,0,0,0,0,0,0,0,69,253,226,48,0,0,0,0,0,0,0,0,0,0,0,0,0,0,0,0,0,0,0,0,0,0,0,11,180,253,178,0,0,0,0,0,0,0,0,0,0,0,0,0,0,0,0,0,0,0,0,0,0,0,0,60,253,253,178,0,0,0,0,0,0,0,0,0,0,0,0,0,0,0,0,0,0,0,0,0,0,0,0,123,254,254,29,0,0,0,0,0,0,0,0,0,0,0,0,0,0,0,0,0,0,0,0,0,0,0,0,209,253,154,5,0,0,0,0,0,0,0,0,0,0,0,0,0,0,0,0,0,0,0,0,0,0,0,69,238,243,47,0,0,0,0,0,0,0,0,0,0,0,0,0,0,0,0,0,0,0,0,0,0,0,0,176,253,238,0,0,0,0,0,0,0,0,0,0,0,0,0,0,0,0,0,0,0,0,0,0,0,0,133,254,253,106,0,0,0,0,0,0,0,0,0,0,0,0,0,0,0,0,0,0,0,0,0,0,0,0,149,254,246,79,0,0,0,0,0,0,0,0,0,0,0,0,0,0,0,0,0,0,0,0,0,0,0,0,149,254,114,0,0,0,0,0,0,0,0,0,0,0,0,0,0,0,0,0,0,0,0,0,0,0,0,16,186,255,44,0,0,0,0,0,0,0,0,0,0,0,0,0,0,0,0,0,0,0,0,0,0,0,0,45,253,236,36,0,0,0,0,0,0,0,0,0,0,0,0,0,0,0,0,0,0,0,0,0,0,0,0,46,253,149,0,0,0,0,0,0,0,0,0,0,0,0,0,0,0,0,0,0,0,0,0,0,0,0,0,0,0,0,0,0,0,0,0,0,0,0,0,0,0,0,0,0
0,0,0,0,0,0,0,0,0,0,0,0,0,0,0,0,0,0,0,0,0,0,0,0,0,0,0,0,0,0,0,0,0,0,0,0,0,0,0,0,0,0,0,0,0,0,0,0,0,0,0,0,0,0,0,0,0,0,0,0,0,0,0,0,0,0,0,0,0,0,0,0,0,0,0,0,0,0,0,0,0,0,0,0,0,0,0,0,0,0,0,0,0,0,0,0,0,0,0,0,0,0,0,0,0,0,0,0,0,0,0,0,0,0,0,0,0,0,0,0,0,0,0,0,0,0,0,0,0,0,0,0,0,0,0,0,0,0,0,0,0,0,0,0,0,0,0,0,0,0,0,0,13,211,254,254,255,202,130,16,0,0,0,0,0,0,0,0,0,0,0,0,0,0,0,0,0,0,0,0,96,253,253,253,253,253,253,242,132,10,0,0,0,0,0,0,0,0,0,0,0,0,0,0,0,0,0,85,217,253,253,253,253,205,252,253,253,164,11,0,0,0,0,0,0,0,0,0,0,0,0,0,0,0,30,216,253,253,253,196,65,6,69,224,253,253,140,0,0,0,0,0,0,0,0,0,0,0,0,0,0,32,213,253,253,253,253,176,0,0,0,52,253,253,170,0,0,0,0,0,0,0,0,0,0,0,0,0,64,235,253,251,135,29,57,103,0,0,0,18,216,253,244,31,0,0,0,0,0,0,0,0,0,0,0,110,246,253,251,76,0,0,0,0,0,0,0,0,108,253,253,150,1,0,0,0,0,0,0,0,0,0,32,217,253,245,78,0,0,0,0,0,0,0,0,0,21,214,253,253,17,0,0,0,0,0,0,0,0,12,217,253,242,137,0,0,0,0,0,0,0,0,0,0,0,183,253,253,17,0,0,0,0,0,0,0,0,18,253,253,182,0,0,0,0,0,0,0,0,0,0,0,0,156,253,253,17,0,0,0,0,0,0,0,0,18,253,253,146,0,0,0,0,0,0,0,0,0,0,0,0,66,253,253,17,0,0,0,0,0,0,0,0,18,253,253,65,0,0,0,0,0,0,0,0,0,0,0,0,66,253,253,17,0,0,0,0,0,0,0,0,18,253,253,172,0,0,0,0,0,0,0,0,0,0,0,0,173,253,253,17,0,0,0,0,0,0,0,0,17,249,253,185,3,0,0,0,0,0,0,0,0,0,0,25,219,253,154,1,0,0,0,0,0,0,0,0,0,140,253,253,126,4,0,0,0,0,0,0,0,0,0,62,253,253,139,0,0,0,0,0,0,0,0,0,0,29,238,253,253,51,0,0,0,0,0,0,0,0,97,223,253,199,12,0,0,0,0,0,0,0,0,0,0,0,141,253,253,224,39,0,0,0,0,0,0,40,224,253,237,72,0,0,0,0,0,0,0,0,0,0,0,0,11,164,253,253,225,84,84,84,84,84,191,228,253,238,72,0,0,0,0,0,0,0,0,0,0,0,0,0,0,43,152,242,253,253,253,253,253,253,253,253,181,28,0,0,0,0,0,0,0,0,0,0,0,0,0,0,0,0,0,15,75,201,253,253,253,253,201,75,7,0,0,0,0,0,0,0,0,0,0,0,0,0,0,0,0,0,0,0,0,0,0,0,0,0,0,0,0,0,0,0,0,0,0,0,0,0,0,0,0,0,0,0,0,0,0,0,0,0,0,0,0,0,0,0,0,0,0,0,0,0,0,0,0,0,0,0,0,0,0,0,0,0,0,0,0,0,0,0,0,0,0,0,0,0,0,0,0,0,0,0,0,0
2,0,0,0,0,0,0,0,0,0,0,0,0,0,0,0,0,0,0,0,0,0,0,0,0,0,0,0,0,0,0,0,0,0,0,0,0,0,0,0,0,0,0,0,0,0,0,0,0,0,0,0,0,0,0,0,0,0,0,0,0,0,0,0,0,0,0,0,0,0,0,0,0,0,0,0,0,0,0,0,0,0,0,0,0,0,0,0,0,0,0,0,0,0,0,0,0,0,0,0,0,0,0,0,0,0,0,0,0,0,0,0,0,0,0,0,0,0,0,0,44,190,190,190,191,190,190,43,0,0,0,0,0,0,0,0,0,0,0,0,0,0,0,0,0,0,0,0,190,251,251,251,253,251,251,188,0,0,0,0,0,0,0,0,0,0,0,0,0,0,0,0,0,0,0,124,244,251,251,211,253,251,251,244,123,40,0,0,0,0,0,0,0,0,0,0,0,0,0,0,0,0,0,253,231,94,94,35,153,251,251,251,251,218,39,0,0,0,0,0,0,0,0,0,0,0,0,0,0,0,0,60,138,0,0,0,0,120,206,253,253,255,63,0,0,0,0,0,0,0,0,0,0,0,0,0,0,0,0,0,0,0,0,0,0,0,48,232,251,253,62,0,0,0,0,0,0,0,0,0,0,0,0,0,0,0,0,0,0,0,0,0,0,0,127,251,251,253,62,0,0,0,0,0,0,0,0,0,0,0,0,0,0,0,0,0,0,0,0,0,0,0,127,251,251,253,62,0,0,0,0,0,0,0,0,0,0,0,0,0,0,0,0,0,0,0,0,0,0,0,127,251,251,253,62,0,0,0,0,0,0,0,0,0,0,0,0,0,0,0,0,0,0,0,0,0,0,0,128,253,253,255,63,0,0,0,0,0,0,0,0,0,0,0,0,0,0,0,0,0,0,0,0,0,12,151,221,251,251,253,205,190,23,0,0,0,0,0,0,0,0,0,0,0,0,0,0,0,0,0,0,80,174,251,251,251,251,253,251,251,110,0,0,0,0,0,0,0,0,0,0,0,0,0,0,0,0,0,96,240,253,251,251,251,251,253,251,251,244,221,64,16,0,0,0,0,0,0,0,0,0,0,0,0,0,0,221,251,253,251,251,251,251,253,251,251,251,251,253,181,158,119,0,0,0,0,0,0,0,0,0,0,0,0,223,253,195,115,253,253,253,100,120,206,253,253,255,253,253,253,153,0,0,0,0,0,0,0,0,0,0,80,240,251,253,251,251,251,231,0,0,32,102,220,253,251,251,251,251,0,0,0,0,0,0,0,0,0,0,0,142,251,253,251,251,219,47,0,0,0,0,0,126,141,188,126,126,0,0,0,0,0,0,0,0,0,0,0,8,129,189,188,109,23,0,0,0,0,0,0,0,4,15,0,0,0,0,0,0,0,0,0,0,0,0,0,0,0,0,0,0,0,0,0,0,0,0,0,0,0,0,0,0,0,0,0,0,0,0,0,0,0,0,0,0,0,0,0,0,0,0,0,0,0,0,0,0,0,0,0,0,0,0,0,0,0,0,0,0,0,0,0,0,0,0,0,0,0,0,0,0,0,0,0,0,0,0,0,0,0,0,0,0,0,0,0,0,0,0,0,0,0,0,0,0,0,0,0,0,0,0,0,0,0,0,0,0,0,0,0,0,0,0,0,0,0,0,0,0,0,0,0,0,0,0,0,0,0,0,0,0,0,0,0,0,0,0,0,0,0,0,0,0,0,0,0,0,0,0,0,0,0,0,0,0,0,0,0,0,0,0,0,0,0,0
4,0,0,0,0,0,0,0,0,0,0,0,0,0,0,0,0,0,0,0,0,0,0,0,0,0,0,0,0,0,0,0,0,0,0,0,0,0,0,0,0,0,0,0,0,0,0,0,0,0,0,0,0,0,0,0,0,0,0,0,0,0,0,0,0,0,0,0,0,0,0,0,0,0,0,0,0,0,0,0,0,0,0,0,0,0,0,0,0,0,0,0,0,0,0,0,0,0,0,0,0,0,0,0,0,0,0,0,0,0,0,0,0,0,0,0,0,0,0,0,0,0,0,0,0,0,0,0,0,0,0,0,0,0,0,0,0,0,0,0,0,0,0,0,0,0,0,0,0,0,0,0,0,0,0,0,0,126,76,0,0,0,0,0,0,0,0,0,0,0,0,0,0,0,0,0,0,0,0,0,0,0,0,0,0,200,244,56,0,0,0,0,0,0,0,0,0,0,0,0,0,0,0,0,0,0,0,0,0,0,0,0,104,222,253,190,19,0,0,0,0,0,0,0,0,0,0,0,0,0,0,0,0,0,0,0,0,0,0,151,246,252,253,252,56,0,0,0,0,0,0,0,0,0,0,0,0,0,0,0,0,0,0,0,0,13,204,253,253,253,255,253,56,0,0,0,0,0,0,0,0,0,0,0,0,0,0,0,0,0,0,13,95,206,253,240,158,159,253,252,56,0,0,0,0,0,0,0,0,0,0,0,0,0,0,0,0,0,48,172,252,252,253,109,0,150,253,252,56,0,0,0,0,0,0,0,0,0,0,0,0,0,0,0,0,51,241,252,252,252,128,9,0,225,253,227,31,0,0,0,0,0,0,0,0,0,0,0,0,0,0,0,60,191,254,253,194,63,0,0,0,226,254,197,0,0,0,0,0,0,0,0,0,0,0,0,0,0,0,63,234,252,253,139,19,0,0,0,57,243,253,208,57,107,108,82,169,169,0,0,0,0,0,0,0,0,10,197,252,252,231,19,67,85,85,160,215,252,253,252,252,252,253,252,252,252,0,0,0,0,0,0,0,0,179,252,252,252,250,225,246,252,253,252,252,252,253,252,252,252,241,139,139,40,0,0,0,0,0,0,0,0,179,253,253,253,254,253,253,253,254,234,235,253,254,134,0,0,0,0,0,0,0,0,0,0,0,0,0,0,10,159,196,196,197,196,109,84,84,28,85,252,253,84,0,0,0,0,0,0,0,0,0,0,0,0,0,0,0,0,0,0,0,0,0,0,0,0,85,252,253,84,0,0,0,0,0,0,0,0,0,0,0,0,0,0,0,0,0,0,0,0,0,0,0,0,85,252,253,84,0,0,0,0,0,0,0,0,0,0,0,0,0,0,0,0,0,0,0,0,0,0,0,0,85,253,254,84,0,0,0,0,0,0,0,0,0,0,0,0,0,0,0,0,0,0,0,0,0,0,0,0,28,209,253,122,38,0,0,0,0,0,0,0,0,0,0,0,0,0,0,0,0,0,0,0,0,0,0,0,0,76,253,252,205,13,0,0,0,0,0,0,0,0,0,0,0,0,0,0,0,0,0,0,0,0,0,0,0,0,140,139,94,0,0,0,0,0,0,0,0,0,0,0,0,0,0,0,0,0,0,0,0,0,0,0,0,0,0,0,0,0,0,0,0,0,0,0,0,0,0,0,0,0,0,0,0,0,0,0,0,0,0,0,0,0,0,0,0,0,0,0,0,0,0,0,0,0,0,0,0,0,0,0,0,0,0,0,0,0,0,0,0,0,0,0,0,0,0,0,0,0,0,0,0
1,0,0,0,0,0,0,0,0,0,0,0,0,0,0,0,0,0,0,0,0,0,0,0,0,0,0,0,0,0,0,0,0,0,0,0,0,0,0,0,0,0,0,0,0,0,0,0,0,0,0,0,0,0,0,0,0,0,0,0,0,0,0,0,0,0,0,0,0,0,0,0,0,0,0,0,0,0,0,0,0,0,0,0,0,0,0,0,0,0,0,0,0,0,0,0,0,0,0,0,0,0,0,0,0,0,0,0,0,0,0,0,0,0,0,0,0,0,0,0,0,0,0,0,0,0,0,0,0,25,213,193,0,0,0,0,0,0,0,0,0,0,0,0,0,0,0,0,0,0,0,0,0,0,0,0,14,211,252,221,29,0,0,0,0,0,0,0,0,0,0,0,0,0,0,0,0,0,0,0,0,0,0,0,100,252,252,192,0,0,0,0,0,0,0,0,0,0,0,0,0,0,0,0,0,0,0,0,0,0,0,9,217,252,252,169,0,0,0,0,0,0,0,0,0,0,0,0,0,0,0,0,0,0,0,0,0,0,0,99,252,252,188,21,0,0,0,0,0,0,0,0,0,0,0,0,0,0,0,0,0,0,0,0,0,0,0,132,252,252,84,0,0,0,0,0,0,0,0,0,0,0,0,0,0,0,0,0,0,0,0,0,0,0,0,231,252,240,56,0,0,0,0,0,0,0,0,0,0,0,0,0,0,0,0,0,0,0,0,0,0,0,150,253,252,216,0,0,0,0,0,0,0,0,0,0,0,0,0,0,0,0,0,0,0,0,0,0,0,0,189,253,252,107,0,0,0,0,0,0,0,0,0,0,0,0,0,0,0,0,0,0,0,0,0,0,0,53,241,253,252,96,0,0,0,0,0,0,0,0,0,0,0,0,0,0,0,0,0,0,0,0,0,0,0,172,253,255,252,92,0,0,0,0,0,0,0,0,0,0,0,0,0,0,0,0,0,0,0,0,0,9,128,242,252,253,228,0,0,0,0,0,0,0,0,0,0,0,0,0,0,0,0,0,0,0,0,0,0,102,252,252,252,253,228,0,0,0,0,0,0,0,0,0,0,0,0,0,0,0,0,0,0,0,0,0,129,237,252,231,227,253,228,0,0,0,0,0,0,0,0,0,0,0,0,0,0,0,0,0,0,0,0,44,235,252,229,52,121,253,228,0,0,0,0,0,0,0,0,0,0,0,0,0,0,0,0,0,0,0,0,44,214,174,37,0,121,253,228,0,0,0,0,0,0,0,0,0,0,0,0,0,0,0,0,0,0,0,0,0,23,23,0,0,121,253,228,0,0,0,0,0,0,0,0,0,0,0,0,0,0,0,0,0,0,0,0,0,0,0,0,0,121,253,228,0,0,0,0,0,0,0,0,0,0,0,0,0,0,0,0,0,0,0,0,0,0,0,0,0,121,253,250,87,0,0,0,0,0,0,0,0,0,0,0,0,0,0,0,0,0,0,0,0,0,0,0,0,121,253,241,50,0,0,0,0,0,0,0,0,0,0,0,0,0,0,0,0,0,0,0,0,0,0,0,0,0,0,0,0,0,0,0,0,0,0,0,0,0,0,0,0,0,0,0,0,0,0,0,0,0,0,0,0,0,0,0,0,0,0,0,0,0,0,0,0,0,0,0,0,0,0,0,0,0,0,0,0,0,0,0,0,0,0,0,0,0,0,0,0,0,0,0,0,0,0,0,0,0,0,0,0,0,0,0,0,0,0,0,0,0,0,0,0,0,0,0,0,0,0,0,0,0,0,0
5,0,0,0,0,0,0,0,0,0,0,0,0,0,0,0,0,0,0,0,0,0,0,0,0,0,0,0,0,0,0,0,0,0,0,0,0,0,0,0,0,0,0,0,0,0,0,0,0,0,0,0,0,0,0,0,0,0,0,0,0,0,0,0,0,0,0,0,0,0,0,0,0,0,0,0,0,0,0,0,0,0,0,0,0,0,0,0,0,0,0,0,0,0,0,0,0,0,0,0,0,0,0,0,0,0,0,0,0,0,0,0,0,0,0,0,0,0,0,0,0,0,0,0,0,21,208,254,255,113,13,0,0,0,0,0,0,0,0,0,0,0,0,0,0,0,0,0,0,0,0,0,0,82,254,254,254,254,228,221,104,0,0,0,0,0,0,0,0,0,0,0,0,0,0,0,0,0,0,0,0,117,254,208,96,162,162,162,40,0,0,0,0,0,0,0,0,0,0,0,0,0,0,0,0,0,0,0,114,252,224,21,0,0,0,0,0,0,0,0,0,0,0,0,0,0,0,0,0,0,0,0,0,0,0,0,197,254,115,0,0,0,0,0,0,0,0,0,0,0,0,0,0,0,0,0,0,0,0,0,0,0,0,71,242,195,4,0,0,0,0,0,0,0,0,0,0,0,0,0,0,0,0,0,0,0,0,0,0,0,0,149,254,116,0,0,0,0,0,0,0,0,0,0,0,0,0,0,0,0,0,0,0,0,0,0,0,0,0,229,245,42,0,0,0,0,0,0,0,0,0,0,0,0,0,0,0,0,0,0,0,0,0,0,0,0,61,251,248,178,178,178,178,161,48,0,0,0,0,0,0,0,0,0,0,0,0,0,0,0,0,0,0,0,38,249,254,254,254,254,254,254,248,149,5,0,0,0,0,0,0,0,0,0,0,0,0,0,0,0,0,0,0,103,64,48,48,48,48,136,220,254,102,0,0,0,0,0,0,0,0,0,0,0,0,0,0,0,0,0,0,0,0,0,0,0,0,0,10,254,196,18,0,0,0,0,0,0,0,0,0,0,0,0,0,0,0,21,113,5,0,0,0,0,0,0,1,174,254,57,0,0,0,0,0,0,0,0,0,0,0,0,0,0,0,196,145,2,0,0,0,0,0,0,1,171,254,57,0,0,0,0,0,0,0,0,0,0,0,0,0,0,39,241,72,0,0,0,0,0,0,0,101,254,228,20,0,0,0,0,0,0,0,0,0,0,0,0,0,0,109,254,72,0,0,0,0,0,0,105,249,254,114,0,0,0,0,0,0,0,0,0,0,0,0,0,0,0,116,254,72,0,0,0,1,47,130,249,253,122,6,0,0,0,0,0,0,0,0,0,0,0,0,0,0,0,43,244,188,57,57,99,180,254,254,254,121,0,0,0,0,0,0,0,0,0,0,0,0,0,0,0,0,0,0,154,254,248,249,254,254,239,191,72,6,0,0,0,0,0,0,0,0,0,0,0,0,0,0,0,0,0,0,6,95,194,78,129,67,35,0,0,0,0,0,0,0,0,0,0,0,0,0,0,0,0,0,0,0,0,0,0,0,0,0,0,0,0,0,0,0,0,0,0,0,0,0,0,0,0,0,0,0,0,0,0,0,0,0,0,0,0,0,0,0,0,0,0,0,0,0,0,0,0,0,0,0,0,0,0,0,0,0,0,0,0,0,0,0,0,0,0,0,0,0,0,0,0,0,0,0,0,0,0,0,0,0,0,0,0,0,0,0,0,0,0,0,0,0,0,0,0,0,0,0,0,0,0,0,0,0,0,0,0,0
4,0,0,0,0,0,0,0,0,0,0,0,0,0,0,0,0,0,0,0,0,0,0,0,0,0,0,0,0,0,0,0,0,0,0,0,0,0,0,0,0,0,0,0,0,0,0,0,0,0,0,0,0,0,0,0,0,0,0,0,0,0,0,0,0,0,0,0,0,0,0,0,0,0,0,0,0,0,0,0,0,0,0,0,0,0,0,0,0,0,0,0,0,0,0,0,0,0,0,0,0,0,0,0,0,0,0,0,0,0,0,0,0,0,0,0,0,0,0,0,0,0,0,0,0,0,0,0,0,0,0,0,0,0,0,0,0,0,0,0,0,0,0,0,0,0,0,0,0,0,0,0,0,0,0,0,0,0,0,10,176,193,18,0,0,0,0,0,0,0,0,0,0,0,0,0,0,0,0,0,0,0,0,0,0,0,0,39,254,254,113,0,0,0,0,0,0,0,0,0,0,0,0,0,44,92,38,0,0,0,0,0,0,0,0,39,254,254,125,0,0,0,0,0,0,0,0,0,0,0,0,0,142,254,200,0,0,0,0,0,0,0,0,39,254,254,30,0,0,0,0,0,0,0,0,0,0,0,0,74,235,254,201,0,0,0,0,0,0,0,0,39,254,254,29,0,0,0,0,0,0,0,0,0,0,0,0,224,254,254,132,0,0,0,0,0,0,0,0,39,254,254,29,0,0,0,0,0,0,0,0,0,0,0,145,254,254,236,11,0,0,0,0,0,0,0,0,39,254,254,29,0,0,0,0,0,0,0,0,0,0,76,243,254,253,119,0,0,0,0,0,0,0,0,0,39,254,254,29,0,0,0,0,0,0,0,0,0,0,222,254,254,202,55,0,0,0,0,0,0,0,0,0,39,254,254,29,0,0,0,0,0,0,0,0,0,0,222,254,254,254,250,241,234,144,144,139,49,49,29,0,94,254,254,29,0,0,0,0,0,0,0,0,0,0,172,251,254,254,254,254,254,254,254,254,254,254,235,207,232,254,254,29,0,0,0,0,0,0,0,0,0,0,0,60,118,127,177,177,177,202,254,254,254,254,254,254,254,254,254,29,0,0,0,0,0,0,0,0,0,0,0,0,0,0,0,0,0,6,19,19,19,108,155,223,254,254,254,29,0,0,0,0,0,0,0,0,0,0,0,0,0,0,0,0,0,0,0,0,0,0,0,73,254,254,254,29,0,0,0,0,0,0,0,0,0,0,0,0,0,0,0,0,0,0,0,0,0,0,0,73,254,254,254,29,0,0,0,0,0,0,0,0,0,0,0,0,0,0,0,0,0,0,0,0,0,0,0,73,255,254,229,18,0,0,0,0,0,0,0,0,0,0,0,0,0,0,0,0,0,0,0,0,0,0,0,73,254,254,254,29,0,0,0,0,0,0,0,0,0,0,0,0,0,0,0,0,0,0,0,0,0,0,0,73,254,254,237,21,0,0,0,0,0,0,0,0,0,0,0,0,0,0,0,0,0,0,0,0,0,0,0,63,251,254,137,0,0,0,0,0,0,0,0,0,0,0,0,0,0,0,0,0,0,0,0,0,0,0,0,0,158,178,23,0,0,0,0,0,0,0,0,0,0,0,0,0,0,0,0,0,0,0,0,0,0,0,0,0,0,0,0,0,0,0,0,0,0,0,0,0,0,0,0,0,0,0,0,0,0,0,0,0,0,0,0,0,0,0,0,0,0,0,0,0,0,0,0,0,0,0,0,0,0,0,0,0,0,0,0,0,0,0,0,0,0,0,0,0,0,0,0,0,0,0
7,0,0,0,0,0,0,0,0,0,0,0,0,0,0,0,0,0,0,0,0,0,0,0,0,0,0,0,0,0,0,0,0,0,0,0,0,0,0,0,0,0,0,0,0,0,0,0,0,0,0,0,0,0,0,0,0,0,0,0,0,0,0,0,0,0,0,0,0,0,0,0,0,0,0,0,0,0,0,0,0,0,0,0,0,0,0,0,0,0,0,0,0,0,0,0,0,0,0,0,0,0,0,0,0,0,0,0,0,0,0,0,0,0,0,0,0,0,0,0,0,0,0,0,0,0,0,0,0,0,0,0,0,0,0,0,0,0,0,0,0,0,0,0,0,0,0,0,0,0,0,0,0,0,0,0,0,0,0,0,0,0,0,0,0,0,0,0,0,0,0,0,0,0,0,0,243,253,215,138,28,0,0,15,0,0,0,0,0,0,0,0,0,0,0,0,0,0,0,0,0,0,0,0,165,252,252,252,239,176,176,210,176,176,176,176,67,0,0,0,0,0,0,0,0,0,0,0,0,0,0,0,33,175,252,252,252,252,252,253,252,252,252,252,237,61,0,0,0,0,0,0,0,0,0,0,0,0,0,0,0,3,10,112,187,230,249,253,252,252,252,252,252,131,0,0,0,0,0,0,0,0,0,0,0,0,0,0,0,0,0,0,0,0,77,88,88,200,252,252,252,131,0,0,0,0,0,0,0,0,0,0,0,0,0,0,0,0,0,0,0,0,0,0,0,186,252,252,252,93,0,0,0,0,0,0,0,0,0,0,0,0,0,0,0,0,0,0,0,0,0,0,66,249,252,252,248,21,0,0,0,0,0,0,0,0,0,0,0,0,0,0,0,0,0,0,0,0,0,0,176,252,252,252,97,0,0,0,0,0,0,0,0,0,0,0,0,0,0,0,0,0,0,0,0,0,0,11,199,252,252,235,38,0,0,0,0,0,0,0,0,0,0,0,0,0,0,0,0,0,0,0,0,0,0,82,252,252,252,102,0,0,0,0,0,0,0,0,0,0,0,0,0,0,0,0,0,0,0,0,0,0,0,255,253,253,231,0,0,0,0,0,0,0,0,0,0,0,0,0,0,0,0,0,0,0,0,0,0,0,78,253,252,252,153,0,0,0,0,0,0,0,0,0,0,0,0,0,0,0,0,0,0,0,0,0,0,0,201,253,252,213,25,0,0,0,0,0,0,0,0,0,0,0,0,0,0,0,0,0,0,0,0,0,0,84,251,253,252,153,0,0,0,0,0,0,0,0,0,0,0,0,0,0,0,0,0,0,0,0,0,0,10,201,252,253,252,82,0,0,0,0,0,0,0,0,0,0,0,0,0,0,0,0,0,0,0,0,0,0,83,252,252,253,162,10,0,0,0,0,0,0,0,0,0,0,0,0,0,0,0,0,0,0,0,0,0,0,154,252,252,252,73,0,0,0,0,0,0,0,0,0,0,0,0,0,0,0,0,0,0,0,0,0,0,2,171,252,252,220,0,0,0,0,0,0,0,0,0,0,0,0,0,0,0,0,0,0,0,0,0,0,0,12,252,252,252,106,0,0,0,0,0,0,0,0,0,0,0,0,0,0,0,0,0,0,0,0,0,0,0,2,119,252,204,0,0,0,0,0,0,0,0,0,0,0,0,0,0,0,0,0,0,0,0,0,0,0,0,0,0,0,0,0,0,0,0,0,0,0,0,0,0,0,0,0,0,0,0,0,0,0,0,0,0,0,0,0,0,0,0,0,0,0,0,0,0,0,0,0,0,0,0,0,0
3,0,0,0,0,0,0,0,0,0,0,0,0,0,0,0,0,0,0,0,0,0,0,0,0,0,0,0,0,0,0,0,0,0,0,0,0,0,0,0,0,0,0,0,0,0,0,0,0,0,0,0,0,0,0,0,0,0,0,0,0,0,0,0,0,0,0,0,0,0,0,0,0,0,0,0,0,0,0,0,0,0,0,0,0,0,0,0,0,0,0,0,0,0,0,0,0,0,0,0,0,0,0,0,0,0,0,0,0,0,0,0,0,0,0,0,0,0,0,0,0,0,0,0,0,0,0,0,0,0,0,0,0,0,0,0,0,0,0,0,0,0,0,0,0,0,0,0,0,0,0,0,0,10,96,106,174,244,254,255,194,96,2,0,0,0,0,0,0,0,0,0,0,0,0,0,0,0,14,72,156,229,254,253,253,253,253,254,253,238,67,0,0,0,0,0,0,0,0,0,0,0,0,0,15,78,207,253,253,223,176,117,47,47,47,48,202,253,189,0,0,0,0,0,0,0,0,0,0,0,0,0,55,254,253,253,172,12,0,0,0,0,0,0,121,253,245,14,0,0,0,0,0,0,0,0,0,0,0,0,129,254,253,253,204,35,0,0,0,0,0,5,180,253,188,6,0,0,0,0,0,0,0,0,0,0,0,0,0,5,20,0,0,0,0,0,0,0,0,76,234,254,155,0,0,0,0,0,0,0,0,0,0,0,0,0,0,0,0,0,0,0,0,0,0,18,181,254,253,207,8,0,0,0,0,0,0,0,0,0,0,0,0,0,0,0,0,0,0,0,18,83,166,232,253,251,170,39,0,0,0,0,0,0,0,0,0,0,0,0,0,0,0,0,8,64,64,138,209,253,253,253,233,104,0,0,0,0,0,0,0,0,0,0,0,0,0,0,0,0,0,35,195,253,253,253,254,253,253,253,100,0,0,0,0,0,0,0,0,0,0,0,0,0,0,0,0,0,0,10,225,254,250,213,209,158,223,252,254,220,24,0,0,0,0,0,0,0,0,0,0,0,0,0,0,0,0,0,28,63,48,0,0,0,0,144,241,254,171,21,0,0,0,0,0,0,0,0,0,0,0,0,0,0,0,0,0,0,0,0,0,0,0,0,45,254,253,47,0,0,0,0,0,0,0,0,0,0,0,0,0,0,0,0,0,0,0,0,0,0,0,0,10,254,253,117,0,0,0,0,0,0,0,0,0,0,0,0,0,0,0,0,0,0,0,0,0,0,0,20,105,254,233,48,0,0,0,0,0,0,0,0,0,0,0,0,0,0,0,0,0,0,0,0,0,2,56,209,254,255,237,30,0,0,0,0,0,0,0,0,0,0,0,0,0,0,0,0,0,0,8,57,166,198,253,253,253,222,36,0,0,0,0,0,0,0,0,0,0,0,3,48,48,48,98,128,128,191,218,253,254,253,253,211,131,15,0,0,0,0,0,0,0,0,0,0,0,0,2,198,253,253,253,254,253,253,253,253,210,154,111,14,0,0,0,0,0,0,0,0,0,0,0,0,0,0,10,229,253,253,253,224,173,134,95,20,5,0,0,0,0,0,0,0,0,0,0,0,0,0,0,0,0,0,0,0,0,0,0,0,0,0,0,0,0,0,0,0,0,0,0,0,0,0,0,0,0,0,0,0,0,0,0,0,0,0,0,0,0,0,0,0,0,0,0,0,0,0,0,0,0,0,0,0,0,0,0,0,0,0,0,0,0,0,0,0,0,0,0,0,0,0,0,0,0,0,0,0,0,0,0,0,0,0,0
2,0,0,0,0,0,0,0,0,0,0,0,0,0,0,0,0,0,0,0,0,0,0,0,0,0,0,0,0,0,0,0,0,0,0,0,0,0,0,0,0,0,0,0,0,0,0,0,0,0,0,0,0,0,0,0,0,0,0,0,0,0,0,0,0,0,0,0,0,0,0,0,0,0,0,0,0,0,0,0,0,0,0,0,0,0,0,0,0,0,0,0,0,0,0,0,0,0,0,0,0,0,0,0,0,0,0,0,0,0,0,0,0,0,0,0,0,0,0,0,0,0,0,0,0,0,0,0,0,11,67,159,247,217,57,0,0,0,0,0,0,0,0,0,0,0,0,0,0,0,0,0,0,0,17,72,154,227,254,254,254,254,91,0,0,0,0,0,0,0,0,0,0,0,0,0,0,0,0,0,7,123,226,254,254,254,251,189,254,254,91,0,0,0,0,0,0,0,0,0,0,0,0,0,0,0,0,242,251,254,254,251,197,91,4,46,246,254,91,0,0,0,0,0,0,0,0,0,0,0,0,0,0,0,0,149,230,199,80,36,0,0,1,127,254,241,14,0,0,0,0,0,0,0,0,0,0,0,0,0,0,0,0,0,0,0,0,0,0,0,43,254,254,121,0,0,0,0,0,0,0,0,0,0,0,0,0,0,0,0,0,0,0,0,0,0,0,10,173,254,212,24,0,0,0,0,0,0,0,0,0,0,0,0,0,0,0,0,0,0,0,0,0,0,6,169,254,254,40,0,0,0,0,0,0,0,0,0,0,0,0,0,0,0,0,0,0,0,0,0,0,36,171,254,254,254,24,0,0,0,0,0,0,0,0,0,0,0,0,0,0,0,0,0,0,0,0,0,46,229,254,254,254,168,2,0,0,0,0,0,0,0,0,0,0,0,0,0,0,0,0,0,0,0,0,0,144,254,254,252,124,16,0,0,0,0,0,0,0,0,0,0,0,0,0,0,0,0,0,0,0,0,0,25,214,254,231,111,0,0,0,0,0,0,0,0,0,0,0,0,0,0,0,0,0,0,0,0,0,0,4,184,254,252,111,0,0,0,0,0,0,0,0,0,0,0,0,0,0,0,0,0,0,0,0,0,0,3,174,254,254,124,0,0,0,0,0,0,0,0,0,0,0,0,0,0,0,0,0,0,0,0,0,0,0,181,254,254,158,16,50,61,0,0,0,0,0,0,0,0,0,0,0,0,0,0,0,0,0,0,0,13,168,254,254,223,73,177,247,251,228,108,33,0,0,0,0,0,0,0,0,0,0,0,0,0,0,0,25,152,254,254,254,254,254,254,251,250,250,250,241,44,0,0,0,0,0,0,0,0,0,0,0,0,0,25,181,254,254,254,254,254,216,145,29,0,0,0,0,0,0,0,0,0,0,0,0,0,0,0,0,0,0,141,254,254,254,247,213,125,18,0,0,0,0,0,0,0,0,0,0,0,0,0,0,0,0,0,0,0,0,151,254,245,126,49,0,0,0,0,0,0,0,0,0,0,0,0,0,0,0,0,0,0,0,0,0,0,0,0,0,0,0,0,0,0,0,0,0,0,0,0,0,0,0,0,0,0,0,0,0,0,0,0,0,0,0,0,0,0,0,0,0,0,0,0,0,0,0,0,0,0,0,0,0,0,0,0,0,0,0,0,0,0,0,0,0,0,0,0,0,0,0,0,0,0,0,0,0,0,0,0,0,0,0,0,0,0,0,0,0,0,0,0,0,0,0,0,0,0,0,0,0,0,0,0,0,0,0,0,0,0,0,0,0
3,0,0,0,0,0,0,0,0,0,0,0,0,0,0,0,0,0,0,0,0,0,0,0,0,0,0,0,0,0,0,0,0,0,0,0,0,0,0,0,0,0,0,0,0,0,0,0,0,0,0,0,0,0,0,0,0,0,0,0,0,0,0,0,0,0,0,0,0,0,0,0,0,0,0,0,0,0,0,0,0,0,0,0,0,0,0,0,0,0,0,0,0,0,0,0,0,0,0,0,0,0,0,0,0,0,0,0,0,0,0,0,0,0,0,0,0,0,0,0,0,0,7,70,95,161,203,254,255,254,211,95,0,0,0,0,0,0,0,0,0,0,0,0,0,0,0,0,0,0,108,253,254,244,206,206,173,206,244,253,85,0,0,0,0,0,0,0,0,0,0,0,0,0,0,0,0,0,72,128,46,38,0,0,0,0,132,253,93,0,0,0,0,0,0,0,0,0,0,0,0,0,0,0,0,0,0,0,0,0,0,0,0,0,182,253,93,0,0,0,0,0,0,0,0,0,0,0,0,0,0,0,0,0,0,0,0,0,0,0,0,97,254,228,34,0,0,0,0,0,0,0,0,0,0,0,0,0,0,0,0,0,0,0,0,0,0,0,72,243,248,64,0,0,0,0,0,0,0,0,0,0,0,0,0,0,0,0,0,0,0,0,0,0,28,149,254,248,108,0,0,0,0,0,0,0,0,0,0,0,0,0,0,0,0,0,0,0,0,0,0,102,240,253,228,98,0,0,0,0,0,0,0,0,0,0,0,0,0,0,0,0,0,0,0,13,145,229,254,254,254,254,229,128,80,0,0,0,0,0,0,0,0,0,0,0,0,0,0,0,0,0,0,80,253,253,254,210,206,206,254,253,251,197,81,5,0,0,0,0,0,0,0,0,0,0,0,0,0,0,0,9,154,137,80,4,0,0,46,96,215,253,254,65,0,0,0,0,0,0,0,0,0,0,0,0,0,0,0,0,0,0,0,0,0,0,0,0,7,169,254,115,0,0,0,0,0,0,0,0,0,0,0,0,0,0,0,0,0,0,0,0,0,0,0,0,0,93,255,115,0,0,0,0,0,0,0,0,0,0,0,0,0,0,0,0,0,0,0,0,0,0,0,0,0,142,254,115,0,0,0,0,0,0,0,0,0,0,0,0,0,0,43,0,0,0,0,0,0,0,0,0,70,240,247,71,0,0,0,0,0,0,0,0,0,0,0,0,0,68,127,0,0,0,0,0,0,0,0,68,240,253,118,0,0,0,0,0,0,0,0,0,0,0,0,0,41,229,68,0,0,0,0,0,0,26,128,245,254,169,0,0,0,0,0,0,0,0,0,0,0,0,0,0,99,253,172,89,47,47,47,130,214,239,254,244,123,6,0,0,0,0,0,0,0,0,0,0,0,0,0,0,13,205,254,253,253,253,254,253,251,230,113,38,0,0,0,0,0,0,0,0,0,0,0,0,0,0,0,0,0,0,69,152,160,194,161,143,63,0,0,0,0,0,0,0,0,0,0,0,0,0,0,0,0,0,0,0,0,0,0,0,0,0,0,0,0,0,0,0,0,0,0,0,0,0,0,0,0,0,0,0,0,0,0,0,0,0,0,0,0,0,0,0,0,0,0,0,0,0,0,0,0,0,0,0,0,0,0,0,0,0,0,0,0,0,0,0,0,0,0,0,0,0,0,0,0,0,0,0,0,0,0,0,0,0,0,0,0,0,0,0,0,0,0,0,0,0,0,0,0,0,0,0,0,0,0,0,0,0,0,0,0,0,0
0,0,0,0,0,0,0,0,0,0,0,0,0,0,0,0,0,0,0,0,0,0,0,0,0,0,0,0,0,0,0,0,0,0,0,0,0,0,0,0,0,0,0,0,0,0,0,0,0,0,0,0,0,0,0,0,0,0,0,0,0,0,0,0,0,0,0,0,0,0,0,0,0,0,0,0,0,0,0,0,0,0,0,0,0,0,0,0,0,0,0,0,0,0,0,0,0,0,0,0,0,0,0,0,0,0,0,0,0,0,0,0,0,0,0,0,0,0,0,0,0,0,0,0,0,0,0,0,0,0,0,0,0,0,0,0,0,0,0,0,0,0,0,0,0,0,0,0,0,0,0,0,0,128,191,191,64,0,0,0,0,0,0,0,0,0,0,0,0,0,0,0,0,0,0,0,0,0,0,0,191,255,255,255,255,128,0,0,0,0,0,0,0,0,0,0,0,0,0,0,0,0,0,0,0,0,0,64,255,255,255,255,255,255,128,0,0,0,0,0,0,0,0,0,0,0,0,0,0,0,0,0,0,0,0,255,255,255,128,128,191,255,255,64,0,0,0,0,0,0,0,0,0,0,0,0,0,0,0,0,0,0,64,255,255,191,0,0,0,255,255,255,0,0,0,0,0,0,0,0,0,0,0,0,0,0,0,0,0,0,191,255,191,0,0,0,0,0,191,255,255,0,0,0,0,0,0,0,0,0,0,0,0,0,0,0,0,64,255,255,128,0,0,0,0,0,128,255,255,64,0,0,0,0,0,0,0,0,0,0,0,0,0,0,0,0,255,255,191,0,0,0,0,0,0,128,255,255,0,0,0,0,0,0,0,0,0,0,0,0,0,0,0,0,255,255,128,0,0,0,0,0,0,128,255,255,0,0,0,0,0,0,0,0,0,0,0,0,0,0,0,0,255,255,128,0,0,0,0,0,0,128,255,255,0,0,0,0,0,0,0,0,0,0,0,0,0,0,0,0,255,255,128,0,0,0,0,0,0,191,255,255,0,0,0,0,0,0,0,0,0,0,0,0,0,0,0,0,255,255,128,0,0,0,0,0,0,255,255,255,0,0,0,0,0,0,0,0,0,0,0,0,0,0,0,0,255,255,191,255,128,0,0,0,64,255,255,128,0,0,0,0,0,0,0,0,0,0,0,0,0,0,0,0,255,255,255,255,128,0,0,64,255,255,191,0,0,0,0,0,0,0,0,0,0,0,0,0,0,0,0,0,191,255,255,255,64,0,128,255,255,191,64,0,0,0,0,0,0,0,0,0,0,0,0,0,0,0,0,0,64,255,255,255,128,191,255,255,191,0,0,0,0,0,0,0,0,0,0,0,0,0,0,0,0,0,0,0,0,255,255,255,255,255,255,191,0,0,0,0,0,0,0,0,0,0,0,0,0,0,0,0,0,0,0,0,0,191,255,255,255,255,64,0,0,0,0,0,0,0,0,0,0,0,0,0,0,0,0,0,0,0,0,0,0,255,255,255,255,64,0,0,0,0,0,0,0,0,0,0,0,0,0,0,0,0,0,0,0,0,0,0,0,64,191,64,0,0,0,0,0,0,0,0,0,0,0,0,0,0,0,0,0,0,0,0,0,0,0,0,0,0,0,0,0,0,0,0,0,0,0,0,0,0,0,0,0,0,0,0,0,0,0,0,0,0,0,0,0,0,0,0,0,0,0,0,0,0,0,0,0,0,0,0,0,0,0,0,0,0,0,0,0,0,0,0,0,0,0,0,0,0,0,0,0,0,0,0,0,0,0,0,0,0,0
7,0,0,0,0,0,0,0,0,0,0,0,0,0,0,0,0,0,0,0,0,0,0,0,0,0,0,0,0,0,0,0,0,0,0,0,0,0,0,0,0,0,0,0,0,0,0,0,0,0,0,0,0,0,0,0,0,0,0,0,0,0,0,0,0,0,0,0,0,0,0,0,0,0,0,0,0,0,0,0,0,0,0,0,0,0,0,0,0,0,0,0,0,0,0,0,0,0,0,0,0,0,0,0,0,0,0,0,0,0,0,0,0,0,0,0,0,0,0,0,0,0,0,0,0,0,0,0,0,0,0,0,0,0,0,0,0,0,0,0,0,0,0,0,0,0,0,0,0,0,0,0,0,0,0,0,0,0,0,0,0,0,0,0,0,0,0,0,0,0,0,0,0,0,0,0,0,8,13,13,48,133,133,185,138,13,6,0,0,0,0,0,0,0,0,0,0,0,0,0,0,0,0,0,84,212,253,253,253,253,253,253,253,254,109,0,0,0,0,0,0,0,0,0,0,0,0,0,0,0,0,0,125,240,253,227,217,217,217,233,253,254,109,0,0,0,0,0,0,0,0,0,0,0,0,0,0,0,0,0,0,53,84,24,0,0,0,110,253,254,109,0,0,0,0,0,0,0,0,0,0,0,0,0,0,0,0,0,0,0,0,0,0,0,0,57,248,254,195,0,0,0,0,0,0,0,0,0,0,0,0,0,0,0,0,0,0,0,0,0,0,0,0,110,253,254,194,0,0,0,0,0,0,0,0,0,0,0,0,0,0,0,0,0,0,0,0,0,0,0,0,208,253,250,72,0,0,0,0,0,0,0,0,0,0,0,0,0,0,0,0,0,0,0,0,0,0,0,84,250,253,138,0,0,0,0,0,0,0,0,0,0,0,0,0,0,0,0,0,0,0,0,0,0,0,0,149,253,253,178,110,110,110,110,110,110,110,10,0,0,0,0,0,0,0,0,0,0,24,242,242,242,242,242,252,253,253,254,253,253,253,253,253,253,253,139,0,0,0,0,0,0,0,0,0,0,24,242,250,254,254,254,254,254,254,244,242,225,202,213,122,23,0,0,0,0,0,0,0,0,0,0,0,0,0,0,73,109,109,226,253,253,172,0,0,0,0,0,0,0,0,0,0,0,0,0,0,0,0,0,0,0,0,0,0,0,0,206,253,253,11,0,0,0,0,0,0,0,0,0,0,0,0,0,0,0,0,0,0,0,0,0,0,0,49,238,253,232,9,0,0,0,0,0,0,0,0,0,0,0,0,0,0,0,0,0,0,0,0,0,0,15,174,253,253,116,0,0,0,0,0,0,0,0,0,0,0,0,0,0,0,0,0,0,0,0,0,0,0,61,253,253,253,24,0,0,0,0,0,0,0,0,0,0,0,0,0,0,0,0,0,0,0,0,0,0,0,61,253,253,174,5,0,0,0,0,0,0,0,0,0,0,0,0,0,0,0,0,0,0,0,0,0,0,0,61,253,253,156,0,0,0,0,0,0,0,0,0,0,0,0,0,0,0,0,0,0,0,0,0,0,0,0,171,253,253,156,0,0,0,0,0,0,0,0,0,0,0,0,0,0,0,0,0,0,0,0,0,0,0,0,125,253,213,82,0,0,0,0,0,0,0,0,0,0,0,0,0,0,0,0,0,0,0,0,0,0,0,0,0,0,0,0,0,0,0,0,0,0,0,0,0,0,0,0,0,0,0,0,0,0,0,0,0,0,0,0,0,0,0,0,0,0,0,0,0,0,0,0,0,0,0,0,0,0
1,0,0,0,0,0,0,0,0,0,0,0,0,0,0,0,0,0,0,0,0,0,0,0,0,0,0,0,0,0,0,0,0,0,0,0,0,0,0,0,0,0,0,0,0,0,0,0,0,0,0,0,0,0,0,0,0,0,0,0,0,0,0,0,0,0,0,0,0,0,0,0,0,0,0,0,0,0,0,0,0,0,0,0,0,0,0,0,0,0,0,0,0,0,0,0,0,0,0,0,0,0,0,0,0,0,0,0,0,0,0,0,0,0,0,0,0,0,0,0,0,0,0,0,0,0,196,254,194,19,0,0,0,0,0,0,0,0,0,0,0,0,0,0,0,0,0,0,0,0,0,0,0,0,194,253,254,167,0,0,0,0,0,0,0,0,0,0,0,0,0,0,0,0,0,0,0,0,0,0,0,0,194,253,254,193,0,0,0,0,0,0,0,0,0,0,0,0,0,0,0,0,0,0,0,0,0,0,0,0,194,253,254,193,0,0,0,0,0,0,0,0,0,0,0,0,0,0,0,0,0,0,0,0,0,0,0,0,194,253,254,193,0,0,0,0,0,0,0,0,0,0,0,0,0,0,0,0,0,0,0,0,0,0,0,0,194,253,254,193,0,0,0,0,0,0,0,0,0,0,0,0,0,0,0,0,0,0,0,0,0,0,0,0,194,253,254,193,0,0,0,0,0,0,0,0,0,0,0,0,0,0,0,0,0,0,0,0,0,0,0,0,194,253,255,193,0,0,0,0,0,0,0,0,0,0,0,0,0,0,0,0,0,0,0,0,0,0,0,96,239,253,254,166,0,0,0,0,0,0,0,0,0,0,0,0,0,0,0,0,0,0,0,0,0,0,80,247,253,253,192,18,0,0,0,0,0,0,0,0,0,0,0,0,0,0,0,0,0,0,0,0,0,0,135,255,254,254,0,0,0,0,0,0,0,0,0,0,0,0,0,0,0,0,0,0,0,0,0,0,0,0,134,253,253,217,0,0,0,0,0,0,0,0,0,0,0,0,0,0,0,0,0,0,0,0,0,0,0,0,134,253,253,104,0,0,0,0,0,0,0,0,0,0,0,0,0,0,0,0,0,0,0,0,0,0,0,0,134,253,253,104,0,0,0,0,0,0,0,0,0,0,0,0,0,0,0,0,0,0,0,0,0,0,0,18,205,253,226,43,0,0,0,0,0,0,0,0,0,0,0,0,0,0,0,0,0,0,0,0,0,0,0,0,134,253,253,104,0,0,0,0,0,0,0,0,0,0,0,0,0,0,0,0,0,0,0,0,0,0,0,0,134,253,253,183,0,0,0,0,0,0,0,0,0,0,0,0,0,0,0,0,0,0,0,0,0,0,0,0,88,248,253,253,179,90,85,0,0,0,0,0,0,0,0,0,0,0,0,0,0,0,0,0,0,0,0,0,0,109,243,253,254,253,250,103,0,0,0,0,0,0,0,0,0,0,0,0,0,0,0,0,0,0,0,0,0,0,80,192,105,104,104,55,0,0,0,0,0,0,0,0,0,0,0,0,0,0,0,0,0,0,0,0,0,0,0,0,0,0,0,0,0,0,0,0,0,0,0,0,0,0,0,0,0,0,0,0,0,0,0,0,0,0,0,0,0,0,0,0,0,0,0,0,0,0,0,0,0,0,0,0,0,0,0,0,0,0,0,0,0,0,0,0,0,0,0,0,0,0,0,0,0,0,0,0,0,0,0,0,0,0,0,0,0,0,0,0,0,0,0,0,0,0,0,0,0,0,0,0,0,0,0,0,0
5,0,0,0,0,0,0,0,0,0,0,0,0,0,0,0,0,0,0,0,0,0,0,0,0,0,0,0,0,0,0,0,0,0,0,0,0,0,0,0,0,0,0,0,0,0,0,0,0,0,0,0,0,0,0,0,0,0,0,0,0,0,0,0,0,0,0,0,0,0,0,0,0,0,0,0,0,0,0,0,0,0,0,0,0,0,0,0,0,0,0,0,0,0,0,0,0,0,0,0,0,0,0,0,0,0,0,0,0,0,0,0,0,0,0,0,0,0,0,0,0,0,0,0,0,0,0,0,0,0,0,0,0,0,0,0,0,0,0,0,0,0,0,0,0,0,0,0,0,13,155,245,255,199,155,135,54,0,0,0,0,0,0,0,0,0,0,0,0,0,0,0,0,0,0,0,29,200,253,253,253,253,253,253,253,210,158,50,2,0,0,0,0,0,0,0,0,0,0,0,0,0,0,0,91,253,253,253,253,253,253,253,253,253,253,253,69,0,0,0,0,0,0,0,0,0,0,0,0,0,0,9,242,254,248,143,133,133,134,133,214,234,249,206,16,0,0,0,0,0,0,0,0,0,0,0,0,0,0,11,253,253,178,0,0,0,58,61,0,0,63,0,0,0,0,0,0,0,0,0,0,0,0,0,0,0,0,11,253,253,246,61,129,224,248,249,229,206,125,22,0,0,0,0,0,0,0,0,0,0,0,0,0,0,0,11,253,253,253,253,253,253,253,253,253,253,253,234,135,25,0,0,0,0,0,0,0,0,0,0,0,0,0,11,253,253,253,253,253,253,253,253,253,253,253,253,253,212,27,0,0,0,0,0,0,0,0,0,0,0,0,11,253,254,253,253,184,104,60,60,101,181,253,253,254,253,195,0,0,0,0,0,0,0,0,0,0,0,0,11,253,253,239,102,2,0,0,0,0,1,10,104,236,253,253,123,0,0,0,0,0,0,0,0,0,0,0,6,213,241,66,0,0,0,0,0,0,0,0,0,183,253,253,236,8,0,0,0,0,0,0,0,0,0,0,0,0,0,42,6,0,0,0,0,0,0,0,0,102,253,254,254,9,0,0,0,0,0,0,0,0,0,0,0,0,23,241,64,0,0,0,0,0,0,0,0,16,224,253,253,9,0,0,0,0,0,0,0,0,0,0,0,18,156,253,24,0,0,0,0,0,0,0,0,92,253,253,253,9,0,0,0,0,0,0,0,0,0,0,0,65,254,254,24,0,0,0,0,0,0,0,45,188,253,250,119,2,0,0,0,0,0,0,0,0,0,0,0,65,253,253,127,0,0,0,0,0,51,126,229,253,253,187,0,0,0,0,0,0,0,0,0,0,0,0,0,57,249,254,251,162,80,112,134,215,246,253,253,254,197,17,0,0,0,0,0,0,0,0,0,0,0,0,0,0,145,253,253,253,253,254,253,253,254,253,253,126,19,0,0,0,0,0,0,0,0,0,0,0,0,0,0,0,63,254,253,254,253,254,253,253,254,210,43,2,0,0,0,0,0,0,0,0,0,0,0,0,0,0,0,0,5,54,66,153,248,253,194,152,54,9,0,0,0,0,0,0,0,0,0,0,0,0,0,0,0,0,0,0,0,0,0,0,0,0,0,0,0,0,0,0,0,0,0,0,0,0,0,0,0,0,0,0,0,0,0,0,0,0,0,0,0,0,0,0,0,0,0,0,0,0,0,0,0,0,0,0,0,0,0,0,0,0,0,0,0,0,0,0,0,0,0,0,0,0,0,0,0,0,0,0,0,0,0,0
4,0,0,0,0,0,0,0,0,0,0,0,0,0,0,0,0,0,0,0,0,0,0,0,0,0,0,0,0,0,0,0,0,0,0,0,0,0,0,0,0,0,0,0,0,0,0,0,0,0,0,0,0,0,0,0,0,0,0,0,0,0,0,0,0,0,0,0,0,0,0,0,0,0,0,0,0,0,0,0,0,0,0,0,0,0,0,0,0,0,0,0,0,0,0,0,0,0,0,0,0,0,0,0,0,0,0,0,0,0,0,0,0,0,0,0,0,0,0,0,0,0,0,0,0,0,0,0,0,0,181,163,0,0,0,0,0,0,0,0,0,0,0,0,0,0,0,0,0,0,0,0,0,0,0,0,0,0,240,182,0,0,0,0,0,0,0,0,0,0,0,0,0,0,0,0,0,0,0,0,0,0,0,0,0,29,246,182,0,0,0,0,0,0,0,0,0,0,0,0,0,0,0,0,0,0,0,0,0,47,13,0,0,65,253,182,0,0,0,0,0,0,0,0,0,0,0,0,0,0,0,0,0,0,0,0,16,243,93,0,0,128,253,143,0,0,0,0,0,0,0,0,0,0,0,0,0,0,0,0,0,0,0,3,187,222,12,0,0,198,249,75,0,0,0,0,0,0,0,0,0,0,0,0,0,0,0,0,0,0,0,62,253,154,0,0,0,197,225,0,0,0,0,0,0,0,0,0,0,0,0,0,0,0,0,0,0,0,0,171,253,84,0,0,0,197,209,0,0,0,0,0,0,0,0,0,0,0,0,0,0,0,0,0,0,0,68,252,231,9,0,0,22,250,146,0,0,0,0,0,0,0,0,0,0,0,0,0,0,0,0,0,0,0,114,253,99,0,0,0,125,253,45,0,103,16,0,0,0,0,0,0,0,0,0,0,0,0,0,0,0,12,195,254,128,38,12,31,199,254,148,203,224,16,0,0,0,0,0,0,0,0,0,0,0,0,0,0,0,95,254,253,253,250,233,238,253,253,248,160,36,0,0,0,0,0,0,0,0,0,0,0,0,0,0,0,0,176,254,195,142,197,197,238,253,138,35,0,0,0,0,0,0,0,0,0,0,0,0,0,0,0,0,0,24,246,229,41,0,0,0,211,232,3,0,0,0,0,0,0,0,0,0,0,0,0,0,0,0,0,0,0,0,55,63,0,0,0,60,254,110,0,0,0,0,0,0,0,0,0,0,0,0,0,0,0,0,0,0,0,0,0,0,0,0,0,103,255,87,0,0,0,0,0,0,0,0,0,0,0,0,0,0,0,0,0,0,0,0,0,0,0,0,2,167,224,11,0,0,0,0,0,0,0,0,0,0,0,0,0,0,0,0,0,0,0,0,0,0,0,0,44,253,141,0,0,0,0,0,0,0,0,0,0,0,0,0,0,0,0,0,0,0,0,0,0,0,0,0,99,253,141,0,0,0,0,0,0,0,0,0,0,0,0,0,0,0,0,0,0,0,0,0,0,0,0,0,60,233,43,0,0,0,0,0,0,0,0,0,0,0,0,0,0,0,0,0,0,0,0,0,0,0,0,0,0,0,0,0,0,0,0,0,0,0,0,0,0,0,0,0,0,0,0,0,0,0,0,0,0,0,0,0,0,0,0,0,0,0,0,0,0,0,0,0,0,0,0,0,0,0,0,0,0,0,0,0,0,0,0,0,0,0,0,0,0,0,0,0,0,0,0,0,0,0,0,0,0,0,0,0,0,0,0,0,0,0,0,0,0,0,0,0,0,0,0,0,0,0,0,0,0,0,0,0
3,0,0,0,0,0,0,0,0,0,0,0,0,0,0,0,0,0,0,0,0,0,0,0,0,0,0,0,0,0,0,0,0,0,0,0,0,0,0,0,0,0,0,0,0,0,0,0,0,0,0,0,0,0,0,0,0,0,0,0,0,0,0,0,0,0,0,0,0,0,0,0,0,0,0,0,0,0,0,0,0,0,0,0,0,0,0,0,0,0,0,0,0,0,0,0,0,0,0,0,0,0,0,0,0,0,0,0,0,0,0,0,0,0,0,0,0,0,0,0,0,0,0,0,0,0,0,0,0,0,0,0,0,0,0,0,0,0,0,0,0,0,0,0,0,0,0,0,0,0,0,0,0,0,0,0,0,0,0,0,0,0,0,0,0,0,0,0,0,0,0,0,0,0,0,0,0,18,22,39,22,30,70,92,111,177,69,0,0,0,0,0,0,0,0,0,0,0,0,0,0,0,0,0,138,218,225,254,225,240,240,254,254,75,198,25,0,0,0,0,0,0,0,0,0,0,0,0,0,0,0,0,190,252,250,254,254,228,101,236,204,182,253,129,0,0,0,0,0,0,0,0,0,0,0,0,0,0,0,0,190,135,41,174,103,37,0,0,35,234,254,189,0,0,0,0,0,0,0,0,0,0,0,0,0,0,0,0,49,35,0,0,0,0,0,7,169,254,254,154,0,0,0,0,0,0,0,0,0,0,0,0,0,0,0,0,0,0,0,0,0,0,0,78,254,254,179,9,0,0,0,0,0,0,0,0,0,0,0,0,0,0,0,0,0,0,0,0,0,0,58,249,254,236,50,0,0,0,0,0,0,0,0,0,0,0,0,0,0,0,0,0,0,0,0,0,0,0,93,238,131,104,0,0,0,0,0,0,0,0,0,0,0,0,0,0,0,0,0,0,0,0,0,0,0,0,192,233,0,0,0,0,0,0,0,0,0,0,0,0,0,0,0,0,0,0,0,0,0,0,0,0,0,0,201,233,0,0,0,0,0,0,0,0,0,0,0,0,0,0,0,0,0,0,0,0,0,0,0,0,0,0,201,242,99,18,0,0,0,0,0,0,0,0,0,0,0,0,0,0,0,0,0,0,0,0,0,0,0,0,92,233,224,92,1,0,0,0,0,0,0,0,0,0,0,0,0,0,0,0,0,0,0,0,0,0,0,0,0,17,234,254,36,0,0,0,0,0,0,0,0,0,0,0,0,0,0,0,0,0,0,0,0,0,0,0,0,0,58,236,160,0,0,0,0,0,0,0,0,0,0,0,0,0,0,0,0,0,0,0,0,0,0,0,0,0,0,195,253,182,0,0,0,0,0,0,0,0,0,0,0,0,0,0,0,0,0,0,0,0,0,0,0,0,0,127,254,189,0,0,0,0,0,0,0,0,0,0,0,0,0,0,0,0,0,0,0,0,0,0,0,9,129,247,254,145,0,0,0,0,0,0,0,0,0,0,0,0,0,0,0,0,0,0,0,0,3,19,73,151,254,228,212,2,0,0,0,0,0,0,0,0,0,0,0,0,0,0,0,0,0,0,0,38,178,222,254,254,254,125,33,0,0,0,0,0,0,0,0,0,0,0,0,0,0,0,0,0,0,0,0,0,134,146,185,152,146,44,0,0,0,0,0,0,0,0,0,0,0,0,0,0,0,0,0,0,0,0,0,0,0,0,0,0,0,0,0,0,0,0,0,0,0,0,0,0,0,0,0,0,0,0,0,0,0,0,0,0,0,0,0,0,0,0,0,0,0,0,0,0,0,0,0,0,0
3,0,0,0,0,0,0,0,0,0,0,0,0,0,0,0,0,0,0,0,0,0,0,0,0,0,0,0,0,0,0,0,0,0,0,0,0,0,0,0,0,0,0,0,0,0,0,0,0,0,0,0,0,0,0,0,0,0,0,0,0,0,0,0,0,0,0,0,0,0,0,0,0,0,0,0,0,0,0,0,0,0,0,0,0,0,0,0,0,0,0,0,0,0,0,0,0,0,0,0,0,0,0,0,0,0,0,0,0,0,0,0,0,0,0,0,0,0,0,0,0,0,0,0,0,0,0,0,0,0,0,0,0,0,0,0,0,0,0,0,0,0,0,0,0,0,0,0,9,128,202,253,222,25,0,11,0,0,0,0,0,0,0,0,0,0,0,0,0,0,0,0,0,0,0,66,194,252,253,252,252,177,161,203,161,161,161,109,47,17,0,0,0,0,0,0,0,0,0,0,0,0,34,234,252,252,253,252,252,252,252,253,252,252,252,252,253,92,0,0,0,0,0,0,0,0,0,0,0,0,30,227,252,252,253,252,252,252,252,253,252,252,252,252,253,133,0,0,0,0,0,0,0,0,0,0,0,0,0,48,232,252,137,137,137,137,137,128,22,137,252,252,253,102,0,0,0,0,0,0,0,0,0,0,0,0,0,0,0,0,0,0,0,0,0,0,36,222,253,253,252,84,0,0,0,0,0,0,0,0,0,0,0,0,0,0,0,0,0,0,0,0,0,57,219,252,252,252,178,0,0,0,0,0,0,0,0,0,0,0,0,0,0,0,0,0,0,0,0,57,174,253,252,252,252,252,247,163,19,0,0,0,0,0,0,0,0,0,0,0,0,0,0,0,0,0,100,244,252,253,252,252,252,252,253,252,162,0,0,0,0,0,0,0,0,0,0,0,0,0,0,0,0,0,184,252,252,253,252,252,252,252,253,252,183,0,0,0,0,0,0,0,0,0,0,0,0,0,0,0,0,0,0,136,178,116,95,0,43,178,255,253,184,0,0,0,0,0,0,0,0,0,0,0,0,0,0,0,0,0,0,0,0,0,0,0,17,140,253,252,183,0,0,0,0,0,0,0,0,0,0,0,0,0,0,0,0,0,0,0,0,0,0,0,124,252,253,252,100,0,0,0,0,0,0,0,0,0,0,0,0,0,0,85,93,93,68,0,0,0,0,151,244,252,253,172,13,0,0,0,0,0,0,0,0,0,0,0,0,64,230,250,253,252,130,0,0,0,95,246,252,252,180,8,0,0,0,0,0,0,0,0,0,0,0,0,0,70,253,253,255,207,0,0,11,149,253,253,253,243,0,0,0,0,0,0,0,0,0,0,0,0,0,0,0,70,252,252,253,236,65,38,193,253,252,252,172,50,0,0,0,0,0,0,0,0,0,0,0,0,0,0,0,19,188,252,253,252,234,240,252,253,252,170,13,0,0,0,0,0,0,0,0,0,0,0,0,0,0,0,0,0,59,244,253,252,252,252,252,253,172,13,0,0,0,0,0,0,0,0,0,0,0,0,0,0,0,0,0,0,0,126,253,252,252,252,252,180,8,0,0,0,0,0,0,0,0,0,0,0,0,0,0,0,0,0,0,0,0,0,0,0,0,0,0,0,0,0,0,0,0,0,0,0,0,0,0,0,0,0,0,0,0,0,0,0,0,0,0,0,0,0,0,0,0,0,0,0,0,0,0,0,0,0,0,0,0,0,0,0,0,0,0,0,0,0,0,0,0,0,0,0,0,0,0,0,0,0,0,0,0,0,0,0,0
2,0,0,0,0,0,0,0,0,0,0,0,0,0,0,0,0,0,0,0,0,0,0,0,0,0,0,0,0,0,0,0,0,0,0,0,0,0,0,0,0,0,0,0,0,0,0,0,0,0,0,0,0,0,0,0,0,0,0,0,0,0,0,0,0,0,0,0,0,0,0,0,0,0,0,0,0,0,0,0,0,0,0,0,0,0,0,0,0,0,0,0,0,0,0,0,0,0,0,32,229,203,79,10,0,0,0,0,0,0,0,0,0,0,0,0,0,0,0,0,0,0,0,0,0,0,0,44,240,252,253,159,0,0,0,0,0,0,0,0,0,0,0,0,0,0,0,0,0,0,0,0,0,0,0,0,81,243,253,215,19,0,0,0,0,0,0,0,0,0,0,0,0,0,0,0,0,0,0,0,0,0,0,0,0,225,253,252,156,0,0,0,0,0,0,0,0,0,0,0,0,0,0,0,0,0,0,0,0,0,0,0,0,114,255,253,168,0,0,0,0,0,0,0,0,0,0,0,0,0,0,0,0,0,0,0,0,0,0,0,0,38,253,252,205,13,0,0,0,0,0,0,0,0,0,0,0,0,0,0,0,0,0,0,0,0,0,0,0,0,253,252,168,0,0,0,0,0,0,0,0,0,0,0,0,0,0,0,0,0,0,0,0,0,0,0,0,0,253,252,168,0,0,0,0,0,0,0,0,0,0,0,0,0,0,0,0,0,0,0,0,0,29,54,141,141,254,253,253,140,51,0,0,0,0,0,0,0,0,0,0,0,0,0,0,0,0,0,19,157,253,252,252,252,253,252,170,47,0,0,0,0,0,0,0,0,0,0,0,0,0,0,0,0,0,82,215,252,244,168,168,155,253,208,13,0,0,0,0,0,0,0,0,0,0,0,0,0,0,0,0,0,13,206,252,202,75,0,0,163,253,196,0,0,0,0,0,0,0,0,0,0,0,0,0,0,0,0,0,13,204,253,206,13,0,0,0,226,254,184,0,0,0,0,0,0,0,0,0,0,0,0,0,0,0,0,0,138,253,252,93,0,0,0,57,243,253,84,0,0,0,0,0,0,0,0,0,0,0,0,0,0,0,0,0,225,253,252,143,0,0,0,123,252,194,19,0,0,0,0,0,0,0,0,0,0,0,0,0,0,0,0,0,125,253,252,205,13,0,51,246,252,113,0,0,0,0,0,0,0,0,0,0,0,0,0,0,0,0,0,0,0,254,253,253,103,92,216,253,178,0,0,0,0,0,0,0,0,0,0,0,0,0,0,0,0,0,0,0,0,178,252,252,252,253,252,252,28,0,0,0,0,0,0,0,0,0,0,0,0,0,0,0,0,0,0,0,0,44,224,252,252,253,233,80,6,0,0,0,0,0,0,0,0,0,0,0,0,0,0,0,0,0,0,0,0,0,44,177,252,190,59,0,0,0,0,0,0,0,0,0,0,0,0,0,0,0,0,0,0,0,0,0,0,0,0,0,0,0,0,0,0,0,0,0,0,0,0,0,0,0,0,0,0,0,0,0,0,0,0,0,0,0,0,0,0,0,0,0,0,0,0,0,0,0,0,0,0,0,0,0,0,0,0,0,0,0,0,0,0,0,0,0,0,0,0,0,0,0,0,0,0,0,0,0,0,0,0,0,0,0,0,0,0,0,0,0,0,0,0,0,0,0,0,0,0,0,0,0,0,0,0,0,0,0,0,0,0,0,0,0,0,0,0,0,0,0,0,0,0,0,0,0,0,0,0,0,0,0,0,0,0,0,0,0
0,0,0,0,0,0,0,0,0,0,0,0,0,0,0,0,0,0,0,0,0,0,0,0,0,0,0,0,0,0,0,0,0,0,0,0,0,0,0,0,0,0,0,0,0,0,0,0,0,0,0,0,0,0,0,0,0,0,0,0,0,0,0,0,0,0,0,0,0,0,0,0,0,0,0,0,0,0,0,0,0,0,0,0,0,0,0,0,0,0,0,0,0,0,0,0,0,0,0,0,0,0,0,0,0,0,0,0,0,0,0,0,0,0,0,0,0,0,0,0,0,0,0,0,0,0,0,0,41,254,252,252,252,214,31,0,0,0,0,0,0,0,0,0,0,0,0,0,0,0,0,0,0,0,41,102,221,252,250,250,250,252,190,40,0,0,0,0,0,0,0,0,0,0,0,0,0,0,0,0,0,0,102,250,250,252,250,250,250,252,250,190,30,0,0,0,0,0,0,0,0,0,0,0,0,0,0,0,0,203,221,250,250,252,250,250,250,252,250,250,49,0,0,0,0,0,0,0,0,0,0,0,0,0,0,31,213,254,252,252,252,254,252,252,252,254,252,252,49,0,0,0,0,0,0,0,0,0,0,0,0,21,102,191,250,252,250,250,250,252,210,210,250,252,250,250,49,0,0,0,0,0,0,0,0,0,0,0,0,172,250,250,250,252,250,250,250,100,60,60,221,252,250,250,49,0,0,0,0,0,0,0,0,0,0,0,163,252,250,250,250,252,250,250,88,0,0,0,202,252,250,250,49,0,0,0,0,0,0,0,0,0,21,172,252,254,252,252,252,244,121,0,0,0,0,152,252,254,252,252,49,0,0,0,0,0,0,0,0,21,161,250,250,252,250,250,250,121,0,0,0,0,0,151,250,252,250,250,49,0,0,0,0,0,0,0,0,51,250,250,250,252,250,250,128,0,0,0,0,0,0,151,250,252,250,250,49,0,0,0,0,0,0,0,0,213,250,250,250,252,250,250,49,0,0,0,0,0,82,231,250,252,250,250,49,0,0,0,0,0,0,0,0,254,252,252,252,244,202,80,0,0,0,0,41,92,252,252,252,254,252,252,49,0,0,0,0,0,0,0,0,252,250,250,250,202,0,0,0,21,102,102,221,252,250,250,250,252,250,189,29,0,0,0,0,0,0,0,0,252,250,250,250,232,151,151,151,172,250,250,250,252,250,250,250,252,250,100,0,0,0,0,0,0,0,0,0,252,250,250,250,252,250,250,250,252,250,250,250,252,250,250,250,212,49,20,0,0,0,0,0,0,0,0,0,254,252,252,252,255,252,252,252,254,252,252,252,254,252,222,202,0,0,0,0,0,0,0,0,0,0,0,0,150,190,250,250,252,250,250,250,252,250,250,169,150,149,60,0,0,0,0,0,0,0,0,0,0,0,0,0,0,40,190,250,252,250,250,250,252,189,100,20,0,0,0,0,0,0,0,0,0,0,0,0,0,0,0,0,0,0,30,49,252,250,250,250,49,29,0,0,0,0,0,0,0,0,0,0,0,0,0,0,0,0,0,0,0,0,0,0,0,0,0,0,0,0,0,0,0,0,0,0,0,0,0,0,0,0,0,0,0,0,0,0,0,0,0,0,0,0,0,0,0,0,0,0,0,0,0,0,0,0,0,0,0,0,0,0,0,0,0,0,0,0,0,0,0,0,0,0,0,0,0,0,0,0,0,0,0,0,0,0,0,0,0,0,0,0,0,0,0,0,0,0,0,0,0,0,0,0,0,0,0,0,0,0,0,0,0,0,0,0,0,0
3,0,0,0,0,0,0,0,0,0,0,0,0,0,0,0,0,0,0,0,0,0,0,0,0,0,0,0,0,0,0,0,0,0,0,0,0,0,0,0,0,0,0,0,0,0,0,0,0,0,0,0,0,0,0,0,0,0,0,0,0,0,0,0,0,0,0,0,0,0,0,0,0,0,0,0,0,0,0,0,0,0,0,0,0,0,0,0,0,0,0,0,0,0,0,0,0,0,0,0,0,0,0,0,0,0,0,0,0,0,0,0,0,0,0,0,0,0,0,0,0,0,0,103,125,157,254,254,255,254,154,0,0,0,0,0,0,0,0,0,0,0,0,0,0,0,0,0,0,0,0,209,253,253,253,253,253,253,253,222,0,0,0,0,0,0,0,0,0,0,0,0,0,0,0,0,0,0,0,151,253,225,142,142,162,253,253,238,46,0,0,0,0,0,0,0,0,0,0,0,0,0,0,0,0,0,0,6,19,14,0,0,4,55,253,253,104,0,0,0,0,0,0,0,0,0,0,0,0,0,0,0,0,0,0,0,0,0,0,0,18,189,253,253,104,0,0,0,0,0,0,0,0,0,0,0,0,0,0,0,0,0,0,0,0,0,0,19,121,253,253,230,13,0,0,0,0,0,0,0,0,0,0,0,0,0,0,0,0,0,0,0,0,0,20,187,253,253,242,84,0,0,0,0,0,0,0,0,0,0,0,0,0,0,0,0,0,0,0,0,0,95,219,253,253,201,86,0,0,0,0,0,0,0,0,0,0,0,0,0,0,0,0,0,0,0,25,113,202,242,253,253,253,131,26,0,0,0,0,0,0,0,0,0,0,0,0,0,0,0,0,0,0,0,86,253,253,253,253,253,253,253,124,0,0,0,0,0,0,0,0,0,0,0,0,0,0,0,0,0,0,0,85,253,206,161,65,65,88,203,245,103,0,0,0,0,0,0,0,0,0,0,0,0,0,0,0,0,0,0,24,71,15,0,0,0,0,11,188,232,22,0,0,0,0,0,0,0,0,0,0,0,0,0,0,0,0,0,0,0,0,0,0,0,0,0,163,253,127,0,0,0,0,0,0,0,0,0,0,0,0,0,0,0,0,0,0,0,0,0,0,0,0,0,163,253,234,0,0,0,0,0,0,0,0,0,0,0,0,0,0,0,0,0,0,0,0,0,0,0,0,0,163,253,234,0,0,0,0,0,0,0,0,0,0,0,0,0,0,11,27,17,0,0,0,0,0,0,5,47,219,250,142,0,0,0,0,0,0,0,0,0,0,0,0,0,0,182,253,216,150,110,20,20,20,114,169,253,253,227,0,0,0,0,0,0,0,0,0,0,0,0,0,0,0,155,245,253,253,253,253,253,253,253,253,253,245,148,0,0,0,0,0,0,0,0,0,0,0,0,0,0,0,0,45,230,252,253,253,253,253,253,249,159,42,0,0,0,0,0,0,0,0,0,0,0,0,0,0,0,0,0,0,0,105,230,253,253,253,159,38,0,0,0,0,0,0,0,0,0,0,0,0,0,0,0,0,0,0,0,0,0,0,0,0,0,0,0,0,0,0,0,0,0,0,0,0,0,0,0,0,0,0,0,0,0,0,0,0,0,0,0,0,0,0,0,0,0,0,0,0,0,0,0,0,0,0,0,0,0,0,0,0,0,0,0,0,0,0,0,0,0,0,0,0,0,0,0,0,0,0,0,0,0,0,0,0,0,0,0,0,0,0,0,0,0,0,0,0,0,0,0,0,0,0,0,0,0,0,0,0,0,0,0,0
7,0,0,0,0,0,0,0,0,0,0,0,0,0,0,0,0,0,0,0,0,0,0,0,0,0,0,0,0,0,0,0,0,0,0,0,0,0,0,0,0,0,0,0,0,0,0,0,0,0,0,0,0,0,0,0,0,0,0,0,0,0,0,0,0,0,0,0,0,0,0,0,0,0,0,0,0,0,0,0,0,0,0,0,0,0,0,0,0,0,0,0,0,0,0,0,0,0,0,0,0,0,0,0,0,0,0,0,0,0,0,0,0,0,0,0,0,0,0,0,0,0,0,0,0,0,0,0,0,0,0,0,0,0,0,0,0,0,0,0,0,0,0,0,0,0,0,0,0,0,0,0,0,0,0,0,0,0,0,0,0,0,0,0,0,0,0,0,0,0,0,0,0,0,0,0,0,0,0,0,0,0,0,0,0,0,0,0,0,0,0,0,0,0,0,0,0,0,0,0,0,0,0,0,0,0,0,0,0,0,0,0,0,0,0,0,0,0,0,0,0,0,0,0,0,0,0,0,0,0,0,0,0,0,0,0,0,0,0,0,0,0,0,0,0,128,197,155,0,0,0,0,0,0,0,0,0,0,0,0,0,0,0,9,37,37,37,138,140,153,244,244,244,252,253,253,0,0,0,0,0,0,0,0,0,0,0,0,77,84,132,203,253,253,253,253,253,209,170,162,67,151,253,211,0,0,0,0,0,0,0,0,0,0,4,61,244,253,253,253,253,206,124,65,20,10,0,0,0,126,253,147,0,0,0,0,0,0,0,0,0,0,67,253,253,253,249,155,76,0,0,0,0,0,0,0,77,243,237,33,0,0,0,0,0,0,0,0,0,89,240,253,253,170,41,0,0,0,0,0,0,0,0,2,176,253,190,0,0,0,0,0,0,0,0,0,57,234,253,253,143,27,0,0,0,0,0,0,0,0,0,47,253,225,70,0,0,0,0,0,0,0,0,0,150,253,253,184,4,0,0,0,0,0,0,0,0,0,0,212,253,182,0,0,0,0,0,0,0,0,0,0,214,253,231,66,0,0,0,0,0,0,0,0,0,0,70,244,253,76,0,0,0,0,0,0,0,0,0,0,255,253,177,0,0,0,0,0,0,0,0,0,0,13,210,253,159,8,0,0,0,0,0,0,0,0,0,0,67,70,2,0,0,0,0,0,0,0,0,0,0,32,253,253,83,0,0,0,0,0,0,0,0,0,0,0,0,0,0,0,0,0,0,0,0,0,0,0,0,146,253,201,20,0,0,0,0,0,0,0,0,0,0,0,0,0,0,0,0,0,0,0,0,0,0,0,84,253,253,117,0,0,0,0,0,0,0,0,0,0,0,0,0,0,0,0,0,0,0,0,0,0,0,0,163,253,229,18,0,0,0,0,0,0,0,0,0,0,0,0,0,0,0,0,0,0,0,0,0,0,0,89,247,253,83,0,0,0,0,0,0,0,0,0,0,0,0,0,0,0,0,0,0,0,0,0,0,0,0,216,253,232,24,0,0,0,0,0,0,0,0,0,0,0,0,0,0,0,0,0,0,0,0,0,0,0,0,249,250,86,0,0,0,0,0,0,0,0,0,0,0,0,0,0,0,0,0,0,0,0,0,0,0,0,0,92,61,0,0,0,0,0,0,0,0,0,0,0,0,0,0,0,0,0,0,0,0,0,0,0,0,0,0,0,0,0,0,0,0,0,0,0,0,0,0,0,0,0,0,0,0,0,0,0,0,0,0,0,0,0,0,0,0,0,0,0,0,0,0,0,0,0,0,0,0
2,0,0,0,0,0,0,0,0,0,0,0,0,0,0,0,0,0,0,0,0,0,0,0,0,0,0,0,0,0,0,0,0,0,0,0,0,0,0,0,0,0,0,0,0,0,0,0,0,0,0,0,0,0,0,0,0,0,0,0,0,0,0,0,0,0,0,0,0,0,0,0,0,0,0,0,0,0,0,0,0,0,0,0,0,0,0,0,0,0,0,0,0,0,0,0,0,0,0,0,0,0,0,0,0,0,0,0,0,0,0,0,0,0,0,0,0,0,0,0,0,0,0,0,0,0,7,29,29,154,253,253,153,13,0,0,0,0,0,0,0,0,0,0,0,0,0,0,0,0,0,0,0,70,187,252,252,253,252,252,252,194,19,0,0,0,0,0,0,0,0,0,0,0,0,0,0,0,0,0,76,253,196,168,168,106,56,56,106,253,122,0,0,0,0,0,0,0,0,0,0,0,0,0,0,0,0,126,249,241,47,0,0,0,0,0,0,103,246,50,0,0,0,0,0,0,0,0,0,0,95,94,0,41,216,253,241,51,0,0,0,0,0,0,0,29,253,168,0,0,0,0,0,0,0,0,0,0,169,224,119,253,252,170,47,0,0,0,0,0,0,0,0,16,215,168,0,0,0,0,0,0,0,0,0,0,169,252,252,253,121,13,0,0,0,0,0,0,0,0,0,29,252,168,0,0,0,0,0,0,0,0,0,0,119,164,139,28,9,0,0,0,0,0,0,0,0,0,0,79,252,168,0,0,0,0,0,0,0,0,0,0,0,0,0,0,0,0,0,0,0,0,0,0,0,0,0,204,222,25,0,0,0,0,0,0,0,0,0,0,0,0,0,0,0,0,0,0,0,0,0,0,0,0,0,253,171,0,0,0,0,0,0,0,0,0,0,0,0,0,0,0,0,0,0,0,0,0,0,0,0,0,89,244,56,0,0,0,0,0,0,0,0,0,0,0,0,0,0,0,0,0,0,0,0,0,0,0,0,0,213,125,0,0,0,0,0,0,0,0,0,0,0,0,0,0,0,0,0,0,0,0,0,0,0,0,0,98,253,0,0,0,0,0,0,0,0,0,0,0,0,0,0,0,0,0,0,0,0,0,0,0,0,0,63,234,151,0,0,0,0,0,0,0,0,0,0,0,0,0,0,0,0,0,0,29,134,147,197,197,97,98,234,148,6,0,0,0,0,0,0,0,0,0,0,0,0,0,0,0,0,63,113,210,252,253,252,252,252,253,252,106,0,0,0,0,0,0,0,0,0,0,0,0,0,0,0,23,179,255,247,187,13,29,104,178,253,226,244,216,28,0,0,0,0,0,0,0,0,0,0,0,0,0,63,234,252,190,122,57,157,253,240,158,84,0,56,215,215,70,56,0,0,0,0,0,0,0,0,0,0,0,82,252,252,253,252,252,252,156,43,0,0,0,0,110,252,253,84,0,0,0,0,0,0,0,0,0,0,0,7,116,139,140,139,139,40,0,0,0,0,0,0,10,178,228,9,0,0,0,0,0,0,0,0,0,0,0,0,0,0,0,0,0,0,0,0,0,0,0,0,0,0,0,0,0,0,0,0,0,0,0,0,0,0,0,0,0,0,0,0,0,0,0,0,0,0,0,0,0,0,0,0,0,0,0,0,0,0,0,0,0,0,0,0,0,0,0,0,0,0,0,0,0,0,0,0,0,0,0,0,0,0,0,0,0,0,0,0,0,0,0,0,0,0,0,0,0,0,0,0,0,0,0,0,0,0,0,0,0,0,0,0,0,0
7,0,0,0,0,0,0,0,0,0,0,0,0,0,0,0,0,0,0,0,0,0,0,0,0,0,0,0,0,0,0,0,0,0,0,0,0,0,0,0,0,0,0,0,0,0,0,0,0,0,0,0,0,0,0,0,0,0,0,0,0,0,0,0,0,0,0,0,0,0,0,0,0,0,0,0,0,0,0,0,0,0,0,0,0,0,0,0,0,0,0,0,0,0,0,0,0,0,0,0,0,0,0,0,0,0,0,0,0,0,0,0,0,0,0,0,0,0,0,0,0,0,0,0,0,0,0,0,0,0,0,0,0,0,0,0,0,0,0,0,0,0,0,0,0,0,0,0,0,0,0,0,0,0,0,0,0,0,0,0,0,0,0,0,0,0,0,0,0,0,0,0,0,0,0,0,0,22,34,34,34,67,143,144,143,143,153,88,0,0,0,0,0,0,0,0,0,0,0,0,0,0,0,0,16,226,252,252,252,252,252,253,252,252,252,88,0,0,0,0,0,0,0,0,0,0,0,0,0,0,0,0,205,252,252,252,252,252,252,253,252,252,252,88,0,0,0,0,0,0,0,0,0,0,0,0,0,0,0,106,252,252,252,252,252,252,252,253,252,252,241,42,0,0,0,0,0,0,0,0,0,0,0,0,0,0,0,209,252,252,209,221,197,214,204,135,202,252,158,0,0,0,0,0,0,0,0,0,0,0,0,0,0,0,0,209,245,93,12,24,0,17,7,12,203,252,82,0,0,0,0,0,0,0,0,0,0,0,0,0,0,0,0,61,24,0,0,0,0,0,0,34,252,252,10,0,0,0,0,0,0,0,0,0,0,0,0,0,0,0,0,0,0,0,0,0,0,0,0,53,252,252,10,0,0,0,0,0,0,0,0,0,0,0,0,0,0,0,0,0,0,0,0,0,0,0,0,143,252,179,3,0,0,0,0,0,0,0,0,0,0,0,0,0,0,0,0,0,0,0,0,0,0,0,49,239,252,240,220,148,148,167,43,0,0,0,0,0,0,0,0,0,0,0,0,0,0,0,0,0,40,177,253,255,253,253,253,253,253,253,161,0,0,0,0,0,0,0,0,0,0,0,0,0,0,0,0,3,180,252,252,253,252,252,252,252,252,252,208,0,0,0,0,0,0,0,0,0,0,0,0,0,0,0,0,12,252,252,252,253,252,252,252,252,252,248,79,0,0,0,0,0,0,0,0,0,0,0,0,0,0,0,0,6,187,237,252,253,208,121,121,121,158,172,0,0,0,0,0,0,0,0,0,0,0,0,0,0,0,0,0,0,0,78,252,253,77,0,0,0,0,0,0,0,0,0,0,0,0,0,0,0,0,0,0,0,0,0,0,0,0,78,252,253,77,0,0,0,0,0,0,0,0,0,0,0,0,0,0,0,0,0,0,0,0,0,0,0,0,178,252,237,40,0,0,0,0,0,0,0,0,0,0,0,0,0,0,0,0,0,0,0,0,0,0,0,8,199,252,153,0,0,0,0,0,0,0,0,0,0,0,0,0,0,0,0,0,0,0,0,0,0,0,0,45,252,219,29,0,0,0,0,0,0,0,0,0,0,0,0,0,0,0,0,0,0,0,0,0,0,0,0,25,190,33,0,0,0,0,0,0,0,0,0,0,0,0,0,0,0,0,0,0,0,0,0,0,0,0,0,0,0,0,0,0,0,0,0,0,0,0,0,0,0,0,0,0,0,0,0,0,0,0,0,0,0,0,0,0,0,0,0,0,0,0,0,0,0,0,0,0,0,0,0,0
4,0,0,0,0,0,0,0,0,0,0,0,0,0,0,0,0,0,0,0,0,0,0,0,0,0,0,0,0,0,0,0,0,0,0,0,0,0,0,0,0,0,0,0,0,0,0,0,0,0,0,0,0,0,0,0,0,0,0,0,0,0,0,0,0,0,0,0,0,0,0,0,0,0,0,0,0,0,0,0,0,0,0,0,0,0,0,0,0,0,0,0,0,0,0,0,0,0,0,0,0,0,0,0,0,0,0,0,0,0,0,0,0,0,0,0,0,0,0,0,0,0,0,0,0,0,0,0,0,0,0,0,0,0,0,0,0,0,0,0,0,0,0,0,0,0,0,0,0,0,0,0,0,0,0,0,0,0,0,0,0,106,247,95,0,0,0,0,0,0,0,0,0,0,0,0,0,0,0,0,0,0,0,0,0,0,0,0,20,215,99,9,0,0,0,0,0,0,0,0,0,0,0,0,0,0,0,0,0,0,14,0,0,0,0,3,146,254,50,0,0,0,0,0,0,0,0,0,0,0,0,0,0,0,0,0,76,199,218,90,0,0,0,51,227,183,10,0,0,0,0,0,0,0,0,0,0,0,0,0,0,0,0,0,120,253,175,21,0,0,0,173,253,59,0,0,0,0,0,0,0,0,0,0,0,0,0,0,0,0,0,99,254,159,0,0,0,0,50,234,228,0,0,0,0,0,0,0,0,0,0,0,0,0,0,0,0,0,40,247,221,34,0,0,0,12,219,249,63,0,0,0,0,0,0,0,0,0,0,0,0,0,0,0,0,0,148,254,108,0,0,0,0,145,253,237,11,0,0,0,0,0,0,0,0,0,0,0,0,0,0,0,0,93,238,190,23,0,0,0,38,243,253,225,16,0,0,0,0,0,0,0,0,0,0,0,0,0,0,0,0,167,253,91,0,46,91,91,228,253,207,35,0,0,0,0,0,0,0,0,0,0,0,0,0,0,0,0,37,254,254,196,247,254,254,254,255,199,0,0,0,0,0,0,0,0,0,0,0,0,0,0,0,0,0,0,49,222,253,218,198,153,131,227,238,91,0,0,0,0,0,0,0,0,0,0,0,0,0,0,0,0,0,0,0,28,36,13,0,0,77,253,174,7,0,0,0,0,0,0,0,0,0,0,0,0,0,0,0,0,0,0,0,0,0,0,0,23,203,214,39,0,0,0,0,0,0,0,0,0,0,0,0,0,0,0,0,0,0,0,0,0,0,0,0,95,253,129,0,0,0,0,0,0,0,0,0,0,0,0,0,0,0,0,0,0,0,0,0,0,0,0,16,196,216,26,0,0,0,0,0,0,0,0,0,0,0,0,0,0,0,0,0,0,0,0,0,0,0,0,68,240,176,0,0,0,0,0,0,0,0,0,0,0,0,0,0,0,0,0,0,0,0,0,0,0,0,0,165,221,21,0,0,0,0,0,0,0,0,0,0,0,0,0,0,0,0,0,0,0,0,0,0,0,0,6,185,177,0,0,0,0,0,0,0,0,0,0,0,0,0,0,0,0,0,0,0,0,0,0,0,0,0,21,208,158,0,0,0,0,0,0,0,0,0,0,0,0,0,0,0,0,0,0,0,0,0,0,0,0,0,0,0,0,0,0,0,0,0,0,0,0,0,0,0,0,0,0,0,0,0,0,0,0,0,0,0,0,0,0,0,0,0,0,0,0,0,0,0,0,0,0,0,0,0,0,0,0,0,0,0,0,0,0,0,0,0,0,0,0,0,0,0,0,0,0,0,0,0,0,0,0,0,0,0
0,0,0,0,0,0,0,0,0,0,0,0,0,0,0,0,0,0,0,0,0,0,0,0,0,0,0,0,0,0,0,0,0,0,0,0,0,0,0,0,0,0,0,0,0,0,0,0,0,0,0,0,0,0,0,0,0,0,0,0,0,0,0,0,0,0,0,0,0,0,0,0,0,0,0,0,0,0,0,0,0,0,0,0,0,0,0,0,0,0,0,0,0,0,0,0,0,0,0,0,0,0,0,0,0,0,0,0,0,0,0,0,0,0,0,0,0,0,0,0,0,0,0,0,0,77,121,190,255,146,0,0,0,0,0,0,0,0,0,0,0,0,0,0,0,0,0,0,0,0,0,80,198,247,252,252,253,190,11,0,0,0,0,0,0,0,0,0,0,0,0,0,0,0,0,0,0,0,25,211,252,252,252,252,253,252,180,15,0,0,0,0,0,0,0,0,0,0,0,0,0,0,0,0,0,0,67,252,252,252,252,252,253,252,252,39,0,0,0,0,0,0,0,0,0,0,0,0,0,0,0,0,0,0,32,217,252,252,206,53,218,252,252,165,14,0,0,0,0,0,0,0,0,0,0,0,0,0,0,0,0,0,96,252,252,232,28,0,32,144,252,252,150,0,0,0,0,0,0,0,0,0,0,0,0,0,0,0,0,56,236,252,245,120,0,0,0,34,234,252,196,11,0,0,0,0,0,0,0,0,0,0,0,0,0,0,0,81,252,252,212,0,0,0,0,0,142,252,252,155,9,0,0,0,0,0,0,0,0,0,0,0,0,0,0,81,252,252,205,0,0,0,0,0,40,229,252,252,79,0,0,0,0,0,0,0,0,0,0,0,0,0,0,150,252,252,79,0,0,0,0,0,0,142,252,252,79,0,0,0,0,0,0,0,0,0,0,0,0,0,0,214,253,253,80,0,0,0,0,0,0,81,253,253,142,0,0,0,0,0,0,0,0,0,0,0,0,0,0,213,252,201,4,0,0,0,0,0,0,4,202,252,212,0,0,0,0,0,0,0,0,0,0,0,0,0,35,227,252,198,0,0,0,0,0,0,0,0,200,252,248,83,0,0,0,0,0,0,0,0,0,0,0,0,15,219,252,198,0,0,0,0,0,0,0,0,200,252,252,93,0,0,0,0,0,0,0,0,0,0,0,0,0,178,252,241,98,0,0,0,0,0,0,99,241,252,220,20,0,0,0,0,0,0,0,0,0,0,0,0,0,81,252,252,212,0,0,0,0,23,103,242,252,252,114,0,0,0,0,0,0,0,0,0,0,0,0,0,0,68,244,252,239,159,41,41,41,200,252,252,252,243,67,0,0,0,0,0,0,0,0,0,0,0,0,0,0,0,109,245,252,252,252,252,253,252,252,252,209,73,0,0,0,0,0,0,0,0,0,0,0,0,0,0,0,0,0,177,248,252,252,252,253,252,252,198,78,0,0,0,0,0,0,0,0,0,0,0,0,0,0,0,0,0,0,0,82,203,252,252,253,252,132,19,0,0,0,0,0,0,0,0,0,0,0,0,0,0,0,0,0,0,0,0,0,0,0,0,0,0,0,0,0,0,0,0,0,0,0,0,0,0,0,0,0,0,0,0,0,0,0,0,0,0,0,0,0,0,0,0,0,0,0,0,0,0,0,0,0,0,0,0,0,0,0,0,0,0,0,0,0,0,0,0,0,0,0,0,0,0,0,0,0,0,0,0,0,0,0,0,0,0,0,0,0,0,0,0,0,0,0,0,0,0,0,0,0,0,0,0,0,0,0,0,0
2,0,0,0,0,0,0,0,0,0,0,0,0,0,0,0,0,0,0,0,0,0,0,0,0,0,0,0,0,0,0,0,0,0,0,0,0,0,0,0,0,0,0,0,0,0,0,0,0,0,0,0,0,0,0,0,0,0,0,0,0,0,0,0,0,0,0,0,0,0,0,0,231,127,0,0,0,0,0,0,0,0,0,0,0,0,0,0,0,0,0,0,0,0,0,0,0,0,0,0,230,234,17,0,0,0,0,0,0,0,0,0,0,0,0,0,0,0,0,0,0,0,0,0,0,0,0,0,199,253,175,0,0,0,0,0,0,0,0,0,0,0,0,0,0,0,0,0,0,0,0,0,0,0,0,0,116,253,206,0,0,0,0,0,0,0,0,0,0,0,0,0,0,0,0,0,0,0,0,0,0,0,0,0,168,253,206,0,0,0,0,0,0,0,0,0,0,0,0,0,0,0,0,0,0,0,0,0,0,0,0,0,179,255,207,0,0,0,0,0,0,0,0,0,0,0,0,0,0,0,0,0,0,0,0,0,0,0,0,0,230,253,206,0,0,0,0,0,0,0,0,0,0,0,0,0,0,0,0,0,0,0,0,0,0,0,0,0,230,253,123,0,0,0,0,0,0,0,0,0,0,0,0,0,0,0,0,0,0,0,0,0,0,0,0,0,230,253,92,0,0,0,0,0,0,0,0,0,0,0,0,0,0,0,0,0,0,0,0,0,0,0,0,85,250,253,92,0,0,0,0,0,0,0,0,0,0,0,0,0,0,0,0,0,0,0,0,0,0,0,0,104,253,255,107,24,24,24,24,45,86,138,191,0,0,0,0,0,0,0,0,0,0,0,0,0,5,47,78,236,252,253,252,252,252,252,253,252,252,235,153,0,0,0,0,0,0,0,0,0,0,0,57,122,191,252,252,252,252,253,252,252,252,252,247,183,100,44,0,0,0,0,0,0,0,0,0,0,17,176,244,252,253,252,252,252,252,253,252,185,160,56,42,0,0,0,0,0,0,0,0,0,0,0,0,22,234,252,252,252,253,252,252,252,252,75,22,6,0,0,0,0,0,0,0,0,0,0,0,0,0,0,0,87,253,253,253,253,255,253,253,253,23,0,0,0,0,0,0,0,0,0,0,0,0,0,0,0,0,0,0,159,252,252,252,252,253,252,240,112,8,0,0,0,0,0,0,0,0,0,0,0,0,0,0,0,0,0,0,253,252,252,252,252,253,252,183,0,0,0,0,0,0,0,0,0,0,0,0,0,0,0,0,0,0,0,0,211,252,252,252,252,253,172,33,0,0,0,0,0,0,0,0,0,0,0,0,0,0,0,0,0,0,0,0,76,211,252,252,200,75,8,0,0,0,0,0,0,0,0,0,0,0,0,0,0,0,0,0,0,0,0,0,0,0,0,0,0,0,0,0,0,0,0,0,0,0,0,0,0,0,0,0,0,0,0,0,0,0,0,0,0,0,0,0,0,0,0,0,0,0,0,0,0,0,0,0,0,0,0,0,0,0,0,0,0,0,0,0,0,0,0,0,0,0,0,0,0,0,0,0,0,0,0,0,0,0,0,0,0,0,0,0,0,0,0,0,0,0,0,0,0,0,0,0,0,0,0,0,0,0,0,0,0,0,0,0,0,0,0,0,0,0,0,0,0,0,0,0,0,0,0,0,0,0,0,0,0,0,0,0,0,0,0,0,0,0,0,0,0,0,0,0,0,0,0,0,0,0,0,0,0,0,0,0,0,0,0,0,0,0,0,0,0,0
2,0,0,0,0,0,0,0,0,0,0,0,0,0,0,0,0,0,0,0,0,0,0,0,0,0,0,0,0,0,0,0,0,0,0,0,0,0,0,0,0,0,0,0,0,0,0,0,0,0,0,0,0,0,0,0,0,0,0,0,0,0,0,0,0,0,0,0,0,0,0,0,0,0,0,0,0,0,0,0,0,0,0,0,0,0,0,0,0,0,0,0,0,0,0,0,0,1,69,150,253,255,254,180,35,0,0,0,0,0,0,0,0,0,0,0,0,0,0,0,0,0,0,0,0,6,253,253,253,253,253,253,217,31,0,0,0,0,0,0,0,0,0,0,0,0,0,0,0,0,0,0,0,106,253,253,253,253,253,253,253,139,0,0,0,0,0,0,0,0,0,0,0,0,0,0,0,0,0,0,0,110,253,253,253,154,67,166,253,236,27,0,0,0,0,0,0,0,0,0,0,0,0,0,0,0,0,0,0,11,124,41,20,5,0,7,230,253,131,0,0,0,0,0,0,0,0,0,0,0,0,0,0,0,0,0,0,0,0,0,0,0,0,0,228,253,139,0,0,0,0,0,0,0,0,0,0,0,0,0,0,0,0,0,0,0,0,0,0,0,0,0,228,253,139,0,0,0,0,0,0,0,0,0,0,0,0,0,0,0,0,0,0,0,0,0,0,0,0,0,228,253,139,0,0,0,0,0,0,0,0,0,0,0,0,0,0,0,0,0,0,0,0,0,0,0,0,36,239,253,95,0,0,0,0,0,0,0,0,0,0,0,0,0,0,0,0,0,0,0,0,0,0,0,7,196,253,253,36,0,0,0,0,0,0,0,0,0,0,0,0,0,0,0,0,88,167,202,202,120,83,0,72,253,253,227,22,0,0,0,0,0,0,0,0,0,0,0,0,6,42,137,218,253,253,253,253,253,253,213,246,253,253,84,0,0,0,0,0,0,0,0,0,0,0,0,0,73,253,253,253,253,253,253,253,253,253,253,253,253,201,20,0,0,0,0,0,0,0,0,0,0,0,0,50,243,253,253,253,226,154,122,253,253,253,253,253,253,44,0,0,0,0,0,0,0,0,0,0,0,0,0,126,253,253,245,104,9,0,70,253,253,253,253,253,253,210,26,0,0,0,0,0,0,0,0,0,0,0,0,197,253,247,82,0,68,193,249,253,253,253,253,253,253,253,138,3,0,0,0,0,0,0,0,0,0,0,0,197,253,227,129,171,244,253,253,253,253,215,108,145,253,253,253,64,0,0,0,0,0,0,0,0,0,0,0,197,253,253,253,253,253,253,253,251,160,17,0,5,142,252,253,143,0,0,0,0,0,0,0,0,0,0,0,131,253,253,253,253,253,253,203,74,0,0,0,0,0,205,253,245,21,0,0,0,0,0,0,0,0,0,0,56,207,253,253,224,149,82,8,0,0,0,0,0,0,32,220,253,93,0,0,0,0,0,0,0,0,0,0,0,0,0,0,0,0,0,0,0,0,0,0,0,0,0,0,0,0,0,0,0,0,0,0,0,0,0,0,0,0,0,0,0,0,0,0,0,0,0,0,0,0,0,0,0,0,0,0,0,0,0,0,0,0,0,0,0,0,0,0,0,0,0,0,0,0,0,0,0,0,0,0,0,0,0,0,0,0,0,0,0,0,0,0,0,0,0,0,0,0,0,0,0,0,0,0,0,0,0,0,0,0,0,0,0,0,0,0,0,0,0,0,0,0,0,0,0,0,0,0,0,0,0,0,0,0,0,0,0,0,0,0,0,0,0
8,0,0,0,0,0,0,0,0,0,0,0,0,0,0,0,0,0,0,0,0,0,0,0,0,0,0,0,0,0,0,0,0,0,0,0,0,0,0,0,0,0,0,0,0,0,0,0,0,0,0,0,0,0,0,0,0,0,0,0,0,0,0,0,0,0,0,0,0,0,0,0,0,0,0,0,0,0,0,0,0,0,0,0,0,0,0,0,0,0,0,0,0,0,0,0,0,0,0,0,0,0,0,0,0,0,0,0,0,0,0,0,0,0,0,0,0,0,0,0,0,0,0,0,0,0,0,0,0,0,0,0,0,0,0,0,0,0,0,0,0,0,0,0,0,0,0,0,0,0,0,0,0,0,0,0,51,63,52,10,255,84,0,0,0,0,0,0,0,0,0,0,0,0,0,0,0,0,0,0,0,0,10,138,247,254,226,186,254,72,0,0,0,0,0,0,0,0,0,0,0,0,0,0,0,0,0,0,0,0,152,254,214,98,49,254,254,24,0,0,0,0,0,0,0,0,0,0,0,0,0,0,0,0,0,0,0,41,252,254,86,0,11,214,254,24,0,0,0,0,0,0,0,0,0,0,0,0,0,0,0,0,0,0,0,116,254,167,7,0,89,253,138,4,0,0,0,0,0,0,0,0,0,0,0,0,0,0,0,0,0,0,0,148,254,110,0,0,104,244,0,0,0,0,0,0,0,0,0,0,0,0,0,0,0,0,0,0,0,0,32,236,254,212,117,245,250,253,175,0,0,0,0,0,0,0,0,0,0,0,0,0,0,0,0,0,0,0,29,234,254,254,237,254,250,227,31,0,0,0,0,0,0,0,0,0,0,0,0,0,0,0,0,0,0,0,0,77,254,186,254,254,179,0,0,0,0,0,0,0,0,0,0,0,0,0,0,0,0,0,0,0,0,0,0,93,254,248,254,127,7,0,0,0,0,0,0,0,0,0,0,0,0,0,0,0,0,0,0,0,0,0,0,20,254,254,200,16,0,0,0,0,0,0,0,0,0,0,0,0,0,0,0,0,0,0,0,0,0,0,0,78,254,254,115,0,0,0,0,0,0,0,0,0,0,0,0,0,0,0,0,0,0,0,0,0,0,0,99,234,254,254,101,0,0,0,0,0,0,0,0,0,0,0,0,0,0,0,0,0,0,0,0,0,0,40,248,253,211,254,143,0,0,0,0,0,0,0,0,0,0,0,0,0,0,0,0,0,0,0,0,0,16,230,254,180,59,250,143,0,0,0,0,0,0,0,0,0,0,0,0,0,0,0,0,0,0,0,0,0,90,254,140,4,0,240,157,0,0,0,0,0,0,0,0,0,0,0,0,0,0,0,0,0,0,0,0,0,214,254,9,0,0,240,203,0,0,0,0,0,0,0,0,0,0,0,0,0,0,0,0,0,0,0,0,0,121,254,60,0,0,240,214,0,0,0,0,0,0,0,0,0,0,0,0,0,0,0,0,0,0,0,0,0,32,231,248,138,132,252,143,0,0,0,0,0,0,0,0,0,0,0,0,0,0,0,0,0,0,0,0,0,0,21,174,254,254,199,53,0,0,0,0,0,0,0,0,0,0,0,0,0,0,0,0,0,0,0,0,0,0,0,0,0,0,0,0,0,0,0,0,0,0,0,0,0,0,0,0,0,0,0,0,0,0,0,0,0,0,0,0,0,0,0,0,0,0,0,0,0,0,0,0,0,0,0,0,0,0,0,0,0,0,0,0,0,0,0,0,0,0,0,0,0,0,0,0,0,0,0,0,0,0,0,0
6,0,0,0,0,0,0,0,0,0,0,0,0,0,0,0,0,0,0,0,0,0,0,0,0,0,0,0,0,0,0,0,0,0,0,0,0,0,0,0,0,0,0,0,0,0,0,0,0,0,0,0,0,0,0,0,0,0,0,0,0,0,0,0,0,0,0,0,0,0,0,0,0,0,0,0,0,37,139,255,224,44,0,0,0,0,0,0,0,0,0,0,0,0,0,0,0,0,0,0,0,0,0,18,164,251,253,223,42,21,0,0,0,0,0,0,0,0,0,0,0,0,0,0,0,0,0,0,0,0,68,229,253,179,179,102,0,0,0,0,0,0,0,0,0,0,0,0,0,0,0,0,0,0,0,0,0,35,197,253,176,4,0,0,0,0,0,0,0,0,0,0,0,0,0,0,0,0,0,0,0,0,0,6,105,240,212,147,13,0,0,0,0,0,0,0,0,0,0,0,0,0,0,0,0,0,0,0,0,0,4,120,253,205,20,0,0,0,0,0,0,0,0,0,0,0,0,0,0,0,0,0,0,0,0,0,0,0,87,253,253,54,0,0,0,0,0,0,0,0,0,0,0,0,0,0,0,0,0,0,0,0,0,0,0,54,190,253,128,13,0,0,0,0,0,0,0,0,0,0,0,0,0,0,0,0,0,0,0,0,0,0,24,246,253,132,8,0,0,0,0,0,0,0,0,0,0,0,0,0,0,0,0,0,0,0,0,0,0,0,227,253,198,8,0,0,0,0,0,0,0,0,0,0,0,0,0,0,0,0,0,0,0,0,0,0,16,173,248,253,82,0,0,0,0,0,0,0,0,0,0,0,0,0,0,0,0,0,0,0,0,0,0,0,53,253,252,144,4,0,0,0,0,0,0,0,0,0,0,0,0,0,0,0,0,0,0,0,0,0,0,76,219,253,217,0,0,0,0,0,0,0,0,0,0,0,0,0,0,0,0,0,0,0,0,0,0,0,0,26,253,253,222,19,98,197,136,137,206,134,19,0,0,0,0,0,0,0,0,0,0,0,0,0,0,0,0,64,253,253,253,246,253,242,236,236,253,253,162,2,0,0,0,0,0,0,0,0,0,0,0,0,0,0,20,149,253,253,253,241,106,46,29,69,250,253,253,38,0,0,0,0,0,0,0,0,0,0,0,0,0,0,76,253,253,253,244,35,0,0,0,0,192,253,253,119,0,0,0,0,0,0,0,0,0,0,0,0,0,0,67,222,253,253,253,161,33,86,141,180,253,253,253,12,0,0,0,0,0,0,0,0,0,0,0,0,0,0,0,4,225,253,253,253,253,253,253,253,253,207,141,3,0,0,0,0,0,0,0,0,0,0,0,0,0,0,0,0,23,119,100,166,253,154,214,168,90,13,0,0,0,0,0,0,0,0,0,0,0,0,0,0,0,0,0,0,0,0,0,0,0,0,0,0,0,0,0,0,0,0,0,0,0,0,0,0,0,0,0,0,0,0,0,0,0,0,0,0,0,0,0,0,0,0,0,0,0,0,0,0,0,0,0,0,0,0,0,0,0,0,0,0,0,0,0,0,0,0,0,0,0,0,0,0,0,0,0,0,0,0,0,0,0,0,0,0,0,0,0,0,0,0,0,0,0,0,0,0,0,0,0,0,0,0,0,0,0,0,0,0,0,0,0,0,0,0,0,0,0,0,0,0,0,0,0,0,0,0,0,0,0,0,0,0,0,0,0,0,0,0,0,0,0,0,0,0,0,0,0,0,0,0,0,0,0,0,0,0,0,0,0,0,0,0,0
1,0,0,0,0,0,0,0,0,0,0,0,0,0,0,0,0,0,0,0,0,0,0,0,0,0,0,0,0,0,0,0,0,0,0,0,0,0,0,0,0,0,0,0,0,0,0,0,0,0,0,0,0,0,0,0,0,0,0,0,0,0,0,0,0,0,0,0,0,0,0,0,0,0,0,0,0,0,0,0,0,0,0,0,0,0,0,0,0,0,0,0,0,0,0,0,0,0,0,0,0,0,0,0,0,0,0,0,0,0,0,0,0,0,0,0,0,0,0,0,0,0,0,0,0,0,0,168,219,11,0,0,0,0,0,0,0,0,0,0,0,0,0,0,0,0,0,0,0,0,0,0,0,0,0,211,253,142,0,0,0,0,0,0,0,0,0,0,0,0,0,0,0,0,0,0,0,0,0,0,0,0,0,211,253,168,0,0,0,0,0,0,0,0,0,0,0,0,0,0,0,0,0,0,0,0,0,0,0,0,0,211,253,168,0,0,0,0,0,0,0,0,0,0,0,0,0,0,0,0,0,0,0,0,0,0,0,0,0,211,253,168,0,0,0,0,0,0,0,0,0,0,0,0,0,0,0,0,0,0,0,0,0,0,0,0,0,212,255,204,9,0,0,0,0,0,0,0,0,0,0,0,0,0,0,0,0,0,0,0,0,0,0,0,0,211,253,168,0,0,0,0,0,0,0,0,0,0,0,0,0,0,0,0,0,0,0,0,0,0,0,0,0,211,253,168,0,0,0,0,0,0,0,0,0,0,0,0,0,0,0,0,0,0,0,0,0,0,0,0,43,239,253,141,0,0,0,0,0,0,0,0,0,0,0,0,0,0,0,0,0,0,0,0,0,0,0,0,64,252,253,63,0,0,0,0,0,0,0,0,0,0,0,0,0,0,0,0,0,0,0,0,0,0,0,0,170,253,230,27,0,0,0,0,0,0,0,0,0,0,0,0,0,0,0,0,0,0,0,0,0,0,0,0,169,252,211,0,0,0,0,0,0,0,0,0,0,0,0,0,0,0,0,0,0,0,0,0,0,0,0,0,169,252,211,0,0,0,0,0,0,0,0,0,0,0,0,0,0,0,0,0,0,0,0,0,0,0,0,15,225,252,140,0,0,0,0,0,0,0,0,0,0,0,0,0,0,0,0,0,0,0,0,0,0,0,0,22,252,252,106,0,0,0,0,0,0,0,0,0,0,0,0,0,0,0,0,0,0,0,0,0,0,0,0,22,253,253,107,0,0,0,0,0,0,0,0,0,0,0,0,0,0,0,0,0,0,0,0,0,0,0,0,22,252,252,106,0,0,0,0,0,0,0,0,0,0,0,0,0,0,0,0,0,0,0,0,0,0,0,0,22,252,252,62,0,0,0,0,0,0,0,0,0,0,0,0,0,0,0,0,0,0,0,0,0,0,0,0,22,252,252,106,0,0,0,0,0,0,0,0,0,0,0,0,0,0,0,0,0,0,0,0,0,0,0,0,22,252,208,18,0,0,0,0,0,0,0,0,0,0,0,0,0,0,0,0,0,0,0,0,0,0,0,0,0,0,0,0,0,0,0,0,0,0,0,0,0,0,0,0,0,0,0,0,0,0,0,0,0,0,0,0,0,0,0,0,0,0,0,0,0,0,0,0,0,0,0,0,0,0,0,0,0,0,0,0,0,0,0,0,0,0,0,0,0,0,0,0,0,0,0,0,0,0,0,0,0,0,0,0,0,0,0,0,0,0,0,0,0,0,0,0,0,0,0,0,0,0,0,0,0,0,0,0
3,0,0,0,0,0,0,0,0,0,0,0,0,0,0,0,0,0,0,0,0,0,0,0,0,0,0,0,0,0,0,0,0,0,0,0,0,0,0,0,0,0,0,0,0,0,0,0,0,0,0,0,0,0,0,0,0,0,0,0,0,0,0,0,0,0,0,0,0,0,0,0,0,0,0,0,0,0,0,0,0,0,0,0,0,0,0,0,0,0,0,0,0,0,0,0,0,0,0,0,0,0,0,0,0,0,0,0,0,0,0,0,0,0,0,0,0,0,0,175,165,221,50,31,0,0,0,0,0,0,0,0,0,0,0,0,0,0,0,0,0,0,0,0,0,0,0,223,254,254,254,241,185,81,0,0,0,0,0,0,0,0,0,0,0,0,0,0,0,0,0,0,0,0,0,77,187,140,238,249,251,252,200,24,0,0,0,0,0,0,0,0,0,0,0,0,0,0,0,0,0,0,0,0,0,0,0,0,73,251,254,54,0,0,0,0,0,0,0,0,0,0,0,0,0,0,0,0,0,0,0,0,0,0,0,0,101,249,254,54,0,0,0,0,0,0,0,0,0,0,0,0,0,0,0,0,0,0,0,0,0,0,15,140,248,254,150,6,0,0,0,0,0,0,0,0,0,0,0,0,0,0,0,0,0,0,0,0,0,16,233,254,238,100,0,0,0,0,0,0,0,0,0,0,0,0,0,0,0,0,0,0,0,0,0,0,0,119,254,254,234,97,88,19,0,0,0,0,0,0,0,0,0,0,0,0,0,0,0,0,0,0,0,0,0,51,227,248,254,254,254,238,123,17,4,0,0,0,0,0,0,0,0,0,0,0,0,0,0,0,0,0,0,0,0,57,92,99,200,220,254,254,180,30,0,0,0,0,0,0,0,0,0,0,0,0,0,0,0,0,0,0,0,0,0,0,0,20,110,223,254,226,64,0,0,0,0,0,0,0,0,0,0,0,0,0,0,0,0,0,0,0,0,0,0,0,0,36,221,254,216,32,0,0,0,0,0,0,0,0,0,0,0,0,0,0,0,0,0,0,0,0,0,0,0,0,34,222,254,151,0,0,0,0,0,0,0,0,0,0,0,0,0,0,0,0,0,0,0,0,0,0,0,0,0,95,254,191,2,0,0,0,0,0,0,0,0,0,0,0,0,0,0,0,0,0,0,0,0,0,0,0,0,16,220,254,110,0,0,0,0,0,0,0,0,0,0,0,0,0,0,0,0,0,0,0,0,0,0,0,0,56,255,254,39,0,0,0,0,0,0,0,0,0,0,0,0,0,0,0,0,0,0,0,0,0,0,0,40,231,254,168,1,0,0,0,0,0,0,0,0,0,0,0,0,0,0,0,128,121,117,42,56,56,135,167,252,254,246,86,0,0,0,0,0,0,0,0,0,0,0,0,0,0,0,0,165,228,254,254,254,254,254,254,254,247,91,0,0,0,0,0,0,0,0,0,0,0,0,0,0,0,0,0,0,23,121,153,254,254,254,254,166,38,0,0,0,0,0,0,0,0,0,0,0,0,0,0,0,0,0,0,0,0,0,0,0,0,0,0,0,0,0,0,0,0,0,0,0,0,0,0,0,0,0,0,0,0,0,0,0,0,0,0,0,0,0,0,0,0,0,0,0,0,0,0,0,0,0,0,0,0,0,0,0,0,0,0,0,0,0,0,0,0,0,0,0,0,0,0,0,0,0,0,0,0,0,0,0,0,0,0,0,0,0,0,0,0,0,0,0,0,0,0,0,0,0,0,0,0,0,0,0,0,0
8,0,0,0,0,0,0,0,0,0,0,0,0,0,0,0,0,0,0,0,0,0,0,0,0,0,0,0,0,0,0,0,0,0,0,0,0,0,0,0,0,0,0,0,0,0,0,0,0,0,0,0,0,0,0,0,0,0,0,0,0,0,0,0,0,0,0,0,0,0,0,0,0,0,0,0,0,0,0,0,0,0,0,0,0,0,0,0,0,0,0,0,0,0,0,0,0,0,0,0,0,0,0,0,0,0,0,0,0,0,0,0,0,0,0,0,0,0,0,0,0,0,0,0,0,0,0,0,0,0,0,0,0,0,0,0,0,0,0,0,0,0,0,0,0,0,0,0,0,0,0,0,0,0,0,0,0,0,0,0,0,0,0,0,0,0,0,0,0,0,0,0,0,0,0,0,0,0,0,0,0,11,65,132,197,253,253,253,138,9,0,0,0,0,0,0,0,0,0,0,0,0,0,0,0,17,82,59,145,237,252,252,253,252,252,252,252,221,97,0,0,0,0,0,0,0,0,0,0,0,0,0,23,221,252,252,252,252,252,252,253,252,252,252,252,252,180,6,0,0,0,0,0,0,0,0,0,0,0,0,60,252,252,252,252,252,252,252,253,224,211,252,252,252,195,12,0,0,0,0,0,0,0,0,0,0,0,0,157,252,252,252,252,200,140,72,72,31,66,252,252,252,139,0,0,0,0,0,0,0,0,0,0,0,0,0,65,252,252,252,212,19,0,0,0,54,230,252,252,197,12,0,0,0,0,0,0,0,0,0,0,0,0,0,7,144,252,252,252,165,8,0,148,232,252,252,252,180,0,0,0,0,0,0,0,0,0,0,0,0,0,0,0,7,122,229,252,252,220,217,253,252,252,252,183,54,0,0,0,0,0,0,0,0,0,0,0,0,0,0,0,0,0,84,252,252,252,252,253,252,252,179,41,0,0,0,0,0,0,0,0,0,0,0,0,0,0,0,0,0,0,4,92,252,252,252,253,252,217,4,0,0,0,0,0,0,0,0,0,0,0,0,0,0,0,0,0,0,0,4,150,253,253,253,255,253,96,0,0,0,0,0,0,0,0,0,0,0,0,0,0,0,0,0,0,0,47,175,252,252,242,239,253,252,108,0,0,0,0,0,0,0,0,0,0,0,0,0,0,0,0,0,0,0,181,252,252,238,66,46,253,252,158,0,0,0,0,0,0,0,0,0,0,0,0,0,0,0,0,0,0,56,229,252,213,69,0,0,172,252,216,0,0,0,0,0,0,0,0,0,0,0,0,0,0,0,0,0,27,229,252,200,14,0,0,0,132,252,216,0,0,0,0,0,0,0,0,0,0,0,0,0,0,0,0,0,37,252,252,88,0,0,0,0,225,252,216,0,0,0,0,0,0,0,0,0,0,0,0,0,0,0,0,0,37,252,252,60,0,0,37,85,253,252,216,0,0,0,0,0,0,0,0,0,0,0,0,0,0,0,0,0,6,180,252,225,177,200,232,252,253,243,76,0,0,0,0,0,0,0,0,0,0,0,0,0,0,0,0,0,0,39,221,252,252,252,252,252,248,73,0,0,0,0,0,0,0,0,0,0,0,0,0,0,0,0,0,0,0,0,37,166,252,252,252,136,11,0,0,0,0,0,0,0,0,0,0,0,0,0,0,0,0,0,0,0,0,0,0,0,0,0,0,0,0,0,0,0,0,0,0,0,0,0,0,0,0,0,0,0,0,0,0,0,0,0,0,0,0,0,0,0,0,0,0,0,0,0,0,0,0,0,0,0,0
2,0,0,0,0,0,0,0,0,0,0,0,0,0,0,0,0,0,0,0,0,0,0,0,0,0,0,0,0,0,0,0,0,0,0,0,0,0,0,0,0,0,0,0,0,0,0,0,0,0,0,0,0,0,0,0,0,0,0,0,0,0,0,0,0,0,0,0,0,0,0,0,0,0,0,0,0,0,0,0,0,0,0,0,0,0,0,0,0,0,0,0,0,0,0,0,0,0,0,0,0,0,0,0,0,0,0,0,0,0,0,0,0,0,0,0,0,0,0,0,0,0,0,0,0,0,13,94,208,254,254,255,187,52,0,0,0,0,0,0,0,0,0,0,0,0,0,0,0,0,0,0,0,14,163,254,254,254,254,254,254,214,0,0,0,0,0,0,0,0,0,0,0,0,0,0,0,0,0,0,0,181,254,244,180,105,8,25,254,245,0,0,0,0,0,0,0,0,0,0,0,0,0,0,0,0,0,0,0,216,254,143,0,0,0,1,189,253,74,0,0,0,0,0,0,0,0,0,0,0,0,0,0,0,0,0,0,88,61,4,0,0,0,6,209,251,51,0,0,0,0,0,0,0,0,0,0,0,0,0,0,0,0,0,0,0,0,0,0,0,0,16,248,249,33,0,0,0,0,0,0,0,0,0,0,0,0,0,0,0,0,0,0,0,0,0,0,0,0,37,254,245,0,0,0,0,0,0,0,0,0,0,0,0,0,0,0,0,0,0,0,0,0,0,0,0,0,104,254,227,0,0,0,0,0,0,0,0,0,0,0,0,0,0,0,0,0,0,0,0,0,0,0,0,28,212,254,114,0,0,0,0,0,0,0,0,0,0,0,0,0,0,0,0,0,9,44,44,37,0,0,0,64,254,247,36,0,0,0,0,0,0,0,0,0,0,0,0,0,0,0,36,135,220,254,254,247,129,22,4,117,254,198,0,0,0,0,0,0,0,0,0,0,0,0,0,0,10,109,250,254,247,219,219,248,254,232,153,254,254,114,0,0,0,0,0,0,0,0,0,0,0,0,0,9,149,254,216,119,41,0,0,56,222,254,254,254,230,14,0,0,0,0,0,0,0,0,0,0,0,0,0,121,254,165,24,0,0,0,0,0,63,254,254,254,83,0,0,0,0,0,0,0,0,0,0,0,0,0,67,252,186,25,0,0,0,0,0,32,207,254,254,254,94,0,0,0,0,0,0,0,0,0,0,0,0,0,100,254,83,0,0,0,0,0,45,243,254,246,244,254,193,0,0,0,0,0,0,0,0,0,0,0,0,0,78,254,127,0,0,0,25,144,243,254,224,37,50,254,243,27,0,0,0,0,0,0,0,0,0,0,0,0,76,253,234,79,30,115,221,254,252,189,39,0,8,175,245,66,0,0,0,0,0,0,0,0,0,0,0,0,0,125,253,254,254,254,251,204,77,0,0,0,0,0,0,0,0,0,0,0,0,0,0,0,0,0,0,0,0,0,101,219,204,148,38,0,0,0,0,0,0,0,0,0,0,0,0,0,0,0,0,0,0,0,0,0,0,0,0,0,0,0,0,0,0,0,0,0,0,0,0,0,0,0,0,0,0,0,0,0,0,0,0,0,0,0,0,0,0,0,0,0,0,0,0,0,0,0,0,0,0,0,0,0,0,0,0,0,0,0,0,0,0,0,0,0,0,0,0,0,0,0,0,0,0,0,0,0,0,0,0,0,0,0,0,0,0,0,0,0,0,0,0,0,0,0,0,0,0,0,0,0,0,0,0,0,0,0,0,0,0,0,0,0
8,0,0,0,0,0,0,0,0,0,0,0,0,0,0,0,0,0,0,0,0,0,0,0,0,0,0,0,0,0,0,0,0,0,0,0,0,0,0,0,0,0,0,0,0,0,0,0,0,0,0,0,0,0,0,0,0,0,0,0,0,0,0,0,0,0,0,0,0,0,0,0,0,0,0,0,0,0,0,0,0,0,0,0,0,0,0,0,0,0,0,0,0,0,0,0,0,0,0,0,0,0,0,0,0,0,0,0,0,0,0,0,0,0,0,0,0,0,0,0,0,0,0,0,0,0,0,0,0,0,0,0,0,0,0,0,0,0,0,0,0,0,0,0,0,0,0,0,0,0,0,0,0,0,0,0,0,0,0,0,0,0,0,0,0,0,0,0,0,0,0,0,0,0,0,0,0,0,0,0,7,70,162,245,254,69,0,0,0,0,0,0,0,0,0,0,0,0,0,0,0,0,0,0,0,0,13,147,232,253,254,253,253,135,47,47,80,47,34,0,0,0,0,0,0,0,0,0,0,0,0,0,0,9,187,248,230,230,230,230,230,230,230,230,240,253,241,19,0,0,0,0,0,0,0,0,0,0,0,0,9,151,254,106,0,0,0,0,0,0,0,0,32,203,228,15,0,0,0,0,0,0,0,0,0,0,0,0,116,254,185,0,0,0,0,0,0,0,0,0,49,254,127,0,0,0,0,0,0,0,0,0,0,0,0,0,116,253,184,0,0,0,0,0,0,0,0,26,208,202,9,0,0,0,0,0,0,0,0,0,0,0,0,0,74,253,216,19,0,0,0,0,0,0,0,180,234,54,0,0,0,0,0,0,0,0,0,0,0,0,0,0,7,169,254,182,0,0,0,0,0,0,85,247,104,0,0,0,0,0,0,0,0,0,0,0,0,0,0,0,0,34,170,254,163,0,0,0,0,26,221,148,0,0,0,0,0,0,0,0,0,0,0,0,0,0,0,0,0,0,7,165,251,230,114,21,5,189,199,19,0,0,0,0,0,0,0,0,0,0,0,0,0,0,0,0,0,0,0,9,88,205,254,228,178,253,51,0,0,0,0,0,0,0,0,0,0,0,0,0,0,0,0,0,0,0,0,0,0,0,94,245,253,253,0,0,0,0,0,0,0,0,0,0,0,0,0,0,0,0,0,0,0,0,0,0,0,0,0,164,254,254,170,32,0,0,0,0,0,0,0,0,0,0,0,0,0,0,0,0,0,0,0,0,0,0,38,243,64,90,254,165,0,0,0,0,0,0,0,0,0,0,0,0,0,0,0,0,0,0,0,0,0,0,153,223,25,0,136,244,46,0,0,0,0,0,0,0,0,0,0,0,0,0,0,0,0,0,0,0,0,0,254,115,0,0,19,236,137,0,0,0,0,0,0,0,0,0,0,0,0,0,0,0,0,0,0,0,0,93,255,23,0,0,0,172,138,0,0,0,0,0,0,0,0,0,0,0,0,0,0,0,0,0,0,0,0,93,254,40,0,0,55,235,121,0,0,0,0,0,0,0,0,0,0,0,0,0,0,0,0,0,0,0,0,17,254,177,82,116,237,173,9,0,0,0,0,0,0,0,0,0,0,0,0,0,0,0,0,0,0,0,0,0,220,253,253,219,103,31,0,0,0,0,0,0,0,0,0,0,0,0,0,0,0,0,0,0,0,0,0,0,0,0,0,0,0,0,0,0,0,0,0,0,0,0,0,0,0,0,0,0,0,0,0,0,0,0,0,0,0,0,0,0,0,0,0,0,0,0,0,0,0,0,0
4,0,0,0,0,0,0,0,0,0,0,0,0,0,0,0,0,0,0,0,0,0,0,0,0,0,0,0,0,0,0,0,0,0,0,0,0,0,0,0,0,0,0,0,0,0,0,0,0,0,0,0,0,0,0,0,0,0,0,0,0,0,0,0,0,0,0,0,0,0,0,0,0,0,0,0,0,0,0,0,0,0,0,0,0,0,0,0,0,0,0,0,0,0,0,0,0,0,0,0,0,0,0,0,0,0,0,0,0,0,0,0,0,0,0,0,0,0,0,0,0,0,0,0,0,0,0,0,0,0,0,0,0,0,0,0,0,0,0,0,0,0,0,0,0,0,0,0,0,0,0,0,0,0,0,0,0,0,0,0,0,10,198,255,124,0,0,0,0,0,0,0,0,0,0,0,0,0,0,0,0,0,0,0,0,0,0,0,0,147,253,253,123,0,0,0,0,0,0,0,0,0,0,0,0,0,0,0,0,0,0,0,0,0,0,0,12,195,253,250,70,0,0,0,0,0,0,0,0,0,0,0,0,0,38,148,235,48,0,0,0,0,0,0,81,253,253,247,0,0,0,0,0,0,0,0,0,0,0,0,0,0,209,253,213,25,0,0,0,0,0,30,244,253,253,129,0,0,0,0,0,0,0,0,0,0,0,0,0,133,249,253,225,33,0,0,0,0,0,33,253,253,242,15,0,0,0,0,0,0,0,0,0,0,0,0,36,237,253,253,65,0,0,0,0,0,0,143,253,253,240,0,0,0,0,0,0,0,0,0,0,0,0,132,227,253,253,227,31,0,0,0,0,0,140,237,253,247,99,0,0,0,0,0,0,0,0,0,0,0,71,245,253,253,190,54,0,0,0,0,0,51,193,253,246,101,0,0,0,0,0,0,0,0,0,0,0,33,249,253,253,253,156,44,0,0,34,49,66,196,253,253,193,0,0,0,0,0,0,0,0,0,0,0,0,32,219,253,253,253,253,232,189,189,222,237,253,253,253,253,164,0,0,0,0,0,0,0,0,0,0,0,0,0,33,150,253,253,253,253,253,253,253,253,253,253,253,219,77,0,0,0,0,0,0,0,0,0,0,0,0,0,0,34,78,78,78,78,118,170,89,220,253,253,223,74,0,0,0,0,0,0,0,0,0,0,0,0,0,0,0,0,0,0,0,0,0,0,52,220,253,246,138,0,0,0,0,0,0,0,0,0,0,0,0,0,0,0,0,0,0,0,0,0,0,64,233,253,246,181,0,0,0,0,0,0,0,0,0,0,0,0,0,0,0,0,0,0,0,0,0,9,67,234,253,247,180,0,0,0,0,0,0,0,0,0,0,0,0,0,0,0,0,0,0,0,0,0,0,42,230,253,253,184,0,0,0,0,0,0,0,0,0,0,0,0,0,0,0,0,0,0,0,0,0,0,52,180,253,253,250,61,0,0,0,0,0,0,0,0,0,0,0,0,0,0,0,0,0,0,0,0,0,0,92,253,253,251,117,0,0,0,0,0,0,0,0,0,0,0,0,0,0,0,0,0,0,0,0,0,0,0,92,253,253,115,0,0,0,0,0,0,0,0,0,0,0,0,0,0,0,0,0,0,0,0,0,0,0,0,0,0,0,0,0,0,0,0,0,0,0,0,0,0,0,0,0,0,0,0,0,0,0,0,0,0,0,0,0,0,0,0,0,0,0,0,0,0,0,0,0,0,0,0,0,0,0,0,0,0,0,0,0,0,0,0,0,0,0,0,0,0,0,0,0,0,0,0,0,0,0,0,0,0,0
7,0,0,0,0,0,0,0,0,0,0,0,0,0,0,0,0,0,0,0,0,0,0,0,0,0,0,0,0,0,0,0,0,0,0,0,0,0,0,0,0,0,0,0,0,0,0,0,0,0,0,0,0,0,0,0,0,0,0,0,0,0,0,0,0,0,0,0,0,0,0,0,0,0,0,0,0,0,0,0,0,0,0,0,0,0,0,0,0,0,0,0,0,0,0,0,0,0,0,0,0,0,0,0,0,0,0,0,0,0,0,0,0,0,0,0,0,0,0,0,0,0,0,0,0,0,0,0,0,0,0,0,0,0,0,0,0,0,0,0,0,0,0,0,0,0,0,0,0,0,0,0,0,0,0,0,0,0,0,0,0,0,0,0,0,0,0,0,0,0,0,0,0,0,0,0,0,0,0,0,0,0,0,0,0,0,0,0,0,0,0,0,0,0,0,0,0,0,0,0,0,0,0,0,0,0,0,0,0,0,63,106,105,105,105,105,105,184,255,121,0,0,0,0,0,0,0,0,0,0,0,0,0,0,0,32,60,175,235,254,253,253,253,253,253,253,253,245,86,0,0,0,0,0,0,0,0,0,0,0,0,5,122,212,253,253,253,248,242,253,253,253,253,253,253,250,98,0,0,0,0,0,0,0,0,0,0,0,0,75,253,253,253,253,253,79,32,133,133,133,218,253,253,208,0,0,0,0,0,0,0,0,0,0,0,0,36,216,253,253,253,169,29,0,0,0,0,0,179,253,253,208,0,0,0,0,0,0,0,0,0,0,0,11,214,253,253,237,170,17,0,0,0,0,0,54,232,253,253,190,0,0,0,0,0,0,0,0,0,0,0,95,253,253,253,119,0,0,0,0,0,0,0,154,253,253,205,28,0,0,0,0,0,0,0,0,0,0,111,248,253,253,171,7,0,0,0,0,0,0,43,235,253,253,111,0,0,0,0,0,0,0,0,0,0,0,209,253,253,195,17,0,0,0,0,0,0,3,143,253,253,253,14,0,0,0,0,0,0,0,0,0,0,63,235,253,182,73,0,0,0,0,0,0,36,156,253,253,235,104,6,0,0,0,0,0,0,0,0,0,0,0,125,141,0,0,0,0,0,0,0,0,123,254,254,254,162,0,0,0,0,0,0,0,0,0,0,0,0,0,0,0,0,0,0,0,0,0,0,123,246,253,253,155,13,0,0,0,0,0,0,0,0,0,0,0,0,0,0,0,0,0,0,0,0,0,9,254,253,253,175,10,0,0,0,0,0,0,0,0,0,0,0,0,0,0,0,0,0,0,0,0,0,22,198,254,253,246,71,0,0,0,0,0,0,0,0,0,0,0,0,0,0,0,0,0,0,0,0,0,0,178,253,254,235,80,0,0,0,0,0,0,0,0,0,0,0,0,0,0,0,0,0,0,0,0,0,0,11,201,253,254,175,0,0,0,0,0,0,0,0,0,0,0,0,0,0,0,0,0,0,0,0,0,0,0,90,253,253,199,21,0,0,0,0,0,0,0,0,0,0,0,0,0,0,0,0,0,0,0,0,0,0,48,236,253,253,8,0,0,0,0,0,0,0,0,0,0,0,0,0,0,0,0,0,0,0,0,0,0,0,134,253,245,208,0,0,0,0,0,0,0,0,0,0,0,0,0,0,0,0,0,0,0,0,0,0,0,0,56,245,208,0,0,0,0,0,0,0,0,0,0,0,0,0,0,0,0,0,0,0,0,0,0,0,0,0,0,0,0,0,0,0,0,0,0,0,0,0,0,0,0,0,0,0
8,0,0,0,0,0,0,0,0,0,0,0,0,0,0,0,0,0,0,0,0,0,0,0,0,0,0,0,0,0,0,0,0,0,0,0,0,0,0,0,0,0,0,0,0,0,0,0,0,0,0,0,0,0,0,0,0,0,0,0,0,0,0,0,0,0,0,0,0,0,0,0,0,0,0,0,0,0,0,0,0,0,0,0,0,0,0,0,0,0,0,0,0,0,0,0,0,0,0,0,0,0,0,0,0,0,0,0,0,0,0,0,0,0,0,0,0,0,0,0,0,0,0,0,0,0,0,0,0,0,0,0,0,0,0,0,0,0,0,0,0,0,0,0,0,0,0,0,0,0,0,0,5,108,180,201,255,253,253,211,138,76,9,0,0,0,0,0,0,0,0,0,0,0,0,0,0,0,0,15,178,252,252,252,253,252,252,252,252,253,173,13,0,0,0,0,0,0,0,0,0,0,0,0,0,0,0,108,252,252,252,252,184,183,202,252,252,253,252,171,13,0,0,0,0,0,0,0,0,0,0,0,0,0,0,233,252,252,218,56,0,0,13,88,244,253,252,252,121,9,0,0,0,0,0,0,0,0,0,0,0,0,0,201,252,252,160,0,0,0,0,0,126,201,252,252,252,128,0,0,0,0,0,0,0,0,0,0,0,0,0,24,253,253,161,0,0,0,0,0,22,255,253,253,245,21,0,0,0,0,0,0,0,0,0,0,0,0,0,24,252,252,160,0,0,30,130,161,244,253,252,252,87,0,0,0,0,0,0,0,0,0,0,0,0,0,0,7,141,234,227,80,70,186,252,252,252,253,252,118,38,38,0,0,0,0,0,0,0,0,0,0,0,0,0,9,93,209,252,252,253,252,252,252,252,253,252,219,224,137,0,0,0,0,0,0,0,0,0,0,0,0,53,181,252,252,252,252,253,252,252,252,252,253,252,252,210,22,0,0,0,0,0,0,0,0,0,0,49,138,243,255,239,237,253,253,168,0,0,0,0,0,74,84,0,0,0,0,0,0,0,0,0,0,0,51,228,252,231,196,33,25,223,252,189,0,0,0,0,0,0,0,0,0,0,0,0,0,0,0,0,0,7,186,252,227,100,0,0,0,207,252,237,25,0,0,0,0,0,0,0,0,0,0,0,0,0,0,0,0,118,252,252,66,0,0,0,0,165,252,253,92,0,0,0,0,0,0,0,0,0,0,0,0,0,0,0,0,138,252,252,45,0,0,0,0,93,252,253,92,0,0,0,0,0,0,0,0,0,0,0,0,0,0,0,0,139,253,253,46,0,0,0,0,0,231,255,103,0,0,0,0,0,0,0,0,0,0,0,0,0,0,0,0,65,252,252,177,57,0,0,0,17,234,253,206,0,0,0,0,0,0,0,0,0,0,0,0,0,0,0,0,7,154,252,252,252,185,184,184,209,252,253,123,0,0,0,0,0,0,0,0,0,0,0,0,0,0,0,0,0,9,77,236,252,253,252,252,252,252,245,58,0,0,0,0,0,0,0,0,0,0,0,0,0,0,0,0,0,0,0,19,128,148,252,252,210,137,21,0,0,0,0,0,0,0,0,0,0,0,0,0,0,0,0,0,0,0,0,0,0,0,0,0,0,0,0,0,0,0,0,0,0,0,0,0,0,0,0,0,0,0,0,0,0,0,0,0,0,0,0,0,0,0,0,0,0,0,0,0,0,0,0,0,0,0,0,0,0,0,0,0,0,0,0,0,0,0,0,0,0,0,0,0,0,0,0,0,0,0,0,0,0,0,0
7,0,0,0,0,0,0,0,0,0,0,0,0,0,0,0,0,0,0,0,0,0,0,0,0,0,0,0,0,0,0,0,0,0,0,0,0,0,0,0,0,0,0,0,0,0,0,0,0,0,0,0,0,0,0,0,0,0,0,0,0,0,0,0,0,0,0,0,0,0,0,0,0,0,0,0,0,0,0,0,0,0,0,0,0,0,0,0,0,0,0,0,0,0,0,0,0,0,0,0,0,0,0,0,0,0,0,0,0,0,0,0,0,0,0,0,0,0,0,0,0,0,0,0,0,0,0,0,0,0,0,0,0,0,0,0,0,0,0,0,0,0,0,0,0,0,0,0,0,0,0,0,0,0,0,0,0,0,0,0,0,0,0,0,0,0,0,0,0,0,0,0,0,0,0,0,0,0,0,37,142,189,255,213,129,5,0,0,0,0,0,0,0,0,0,0,0,0,0,0,0,0,0,0,0,0,0,232,254,233,225,237,254,114,0,0,0,0,0,0,0,0,0,0,0,0,0,0,0,0,0,0,0,0,0,245,239,20,0,77,254,210,0,0,0,0,0,0,0,0,0,0,0,0,0,0,0,0,0,0,0,0,75,250,212,0,0,1,117,253,131,0,0,0,0,0,0,0,0,0,0,0,0,0,0,0,0,0,0,21,243,249,53,0,0,0,70,252,248,50,0,0,0,0,0,0,0,0,0,0,0,0,0,0,0,0,0,7,105,60,0,0,0,0,0,133,254,233,17,0,0,0,0,0,0,0,0,0,0,0,0,0,0,0,0,0,0,0,0,0,0,0,0,2,203,254,24,0,0,0,0,0,0,0,0,0,0,0,0,0,0,0,0,0,0,0,0,0,0,0,0,0,202,254,24,0,0,0,0,0,0,0,0,0,0,0,0,0,0,0,0,0,0,0,0,0,0,0,0,31,238,254,24,0,0,0,0,0,0,0,0,0,0,0,0,0,0,0,0,0,0,0,0,0,0,0,0,98,254,167,2,0,0,0,0,0,0,0,0,0,0,0,0,0,0,0,0,0,0,0,0,0,0,0,34,225,249,49,0,0,0,0,0,0,0,0,0,0,0,0,0,0,0,0,0,0,0,0,0,0,0,0,142,254,215,0,0,0,0,0,0,0,0,0,0,0,0,0,0,0,0,0,0,0,0,0,0,0,0,67,248,246,51,0,0,0,0,0,0,0,0,0,0,0,0,0,0,0,0,0,0,0,0,0,0,0,2,152,254,166,0,0,0,0,0,0,0,0,0,0,0,0,0,0,0,0,0,0,0,0,0,0,0,0,112,254,203,7,0,0,0,0,0,0,0,0,0,0,0,0,0,0,0,0,0,0,0,0,0,0,0,13,197,251,114,0,0,0,0,0,0,0,0,0,0,0,0,0,0,0,0,0,0,0,0,0,0,0,0,156,254,201,0,0,0,0,0,0,0,0,0,0,0,0,0,0,0,0,0,0,0,0,0,0,0,0,0,178,254,143,0,0,0,0,0,0,0,0,0,0,0,0,0,0,0,0,0,0,0,0,0,0,0,0,8,206,254,130,0,0,0,0,0,0,0,0,0,0,0,0,0,0,0,0,0,0,0,0,0,0,0,0,0,141,199,30,0,0,0,0,0,0,0,0,0,0,0,0,0,0,0,0,0,0,0,0,0,0,0,0,0,0,0,0,0,0,0,0,0,0,0,0,0,0,0,0,0,0,0,0,0,0,0,0,0,0,0,0,0,0,0,0,0,0,0,0,0,0,0,0,0,0,0,0,0
7,0,0,0,0,0,0,0,0,0,0,0,0,0,0,0,0,0,0,0,0,0,0,0,0,0,0,0,0,0,0,0,0,0,0,0,0,0,0,0,0,0,0,0,0,0,0,0,0,0,0,0,0,0,0,0,0,0,0,0,0,0,0,0,0,0,0,0,0,0,0,0,0,0,0,0,0,0,0,0,0,0,0,0,0,0,0,0,0,0,0,0,0,0,0,0,0,0,0,0,0,0,0,0,0,0,0,0,0,0,0,0,0,0,0,0,0,0,0,0,0,0,0,0,0,0,0,0,0,0,0,0,0,0,0,0,0,0,0,0,0,0,0,0,0,0,0,0,0,0,0,0,0,0,0,0,0,0,0,0,0,0,0,0,0,0,0,0,0,0,0,0,0,0,0,0,0,0,0,0,0,0,0,0,0,0,0,0,0,0,0,0,0,0,0,0,0,0,0,0,0,0,0,0,0,0,0,0,0,0,0,0,0,0,0,0,0,0,0,0,0,0,0,0,0,0,0,0,0,0,0,38,170,200,150,137,126,38,137,46,119,29,18,74,41,47,0,0,0,0,0,0,0,0,0,0,0,0,0,172,254,254,254,254,254,254,254,254,254,254,254,254,254,229,32,0,0,0,0,0,0,0,0,0,0,0,0,172,254,254,254,254,254,254,254,254,254,254,254,254,254,241,42,0,0,0,0,0,0,0,0,0,0,0,0,139,254,254,254,217,76,109,121,156,183,183,253,254,254,156,0,0,0,0,0,0,0,0,0,0,0,0,0,54,254,254,254,129,0,0,0,0,0,93,254,254,254,71,0,0,0,0,0,0,0,0,0,0,0,0,0,54,254,254,254,25,0,0,0,0,0,163,254,254,234,41,0,0,0,0,0,0,0,0,0,0,0,0,0,3,133,249,143,6,0,0,0,0,0,232,254,254,94,0,0,0,0,0,0,0,0,0,0,0,0,0,0,0,0,0,0,0,0,0,0,0,0,232,254,252,80,0,0,0,0,0,0,0,0,0,0,0,0,0,0,0,0,0,0,0,0,0,0,0,61,246,254,225,0,0,0,0,0,0,0,0,0,0,0,0,0,0,0,0,0,0,0,0,0,0,0,0,96,254,254,225,0,0,0,0,0,0,0,0,0,0,0,0,0,0,0,0,0,0,0,0,0,0,0,0,96,254,254,225,0,0,0,0,0,0,0,0,0,0,0,0,0,0,0,0,0,0,0,0,0,0,0,0,195,254,254,180,0,0,0,0,0,0,0,0,0,0,0,0,0,0,0,0,0,0,0,0,0,0,0,0,214,254,254,107,0,0,0,0,0,0,0,0,0,0,0,0,0,0,0,0,0,0,0,0,0,0,0,4,216,254,249,57,0,0,0,0,0,0,0,0,0,0,0,0,0,0,0,0,0,0,0,0,0,0,0,78,255,254,253,94,0,0,0,0,0,0,0,0,0,0,0,0,0,0,0,0,0,0,0,0,0,0,0,78,254,254,220,0,0,0,0,0,0,0,0,0,0,0,0,0,0,0,0,0,0,0,0,0,0,0,0,78,254,254,124,0,0,0,0,0,0,0,0,0,0,0,0,0,0,0,0,0,0,0,0,0,0,0,0,133,254,254,162,0,0,0,0,0,0,0,0,0,0,0,0,0,0,0,0,0,0,0,0,0,0,0,0,78,254,254,195,0,0,0,0,0,0,0,0,0,0,0,0,0,0,0,0,0,0,0,0,0,0,0,0,42,135,191,67,0,0,0,0,0,0,0,0,0,0
2,0,0,0,0,0,0,0,0,0,0,0,0,0,0,0,0,0,0,0,0,0,0,0,0,0,0,0,0,0,0,0,0,0,0,0,0,0,0,0,0,0,0,0,0,0,0,0,0,0,0,0,0,0,0,0,0,0,0,0,0,0,0,0,0,0,0,0,0,0,0,0,0,0,0,0,0,0,0,0,0,0,0,0,0,0,0,0,0,0,0,0,0,0,0,0,0,0,0,0,0,0,0,0,0,0,0,0,0,0,0,0,0,0,0,0,0,0,0,0,0,0,0,49,80,0,0,0,0,0,0,0,0,0,0,0,0,0,0,0,0,0,0,0,0,0,0,0,55,175,249,251,253,249,141,85,0,0,0,0,0,0,0,0,0,0,0,0,0,0,0,0,0,0,0,55,245,254,254,254,254,254,254,251,113,0,0,0,0,0,0,0,0,0,0,0,0,0,0,0,0,0,0,246,254,208,149,100,133,149,236,254,250,60,0,0,0,0,0,0,0,0,0,0,0,0,0,0,0,0,0,90,156,21,0,0,0,0,62,235,254,205,28,0,0,0,0,0,0,0,0,0,0,0,0,0,0,0,0,0,0,0,0,0,0,0,0,156,254,254,71,0,0,0,0,0,0,0,0,0,0,0,0,0,0,0,0,0,0,0,0,0,0,0,0,73,254,254,71,0,0,0,0,0,0,0,0,0,0,0,0,0,0,0,0,0,0,0,0,0,0,0,0,73,254,254,71,0,0,0,0,0,0,0,0,0,0,0,0,0,0,0,0,0,0,0,0,0,0,0,23,191,254,207,15,0,0,0,0,0,0,0,0,0,0,0,0,0,0,0,0,0,0,0,0,0,0,0,180,254,254,95,0,0,0,0,0,0,0,0,0,0,0,0,0,0,0,0,0,0,0,0,0,0,0,95,243,254,239,50,0,0,0,0,0,0,0,0,0,0,0,0,0,0,0,0,0,0,0,0,0,48,101,244,254,202,53,0,0,0,0,0,0,0,0,0,0,0,0,0,0,0,0,0,0,0,0,102,177,247,254,254,217,82,0,0,0,0,0,0,0,0,0,0,0,0,0,0,0,0,0,0,0,20,168,251,254,254,254,254,185,133,40,10,0,0,0,0,0,0,0,0,0,0,0,0,0,0,0,0,0,125,254,254,254,254,254,254,254,254,254,187,137,33,11,0,0,0,2,33,33,0,0,0,0,0,0,0,0,112,242,228,228,111,144,228,250,254,254,254,254,254,189,74,27,27,106,254,160,0,0,0,0,0,0,0,0,0,54,0,0,0,0,0,86,104,205,250,254,254,254,254,255,254,254,238,0,0,0,0,0,0,0,0,0,0,0,0,0,0,0,0,0,0,0,83,137,241,250,254,254,254,247,111,0,0,0,0,0,0,0,0,0,0,0,0,0,0,0,0,0,0,0,0,0,0,79,133,167,117,51,0,0,0,0,0,0,0,0,0,0,0,0,0,0,0,0,0,0,0,0,0,0,0,0,0,0,0,0,0,0,0,0,0,0,0,0,0,0,0,0,0,0,0,0,0,0,0,0,0,0,0,0,0,0,0,0,0,0,0,0,0,0,0,0,0,0,0,0,0,0,0,0,0,0,0,0,0,0,0,0,0,0,0,0,0,0,0,0,0,0,0,0,0,0,0,0,0,0,0,0,0,0,0,0,0,0,0,0,0,0,0,0,0,0,0,0,0,0,0,0,0,0,0,0,0,0,0,0,0,0,0,0,0,0,0,0,0,0,0,0,0,0,0,0
4,0,0,0,0,0,0,0,0,0,0,0,0,0,0,0,0,0,0,0,0,0,0,0,0,0,0,0,0,0,0,0,0,0,0,0,0,0,0,0,0,0,0,0,0,0,0,0,0,0,0,0,0,0,0,0,0,0,0,0,0,0,0,0,0,0,0,0,0,0,0,0,0,0,0,0,0,0,0,0,0,0,0,0,0,0,0,0,0,0,0,0,0,0,0,0,0,0,0,0,0,0,0,0,0,0,0,0,0,0,0,0,0,0,0,0,0,0,0,0,0,0,0,0,0,0,0,0,0,0,0,0,0,0,0,0,0,0,0,0,0,0,0,0,0,0,0,0,0,0,0,0,0,0,0,0,0,0,0,0,0,0,0,0,0,0,0,0,0,0,0,0,0,0,0,199,85,0,0,0,0,0,0,0,0,0,0,0,0,0,0,0,0,0,0,0,0,0,0,0,0,0,20,227,207,10,0,0,0,0,0,0,0,0,124,73,0,0,0,0,0,0,0,0,0,0,0,0,0,0,77,254,254,92,0,0,0,0,0,0,0,0,169,243,75,0,0,0,0,0,0,0,0,0,0,0,0,0,195,254,254,113,0,0,0,0,0,0,0,0,169,254,140,0,0,0,0,0,0,0,0,0,0,0,0,0,226,254,211,15,0,0,0,0,0,0,0,0,76,244,239,42,0,0,0,0,0,0,0,0,0,0,0,0,226,254,178,0,0,0,0,0,0,0,0,0,0,158,254,117,0,0,0,0,0,0,0,0,0,0,0,23,235,254,178,0,0,0,19,85,85,180,179,179,179,221,254,197,3,0,0,0,0,0,0,0,0,0,0,88,254,254,223,151,151,217,247,254,254,254,254,254,254,254,254,254,65,0,0,0,0,0,0,0,0,0,0,80,254,254,254,254,254,254,254,254,254,254,254,254,254,254,254,254,148,0,0,0,0,0,0,0,0,0,0,67,254,254,254,254,254,254,254,254,254,254,254,254,190,212,218,254,197,0,0,0,0,0,0,0,0,0,0,0,168,240,254,218,188,157,95,95,95,95,95,21,0,0,90,255,212,10,0,0,0,0,0,0,0,0,0,0,0,22,28,13,0,0,0,0,0,0,0,0,0,0,19,254,254,72,0,0,0,0,0,0,0,0,0,0,0,0,0,0,0,0,0,0,0,0,0,0,0,0,5,195,254,111,0,0,0,0,0,0,0,0,0,0,0,0,0,0,0,0,0,0,0,0,0,0,0,0,0,179,254,131,0,0,0,0,0,0,0,0,0,0,0,0,0,0,0,0,0,0,0,0,0,0,0,0,0,92,254,219,0,0,0,0,0,0,0,0,0,0,0,0,0,0,0,0,0,0,0,0,0,0,0,0,0,86,254,225,0,0,0,0,0,0,0,0,0,0,0,0,0,0,0,0,0,0,0,0,0,0,0,0,0,86,254,245,47,0,0,0,0,0,0,0,0,0,0,0,0,0,0,0,0,0,0,0,0,0,0,0,0,3,245,254,66,0,0,0,0,0,0,0,0,0,0,0,0,0,0,0,0,0,0,0,0,0,0,0,0,0,164,254,145,0,0,0,0,0,0,0,0,0,0,0,0,0,0,0,0,0,0,0,0,0,0,0,0,0,151,254,90,0,0,0,0,0,0,0,0,0,0,0,0,0,0,0,0,0,0,0,0,0,0,0,0,0,0,0,0,0,0,0,0,0,0,0,0,0,0,0,0,0,0,0,0,0,0,0,0,0,0,0,0,0,0,0,0,0,0,0,0
8,0,0,0,0,0,0,0,0,0,0,0,0,0,0,0,0,0,0,0,0,0,0,0,0,0,0,0,0,0,0,0,0,0,0,0,0,0,0,0,0,0,0,0,0,0,0,0,0,0,0,0,0,0,0,0,0,0,0,0,0,0,0,0,0,0,0,0,0,0,0,0,0,0,0,0,0,0,0,0,0,0,0,0,0,0,0,0,0,0,0,0,0,0,0,0,0,0,0,0,0,0,0,0,0,0,0,0,0,0,0,0,0,0,0,0,0,0,0,0,0,0,0,0,0,0,0,0,0,0,0,0,0,0,0,0,0,0,0,0,0,0,0,0,0,0,0,0,0,0,0,106,164,254,254,254,135,0,0,0,0,0,0,0,0,0,0,0,0,0,0,0,0,0,0,0,0,0,150,252,253,253,253,253,252,136,0,0,0,0,0,0,0,0,0,0,0,0,0,0,0,0,0,0,46,161,252,253,253,253,253,253,253,251,241,157,43,0,0,0,0,0,0,0,0,0,0,0,0,0,0,0,158,253,253,253,221,149,149,149,224,253,253,253,218,0,0,0,0,0,0,0,0,0,0,0,0,0,0,43,242,253,253,253,58,0,0,0,18,49,221,253,237,40,0,0,0,0,0,0,0,0,0,0,0,0,0,158,253,253,253,253,45,0,0,0,0,0,123,253,253,104,0,0,0,0,0,0,0,0,0,0,0,0,0,241,253,253,253,225,30,0,0,0,62,86,112,253,244,69,0,0,0,0,0,0,0,0,0,0,0,0,0,241,253,253,225,50,0,0,21,176,241,253,253,253,227,0,0,0,0,0,0,0,0,0,0,0,0,0,0,204,253,253,235,158,72,109,215,253,253,253,253,253,248,192,32,0,0,0,0,0,0,0,0,0,0,0,0,26,205,253,253,253,253,253,253,253,253,253,253,253,253,253,110,0,0,0,0,0,0,0,0,0,0,0,0,0,27,115,194,244,253,253,253,253,253,212,234,253,253,208,28,0,0,0,0,0,0,0,0,0,0,0,0,0,0,0,19,223,253,253,240,201,108,22,76,253,253,197,0,0,0,0,0,0,0,0,0,0,0,0,0,0,0,0,116,253,253,113,58,0,0,0,12,190,253,237,20,0,0,0,0,0,0,0,0,0,0,0,0,0,0,0,222,253,201,17,0,0,0,0,0,163,253,253,110,0,0,0,0,0,0,0,0,0,0,0,0,0,0,0,222,253,175,0,0,0,0,0,0,80,253,253,110,0,0,0,0,0,0,0,0,0,0,0,0,0,0,0,222,253,223,46,0,0,0,0,0,33,253,253,110,0,0,0,0,0,0,0,0,0,0,0,0,0,0,0,137,250,253,224,117,16,0,0,0,43,253,253,110,0,0,0,0,0,0,0,0,0,0,0,0,0,0,0,0,141,253,253,253,228,143,143,124,168,253,235,48,0,0,0,0,0,0,0,0,0,0,0,0,0,0,0,0,39,156,247,252,253,253,253,253,253,239,48,0,0,0,0,0,0,0,0,0,0,0,0,0,0,0,0,0,0,0,0,96,153,253,230,123,123,111,0,0,0,0,0,0,0,0,0,0,0,0,0,0,0,0,0,0,0,0,0,0,0,0,0,0,0,0,0,0,0,0,0,0,0,0,0,0,0,0,0,0,0,0,0,0,0,0,0,0,0,0,0,0,0,0,0,0,0,0,0,0,0,0,0,0,0,0,0,0,0,0,0,0,0,0,0,0,0,0,0,0,0,0,0,0,0,0,0,0,0,0
1,0,0,0,0,0,0,0,0,0,0,0,0,0,0,0,0,0,0,0,0,0,0,0,0,0,0,0,0,0,0,0,0,0,0,0,0,0,0,0,0,0,0,0,0,0,0,0,0,0,0,0,0,0,0,0,0,0,0,0,0,0,0,0,0,0,0,0,0,0,0,0,0,0,0,0,0,0,0,0,0,0,0,0,0,0,0,0,0,0,0,0,0,0,0,0,0,0,0,0,0,0,0,0,0,0,0,0,0,0,0,0,0,0,0,0,0,0,0,0,0,0,0,0,0,0,53,165,0,0,0,0,0,0,0,0,0,0,0,0,0,0,0,0,0,0,0,0,0,0,0,0,0,25,229,177,0,0,0,0,0,0,0,0,0,0,0,0,0,0,0,0,0,0,0,0,0,0,0,0,0,32,254,177,0,0,0,0,0,0,0,0,0,0,0,0,0,0,0,0,0,0,0,0,0,0,0,0,0,32,206,140,28,0,0,0,0,0,0,0,0,0,0,0,0,0,0,0,0,0,0,0,0,0,0,0,0,32,142,46,19,0,0,0,0,0,0,0,0,0,0,0,0,0,0,0,0,0,0,0,0,0,0,0,0,117,254,177,0,0,0,0,0,0,0,0,0,0,0,0,0,0,0,0,0,0,0,0,0,0,0,0,0,186,254,177,0,0,0,0,0,0,0,0,0,0,0,0,0,0,0,0,0,0,0,0,0,0,0,0,0,167,254,177,0,0,0,0,0,0,0,0,0,0,0,0,0,0,0,0,0,0,0,0,0,0,0,0,0,32,255,217,40,0,0,0,0,0,0,0,0,0,0,0,0,0,0,0,0,0,0,0,0,0,0,0,0,32,254,254,124,0,0,0,0,0,0,0,0,0,0,0,0,0,0,0,0,0,0,0,0,0,0,0,0,29,243,254,231,0,0,0,0,0,0,0,0,0,0,0,0,0,0,0,0,0,0,0,0,0,0,0,0,16,192,254,231,0,0,0,0,0,0,0,0,0,0,0,0,0,0,0,0,0,0,0,0,0,0,0,0,23,221,254,231,0,0,0,0,0,0,0,0,0,0,0,0,0,0,0,0,0,0,0,0,0,0,0,0,0,132,254,247,88,0,0,0,0,0,0,0,0,0,0,0,0,0,0,0,0,0,0,0,0,0,0,0,0,72,245,254,130,0,0,0,0,0,0,0,0,0,0,0,0,0,0,0,0,0,0,0,0,0,0,0,0,0,195,254,160,8,0,0,0,0,0,0,0,0,0,0,0,0,0,0,0,0,0,0,0,0,0,0,0,0,28,107,254,35,0,0,0,0,0,0,0,0,0,0,0,0,0,0,0,0,0,0,0,0,0,0,0,0,0,14,199,185,0,0,0,0,0,0,0,0,0,0,0,0,0,0,0,0,0,0,0,0,0,0,0,0,0,0,125,185,0,0,0,0,0,0,0,0,0,0,0,0,0,0,0,0,0,0,0,0,0,0,0,0,0,0,125,91,0,0,0,0,0,0,0,0,0,0,0,0,0,0,0,0,0,0,0,0,0,0,0,0,0,0,0,0,0,0,0,0,0,0,0,0,0,0,0,0,0,0,0,0,0,0,0,0,0,0,0,0,0,0,0,0,0,0,0,0,0,0,0,0,0,0,0,0,0,0,0,0,0,0,0,0,0,0,0,0,0,0,0,0,0,0,0,0,0,0,0,0,0,0,0,0,0,0,0,0,0,0,0,0,0,0,0,0,0,0,0,0,0,0,0,0,0,0,0,0,0,0
5,0,0,0,0,0,0,0,0,0,0,0,0,0,0,0,0,0,0,0,0,0,0,0,0,0,0,0,0,0,0,0,0,0,0,0,0,0,0,0,0,0,0,0,0,0,0,0,0,0,0,0,0,0,0,0,0,0,0,0,0,0,0,0,0,0,0,0,0,0,0,0,0,0,0,0,0,0,0,0,0,0,0,0,0,0,0,0,0,0,0,0,0,0,0,0,0,0,0,0,0,0,0,0,0,0,0,0,0,0,0,0,0,0,0,0,0,0,0,0,0,0,0,0,0,0,0,0,0,0,0,0,0,0,0,0,0,0,0,0,0,0,0,0,0,0,0,0,0,23,172,156,91,70,33,118,229,209,0,0,0,0,0,0,0,0,0,0,0,0,0,0,0,0,0,0,0,21,235,254,248,254,254,248,153,45,0,0,0,0,0,0,0,0,0,0,0,0,0,0,0,0,0,0,0,0,136,254,68,65,65,44,0,0,0,0,0,0,0,0,0,0,0,0,0,0,0,0,0,0,0,0,0,0,42,254,96,0,0,0,0,0,0,0,0,0,0,0,0,0,0,0,0,0,0,0,0,0,0,0,0,0,8,221,180,0,0,0,0,0,0,0,0,0,0,0,0,0,0,0,0,0,0,0,0,0,0,0,0,0,0,213,207,5,0,0,0,0,0,0,0,0,0,0,0,0,0,0,0,0,0,0,0,0,0,0,0,0,0,213,254,24,0,0,0,0,0,8,11,0,0,0,0,0,0,0,0,0,0,0,0,0,0,0,0,0,0,119,254,46,0,0,0,53,209,233,221,45,0,0,0,0,0,0,0,0,0,0,0,0,0,0,0,0,0,20,234,202,5,99,212,249,199,136,254,199,0,0,0,0,0,0,0,0,0,0,0,0,0,0,0,0,0,0,168,254,193,253,249,85,2,12,222,204,0,0,0,0,0,0,0,0,0,0,0,0,0,0,0,0,0,0,19,233,252,140,0,0,0,34,255,205,0,0,0,0,0,0,0,0,0,0,0,0,0,0,0,0,0,0,0,19,52,0,0,0,0,39,254,140,0,0,0,0,0,0,0,0,0,0,0,0,0,0,0,0,0,0,0,0,0,0,0,0,3,181,223,11,0,0,0,0,0,0,0,0,0,0,0,0,0,0,0,0,0,0,0,0,0,0,0,0,36,254,165,0,0,0,0,0,0,0,0,0,0,0,0,0,0,0,0,0,0,0,0,0,0,0,0,0,146,227,10,0,0,0,0,0,0,0,0,0,0,0,0,0,0,0,0,0,0,0,0,0,0,0,0,14,243,205,0,0,0,0,0,0,0,0,0,0,0,0,0,0,0,0,0,0,0,0,0,0,0,0,2,150,248,55,0,0,0,0,0,0,0,0,0,0,0,0,0,0,0,0,0,0,0,0,129,36,0,0,99,254,181,0,0,0,0,0,0,0,0,0,0,0,0,0,0,0,0,0,0,0,0,0,174,245,187,156,254,220,31,0,0,0,0,0,0,0,0,0,0,0,0,0,0,0,0,0,0,0,0,0,2,82,166,225,196,55,0,0,0,0,0,0,0,0,0,0,0,0,0,0,0,0,0,0,0,0,0,0,0,0,0,0,0,0,0,0,0,0,0,0,0,0,0,0,0,0,0,0,0,0,0,0,0,0,0,0,0,0,0,0,0,0,0,0,0,0,0,0,0,0,0,0,0,0,0,0,0,0,0,0,0,0,0,0,0,0,0,0,0,0,0,0,0,0,0,0,0,0,0,0,0
3,0,0,0,0,0,0,0,0,0,0,0,0,0,0,0,0,0,0,0,0,0,0,0,0,0,0,0,0,0,0,0,0,0,0,0,0,0,0,0,0,0,0,0,0,0,0,0,0,0,0,0,0,0,0,0,0,0,0,0,0,0,0,0,0,0,0,0,0,0,0,0,0,0,0,0,0,0,0,0,0,0,0,0,0,0,0,0,0,0,0,0,0,0,0,0,0,0,0,0,0,0,0,0,0,0,0,0,0,0,0,0,0,0,0,0,0,0,0,0,0,0,0,0,0,0,0,0,0,0,0,0,0,0,0,0,0,0,0,0,0,0,0,0,0,0,0,0,0,0,0,0,0,0,0,0,0,0,0,0,0,0,0,0,0,0,0,0,0,0,0,0,0,0,0,0,3,92,174,202,246,255,213,129,38,0,0,0,0,0,0,0,0,0,0,0,0,0,0,0,0,0,0,0,143,187,111,40,40,40,40,143,232,50,0,0,0,0,0,0,0,0,0,0,0,0,0,0,0,0,0,7,198,18,0,0,0,0,0,0,210,134,0,0,0,0,0,0,0,0,0,0,0,0,0,0,0,0,0,12,52,0,0,0,0,0,0,7,220,103,0,0,0,0,0,0,0,0,0,0,0,0,0,0,0,0,0,0,0,0,0,0,0,0,0,105,249,32,0,0,0,0,0,0,0,0,0,0,0,0,0,0,0,0,0,0,0,0,0,0,0,0,71,231,89,0,0,0,0,0,0,0,0,0,0,0,0,0,0,0,0,0,0,0,0,0,0,2,13,128,218,86,0,0,0,0,0,0,0,0,0,0,0,0,0,0,0,0,0,0,0,0,0,0,4,174,254,254,198,28,0,0,0,0,0,0,0,0,0,0,0,0,0,0,0,0,0,0,0,0,0,0,0,22,29,40,124,195,125,5,0,0,0,0,0,0,0,0,0,0,0,0,0,0,0,0,0,0,0,0,0,0,0,0,0,9,179,173,19,0,0,0,0,0,0,0,0,0,0,0,0,0,0,0,0,0,0,0,0,0,0,0,0,0,9,203,219,11,0,0,0,0,0,0,0,0,0,0,0,0,0,0,0,0,0,0,0,0,0,0,0,0,0,9,218,100,0,0,0,0,0,0,0,0,0,0,0,0,0,0,0,0,0,0,0,0,0,0,0,0,0,0,124,205,0,0,0,0,0,0,0,0,0,0,0,0,0,0,0,0,0,0,0,0,0,0,0,0,0,0,56,239,0,0,0,0,0,0,0,0,0,0,0,0,0,0,0,0,0,0,0,0,0,0,0,0,0,0,28,237,30,0,0,0,0,0,0,0,0,0,0,0,0,0,0,0,0,0,0,0,0,0,0,0,0,0,56,234,5,0,0,0,0,0,0,0,0,0,0,0,0,0,0,0,0,0,0,0,0,0,0,0,0,0,186,117,0,0,0,0,0,0,0,0,0,0,0,0,0,0,0,0,0,0,0,0,0,0,0,0,0,40,214,13,0,0,0,0,0,0,0,0,0,0,0,0,0,0,0,0,0,0,0,0,0,0,0,17,81,225,62,0,0,0,0,0,0,0,0,0,0,0,0,0,0,0,0,0,0,0,0,0,129,107,189,161,162,55,0,0,0,0,0,0,0,0,0,0,0,0,0,0,0,0,0,0,0,0,0,0,0,0,0,0,0,0,0,0,0,0,0,0,0,0,0,0,0,0,0,0,0,0,0,0,0,0,0,0,0,0,0,0,0,0,0,0,0,0,0,0,0,0,0,0,0
9,0,0,0,0,0,0,0,0,0,0,0,0,0,0,0,0,0,0,0,0,0,0,0,0,0,0,0,0,0,0,0,0,0,0,0,0,0,0,0,0,0,0,0,0,0,0,0,0,0,0,0,0,0,0,0,0,0,0,0,0,0,0,0,0,0,0,0,0,0,0,0,0,0,0,0,0,0,0,0,0,0,0,0,0,0,0,0,0,0,0,0,0,0,0,0,0,0,0,0,0,0,0,0,0,0,0,0,0,0,0,0,0,0,0,0,0,0,0,0,0,0,0,0,0,0,0,0,0,0,0,0,0,0,0,0,0,0,0,0,0,0,0,0,0,0,0,0,0,0,0,0,0,0,0,0,0,0,0,0,0,0,0,0,0,0,0,0,0,0,0,0,0,0,0,0,0,0,0,0,0,0,0,0,0,0,0,0,0,0,0,0,0,0,0,0,0,0,0,0,0,0,0,0,0,0,0,0,0,40,112,159,220,254,254,254,254,247,47,0,0,0,0,0,0,0,0,0,0,0,0,0,0,0,0,3,105,238,253,253,254,253,253,253,253,253,170,2,0,0,0,0,0,0,0,0,0,0,0,0,0,0,2,167,253,253,253,246,185,135,91,146,248,253,249,9,0,0,0,0,0,0,0,0,0,0,0,0,0,0,137,253,253,208,98,22,0,0,0,0,169,253,140,0,0,0,0,0,0,0,0,0,0,0,0,0,0,60,245,253,188,11,0,0,0,0,0,60,245,253,75,0,0,0,0,0,0,0,0,0,0,0,0,0,8,237,253,244,42,0,0,7,0,0,15,237,253,251,69,0,0,0,0,0,0,0,0,0,0,0,0,0,10,253,253,136,0,0,0,95,85,168,209,253,253,102,0,0,0,0,0,0,0,0,0,0,0,0,0,0,45,253,253,246,178,206,199,223,254,253,253,253,151,2,0,0,0,0,0,0,0,0,0,0,0,0,0,0,9,243,253,253,253,253,253,253,254,253,253,234,30,0,0,0,0,0,0,0,0,0,0,0,0,0,0,0,0,44,152,235,221,159,114,65,254,253,246,22,0,0,0,0,0,0,0,0,0,0,0,0,0,0,0,0,0,0,0,0,0,0,32,170,255,254,150,0,0,0,0,0,0,0,0,0,0,0,0,0,0,0,0,0,0,0,0,7,28,0,206,253,254,233,37,0,0,0,0,0,0,0,0,0,0,0,0,0,0,0,0,0,0,0,0,0,0,87,245,253,185,128,0,0,0,0,0,0,0,0,0,0,0,0,0,0,0,0,0,0,0,0,0,0,85,250,253,253,0,0,0,0,0,0,0,0,0,0,0,0,0,0,0,0,0,0,0,0,0,0,0,46,220,253,247,102,0,0,0,0,0,0,0,0,0,0,0,0,0,0,0,0,0,0,0,0,0,0,21,227,253,253,140,0,0,0,0,0,0,0,0,0,0,0,0,0,0,0,0,0,0,0,0,0,0,0,179,253,253,181,11,0,0,0,0,0,0,0,0,0,0,0,0,0,0,0,0,0,0,0,0,0,3,120,245,253,234,45,0,0,0,0,0,0,0,0,0,0,0,0,0,0,0,0,0,0,0,0,0,0,10,253,253,240,80,0,0,0,0,0,0,0,0,0,0,0,0,0,0,0,0,0,0,0,0,0,0,0,6,221,235,54,0,0,0,0,0,0,0,0,0,0,0,0,0,0,0,0,0,0,0,0,0,0,0,0,0,0,0,0,0,0,0,0,0,0,0,0,0,0,0,0,0,0,0,0,0
3,0,0,0,0,0,0,0,0,0,0,0,0,0,0,0,0,0,0,0,0,0,0,0,0,0,0,0,0,0,0,0,0,0,0,0,0,0,0,0,0,0,0,0,0,0,0,0,0,0,0,0,0,0,0,0,0,0,0,0,0,0,0,0,0,0,0,0,0,0,0,0,0,0,0,0,0,0,0,0,0,0,0,0,0,0,0,0,0,0,0,0,0,0,0,0,0,0,0,0,0,0,0,0,0,0,0,0,0,0,0,0,0,0,0,0,0,6,38,133,165,254,254,254,254,255,231,47,0,0,0,0,0,0,0,0,0,0,0,0,0,0,0,0,0,149,253,253,253,253,253,253,253,253,253,228,44,0,0,0,0,0,0,0,0,0,0,0,0,0,0,0,0,254,253,251,248,167,139,139,139,240,253,253,127,0,0,0,0,0,0,0,0,0,0,0,0,0,0,0,0,236,222,70,0,0,0,0,0,14,238,253,232,0,0,0,0,0,0,0,0,0,0,0,0,0,0,0,0,37,18,0,0,0,0,0,0,0,162,253,239,28,0,0,0,0,0,0,0,0,0,0,0,0,0,0,0,0,0,0,0,0,0,0,0,15,244,253,243,46,0,0,0,0,0,0,0,0,0,0,0,0,0,0,0,0,0,0,0,0,0,0,17,109,253,253,164,0,0,0,0,0,0,0,0,0,0,0,0,0,0,0,0,0,0,0,0,65,87,87,190,253,253,253,168,87,17,0,0,0,0,0,0,0,0,0,0,0,0,0,0,0,0,66,233,248,253,253,253,253,253,253,253,253,237,233,159,35,1,0,0,0,0,0,0,0,0,0,0,0,17,229,253,253,253,253,253,253,253,253,253,253,253,253,253,253,143,0,0,0,0,0,0,0,0,0,0,0,76,253,253,253,253,253,253,162,54,54,54,79,116,250,253,253,247,170,14,0,0,0,0,0,0,0,0,0,38,218,232,197,124,124,87,2,0,0,0,0,0,15,118,250,253,253,47,0,0,0,0,0,0,0,0,0,0,0,0,0,0,0,0,0,0,0,0,0,0,0,0,139,253,253,145,0,0,0,0,0,0,0,0,0,0,0,0,0,88,38,0,0,0,0,0,0,0,0,0,104,253,253,145,0,0,0,0,0,0,0,0,0,0,0,0,0,227,226,43,0,0,0,0,0,0,0,7,120,253,253,145,0,0,0,0,0,0,0,0,0,0,0,0,0,227,253,139,0,0,0,0,0,0,0,139,253,253,253,72,0,0,0,0,0,0,0,0,0,0,0,0,0,227,253,184,104,38,0,53,104,104,207,240,253,253,225,22,0,0,0,0,0,0,0,0,0,0,0,0,0,213,253,253,253,251,249,251,253,253,253,253,253,221,36,0,0,0,0,0,0,0,0,0,0,0,0,0,0,40,227,253,253,253,253,253,253,253,253,235,139,34,0,0,0,0,0,0,0,0,0,0,0,0,0,0,0,0,23,74,152,253,253,253,253,165,133,28,0,0,0,0,0,0,0,0,0,0,0,0,0,0,0,0,0,0,0,0,0,0,0,0,0,0,0,0,0,0,0,0,0,0,0,0,0,0,0,0,0,0,0,0,0,0,0,0,0,0,0,0,0,0,0,0,0,0,0,0,0,0,0,0,0,0,0,0,0,0,0,0,0,0,0,0,0,0,0,0,0,0,0,0,0,0,0,0,0,0,0,0,0,0,0,0,0,0,0,0,0,0,0,0,0,0,0,0,0,0,0,0,0,0,0,0,0,0,0,0
3,0,0,0,0,0,0,0,0,0,0,0,0,0,0,0,0,0,0,0,0,0,0,0,0,0,0,0,0,0,0,0,0,0,0,0,0,0,0,0,0,0,0,0,0,0,0,0,0,0,0,0,0,0,0,0,0,0,0,0,0,0,0,0,0,0,0,0,0,0,0,0,0,0,0,0,0,0,0,0,0,0,0,0,0,0,0,0,0,0,0,0,0,0,0,0,0,0,0,0,0,0,0,0,0,0,0,0,0,0,0,0,0,0,0,0,0,0,0,0,0,0,0,0,0,0,0,0,0,0,0,0,0,0,0,0,0,0,0,0,0,0,0,0,0,0,0,0,0,0,0,0,0,0,0,0,0,0,0,0,0,0,0,0,0,0,0,0,0,0,0,0,0,0,0,0,0,0,0,0,0,0,28,160,120,74,74,43,51,0,0,0,0,0,0,0,0,0,0,0,0,0,0,0,0,0,0,0,0,0,73,254,254,254,254,249,251,242,242,239,23,0,0,0,0,0,0,0,0,0,0,0,0,0,0,0,0,0,3,215,120,17,26,104,104,140,254,254,170,0,0,0,0,0,0,0,0,0,0,0,0,0,0,0,0,0,0,31,20,0,0,0,46,129,255,231,64,0,0,0,0,0,0,0,0,0,0,0,0,0,0,0,0,0,0,0,0,26,125,150,248,232,136,43,0,0,0,0,0,0,0,0,0,0,0,0,0,0,0,0,29,53,112,82,193,239,231,195,81,18,0,0,0,0,0,0,0,0,0,0,0,0,0,0,0,0,0,169,239,254,254,231,165,81,19,0,0,0,0,0,0,0,0,0,0,0,0,0,0,0,0,0,0,0,0,113,172,211,248,180,8,0,0,0,0,0,0,0,0,0,0,0,0,0,0,0,0,0,0,0,0,0,0,0,0,0,81,234,167,8,0,0,0,0,0,0,0,0,0,0,0,0,0,0,0,0,0,0,0,0,0,0,0,0,0,58,239,180,0,15,35,69,125,207,143,0,0,0,0,0,0,0,0,0,0,0,0,0,0,0,0,6,31,39,223,231,203,225,252,220,134,51,0,0,0,0,0,0,0,0,0,0,0,0,8,27,47,131,199,209,254,254,254,251,190,76,52,0,0,0,0,0,0,0,0,0,0,0,0,8,78,192,211,254,249,214,146,146,131,120,254,195,0,0,0,0,0,0,0,0,0,0,0,0,0,0,0,176,254,254,197,70,49,0,0,10,92,186,240,104,0,0,0,0,0,0,0,0,0,0,0,0,0,0,0,131,245,254,236,186,186,186,186,222,254,230,76,0,0,0,0,0,0,0,0,0,0,0,0,0,0,0,0,0,23,73,73,125,159,159,159,85,73,13,0,0,0,0,0,0,0,0,0,0,0,0,0,0,0,0,0,0,0,0,0,0,0,0,0,0,0,0,0,0,0,0,0,0,0,0,0,0,0,0,0,0,0,0,0,0,0,0,0,0,0,0,0,0,0,0,0,0,0,0,0,0,0,0,0,0,0,0,0,0,0,0,0,0,0,0,0,0,0,0,0,0,0,0,0,0,0,0,0,0,0,0,0,0,0,0,0,0,0,0,0,0,0,0,0,0,0,0,0,0,0,0,0,0,0,0,0,0,0,0,0,0,0,0,0,0,0,0,0,0,0,0,0,0,0,0,0,0,0,0,0,0,0,0,0,0,0,0,0,0,0,0,0,0,0,0,0,0,0,0,0,0,0,0,0,0,0,0,0,0,0,0,0,0,0,0,0,0,0,0,0
8,0,0,0,0,0,0,0,0,0,0,0,0,0,0,0,0,0,0,0,0,0,0,0,0,0,0,0,0,0,0,0,0,0,0,0,0,0,0,0,0,0,0,0,0,0,0,0,0,0,0,0,0,0,0,0,0,0,0,0,0,0,0,0,0,0,0,0,0,0,0,0,0,0,0,0,0,0,0,0,0,0,0,0,0,0,0,0,0,0,0,0,0,0,0,0,0,0,0,0,0,0,0,0,0,0,0,0,0,0,0,0,0,0,0,0,0,0,0,0,0,0,0,0,0,0,0,0,0,0,0,0,0,0,0,0,0,0,0,0,0,0,0,0,0,0,0,0,0,0,0,0,0,0,0,57,133,133,140,254,254,231,105,9,0,0,0,0,0,0,0,0,0,0,0,0,0,0,0,0,0,19,124,238,253,253,254,253,253,253,253,222,28,0,0,0,0,0,0,0,0,0,0,0,0,0,0,7,66,231,253,253,253,218,154,96,114,224,253,253,65,0,0,0,0,0,0,0,0,0,0,0,0,0,0,129,253,253,253,165,84,4,0,0,0,17,113,242,88,0,0,0,0,0,0,0,0,0,0,0,0,0,56,230,253,253,106,10,0,0,0,0,0,0,44,155,14,0,0,0,0,0,0,0,0,0,0,0,0,12,203,253,224,77,12,0,0,0,0,7,91,194,179,179,194,90,73,4,0,0,0,0,0,0,0,0,0,0,118,253,253,60,0,0,78,143,207,210,253,253,253,253,253,253,253,11,0,0,0,0,0,0,0,0,0,0,37,253,253,118,80,143,250,253,254,244,156,156,70,36,36,36,36,2,0,0,0,0,0,0,0,0,0,0,4,177,253,236,249,253,253,253,139,21,0,0,0,0,0,0,0,0,0,0,0,0,0,0,0,0,0,0,18,210,253,253,253,207,81,11,0,0,0,0,0,0,0,0,0,0,0,0,0,0,0,0,0,0,0,0,43,255,254,254,254,104,2,0,0,0,0,0,0,0,0,0,0,0,0,0,0,0,0,0,0,0,0,14,212,253,253,253,253,253,104,2,0,0,0,0,0,0,0,0,0,0,0,0,0,0,0,0,0,0,0,100,253,253,245,125,206,253,253,29,0,0,0,0,0,0,0,0,0,0,0,0,0,0,0,0,0,0,3,166,253,221,99,0,29,230,253,190,0,0,0,0,0,0,0,0,0,0,0,0,0,0,0,0,0,0,4,176,253,141,0,0,0,131,253,219,0,0,0,0,0,0,0,0,0,0,0,0,0,0,0,0,0,0,0,88,253,141,0,0,0,51,242,253,59,0,0,0,0,0,0,0,0,0,0,0,0,0,0,0,0,0,0,106,253,140,24,0,0,137,253,253,41,0,0,0,0,0,0,0,0,0,0,0,0,0,0,0,0,0,0,83,253,253,228,218,218,248,253,207,17,0,0,0,0,0,0,0,0,0,0,0,0,0,0,0,0,0,0,3,166,253,253,253,253,253,206,133,0,0,0,0,0,0,0,0,0,0,0,0,0,0,0,0,0,0,0,0,25,213,253,253,155,86,7,0,0,0,0,0,0,0,0,0,0,0,0,0,0,0,0,0,0,0,0,0,0,0,0,0,0,0,0,0,0,0,0,0,0,0,0,0,0,0,0,0,0,0,0,0,0,0,0,0,0,0,0,0,0,0,0,0,0,0,0,0,0,0,0,0,0,0,0,0,0,0,0,0,0,0,0,0,0,0,0,0,0,0,0,0,0,0,0,0,0,0,0,0,0,0,0
8,0,0,0,0,0,0,0,0,0,0,0,0,0,0,0,0,0,0,0,0,0,0,0,0,0,0,0,0,0,0,0,0,0,0,0,0,0,0,0,0,0,0,0,0,0,0,0,0,0,0,0,0,0,0,0,0,0,0,0,0,0,0,0,0,0,0,0,0,0,0,0,0,0,0,0,0,0,0,0,0,0,0,0,0,0,0,0,0,0,0,0,0,0,0,0,0,0,0,0,0,0,0,0,0,0,0,0,0,0,0,0,0,0,0,0,0,0,0,0,0,0,0,0,0,0,0,0,0,0,0,0,0,0,0,0,0,0,0,0,0,0,0,0,0,0,0,0,0,0,0,0,0,0,0,0,0,0,0,20,209,229,0,0,0,0,0,0,0,0,0,0,0,0,0,0,0,0,0,0,0,0,0,0,0,0,0,40,254,228,0,0,0,0,0,0,0,0,0,0,0,0,0,0,0,0,0,98,223,243,243,243,212,32,21,201,254,228,0,0,0,0,0,0,0,0,0,0,0,0,0,0,0,0,92,252,254,254,254,254,254,214,132,254,254,107,0,0,0,0,0,0,0,0,0,0,0,0,0,0,0,0,99,254,221,49,25,25,124,227,254,254,174,10,0,0,0,0,0,0,0,0,0,0,0,0,0,0,0,0,64,243,200,17,0,0,22,209,254,220,12,0,0,0,0,0,0,0,0,0,0,0,0,0,0,0,0,0,0,179,254,182,18,56,225,254,239,76,0,0,0,0,0,0,0,0,0,0,0,0,0,0,0,0,0,0,0,64,202,254,219,221,254,238,77,0,0,0,0,0,0,0,0,0,0,0,0,0,0,0,0,0,0,0,0,0,62,205,254,254,254,98,0,0,0,0,0,0,0,0,0,0,0,0,0,0,0,0,0,0,0,0,0,0,0,113,254,255,254,186,54,0,0,0,0,0,0,0,0,0,0,0,0,0,0,0,0,0,0,0,0,0,95,243,254,209,240,254,219,20,0,0,0,0,0,0,0,0,0,0,0,0,0,0,0,0,0,0,0,19,224,254,175,17,84,240,254,178,0,0,0,0,0,0,0,0,0,0,0,0,0,0,0,0,0,0,0,183,254,240,43,0,0,184,255,215,0,0,0,0,0,0,0,0,0,0,0,0,0,0,0,0,0,0,16,228,241,82,0,0,0,184,254,215,0,0,0,0,0,0,0,0,0,0,0,0,0,0,0,0,0,14,186,254,152,0,0,0,56,229,254,198,0,0,0,0,0,0,0,0,0,0,0,0,0,0,0,0,0,106,254,245,35,0,0,55,230,254,226,33,0,0,0,0,0,0,0,0,0,0,0,0,0,0,0,0,0,106,254,86,0,7,125,231,254,213,86,0,0,0,0,0,0,0,0,0,0,0,0,0,0,0,0,0,0,106,254,111,58,178,254,251,211,31,0,0,0,0,0,0,0,0,0,0,0,0,0,0,0,0,0,0,0,106,254,254,254,254,249,117,0,0,0,0,0,0,0,0,0,0,0,0,0,0,0,0,0,0,0,0,0,51,242,254,210,124,25,0,0,0,0,0,0,0,0,0,0,0,0,0,0,0,0,0,0,0,0,0,0,0,0,0,0,0,0,0,0,0,0,0,0,0,0,0,0,0,0,0,0,0,0,0,0,0,0,0,0,0,0,0,0,0,0,0,0,0,0,0,0,0,0,0,0,0,0,0,0,0,0,0,0,0,0,0,0,0,0,0,0,0,0,0,0,0,0,0,0,0,0,0,0,0,0,0,0
7,0,0,0,0,0,0,0,0,0,0,0,0,0,0,0,0,0,0,0,0,0,0,0,0,0,0,0,0,0,0,0,0,0,0,0,0,0,0,0,0,0,0,0,0,0,0,0,0,0,0,0,0,0,0,0,0,0,0,0,0,0,0,0,0,0,0,0,0,0,0,0,0,0,0,0,0,0,0,0,0,0,0,0,0,0,0,0,0,0,0,0,0,0,0,0,0,0,0,0,0,0,0,0,0,0,0,0,0,0,0,0,0,0,0,0,0,0,0,0,0,0,0,0,0,0,0,0,0,0,0,0,0,0,0,0,0,0,0,0,0,0,0,0,0,0,0,0,0,0,0,0,0,0,0,0,0,0,0,0,0,0,0,0,0,0,0,0,0,0,0,0,0,0,0,0,128,255,255,255,191,128,128,0,0,0,0,0,0,0,0,0,0,0,0,0,0,0,0,0,0,0,0,0,64,255,255,255,255,255,255,255,191,64,0,0,0,0,0,0,0,0,0,0,0,0,0,0,0,0,0,0,0,0,128,128,191,255,255,255,255,255,0,0,0,0,0,0,0,0,0,0,0,0,0,0,0,0,0,0,0,0,0,0,0,0,64,191,255,255,128,0,0,0,0,0,0,0,0,0,0,0,0,0,0,0,0,0,0,0,0,0,0,0,0,0,191,255,255,0,0,0,0,0,0,0,0,0,0,0,0,0,0,0,0,0,0,0,0,0,0,0,0,0,128,255,255,128,0,0,0,0,0,0,0,0,0,0,0,0,0,0,0,0,0,0,0,0,0,0,0,0,128,255,255,128,0,0,0,0,0,0,0,0,0,0,0,0,0,0,0,0,0,0,0,0,0,0,0,0,128,255,255,128,0,0,0,0,0,0,0,0,0,0,0,0,0,0,0,0,0,0,0,0,0,0,0,0,128,255,255,128,0,0,0,0,0,0,0,0,0,0,0,0,0,0,0,0,0,0,0,0,0,0,0,0,128,255,255,128,0,0,0,0,0,0,0,0,0,0,0,0,0,0,0,0,0,0,0,0,0,0,0,0,128,255,255,64,0,0,0,0,0,0,0,0,0,0,0,0,0,0,0,0,0,0,0,0,0,0,0,0,255,255,255,0,0,0,0,0,0,0,0,0,0,0,0,0,0,0,0,0,0,0,0,0,0,0,0,128,255,255,64,0,0,0,0,0,0,0,0,0,0,0,0,0,0,0,0,0,0,0,0,0,0,0,0,191,255,255,0,0,0,0,0,0,0,0,0,0,0,0,0,0,0,0,0,0,0,0,0,0,0,0,64,255,255,191,0,0,0,0,0,0,0,0,0,0,0,0,0,0,0,0,0,0,0,0,0,0,0,0,191,255,255,64,0,0,0,0,0,0,0,0,0,0,0,0,0,0,0,0,0,0,0,0,0,0,0,64,255,255,128,0,0,0,0,0,0,0,0,0,0,0,0,0,0,0,0,0,0,0,0,0,0,0,0,128,255,255,128,0,0,0,0,0,0,0,0,0,0,0,0,0,0,0,0,0,0,0,0,0,0,0,0,128,255,255,0,0,0,0,0,0,0,0,0,0,0,0,0,0,0,0,0,0,0,0,0,0,0,0,0,128,255,64,0,0,0,0,0,0,0,0,0,0,0,0,0,0,0,0,0,0,0,0,0,0,0,0,0,0,0,0,0,0,0,0,0,0,0,0,0,0,0,0,0,0,0,0,0,0,0,0,0,0,0,0,0,0,0,0,0,0,0,0,0,0,0,0,0,0,0,0,0
5,0,0,0,0,0,0,0,0,0,0,0,0,0,0,0,0,0,0,0,0,0,0,0,0,0,0,0,0,0,0,0,0,0,0,0,0,0,0,0,0,0,0,0,0,0,0,0,0,0,0,0,0,0,0,0,0,0,0,0,0,0,0,0,0,0,0,0,0,0,0,0,0,0,0,0,0,0,0,0,0,0,0,0,0,0,0,0,0,0,0,0,0,0,0,0,0,0,0,0,0,0,0,0,0,0,0,0,0,0,0,0,0,0,0,0,0,0,0,0,0,0,0,0,0,0,0,0,0,0,0,0,0,0,0,0,0,0,0,0,0,0,0,0,0,0,0,0,0,0,0,0,0,0,0,0,0,0,0,0,0,0,0,0,0,0,0,0,0,0,0,0,0,0,0,0,0,0,0,0,0,0,0,0,0,0,38,113,113,113,255,253,253,84,0,0,0,0,0,0,0,0,0,0,0,0,0,0,0,29,194,225,225,226,234,252,252,252,253,252,252,234,146,0,0,0,0,0,0,0,0,0,0,0,7,57,57,122,252,252,252,253,252,252,252,252,253,252,252,252,220,0,0,0,0,0,0,0,0,0,0,0,123,252,253,252,252,252,252,253,252,252,252,252,253,252,230,208,37,0,0,0,0,0,0,0,0,0,0,0,169,252,253,252,252,252,252,253,252,252,252,173,112,112,25,0,0,0,0,0,0,0,0,0,0,0,0,26,207,253,255,253,253,253,253,255,106,0,0,0,0,0,0,0,0,0,0,0,0,0,0,0,0,0,76,231,252,252,253,252,252,195,167,27,3,0,0,0,0,0,0,0,0,0,0,0,0,0,0,0,0,26,200,252,252,252,228,148,55,19,0,0,0,0,0,0,0,0,0,0,0,0,0,0,0,0,0,0,0,113,252,252,249,223,47,0,0,0,0,0,0,0,0,0,0,0,0,0,0,0,0,0,0,0,0,0,0,113,252,252,145,0,0,0,0,0,0,0,0,0,0,0,0,0,0,0,0,0,0,0,0,0,0,0,0,176,253,253,253,174,114,113,113,38,0,0,0,0,0,0,0,0,0,0,0,0,0,0,0,0,0,0,0,128,252,252,252,252,253,252,252,234,225,0,0,0,0,0,0,0,0,0,0,0,0,0,0,0,0,0,0,25,199,252,252,252,253,252,252,252,252,198,53,0,0,0,0,0,0,0,0,0,0,0,0,0,0,0,0,0,76,223,223,239,253,236,252,252,252,253,167,0,0,0,0,0,0,0,0,0,0,0,0,0,0,0,0,0,0,0,0,63,112,97,252,252,252,253,167,0,0,0,0,0,0,0,0,0,0,0,0,0,0,0,0,0,0,0,0,63,192,159,253,253,253,255,168,0,0,0,0,0,0,0,0,0,0,0,0,0,0,0,0,0,0,0,0,140,253,252,252,252,252,215,33,0,0,0,0,0,0,0,0,0,0,0,0,0,0,0,0,0,0,0,0,140,253,252,252,252,252,31,0,0,0,0,0,0,0,0,0,0,0,0,0,0,0,0,0,0,0,0,0,126,253,252,245,208,84,0,0,0,0,0,0,0,0,0,0,0,0,0,0,0,0,0,0,0,0,0,0,0,253,204,87,0,0,0,0,0,0,0,0,0,0,0,0,0,0,0,0,0,0,0,0,0,0,0,0,0,0,0,0,0,0,0,0,0,0,0,0,0,0,0,0,0,0,0,0,0,0,0,0,0,0,0,0,0,0,0,0,0,0,0,0,0,0,0,0,0,0,0,0,0,0
6,0,0,0,0,0,0,0,0,0,0,0,0,0,0,0,0,0,0,0,0,0,0,0,0,0,0,0,0,0,0,0,0,0,0,0,0,0,0,0,0,0,0,0,0,0,0,0,0,0,0,0,0,0,0,0,0,0,0,0,0,0,0,0,0,0,0,5,164,254,198,17,0,0,0,0,0,0,0,0,0,0,0,0,0,0,0,0,0,0,0,0,0,0,0,19,254,254,254,66,0,0,0,0,0,0,0,0,0,0,0,0,0,0,0,0,0,0,0,0,0,0,0,5,123,250,253,63,0,0,0,0,0,0,0,0,0,0,0,0,0,0,0,0,0,0,0,0,0,0,0,0,0,245,225,0,0,0,0,0,0,0,0,0,0,0,0,0,0,0,0,0,0,0,0,0,0,0,0,0,48,250,225,0,0,0,0,0,0,0,0,0,0,0,0,0,0,0,0,0,0,0,0,0,0,0,0,0,93,254,183,0,0,0,0,0,0,0,0,0,0,0,0,0,0,0,0,0,0,0,0,0,0,0,0,7,204,254,65,0,0,0,0,0,0,0,0,0,0,0,0,0,0,0,0,0,0,0,0,0,0,0,0,76,254,254,37,0,0,0,83,179,245,238,66,0,0,0,0,0,0,0,0,0,0,0,0,0,0,0,0,194,254,226,20,0,0,78,245,254,254,254,169,0,0,0,0,0,0,0,0,0,0,0,0,0,0,0,36,242,254,162,0,0,0,132,254,254,254,254,169,0,0,0,0,0,0,0,0,0,0,0,0,0,0,0,48,254,254,44,0,0,0,227,254,182,148,254,110,0,0,0,0,0,0,0,0,0,0,0,0,0,0,0,145,254,241,8,0,0,109,251,196,21,228,237,9,0,0,0,0,0,0,0,0,0,0,0,0,0,0,0,236,254,169,0,0,43,234,254,112,80,254,235,0,0,0,0,0,0,0,0,0,0,0,0,0,0,0,23,241,254,106,0,9,208,254,200,22,194,254,171,0,0,0,0,0,0,0,0,0,0,0,0,0,0,0,76,254,254,108,2,99,254,254,122,98,254,210,10,0,0,0,0,0,0,0,0,0,0,0,0,0,0,0,152,254,254,254,104,247,254,254,229,226,254,245,172,104,0,0,0,0,0,0,0,0,0,0,0,0,0,0,138,254,254,194,133,241,254,255,254,254,228,151,75,50,0,0,0,0,0,0,0,0,0,0,0,0,0,0,76,254,254,181,172,252,254,254,254,254,157,0,0,0,0,0,0,0,0,0,0,0,0,0,0,0,0,0,11,228,254,254,254,254,254,254,249,148,13,0,0,0,0,0,0,0,0,0,0,0,0,0,0,0,0,0,0,72,254,254,254,254,254,195,101,0,0,0,0,0,0,0,0,0,0,0,0,0,0,0,0,0,0,0,0,0,0,0,0,0,0,0,0,0,0,0,0,0,0,0,0,0,0,0,0,0,0,0,0,0,0,0,0,0,0,0,0,0,0,0,0,0,0,0,0,0,0,0,0,0,0,0,0,0,0,0,0,0,0,0,0,0,0,0,0,0,0,0,0,0,0,0,0,0,0,0,0,0,0,0,0,0,0,0,0,0,0,0,0,0,0,0,0,0,0,0,0,0,0,0,0,0,0,0,0,0,0,0,0,0,0,0,0,0,0,0,0,0,0,0,0,0,0,0,0,0,0,0,0,0,0,0,0,0,0,0,0,0,0,0,0,0,0,0,0,0,0,0,0,0,0,0,0,0,0,0,0,0,0,0,0,0,0,0
4,0,0,0,0,0,0,0,0,0,0,0,0,0,0,0,0,0,0,0,0,0,0,0,0,0,0,0,0,0,0,0,0,0,0,0,0,0,0,0,0,0,0,0,0,0,0,0,0,0,0,0,0,0,0,0,0,0,0,0,0,0,0,0,0,0,0,0,0,0,0,0,0,0,0,0,0,0,0,0,0,0,0,0,0,0,0,0,0,0,0,0,0,0,0,0,0,0,0,0,0,0,0,0,0,0,0,0,0,0,0,0,0,0,0,0,0,0,0,0,0,0,0,0,0,0,0,0,0,0,0,0,0,0,0,0,0,0,0,0,0,0,0,0,0,0,0,0,0,0,0,0,0,0,0,0,0,0,0,0,0,0,0,0,0,0,0,0,0,0,0,0,0,0,0,0,0,0,0,0,0,0,57,194,59,0,0,0,0,0,0,88,247,18,0,0,0,0,0,0,0,0,0,0,0,0,0,0,0,13,235,254,198,19,0,0,0,0,55,236,254,174,0,0,0,0,0,0,0,0,0,0,0,0,0,0,41,190,254,254,189,2,0,0,0,59,239,254,254,182,0,0,0,0,0,0,0,0,0,0,0,0,0,0,108,254,254,253,67,0,0,0,11,206,254,254,213,25,0,0,0,0,0,0,0,0,0,0,0,0,0,131,248,254,254,100,0,0,0,10,182,254,254,181,11,0,0,0,0,0,0,0,0,0,0,0,0,0,54,240,255,250,156,13,0,0,30,204,254,254,210,26,0,0,0,0,0,0,0,0,0,0,0,0,0,24,219,254,254,183,0,0,0,0,140,254,254,250,79,0,0,0,0,0,0,0,0,0,0,0,0,0,0,209,254,254,254,31,0,0,0,91,253,254,254,109,0,0,0,0,0,0,0,0,0,0,0,0,0,0,0,245,254,254,254,212,110,110,110,225,254,254,181,12,0,0,0,0,0,0,0,0,0,0,0,0,0,0,0,224,254,254,254,254,254,254,254,254,254,254,15,0,0,0,0,0,0,0,0,0,0,0,0,0,0,0,0,44,228,254,254,254,254,254,254,254,254,143,3,0,0,0,0,0,0,0,0,0,0,0,0,0,0,0,0,0,4,15,109,203,254,254,254,254,153,2,0,0,0,0,0,0,0,0,0,0,0,0,0,0,0,0,0,0,0,0,0,131,254,254,254,179,27,0,0,0,0,0,0,0,0,0,0,0,0,0,0,0,0,0,0,0,0,0,125,253,254,254,96,9,0,0,0,0,0,0,0,0,0,0,0,0,0,0,0,0,0,0,0,0,0,41,201,254,235,172,0,0,0,0,0,0,0,0,0,0,0,0,0,0,0,0,0,0,0,0,0,0,0,139,254,254,192,0,0,0,0,0,0,0,0,0,0,0,0,0,0,0,0,0,0,0,0,0,0,25,172,248,254,216,63,0,0,0,0,0,0,0,0,0,0,0,0,0,0,0,0,0,0,0,0,0,4,46,254,254,252,172,0,0,0,0,0,0,0,0,0,0,0,0,0,0,0,0,0,0,0,0,0,0,73,252,254,254,139,0,0,0,0,0,0,0,0,0,0,0,0,0,0,0,0,0,0,0,0,0,0,0,120,253,254,244,65,0,0,0,0,0,0,0,0,0,0,0,0,0,0,0,0,0,0,0,0,0,0,0,0,0,0,0,0,0,0,0,0,0,0,0,0,0,0,0,0,0,0,0,0,0,0,0,0,0,0,0,0,0,0,0,0,0,0,0,0,0,0,0,0,0,0,0,0,0,0,0,0
0,0,0,0,0,0,0,0,0,0,0,0,0,0,0,0,0,0,0,0,0,0,0,0,0,0,0,0,0,0,0,0,0,0,0,0,0,0,0,0,0,0,0,0,0,0,0,0,0,0,0,0,0,0,0,0,0,0,0,0,0,0,0,0,0,0,0,0,0,0,0,0,0,0,0,0,0,0,0,0,0,0,0,0,0,0,0,0,0,0,0,0,0,0,0,0,0,0,0,0,0,0,0,0,0,0,0,0,0,0,0,0,0,0,0,0,0,0,0,0,0,0,0,0,0,0,0,0,0,110,109,109,109,110,15,0,0,0,0,0,0,0,0,0,0,0,0,0,0,0,0,0,0,0,0,73,217,253,252,252,252,253,35,0,0,0,0,0,0,0,0,0,0,0,0,0,0,0,0,0,0,16,161,232,252,253,252,252,252,253,35,0,0,0,0,0,0,0,0,0,0,0,0,0,0,0,0,1,1,191,252,252,252,253,252,252,252,253,119,1,0,0,0,0,0,0,0,0,0,0,0,0,0,0,0,99,252,253,252,252,189,0,0,0,144,253,252,133,0,0,0,0,0,0,0,0,0,0,0,0,0,0,105,242,252,253,231,76,15,0,0,0,104,211,252,247,93,0,0,0,0,0,0,0,0,0,0,0,21,181,242,252,252,154,51,0,0,0,0,0,0,31,227,252,211,0,0,0,0,0,0,0,0,0,0,0,144,252,252,252,168,0,0,0,0,0,0,0,0,0,217,252,252,0,0,0,0,0,0,0,0,0,0,99,253,253,253,154,0,0,0,0,0,0,0,0,0,0,218,253,253,0,0,0,0,0,0,0,0,0,21,201,252,252,148,10,0,0,0,0,0,0,0,0,0,0,217,252,252,0,0,0,0,0,0,0,0,0,176,252,252,236,30,0,0,0,0,0,0,0,0,0,0,79,242,246,132,0,0,0,0,0,0,0,0,63,237,252,252,62,0,0,0,0,0,0,0,0,0,0,0,191,252,215,0,0,0,0,0,0,0,0,0,110,253,253,253,0,0,0,0,0,0,0,0,0,0,0,145,255,253,217,0,0,0,0,0,0,0,0,0,191,252,252,168,0,0,0,0,0,0,0,0,0,0,53,175,253,231,71,0,0,0,0,0,0,0,0,0,94,247,252,252,21,0,0,0,0,0,0,0,0,53,232,252,253,76,0,0,0,0,0,0,0,0,0,0,0,217,252,252,205,20,0,0,0,0,0,0,63,175,252,252,191,15,0,0,0,0,0,0,0,0,0,0,0,73,253,253,253,253,149,109,110,109,109,191,255,253,253,108,0,0,0,0,0,0,0,0,0,0,0,0,0,10,149,252,252,252,252,252,253,252,252,252,253,231,158,15,0,0,0,0,0,0,0,0,0,0,0,0,0,0,11,154,231,252,252,252,253,252,252,252,217,153,0,0,0,0,0,0,0,0,0,0,0,0,0,0,0,0,0,0,47,108,108,108,108,108,108,108,0,0,0,0,0,0,0,0,0,0,0,0,0,0,0,0,0,0,0,0,0,0,0,0,0,0,0,0,0,0,0,0,0,0,0,0,0,0,0,0,0,0,0,0,0,0,0,0,0,0,0,0,0,0,0,0,0,0,0,0,0,0,0,0,0,0,0,0,0,0,0,0,0,0,0,0,0,0,0,0,0,0,0,0,0,0,0,0,0,0,0,0,0,0,0,0,0,0,0,0,0,0,0,0,0,0,0,0,0,0,0,0,0,0,0,0,0,0,0,0,0,0,0,0
7,0,0,0,0,0,0,0,0,0,0,0,0,0,0,0,0,0,0,0,0,0,0,0,0,0,0,0,0,0,0,0,0,0,0,0,0,0,0,0,0,0,0,0,0,0,0,0,0,0,0,0,0,0,0,0,0,0,0,0,0,0,0,0,0,0,0,0,0,0,0,0,0,0,0,0,0,0,0,0,0,0,0,0,0,0,0,0,0,0,0,0,0,0,0,0,0,0,0,0,0,0,0,0,0,0,0,0,0,0,0,0,0,0,0,0,0,0,0,0,0,0,0,0,0,0,0,0,0,0,0,0,0,0,0,0,0,0,0,0,0,0,0,0,0,0,0,0,0,0,0,0,0,0,0,0,0,0,0,0,0,0,0,0,0,0,0,0,0,0,0,0,0,0,0,0,0,0,0,0,0,124,253,255,253,253,31,0,0,0,0,0,0,0,0,0,0,0,0,0,0,0,24,32,32,131,92,190,190,244,251,253,251,251,149,0,0,0,0,0,0,0,0,0,0,0,0,0,0,48,221,251,251,251,253,251,251,172,251,253,251,251,188,0,0,0,0,0,0,0,0,0,0,0,0,0,0,72,236,251,196,188,189,168,31,12,31,114,251,251,188,0,0,0,0,0,0,0,0,0,0,0,0,0,0,0,71,94,12,0,0,0,0,0,0,96,251,251,188,0,0,0,0,0,0,0,0,0,0,0,0,0,0,0,0,0,0,0,0,0,0,0,0,96,253,253,189,0,0,0,0,0,0,0,0,0,0,0,0,0,0,0,0,0,0,0,0,0,0,0,0,115,251,251,188,0,0,0,0,0,0,0,0,0,0,0,0,0,0,0,0,0,0,0,0,0,0,0,0,253,251,251,188,0,0,0,0,0,0,0,0,0,0,0,0,0,0,0,0,0,0,0,0,0,0,16,64,253,251,251,244,221,223,221,221,67,0,0,0,0,0,0,0,0,0,0,0,0,0,0,0,20,158,181,251,253,251,251,251,251,253,251,251,188,0,0,0,0,0,0,0,0,0,0,0,0,0,0,0,191,253,253,253,255,253,253,253,253,255,253,205,19,0,0,0,0,0,0,0,0,0,0,0,0,0,0,0,166,220,228,251,253,251,235,220,121,63,62,31,0,0,0,0,0,0,0,0,0,0,0,0,0,0,0,0,0,0,64,251,253,251,126,0,0,0,0,0,0,0,0,0,0,0,0,0,0,0,0,0,0,0,0,0,0,0,64,251,253,243,94,0,0,0,0,0,0,0,0,0,0,0,0,0,0,0,0,0,0,0,0,0,0,0,64,251,253,220,0,0,0,0,0,0,0,0,0,0,0,0,0,0,0,0,0,0,0,0,0,0,0,0,64,253,255,221,0,0,0,0,0,0,0,0,0,0,0,0,0,0,0,0,0,0,0,0,0,0,0,0,182,251,253,220,0,0,0,0,0,0,0,0,0,0,0,0,0,0,0,0,0,0,0,0,0,0,0,0,221,251,253,140,0,0,0,0,0,0,0,0,0,0,0,0,0,0,0,0,0,0,0,0,0,0,0,0,221,251,229,47,0,0,0,0,0,0,0,0,0,0,0,0,0,0,0,0,0,0,0,0,0,0,0,0,123,251,59,0,0,0,0,0,0,0,0,0,0,0,0,0,0,0,0,0,0,0,0,0,0,0,0,0,0,0,0,0,0,0,0,0,0,0,0,0,0,0,0,0,0,0,0,0,0,0,0,0,0,0,0,0,0,0,0,0,0,0,0,0,0,0,0,0,0,0,0,0
3,0,0,0,0,0,0,0,0,0,0,0,0,0,0,0,0,0,0,0,0,0,0,0,0,0,0,0,0,0,0,0,0,0,0,0,0,0,0,0,0,0,0,0,0,0,0,0,0,0,0,0,0,0,0,0,0,0,0,0,0,0,0,0,0,0,0,0,0,0,0,0,0,0,0,0,0,0,0,0,0,0,0,0,0,0,0,0,0,0,0,0,0,0,0,0,0,0,0,0,0,0,0,0,0,0,0,0,0,0,0,0,0,0,0,0,0,0,0,0,0,0,0,0,0,0,0,0,0,0,0,0,0,0,0,0,0,0,0,0,0,0,0,0,0,0,0,0,0,0,17,135,175,175,230,220,175,106,6,0,0,0,0,0,0,0,0,0,0,0,0,0,0,0,0,0,0,47,204,222,152,142,143,142,223,254,121,0,0,0,0,0,0,0,0,0,0,0,0,0,0,0,0,0,0,18,27,0,0,0,0,0,24,173,254,80,0,0,0,0,0,0,0,0,0,0,0,0,0,0,0,0,0,0,0,0,0,0,0,0,0,8,220,229,0,0,0,0,0,0,0,0,0,0,0,0,0,0,0,0,0,0,0,0,0,0,0,0,0,0,85,239,0,0,0,0,0,0,0,0,0,0,0,0,0,0,0,0,0,0,0,0,0,0,0,0,0,0,164,234,0,0,0,0,0,0,0,0,0,0,0,0,0,0,0,0,0,0,0,0,0,0,0,0,0,38,245,115,0,0,0,0,0,0,0,0,0,0,0,0,0,0,0,0,0,0,0,0,0,0,0,0,54,223,134,0,0,0,0,0,0,0,0,0,0,0,0,0,0,0,0,0,0,0,0,0,0,0,24,124,233,109,2,0,0,0,0,0,0,0,0,0,0,0,0,0,0,0,0,0,0,0,0,0,184,214,220,244,70,2,0,0,0,0,0,0,0,0,0,0,0,0,0,0,0,0,0,0,0,0,0,0,164,184,250,255,58,0,0,0,0,0,0,0,0,0,0,0,0,0,0,0,0,0,0,0,0,0,0,0,0,0,104,246,242,44,0,0,0,0,0,0,0,0,0,0,0,0,0,0,0,0,0,0,0,0,0,0,0,0,0,81,245,242,28,0,0,0,0,0,0,0,0,0,0,0,0,0,0,0,0,0,0,0,0,0,0,0,0,0,106,246,184,0,0,0,0,0,0,0,0,0,0,0,0,0,0,0,0,0,0,0,0,0,0,0,0,0,0,198,254,0,0,0,0,0,0,0,0,0,0,0,0,0,0,0,0,0,0,0,0,0,0,0,0,0,0,74,255,75,0,0,0,0,0,0,0,0,0,0,0,0,0,0,0,0,0,0,0,0,0,0,0,0,66,236,244,0,0,0,0,0,0,0,0,0,0,0,0,0,0,0,0,0,0,0,0,0,0,0,38,137,245,167,38,0,0,0,0,0,0,0,0,0,0,0,0,0,0,0,0,0,90,89,64,44,64,138,220,226,86,4,0,0,0,0,0,0,0,0,0,0,0,0,0,0,0,0,0,0,60,126,209,249,254,204,116,9,0,0,0,0,0,0,0,0,0,0,0,0,0,0,0,0,0,0,0,0,0,0,0,0,0,0,0,0,0,0,0,0,0,0,0,0,0,0,0,0,0,0,0,0,0,0,0,0,0,0,0,0,0,0,0,0,0,0,0,0,0,0,0,0,0,0,0,0,0,0,0,0,0,0,0,0,0,0,0,0,0,0,0,0,0,0,0,0,0,0,0,0,0,0,0,0,0
7,0,0,0,0,0,0,0,0,0,0,0,0,0,0,0,0,0,0,0,0,0,0,0,0,0,0,0,0,0,0,0,0,0,0,0,0,0,0,0,0,0,0,0,0,0,0,0,0,0,0,0,0,0,0,0,0,0,0,0,0,0,0,0,0,0,0,0,0,0,0,0,0,0,0,0,0,0,0,0,0,0,0,0,0,0,0,0,0,0,0,0,0,0,0,0,0,0,0,0,0,0,0,0,0,0,0,0,0,0,0,0,0,0,0,0,0,0,0,0,0,0,0,0,0,0,0,0,0,0,0,0,0,0,0,0,0,0,0,0,0,0,0,0,0,0,0,0,0,0,0,0,0,0,0,0,39,255,255,119,0,0,0,0,0,0,0,0,0,0,0,0,0,0,0,0,0,0,0,0,0,0,0,28,213,253,253,119,0,0,0,0,0,0,0,0,0,0,0,0,0,0,0,0,0,0,0,0,0,1,75,164,253,253,253,116,0,0,0,0,0,0,0,0,0,0,0,0,0,0,0,0,0,0,0,9,44,149,253,253,253,253,176,4,0,0,0,0,0,0,0,0,0,0,0,0,0,0,0,0,0,0,125,202,253,253,253,253,253,209,13,0,0,0,0,0,0,0,0,0,0,0,0,0,0,0,0,8,120,200,251,253,253,248,250,253,253,143,0,0,0,0,0,0,0,0,0,0,0,0,0,0,0,0,0,114,253,253,253,244,205,58,162,253,253,86,0,0,0,0,0,0,0,0,0,0,0,0,0,0,0,0,0,77,253,253,213,89,0,0,162,253,253,86,0,0,0,0,0,0,0,0,0,0,0,0,0,0,0,0,0,1,40,48,11,0,0,0,162,253,253,86,0,0,0,0,0,0,0,0,0,0,0,0,0,0,0,0,0,0,0,0,0,0,42,153,221,253,253,155,0,0,0,0,0,0,0,0,0,0,0,0,0,0,0,0,0,0,0,0,0,0,195,253,253,253,253,241,113,93,69,0,0,0,0,0,0,0,0,0,0,0,0,0,0,0,0,0,0,0,132,252,253,253,253,253,253,253,250,238,5,0,0,0,0,0,0,0,0,0,0,0,0,0,0,0,0,0,0,86,206,253,253,253,253,253,238,194,4,0,0,0,0,0,0,0,0,0,0,0,0,0,0,0,0,0,0,0,11,210,253,253,87,48,36,0,0,0,0,0,0,0,0,0,0,0,0,0,0,0,0,0,0,0,0,0,0,189,253,253,48,0,0,0,0,0,0,0,0,0,0,0,0,0,0,0,0,0,0,0,0,0,0,0,0,93,253,253,48,0,0,0,0,0,0,0,0,0,0,0,0,0,0,0,0,0,0,0,0,0,0,0,0,93,253,253,138,0,0,0,0,0,0,0,0,0,0,0,0,0,0,0,0,0,0,0,0,0,0,0,0,93,253,253,123,2,0,0,0,0,0,0,0,0,0,0,0,0,0,0,0,0,0,0,0,0,0,0,0,28,243,253,253,40,0,0,0,0,0,0,0,0,0,0,0,0,0,0,0,0,0,0,0,0,0,0,0,0,100,253,253,26,0,0,0,0,0,0,0,0,0,0,0,0,0,0,0,0,0,0,0,0,0,0,0,0,0,0,0,0,0,0,0,0,0,0,0,0,0,0,0,0,0,0,0,0,0,0,0,0,0,0,0,0,0,0,0,0,0,0,0,0,0,0,0,0,0,0,0,0,0,0,0,0,0,0,0,0,0,0,0,0,0,0,0,0,0,0,0,0,0,0,0,0,0
0,0,0,0,0,0,0,0,0,0,0,0,0,0,0,0,0,0,0,0,0,0,0,0,0,0,0,0,0,0,0,0,0,0,0,0,0,0,0,0,0,0,0,0,0,0,0,0,0,0,0,0,0,0,0,0,0,0,0,0,0,0,0,0,0,0,0,0,0,0,0,0,0,0,0,0,0,0,0,0,0,0,0,0,0,0,0,0,0,0,0,0,0,0,0,0,0,0,0,0,0,0,0,0,0,0,0,0,0,0,0,0,0,0,0,0,0,0,0,0,0,0,0,0,0,0,0,0,0,0,0,0,0,0,0,0,0,0,0,0,0,0,0,0,0,0,0,0,0,0,0,0,0,0,0,0,0,0,0,0,0,0,0,0,0,0,0,0,0,0,0,0,0,0,0,0,0,0,0,0,0,0,34,118,148,248,224,100,0,0,0,0,0,0,0,0,0,0,0,0,0,0,0,0,0,0,0,0,38,151,245,253,170,142,219,251,143,69,188,241,168,0,0,0,0,0,0,0,0,0,0,0,0,0,0,38,221,253,224,48,5,0,13,123,251,246,181,98,253,167,0,0,0,0,0,0,0,0,0,0,0,0,139,237,253,132,18,0,0,0,0,90,253,113,11,14,253,203,0,0,0,0,0,0,0,0,0,0,0,138,250,253,65,6,0,0,0,0,138,165,253,97,0,61,253,123,0,0,0,0,0,0,0,0,0,0,95,250,253,132,6,0,0,0,0,0,20,27,223,97,0,143,251,82,0,0,0,0,0,0,0,0,0,98,228,221,58,6,0,0,0,0,0,0,0,0,29,17,7,177,206,0,0,0,0,0,0,0,0,0,0,154,253,113,0,0,0,0,0,0,0,0,0,0,0,0,20,253,117,0,0,0,0,0,0,0,0,0,33,249,225,14,0,0,0,0,0,0,0,0,0,0,0,7,147,243,27,0,0,0,0,0,0,0,0,0,154,253,142,0,0,0,0,0,0,0,0,0,0,0,8,146,239,61,0,0,0,0,0,0,0,0,0,0,254,253,116,0,0,0,0,0,0,0,0,0,0,9,79,248,119,0,0,0,0,0,0,0,0,0,0,0,255,171,4,0,0,0,0,0,0,0,0,0,0,63,253,136,0,0,0,0,0,0,0,0,0,0,0,0,254,154,2,0,0,0,0,0,0,0,0,0,119,220,197,32,0,0,0,0,0,0,0,0,0,0,0,0,254,253,12,0,0,0,0,0,0,0,55,163,226,197,0,0,0,0,0,0,0,0,0,0,0,0,0,0,241,253,105,16,0,0,0,22,27,128,229,248,203,32,0,0,0,0,0,0,0,0,0,0,0,0,0,0,115,253,253,211,150,150,150,235,253,248,234,119,0,0,0,0,0,0,0,0,0,0,0,0,0,0,0,0,0,168,240,252,253,253,242,240,136,82,0,0,0,0,0,0,0,0,0,0,0,0,0,0,0,0,0,0,0,0,0,108,117,117,18,0,0,0,0,0,0,0,0,0,0,0,0,0,0,0,0,0,0,0,0,0,0,0,0,0,0,0,0,0,0,0,0,0,0,0,0,0,0,0,0,0,0,0,0,0,0,0,0,0,0,0,0,0,0,0,0,0,0,0,0,0,0,0,0,0,0,0,0,0,0,0,0,0,0,0,0,0,0,0,0,0,0,0,0,0,0,0,0,0,0,0,0,0,0,0,0,0,0,0,0,0,0,0,0,0,0,0,0,0,0,0,0,0,0,0,0,0,0,0,0,0,0,0,0,0,0,0,0
3,0,0,0,0,0,0,0,0,0,0,0,0,0,0,0,0,0,0,0,0,0,0,0,0,0,0,0,0,0,0,0,0,0,0,0,0,0,0,0,0,0,0,0,0,0,0,0,0,0,0,0,0,0,0,0,0,0,0,0,0,0,0,0,0,0,0,0,0,0,0,0,0,0,0,0,0,0,0,0,0,0,0,0,0,0,0,0,0,0,0,0,0,0,0,0,0,0,0,0,0,0,0,0,0,0,0,0,0,0,0,0,0,0,0,0,0,0,0,0,0,0,0,0,0,0,0,0,0,0,0,0,0,0,0,0,0,0,0,0,0,0,0,0,0,0,0,0,0,59,141,156,246,254,255,254,254,254,178,23,0,0,0,0,0,0,0,0,0,0,0,0,0,0,0,71,154,254,253,253,253,253,254,253,253,253,253,106,0,0,0,0,0,0,0,0,0,0,0,0,0,0,55,247,253,175,174,174,174,100,78,78,78,172,253,195,0,0,0,0,0,0,0,0,0,0,0,0,0,0,168,237,50,0,0,0,0,0,0,0,0,227,253,180,0,0,0,0,0,0,0,0,0,0,0,0,0,0,101,253,58,0,0,0,0,0,0,0,99,248,253,98,0,0,0,0,0,0,0,0,0,0,0,0,0,0,0,53,23,0,0,0,0,0,14,112,254,254,171,0,0,0,0,0,0,0,0,0,0,0,0,0,0,0,0,0,0,0,0,0,11,58,186,253,253,189,31,0,0,0,0,0,0,0,0,0,0,0,0,0,0,0,0,0,0,0,0,0,204,253,254,253,253,211,101,31,0,0,0,0,0,0,0,0,0,0,0,0,0,0,0,0,0,0,0,0,166,253,254,253,253,253,253,242,104,0,0,0,0,0,0,0,0,0,0,0,0,0,0,0,0,0,0,0,9,58,58,58,58,200,253,254,248,98,0,0,0,0,0,0,0,0,0,0,0,0,0,0,0,0,0,0,0,0,0,0,0,0,38,232,254,175,0,0,0,0,0,0,0,0,0,0,0,0,0,0,0,0,0,0,0,0,0,0,0,0,0,156,253,174,0,0,0,0,0,0,0,0,0,0,0,0,0,0,0,0,0,0,0,0,0,0,0,0,0,186,253,174,0,0,0,0,0,0,0,0,0,0,0,0,0,0,0,0,0,0,0,0,0,0,0,0,143,254,253,123,0,0,0,0,0,0,0,0,0,0,0,0,0,0,0,0,0,0,0,0,0,0,0,53,217,254,237,18,0,0,0,0,0,0,0,0,0,0,0,0,0,0,0,0,0,0,47,133,0,0,71,246,254,255,114,0,0,0,0,0,0,0,0,0,0,0,0,0,0,0,0,0,25,185,209,99,103,214,241,253,253,114,6,0,0,0,0,0,0,0,0,0,0,0,0,0,0,0,0,19,226,253,211,235,254,253,253,240,100,0,0,0,0,0,0,0,0,0,0,0,0,0,0,0,0,0,0,149,253,253,253,253,254,212,117,23,0,0,0,0,0,0,0,0,0,0,0,0,0,0,0,0,0,0,0,81,253,253,162,80,58,9,0,0,0,0,0,0,0,0,0,0,0,0,0,0,0,0,0,0,0,0,0,0,0,0,0,0,0,0,0,0,0,0,0,0,0,0,0,0,0,0,0,0,0,0,0,0,0,0,0,0,0,0,0,0,0,0,0,0,0,0,0,0,0,0,0,0,0,0,0,0,0,0,0,0,0,0,0,0,0,0,0,0,0,0,0,0,0,0,0,0,0,0,0,0,0,0,0
2,0,0,0,0,0,0,0,0,0,0,0,0,0,0,0,0,0,0,0,0,0,0,0,0,0,0,0,0,0,0,0,0,0,0,0,0,0,0,0,0,0,0,0,0,0,0,0,0,0,0,0,0,0,0,0,0,0,0,0,0,0,0,0,0,0,0,0,0,0,0,0,0,0,0,0,0,0,0,0,0,0,0,0,0,0,0,0,0,0,0,0,0,0,0,0,0,0,0,0,0,0,0,0,0,0,0,0,0,0,0,0,0,0,0,0,0,0,0,0,0,0,0,6,254,254,255,254,210,136,21,8,0,0,0,0,0,0,0,0,0,0,0,0,0,0,0,0,0,0,0,78,253,231,218,229,253,253,253,181,29,0,0,0,0,0,0,0,0,0,0,0,0,0,0,0,0,0,0,100,253,94,0,25,82,189,252,253,238,48,0,0,0,0,0,0,0,0,0,0,0,0,0,0,0,0,0,5,189,138,22,0,0,0,72,253,253,70,0,0,0,0,0,0,0,0,0,0,0,0,0,0,0,0,0,0,5,177,172,0,0,0,12,253,253,70,0,0,0,0,0,0,0,0,0,0,0,0,0,0,0,0,0,0,0,93,113,0,0,0,12,253,211,8,0,0,0,0,0,0,0,0,0,0,0,0,0,0,0,0,0,0,0,0,0,0,0,0,73,253,93,0,0,0,0,0,0,0,0,0,0,0,0,0,0,0,0,0,0,0,0,0,0,0,0,64,251,251,80,0,0,0,0,0,0,0,0,0,0,0,0,0,0,0,0,0,0,0,0,0,0,0,0,132,251,132,0,0,0,0,0,0,0,0,0,0,0,0,0,0,0,0,0,0,0,0,0,0,0,0,149,247,214,0,0,0,0,0,0,0,0,0,0,0,0,0,0,0,0,0,0,0,0,0,0,0,0,96,244,219,31,0,0,0,0,0,0,0,0,0,0,0,0,0,0,0,0,0,0,0,0,0,0,0,95,244,218,33,0,0,0,0,0,0,0,0,0,0,0,0,0,0,0,0,0,0,0,0,0,0,0,91,247,253,51,0,0,0,0,0,0,0,0,0,0,0,0,0,0,0,0,0,0,0,0,0,0,1,90,252,223,32,1,0,0,0,0,0,0,0,0,0,0,0,0,0,0,0,0,0,0,0,0,0,0,90,253,215,81,0,0,0,0,0,0,0,0,0,0,0,0,0,0,0,0,0,0,0,0,0,0,0,93,250,216,33,0,0,0,0,0,0,0,0,0,0,0,0,0,0,0,0,0,0,0,0,0,0,19,162,245,219,31,0,0,20,66,118,183,183,183,107,0,0,0,0,0,0,0,0,0,0,0,0,0,18,186,253,253,170,95,201,201,217,253,253,253,244,94,15,0,0,0,0,0,0,0,0,0,0,0,0,0,8,151,253,253,253,253,253,253,253,169,101,35,31,0,0,0,0,0,0,0,0,0,0,0,0,0,0,0,0,5,114,135,248,187,135,108,17,3,0,0,0,0,0,0,0,0,0,0,0,0,0,0,0,0,0,0,0,0,0,0,0,0,0,0,0,0,0,0,0,0,0,0,0,0,0,0,0,0,0,0,0,0,0,0,0,0,0,0,0,0,0,0,0,0,0,0,0,0,0,0,0,0,0,0,0,0,0,0,0,0,0,0,0,0,0,0,0,0,0,0,0,0,0,0,0,0,0,0,0,0,0,0,0,0,0,0,0,0,0,0,0,0,0,0,0,0,0,0,0,0,0,0,0,0,0,0,0,0,0,0,0,0
4,0,0,0,0,0,0,0,0,0,0,0,0,0,0,0,0,0,0,0,0,0,0,0,0,0,0,0,0,0,0,0,0,0,0,0,0,0,0,0,0,0,0,0,0,0,0,0,0,0,0,0,0,0,0,0,0,0,0,0,0,0,0,0,0,0,0,0,0,0,0,0,0,0,0,0,0,0,0,0,0,0,0,0,0,0,0,0,0,0,0,0,0,0,0,0,0,0,0,0,0,0,0,0,0,0,0,0,0,0,0,0,0,0,0,0,0,0,0,0,0,0,0,0,0,0,0,0,0,0,0,0,0,0,0,0,0,0,0,0,0,0,0,0,0,0,0,0,0,0,0,0,0,0,0,0,0,0,0,3,99,225,213,83,0,0,0,0,0,0,0,0,0,0,0,0,0,0,0,0,0,0,0,0,0,0,0,49,252,234,130,67,0,0,0,0,0,0,0,0,0,0,0,0,0,0,0,0,0,0,86,157,18,0,40,175,214,23,0,0,0,0,0,0,0,0,0,0,0,0,0,0,0,0,0,0,17,95,244,252,40,17,221,252,169,0,0,0,0,0,0,0,0,0,0,0,0,0,0,0,0,0,0,0,114,252,252,165,3,136,252,217,21,0,0,0,0,0,0,0,0,0,0,0,0,0,0,0,0,0,18,165,241,252,252,131,13,252,252,204,0,0,0,0,0,0,0,0,0,0,0,0,0,0,0,0,0,40,216,252,252,133,48,25,13,252,252,106,0,0,0,73,8,0,0,0,0,0,0,0,0,0,0,0,14,184,252,224,116,5,0,0,59,252,252,84,70,189,217,247,23,0,0,0,0,0,0,0,0,0,0,0,146,252,252,71,0,0,0,0,242,252,252,214,211,252,216,40,3,0,0,0,0,0,0,0,0,0,0,0,157,252,223,31,0,0,110,178,253,252,252,252,165,98,8,0,0,0,0,0,0,0,0,0,0,0,0,24,249,253,253,253,253,253,253,253,255,246,166,98,0,0,0,0,0,0,0,0,0,0,0,0,0,0,0,0,157,252,252,252,252,252,252,252,246,46,0,0,0,0,0,0,0,0,0,0,0,0,0,0,0,0,0,0,60,96,96,96,96,110,241,252,224,0,0,0,0,0,0,0,0,0,0,0,0,0,0,0,0,0,0,0,0,0,0,0,0,120,252,252,98,0,0,0,0,0,0,0,0,0,0,0,0,0,0,0,0,0,0,0,0,0,0,0,61,242,252,165,0,0,0,0,0,0,0,0,0,0,0,0,0,0,0,0,0,0,0,0,0,0,0,0,85,252,252,98,0,0,0,0,0,0,0,0,0,0,0,0,0,0,0,0,0,0,0,0,0,0,0,0,182,252,216,8,0,0,0,0,0,0,0,0,0,0,0,0,0,0,0,0,0,0,0,0,0,0,0,109,246,252,143,0,0,0,0,0,0,0,0,0,0,0,0,0,0,0,0,0,0,0,0,0,0,0,0,193,252,252,34,0,0,0,0,0,0,0,0,0,0,0,0,0,0,0,0,0,0,0,0,0,0,0,0,135,252,103,1,0,0,0,0,0,0,0,0,0,0,0,0,0,0,0,0,0,0,0,0,0,0,0,0,0,0,0,0,0,0,0,0,0,0,0,0,0,0,0,0,0,0,0,0,0,0,0,0,0,0,0,0,0,0,0,0,0,0,0,0,0,0,0,0,0,0,0,0,0,0,0,0,0,0,0,0,0,0,0,0,0,0,0,0,0,0,0,0,0,0,0,0,0,0,0,0,0,0
0,0,0,0,0,0,0,0,0,0,0,0,0,0,0,0,0,0,0,0,0,0,0,0,0,0,0,0,0,0,0,0,0,0,0,0,0,0,0,0,0,0,0,0,0,0,0,0,0,0,0,0,0,0,0,0,0,0,0,0,0,0,0,0,0,0,0,0,0,0,0,0,0,0,0,0,0,0,0,0,0,0,0,0,0,0,0,0,0,0,0,0,0,0,0,0,0,0,0,0,0,0,0,0,0,0,0,0,0,0,0,0,0,0,0,0,0,0,0,0,0,0,64,255,255,255,128,128,0,0,0,0,0,0,0,0,0,0,0,0,0,0,0,0,0,0,0,0,0,64,255,255,255,255,255,255,255,0,0,0,0,0,0,0,0,0,0,0,0,0,0,0,0,0,0,0,64,255,255,191,128,128,255,255,255,191,64,0,0,0,0,0,0,0,0,0,0,0,0,0,0,0,0,0,128,255,255,64,0,0,0,128,191,255,255,64,0,0,0,0,0,0,0,0,0,0,0,0,0,0,0,0,255,255,191,0,0,0,0,0,0,191,255,255,128,0,0,0,0,0,0,0,0,0,0,0,0,0,0,0,255,255,128,0,0,0,0,0,0,0,191,255,255,191,0,0,0,0,0,0,0,0,0,0,0,0,0,0,255,255,64,0,0,0,0,0,0,0,0,128,255,255,64,0,0,0,0,0,0,0,0,0,0,0,0,64,255,255,0,0,0,0,0,0,0,0,0,0,64,255,255,191,0,0,0,0,0,0,0,0,0,0,0,128,255,255,0,0,0,0,0,0,0,0,0,0,0,64,255,255,191,0,0,0,0,0,0,0,0,0,0,128,255,255,0,0,0,0,0,0,0,0,0,0,0,0,0,191,255,64,0,0,0,0,0,0,0,0,0,128,255,255,0,0,0,0,0,0,0,0,0,0,0,0,0,64,255,255,0,0,0,0,0,0,0,0,0,64,255,255,128,0,0,0,0,0,0,0,0,0,0,0,0,0,128,255,128,0,0,0,0,0,0,0,0,0,191,255,255,0,0,0,0,0,0,0,0,0,0,0,0,0,0,255,128,0,0,0,0,0,0,0,0,0,128,255,255,128,0,0,0,0,0,0,0,0,0,0,0,0,0,255,128,0,0,0,0,0,0,0,0,0,64,255,255,255,64,0,0,0,0,0,0,0,0,0,0,0,64,255,128,0,0,0,0,0,0,0,0,0,0,64,255,255,255,64,0,0,0,0,0,0,0,0,0,0,191,255,128,0,0,0,0,0,0,0,0,0,0,64,255,255,255,255,128,0,0,0,0,0,0,0,0,255,255,191,0,0,0,0,0,0,0,0,0,0,0,0,0,128,255,255,255,255,191,0,0,0,64,191,255,255,191,0,0,0,0,0,0,0,0,0,0,0,0,0,0,0,64,191,255,255,255,255,255,255,255,255,255,191,0,0,0,0,0,0,0,0,0,0,0,0,0,0,0,0,0,0,0,64,191,255,255,255,255,255,128,0,0,0,0,0,0,0,0,0,0,0,0,0,0,0,0,0,0,0,0,0,0,0,0,0,0,0,0,0,0,0,0,0,0,0,0,0,0,0,0,0,0,0,0,0,0,0,0,0,0,0,0,0,0,0,0,0,0,0,0,0,0,0,0,0,0,0,0,0,0,0,0,0,0,0,0,0,0,0,0,0,0,0,0,0,0,0,0,0,0,0,0,0,0,0,0,0,0,0,0,0,0,0,0,0,0,0,0,0,0,0,0,0,0,0,0,0,0
9,0,0,0,0,0,0,0,0,0,0,0,0,0,0,0,0,0,0,0,0,0,0,0,0,0,0,0,0,0,0,0,0,0,0,0,0,0,0,0,0,0,0,0,0,0,0,0,0,0,0,0,0,0,0,0,0,0,0,0,0,0,0,0,0,0,0,0,0,0,0,0,0,0,0,0,0,0,0,0,0,0,0,0,0,0,0,0,0,0,0,0,0,0,0,0,0,0,0,0,0,0,0,0,0,0,0,0,0,0,0,0,0,0,0,0,0,0,0,0,0,0,0,0,0,0,0,0,0,0,0,0,0,0,0,0,0,0,0,0,0,0,0,0,0,0,0,0,0,0,0,0,0,0,0,0,0,0,0,0,0,0,0,0,0,0,0,0,0,0,0,0,0,0,0,0,0,0,0,0,0,80,214,254,254,164,19,0,0,0,0,0,0,0,0,0,0,0,0,0,0,0,0,0,0,0,0,37,126,243,253,253,253,253,128,0,0,0,0,0,0,0,0,0,0,0,0,0,0,0,0,0,0,0,34,167,253,253,253,199,89,203,201,8,0,0,0,0,0,0,0,0,0,0,0,0,0,0,0,0,0,0,137,253,250,196,36,7,0,68,253,162,0,0,0,0,0,0,0,0,0,0,0,0,0,0,0,0,0,82,246,253,184,0,0,0,0,5,196,228,0,0,0,0,0,0,0,0,0,0,0,0,0,0,0,0,0,174,253,165,11,0,0,0,0,2,179,228,0,0,0,0,0,0,0,0,0,0,0,0,0,0,0,0,7,201,232,19,0,0,0,0,0,15,253,247,88,0,0,0,0,0,0,0,0,0,0,0,0,0,0,0,21,253,129,0,0,0,0,0,0,71,253,253,173,0,0,0,0,0,0,0,0,0,0,0,0,0,0,0,21,253,124,0,0,0,0,0,0,152,253,254,136,0,0,0,0,0,0,0,0,0,0,0,0,0,0,0,21,253,124,0,0,0,0,0,119,253,253,253,74,0,0,0,0,0,0,0,0,0,0,0,0,0,0,0,4,190,124,0,0,0,0,87,235,253,253,253,73,0,0,0,0,0,0,0,0,0,0,0,0,0,0,0,0,174,147,0,0,23,120,235,253,230,253,228,0,0,0,0,0,0,0,0,0,0,0,0,0,0,0,0,0,27,223,181,170,229,253,253,157,24,182,228,0,0,0,0,0,0,0,0,0,0,0,0,0,0,0,0,0,0,103,253,253,253,240,142,32,0,169,228,0,0,0,0,0,0,0,0,0,0,0,0,0,0,0,0,0,0,4,63,128,128,65,0,0,0,169,228,0,0,0,0,0,0,0,0,0,0,0,0,0,0,0,0,0,0,0,0,0,0,0,0,0,0,169,228,0,0,0,0,0,0,0,0,0,0,0,0,0,0,0,0,0,0,0,0,0,0,0,0,0,0,169,228,0,0,0,0,0,0,0,0,0,0,0,0,0,0,0,0,0,0,0,0,0,0,0,0,0,0,169,228,0,0,0,0,0,0,0,0,0,0,0,0,0,0,0,0,0,0,0,0,0,0,0,0,0,0,169,228,0,0,0,0,0,0,0,0,0,0,0,0,0,0,0,0,0,0,0,0,0,0,0,0,0,0,169,228,0,0,0,0,0,0,0,0,0,0,0,0,0,0,0,0,0,0,0,0,0,0,0,0,0,0,0,0,0,0,0,0,0,0,0,0,0,0,0,0,0,0,0,0,0,0,0,0,0,0,0,0,0,0,0,0,0,0,0,0,0,0,0,0,0
8,0,0,0,0,0,0,0,0,0,0,0,0,0,0,0,0,0,0,0,0,0,0,0,0,0,0,0,0,0,0,0,0,0,0,0,0,0,0,0,0,0,0,0,0,0,0,0,0,0,0,0,0,0,0,0,0,0,0,0,0,0,0,0,0,0,0,0,0,0,0,0,0,0,0,0,0,0,0,0,0,0,0,0,0,0,0,0,0,0,0,0,0,0,0,0,0,0,0,0,0,0,0,0,0,255,211,7,0,0,0,0,0,0,0,0,0,0,0,0,0,0,0,0,0,0,0,0,0,0,0,0,0,253,252,69,0,0,0,0,0,0,0,0,0,0,0,0,0,0,0,7,142,184,65,0,0,0,0,0,0,253,252,171,13,0,0,0,0,0,0,0,0,0,0,0,0,0,0,66,252,252,236,19,0,0,0,0,0,159,252,252,88,0,0,0,0,0,0,0,0,0,0,0,0,0,0,138,252,252,252,22,0,0,0,0,0,86,252,252,160,0,0,0,0,0,0,0,0,0,0,0,0,0,0,76,253,253,253,23,0,0,0,0,0,24,253,253,253,23,0,0,0,0,0,0,0,0,0,0,0,0,0,24,252,252,252,22,0,0,0,0,0,19,236,252,252,22,0,0,0,0,0,0,0,0,0,0,0,0,0,24,252,252,252,107,0,0,0,0,0,7,186,252,252,22,0,0,0,0,0,0,0,0,0,0,0,0,0,15,219,252,252,137,0,0,0,0,43,160,252,252,218,14,0,0,0,0,0,0,0,0,0,0,0,0,0,0,161,252,252,242,0,22,116,210,240,253,252,252,160,0,0,0,0,0,0,0,0,0,0,0,0,0,0,0,162,253,253,253,255,253,253,253,253,255,249,146,21,0,0,0,0,0,0,0,0,0,0,0,0,0,22,57,219,252,252,252,253,252,252,252,231,196,75,0,0,0,0,0,0,0,0,0,0,0,0,0,51,112,215,253,252,252,252,252,253,252,233,183,48,0,0,0,0,0,0,0,0,0,0,0,0,0,0,81,240,252,252,253,252,252,252,252,253,172,33,0,0,0,0,0,0,0,0,0,0,0,0,0,0,0,22,244,252,252,252,190,137,168,252,252,253,143,0,0,0,0,0,0,0,0,0,0,0,0,0,0,0,0,24,253,253,253,253,11,0,70,253,253,255,207,0,0,0,0,0,0,0,0,0,0,0,0,0,0,0,0,24,252,252,252,252,203,161,133,252,252,253,206,0,0,0,0,0,0,0,0,0,0,0,0,0,0,0,0,7,90,234,252,252,253,252,252,252,252,253,206,0,0,0,0,0,0,0,0,0,0,0,0,0,0,0,0,0,0,65,194,252,253,252,252,252,252,253,206,0,0,0,0,0,0,0,0,0,0,0,0,0,0,0,0,0,0,0,9,128,148,252,252,252,252,128,18,0,0,0,0,0,0,0,0,0,0,0,0,0,0,0,0,0,0,0,0,0,0,0,0,0,0,0,0,0,0,0,0,0,0,0,0,0,0,0,0,0,0,0,0,0,0,0,0,0,0,0,0,0,0,0,0,0,0,0,0,0,0,0,0,0,0,0,0,0,0,0,0,0,0,0,0,0,0,0,0,0,0,0,0,0,0,0,0,0,0,0,0,0,0,0,0,0,0,0,0,0,0,0,0,0,0,0,0,0,0,0,0,0,0,0,0,0,0,0,0,0,0,0,0,0,0,0,0,0,0,0,0,0,0,0,0,0,0,0,0,0,0,0,0,0,0,0,0,0,0,0
0,0,0,0,0,0,0,0,0,0,0,0,0,0,0,0,0,0,0,0,0,0,0,0,0,0,0,0,0,0,0,0,0,0,0,0,0,0,0,0,0,0,0,0,0,0,0,0,0,0,0,0,0,0,0,0,0,0,0,0,0,0,0,0,0,0,0,0,0,0,0,0,0,0,0,0,0,0,0,0,0,0,0,0,0,0,0,0,0,0,0,0,0,0,0,0,0,0,0,0,0,0,0,0,0,0,0,0,0,0,0,0,0,0,0,0,0,0,0,0,0,0,0,0,0,0,0,0,0,0,0,0,0,0,0,0,0,0,0,0,0,0,0,0,0,0,0,0,0,0,0,0,60,191,255,228,141,141,255,253,253,153,26,0,0,0,0,0,0,0,0,0,0,0,0,0,0,0,0,38,234,252,253,252,252,252,253,252,252,252,244,82,0,0,0,0,0,0,0,0,0,0,0,0,0,0,0,95,252,252,253,252,252,252,168,142,94,243,253,196,0,0,0,0,0,0,0,0,0,0,0,0,0,0,126,243,252,252,253,252,252,252,0,0,0,125,253,246,50,0,0,0,0,0,0,0,0,0,0,0,0,13,255,253,244,25,192,253,253,253,129,10,0,0,254,253,119,0,0,0,0,0,0,0,0,0,0,0,0,138,253,252,142,0,47,109,196,196,84,28,0,0,253,252,168,0,0,0,0,0,0,0,0,0,0,0,0,225,253,208,13,0,0,0,0,0,0,0,0,0,253,252,234,22,0,0,0,0,0,0,0,0,0,0,38,237,253,196,0,0,0,0,0,0,0,0,0,0,253,252,252,28,0,0,0,0,0,0,0,0,0,0,198,253,251,75,0,0,0,0,0,0,0,0,0,126,254,253,206,13,0,0,0,0,0,0,0,0,0,38,234,252,150,0,0,0,0,0,0,0,0,0,19,231,253,240,81,0,0,0,0,0,0,0,0,0,0,57,252,252,113,0,0,0,0,0,0,0,0,0,85,252,253,158,0,0,0,0,0,0,0,0,0,0,0,157,252,252,113,0,0,0,0,0,0,0,0,51,234,252,241,47,0,0,0,0,0,0,0,0,0,0,16,216,253,253,0,0,0,0,0,0,0,0,79,216,253,253,101,0,0,0,0,0,0,0,0,0,0,0,29,252,252,177,0,0,0,0,0,0,0,51,216,252,252,151,0,0,0,0,0,0,0,0,0,0,0,0,66,252,252,52,0,0,0,0,0,19,123,246,253,252,186,19,0,0,0,0,0,0,0,0,0,0,0,0,41,252,252,78,0,0,0,0,13,144,252,252,253,202,6,0,0,0,0,0,0,0,0,0,0,0,0,0,29,253,253,203,79,29,29,128,254,253,253,253,163,0,0,0,0,0,0,0,0,0,0,0,0,0,0,0,10,196,252,252,253,252,252,252,253,252,252,102,38,0,0,0,0,0,0,0,0,0,0,0,0,0,0,0,0,63,234,252,253,252,252,252,244,142,56,6,0,0,0,0,0,0,0,0,0,0,0,0,0,0,0,0,0,0,59,139,203,252,164,40,25,0,0,0,0,0,0,0,0,0,0,0,0,0,0,0,0,0,0,0,0,0,0,0,0,0,0,0,0,0,0,0,0,0,0,0,0,0,0,0,0,0,0,0,0,0,0,0,0,0,0,0,0,0,0,0,0,0,0,0,0,0,0,0,0,0,0,0,0,0,0,0,0,0,0,0,0,0,0,0,0,0,0,0,0,0,0,0,0,0,0,0,0,0,0,0,0,0,0
2,0,0,0,0,0,0,0,0,0,0,0,0,0,0,0,0,0,0,0,0,0,0,0,0,0,0,0,0,0,0,0,0,0,0,0,0,0,0,0,0,0,0,0,0,0,0,0,0,0,0,0,0,0,0,0,0,0,0,0,0,0,0,0,0,0,0,0,0,0,0,0,0,0,0,0,0,0,0,0,0,0,0,0,0,0,0,0,0,0,0,0,0,0,0,0,0,0,0,0,0,0,0,0,0,0,0,0,0,0,0,0,0,0,0,0,0,0,0,0,0,0,0,0,0,0,0,0,0,0,0,0,0,0,0,0,0,0,0,0,0,0,0,0,0,0,0,0,0,0,57,57,0,0,0,0,0,0,0,0,0,0,0,0,0,0,0,0,0,0,0,0,0,0,0,0,0,0,255,255,255,255,255,255,255,255,255,226,170,86,0,0,0,0,0,0,0,0,0,0,0,0,0,0,0,0,86,86,86,0,0,0,29,86,57,114,255,255,0,0,0,0,0,0,0,0,0,0,0,0,0,0,0,0,0,0,0,0,0,0,0,0,0,114,255,226,0,0,0,0,0,0,0,0,0,0,0,0,0,0,0,0,0,0,0,0,0,0,0,29,170,255,198,29,0,0,0,0,0,0,0,0,0,0,0,0,0,0,0,0,0,0,0,0,0,0,29,226,255,141,0,0,0,0,0,0,0,0,0,0,0,0,0,0,0,0,0,0,0,0,0,0,0,0,226,255,198,0,0,0,0,0,0,0,0,0,0,0,0,0,0,0,0,0,0,0,0,0,0,0,0,170,255,141,0,0,0,0,0,0,0,0,0,0,0,0,0,0,0,0,0,0,0,0,0,0,0,57,226,198,114,0,0,0,0,0,0,0,0,0,0,0,0,0,0,0,0,0,0,0,0,0,0,0,114,255,170,0,0,0,0,0,0,0,0,0,0,0,0,0,0,0,0,0,0,0,0,0,0,0,86,198,226,114,0,0,0,0,0,0,0,0,0,0,0,0,0,0,0,0,0,0,0,0,0,0,0,86,255,255,114,0,0,0,0,0,0,0,0,0,0,0,0,0,0,0,0,0,0,0,0,0,0,0,57,226,255,255,255,255,255,86,0,0,0,0,0,0,0,0,0,0,0,0,0,0,0,0,0,0,0,170,255,255,114,29,0,0,226,255,141,0,0,0,0,0,0,0,0,0,0,0,0,0,0,0,0,0,170,255,198,86,0,0,0,0,29,255,255,198,57,0,0,0,0,0,0,0,0,0,0,0,0,0,0,0,170,86,0,0,0,0,0,0,0,57,226,255,255,255,170,86,86,86,86,57,0,0,0,0,0,0,0,0,0,0,0,0,0,0,0,0,0,0,29,141,198,255,255,255,255,226,170,170,0,0,0,0,0,0,0,0,0,0,0,0,0,0,0,0,0,0,0,0,0,0,0,0,0,0,0,0,0,0,0,0,0,0,0,0,0,0,0,0,0,0,0,0,0,0,0,0,0,0,0,0,0,0,0,0,0,0,0,0,0,0,0,0,0,0,0,0,0,0,0,0,0,0,0,0,0,0,0,0,0,0,0,0,0,0,0,0,0,0,0,0,0,0,0,0,0,0,0,0,0,0,0,0,0,0,0,0,0,0,0,0,0,0,0,0,0,0,0,0,0,0,0,0,0,0,0,0,0,0,0,0,0,0,0,0,0,0,0,0,0,0,0,0,0,0,0,0,0,0,0,0,0,0,0,0,0,0,0,0,0,0,0,0,0,0,0,0,0,0,0
6,0,0,0,0,0,0,0,0,0,0,0,0,0,0,0,0,0,0,0,0,0,0,0,0,0,0,0,0,0,0,0,0,0,0,0,0,0,0,0,0,0,0,0,0,0,0,0,0,0,0,0,0,0,0,0,0,0,0,0,0,0,0,0,0,62,254,254,254,228,0,0,0,0,0,0,0,0,0,0,0,0,0,0,0,0,0,0,0,0,0,0,0,171,253,253,253,226,0,0,0,0,0,0,0,0,0,0,0,0,0,0,0,0,0,0,0,0,0,0,39,241,253,253,253,251,138,0,0,0,0,0,0,0,0,0,0,0,0,0,0,0,0,0,0,0,0,0,158,253,253,253,253,253,147,0,0,0,0,0,0,0,0,0,0,0,0,0,0,0,0,0,0,0,0,69,240,253,253,253,253,248,123,0,0,0,0,0,0,0,0,0,0,0,0,0,0,0,0,0,0,0,0,80,253,253,253,253,253,226,0,0,0,0,0,0,0,0,0,0,0,0,0,0,0,0,0,0,0,0,0,219,253,253,253,248,141,46,0,0,0,0,0,0,0,0,0,0,0,0,0,0,0,0,0,0,0,0,0,254,253,253,253,135,0,0,0,0,0,0,0,0,0,0,0,0,0,0,0,0,0,0,0,0,0,0,0,255,253,253,150,10,0,0,0,0,0,6,9,9,1,0,0,0,0,0,0,0,0,0,0,0,0,0,0,254,253,253,113,0,0,0,0,4,88,196,253,253,105,88,15,0,0,0,0,0,0,0,0,0,0,0,0,254,253,212,39,0,0,0,0,125,253,253,253,253,253,253,158,0,0,0,0,0,0,0,0,0,0,0,0,254,253,191,0,0,0,75,246,251,253,253,253,253,253,253,252,246,107,0,0,0,0,0,0,0,0,0,0,254,253,191,0,0,0,202,253,253,253,253,253,253,253,253,253,253,246,93,0,0,0,0,0,0,0,0,0,255,253,247,130,7,112,248,253,253,253,253,153,25,62,227,253,253,253,243,70,0,0,0,0,0,0,0,0,254,253,253,253,126,124,253,253,253,253,166,4,0,0,64,231,253,253,253,78,0,0,0,0,0,0,0,0,230,253,253,253,245,231,253,253,253,253,225,211,211,211,211,246,253,253,253,78,0,0,0,0,0,0,0,0,80,253,253,253,253,253,253,253,253,253,253,253,253,253,253,253,253,253,253,78,0,0,0,0,0,0,0,0,19,169,239,253,253,253,253,253,253,253,253,253,253,253,253,253,253,239,168,19,0,0,0,0,0,0,0,0,0,0,39,210,253,253,253,253,253,253,253,253,253,253,253,172,156,37,0,0,0,0,0,0,0,0,0,0,0,0,0,43,78,78,96,253,253,253,253,83,78,78,78,13,0,0,0,0,0,0,0,0,0,0,0,0,0,0,0,0,0,0,0,0,0,0,0,0,0,0,0,0,0,0,0,0,0,0,0,0,0,0,0,0,0,0,0,0,0,0,0,0,0,0,0,0,0,0,0,0,0,0,0,0,0,0,0,0,0,0,0,0,0,0,0,0,0,0,0,0,0,0,0,0,0,0,0,0,0,0,0,0,0,0,0,0,0,0,0,0,0,0,0,0,0,0,0,0,0,0,0,0,0,0,0,0,0,0,0,0,0,0,0,0,0,0,0,0,0,0,0,0,0,0,0,0,0,0,0,0,0,0,0,0,0,0,0,0,0,0,0,0,0,0,0,0,0,0,0,0,0,0,0,0,0,0,0,0,0,0,0,0,0,0,0,0,0,0
0,0,0,0,0,0,0,0,0,0,0,0,0,0,0,0,0,0,0,0,0,0,0,0,0,0,0,0,0,0,0,0,0,0,0,0,0,0,0,0,0,0,0,0,0,0,0,0,0,0,0,0,0,0,0,0,0,0,0,0,0,0,0,0,0,0,0,0,0,0,0,0,0,0,0,0,0,0,0,0,0,0,0,0,0,0,0,0,0,0,0,0,0,0,0,0,0,0,0,0,0,0,0,0,0,0,0,0,0,0,0,0,0,0,0,0,0,0,0,0,0,0,0,0,0,0,0,0,0,0,0,0,0,0,0,0,0,0,0,0,0,0,0,0,0,0,0,0,0,0,84,202,79,35,177,123,0,0,0,36,48,48,44,0,0,0,0,0,0,0,0,0,0,0,0,0,0,0,84,254,254,231,254,253,177,134,198,241,254,254,241,31,0,0,0,0,0,0,0,0,0,0,0,0,0,0,38,229,254,254,254,254,254,254,254,254,254,254,254,192,6,0,0,0,0,0,0,0,0,0,0,0,0,0,0,88,254,254,254,254,254,254,172,171,171,197,254,254,36,0,0,0,0,0,0,0,0,0,0,0,0,0,43,237,254,254,254,196,20,20,1,0,0,39,231,254,142,0,0,0,0,0,0,0,0,0,0,0,0,0,84,254,255,254,254,145,0,0,0,0,0,0,96,254,244,0,0,0,0,0,0,0,0,0,0,0,0,3,179,254,254,254,254,237,7,0,0,0,0,0,12,216,253,82,0,0,0,0,0,0,0,0,0,0,0,37,254,254,237,247,254,254,99,0,0,0,0,0,0,146,254,94,0,0,0,0,0,0,0,0,0,0,0,125,254,254,139,95,254,254,143,0,0,0,0,0,0,68,254,94,0,0,0,0,0,0,0,0,0,0,0,162,254,254,181,121,254,254,202,0,0,0,0,0,0,27,233,157,0,0,0,0,0,0,0,0,0,0,37,249,254,254,181,121,254,254,202,0,0,0,0,0,0,0,219,114,0,0,0,0,0,0,0,0,0,0,154,254,254,254,223,240,254,254,84,0,0,0,0,0,0,39,239,94,0,0,0,0,0,0,0,0,0,0,198,254,254,254,254,254,254,170,0,0,0,0,0,0,8,175,254,94,0,0,0,0,0,0,0,0,0,0,198,254,254,254,254,254,208,26,0,0,0,0,0,10,178,254,232,6,0,0,0,0,0,0,0,0,0,0,198,254,254,254,232,170,25,0,0,0,0,0,55,205,254,254,66,0,0,0,0,0,0,0,0,0,0,0,189,254,220,44,18,0,0,0,0,0,21,136,243,254,253,135,4,0,0,0,0,0,0,0,0,0,0,0,70,252,254,201,68,41,68,68,90,172,253,254,254,254,135,0,0,0,0,0,0,0,0,0,0,0,0,0,0,198,254,254,254,240,254,254,254,254,254,247,188,66,4,0,0,0,0,0,0,0,0,0,0,0,0,0,0,52,188,254,254,254,254,254,254,254,181,23,0,0,0,0,0,0,0,0,0,0,0,0,0,0,0,0,0,0,16,142,150,242,254,167,129,46,1,0,0,0,0,0,0,0,0,0,0,0,0,0,0,0,0,0,0,0,0,0,0,0,0,0,0,0,0,0,0,0,0,0,0,0,0,0,0,0,0,0,0,0,0,0,0,0,0,0,0,0,0,0,0,0,0,0,0,0,0,0,0,0,0,0,0,0,0,0,0,0,0,0,0,0,0,0,0,0,0,0,0,0,0,0,0,0,0,0,0,0,0,0,0
2,0,0,0,0,0,0,0,0,0,0,0,0,0,0,0,0,0,0,0,0,0,0,0,0,0,0,0,0,0,0,0,0,0,0,0,0,0,0,0,0,0,0,0,0,0,0,0,0,0,0,0,0,0,0,0,0,0,0,0,0,0,0,0,0,0,0,0,0,0,0,0,0,0,0,0,0,0,0,0,0,0,0,0,0,0,0,0,0,0,0,0,0,0,0,0,0,0,0,0,0,0,0,0,0,0,0,0,0,0,0,0,0,0,0,0,0,0,0,0,0,0,0,77,121,190,255,253,253,140,89,0,0,0,0,0,0,0,0,0,0,0,0,0,0,0,0,0,0,23,198,247,252,252,253,252,252,252,249,212,34,0,0,0,0,0,0,0,0,0,0,0,0,0,0,0,0,125,252,242,158,158,159,158,158,237,252,252,234,83,0,0,0,0,0,0,0,0,0,0,0,0,0,0,0,9,39,35,0,0,0,0,0,33,96,252,252,205,0,0,0,0,0,0,0,0,0,0,0,0,0,0,0,0,0,0,0,0,0,0,0,0,67,252,252,225,0,0,0,0,0,0,0,0,0,0,0,0,0,0,0,0,0,0,0,0,0,0,0,0,67,252,252,225,0,0,0,0,0,0,0,0,0,0,0,0,0,0,0,0,0,0,0,0,0,0,0,0,67,252,252,225,0,0,0,0,0,0,0,0,0,0,0,0,0,0,0,0,0,0,0,0,0,0,0,0,67,252,252,140,0,0,0,0,0,0,0,0,0,0,0,0,0,0,0,0,0,0,0,0,0,0,0,5,147,252,250,88,0,0,0,0,0,0,0,0,0,0,0,0,0,0,0,0,0,0,0,0,0,0,0,150,252,252,141,0,0,0,0,0,0,0,0,0,0,0,0,0,0,0,0,0,0,0,0,0,0,0,0,214,253,228,42,0,0,0,0,0,0,0,0,0,0,0,0,0,0,0,0,0,0,0,0,0,0,0,145,250,252,72,0,0,0,0,0,0,0,0,0,0,0,0,0,0,0,0,0,0,0,0,0,0,0,145,249,252,142,7,0,0,0,0,0,0,0,0,0,0,0,0,0,0,0,0,22,81,81,38,38,81,144,250,252,72,8,0,0,0,0,0,0,0,0,0,0,0,0,0,0,0,61,179,214,252,252,224,224,252,253,252,142,8,0,0,0,0,0,0,0,0,0,0,0,0,0,0,0,23,232,252,252,252,252,252,252,252,253,252,74,9,0,0,0,0,0,0,0,0,0,0,0,0,0,0,0,107,252,252,252,252,252,252,250,212,253,252,252,185,58,0,0,0,0,0,0,0,0,0,0,0,0,0,0,96,249,252,252,252,252,235,143,0,93,159,252,252,227,62,119,143,0,0,0,0,0,0,0,0,0,0,0,0,95,218,238,210,106,39,0,0,0,45,154,250,252,252,252,147,0,0,0,0,0,0,0,0,0,0,0,0,0,0,0,0,0,0,0,0,0,0,0,142,252,252,160,44,0,0,0,0,0,0,0,0,0,0,0,0,0,0,0,0,0,0,0,0,0,0,0,0,0,0,0,0,0,0,0,0,0,0,0,0,0,0,0,0,0,0,0,0,0,0,0,0,0,0,0,0,0,0,0,0,0,0,0,0,0,0,0,0,0,0,0,0,0,0,0,0,0,0,0,0,0,0,0,0,0,0,0,0,0,0,0,0,0,0,0,0,0,0,0,0,0,0,0,0,0,0,0,0,0,0,0,0,0,0,0,0,0,0,0,0,0,0,0
3,0,0,0,0,0,0,0,0,0,0,0,0,0,0,0,0,0,0,0,0,0,0,0,0,0,0,0,0,0,0,0,0,0,0,0,0,0,0,0,0,0,0,0,0,0,0,0,0,0,0,0,0,0,0,0,0,0,0,0,0,0,0,0,0,0,0,0,0,0,0,0,0,0,0,0,0,0,0,0,0,0,0,0,0,0,0,0,0,0,0,0,0,0,0,0,0,0,0,0,0,0,0,0,0,0,0,0,0,0,0,0,0,0,0,0,0,0,0,0,0,0,0,0,0,0,0,0,0,0,0,0,0,0,0,0,0,0,0,0,0,0,0,0,0,0,0,0,0,0,0,0,0,0,0,0,0,0,0,0,0,0,0,0,0,0,0,0,0,0,0,0,0,0,0,76,250,255,228,178,203,141,116,29,16,0,0,0,0,0,0,0,0,0,0,0,0,0,0,0,0,0,0,0,200,253,252,252,252,253,252,252,215,101,0,0,0,0,0,0,0,0,0,0,0,0,0,0,0,0,0,0,76,216,252,252,252,253,252,252,252,235,28,0,0,0,0,0,0,0,0,0,0,0,0,0,0,0,0,0,0,16,103,103,28,140,165,252,252,241,47,0,0,0,0,0,0,0,0,0,0,0,0,0,0,0,0,0,0,0,0,0,0,0,0,198,253,226,0,0,0,0,0,0,0,0,0,0,0,0,0,0,0,0,0,0,0,0,0,0,0,0,63,234,252,225,0,0,0,0,0,0,0,0,0,0,0,0,0,0,0,0,0,0,0,0,0,0,0,60,234,252,252,100,0,0,0,0,0,0,0,0,0,0,0,0,0,0,0,0,0,0,0,0,0,0,51,241,252,252,151,0,0,0,0,0,0,0,0,0,0,0,0,0,0,0,0,0,0,0,0,0,0,111,241,254,253,194,13,0,0,0,0,0,0,0,0,0,0,0,0,0,0,0,0,0,0,0,0,0,0,104,246,253,252,187,119,51,0,0,0,0,0,0,0,0,0,0,0,0,0,0,0,0,0,0,0,0,0,0,137,253,252,252,252,247,197,110,10,0,0,0,0,0,0,0,0,0,0,0,0,0,0,0,0,0,0,0,13,40,139,228,252,253,252,252,178,0,0,0,0,0,0,0,0,0,0,0,0,0,0,0,0,0,0,0,0,0,0,0,51,179,253,253,253,176,0,0,0,0,0,0,0,0,0,0,0,0,0,0,0,0,0,0,0,0,0,0,0,10,171,252,252,225,0,0,0,0,0,0,0,0,0,0,0,0,0,0,0,0,0,0,0,0,0,0,0,0,57,252,252,225,0,0,0,0,0,0,0,0,0,0,0,0,0,0,0,0,0,0,0,0,0,0,0,0,107,252,252,225,0,0,0,0,0,0,0,0,0,0,0,0,0,0,0,0,0,0,0,0,0,0,0,16,216,253,253,101,0,0,0,0,0,0,0,0,0,0,0,0,0,0,0,0,0,0,0,0,0,0,51,179,252,252,227,0,0,0,0,0,0,0,0,0,0,0,0,0,0,0,0,0,0,0,0,0,0,154,246,253,252,224,43,0,0,0,0,0,0,0,0,0,0,0,0,0,0,0,0,0,0,0,0,0,0,59,190,241,139,43,0,0,0,0,0,0,0,0,0,0,0,0,0,0,0,0,0,0,0,0,0,0,0,0,0,0,0,0,0,0,0,0,0,0,0,0,0,0,0,0,0,0,0,0,0,0,0,0,0,0,0,0,0,0,0,0,0,0,0,0,0,0,0,0,0
9,0,0,0,0,0,0,0,0,0,0,0,0,0,0,0,0,0,0,0,0,0,0,0,0,0,0,0,0,0,0,0,0,0,0,0,0,0,0,0,0,0,0,0,0,0,0,0,0,0,0,0,0,0,0,0,0,0,0,0,0,0,0,0,0,0,0,0,0,0,0,0,0,0,0,0,0,0,0,0,0,0,0,0,0,0,0,0,0,0,0,0,0,0,0,0,0,0,0,0,0,0,0,0,0,0,0,0,0,0,0,0,0,0,0,0,0,0,0,0,0,0,0,0,0,0,0,0,0,0,0,0,0,0,0,0,0,0,0,0,0,0,0,0,0,0,0,0,0,0,0,0,0,0,0,0,0,0,0,0,0,0,0,0,0,0,0,0,0,0,0,0,0,0,0,0,0,0,0,0,0,0,0,0,0,0,0,0,0,0,0,0,0,0,0,0,0,0,0,0,0,0,0,0,0,5,66,156,240,254,255,254,180,78,0,0,0,0,0,0,0,0,0,0,0,0,0,0,0,0,0,0,105,227,253,253,248,215,216,215,244,244,173,24,0,0,0,0,0,0,0,0,0,0,0,0,0,0,8,73,242,245,149,59,50,0,0,0,128,253,253,54,0,0,0,0,0,0,0,0,0,0,0,0,0,0,197,253,253,171,0,0,0,0,0,0,197,253,253,246,113,0,0,0,0,0,0,0,0,0,0,0,0,0,145,253,244,80,0,0,0,0,176,190,249,253,253,253,150,0,0,0,0,0,0,0,0,0,0,0,0,0,145,253,206,7,28,0,35,0,242,234,241,253,253,253,110,0,0,0,0,0,0,0,0,0,0,0,0,0,131,253,221,16,0,0,0,0,28,0,31,128,253,246,50,0,0,0,0,0,0,0,0,0,0,0,0,0,42,203,253,162,17,0,0,0,0,0,0,31,242,245,45,0,0,0,0,0,0,0,0,0,0,0,0,0,0,124,253,253,195,26,0,0,0,0,61,150,250,244,39,0,0,0,0,0,0,0,0,0,0,0,0,0,0,20,134,253,253,238,188,153,153,188,238,253,253,234,0,0,0,0,0,0,0,0,0,0,0,0,0,0,0,0,0,77,160,251,254,254,255,254,227,207,254,235,0,0,0,0,0,0,0,0,0,0,0,0,0,0,0,0,0,0,0,27,108,122,122,73,17,76,253,234,0,0,0,0,0,0,0,0,0,0,0,0,0,0,0,0,0,0,0,0,0,0,0,0,0,76,253,234,0,0,0,0,0,0,0,0,0,0,0,0,0,0,0,0,0,0,0,0,0,0,0,0,0,25,241,246,50,0,0,0,0,0,0,0,0,0,0,0,0,0,0,0,0,0,0,0,0,0,0,0,0,42,245,253,110,0,0,0,0,0,0,0,0,0,0,0,0,0,0,0,0,0,0,0,0,0,0,0,0,14,238,253,157,1,0,0,0,0,0,0,0,0,0,0,0,0,0,0,0,0,0,0,0,0,0,0,0,0,168,253,253,9,0,0,0,0,0,0,0,0,0,0,0,0,0,0,0,0,0,0,0,0,0,0,0,0,51,253,253,65,0,0,0,0,0,0,0,0,0,0,0,0,0,0,0,0,0,0,0,0,0,0,0,0,42,247,253,103,0,0,0,0,0,0,0,0,0,0,0,0,0,0,0,0,0,0,0,0,0,0,0,0,0,61,225,103,0,0,0,0,0,0,0,0,0,0,0,0,0,0,0,0,0,0,0,0,0,0,0,0,0,0,0,0,0,0,0,0,0,0,0
1,0,0,0,0,0,0,0,0,0,0,0,0,0,0,0,0,0,0,0,0,0,0,0,0,0,0,0,0,0,0,0,0,0,0,0,0,0,0,0,0,0,0,0,0,0,0,0,0,0,0,0,0,0,0,0,0,0,0,0,0,0,0,0,0,0,0,0,0,0,0,0,0,0,0,0,0,0,0,0,0,0,0,0,0,0,0,0,0,0,0,0,0,0,0,0,0,0,0,0,0,0,0,0,0,0,0,0,0,0,0,0,0,0,0,0,0,0,0,0,0,0,0,0,0,11,216,222,59,0,0,0,0,0,0,0,0,0,0,0,0,0,0,0,0,0,0,0,0,0,0,0,0,102,254,254,92,0,0,0,0,0,0,0,0,0,0,0,0,0,0,0,0,0,0,0,0,0,0,0,0,6,162,254,92,0,0,0,0,0,0,0,0,0,0,0,0,0,0,0,0,0,0,0,0,0,0,0,0,0,110,254,98,0,0,0,0,0,0,0,0,0,0,0,0,0,0,0,0,0,0,0,0,0,0,0,0,0,110,254,182,0,0,0,0,0,0,0,0,0,0,0,0,0,0,0,0,0,0,0,0,0,0,0,0,0,110,255,182,0,0,0,0,0,0,0,0,0,0,0,0,0,0,0,0,0,0,0,0,0,0,0,0,0,110,254,182,0,0,0,0,0,0,0,0,0,0,0,0,0,0,0,0,0,0,0,0,0,0,0,0,0,110,254,182,0,0,0,0,0,0,0,0,0,0,0,0,0,0,0,0,0,0,0,0,0,0,0,0,0,110,254,182,0,0,0,0,0,0,0,0,0,0,0,0,0,0,0,0,0,0,0,0,0,0,0,0,0,174,254,182,0,0,0,0,0,0,0,0,0,0,0,0,0,0,0,0,0,0,0,0,0,0,0,0,0,201,255,92,0,0,0,0,0,0,0,0,0,0,0,0,0,0,0,0,0,0,0,0,0,0,0,0,0,200,254,92,0,0,0,0,0,0,0,0,0,0,0,0,0,0,0,0,0,0,0,0,0,0,0,0,0,154,254,92,0,0,0,0,0,0,0,0,0,0,0,0,0,0,0,0,0,0,0,0,0,0,0,0,0,110,254,130,0,0,0,0,0,0,0,0,0,0,0,0,0,0,0,0,0,0,0,0,0,0,0,0,0,110,254,182,0,0,0,0,0,0,0,0,0,0,0,0,0,0,0,0,0,0,0,0,0,0,0,0,0,110,255,182,0,0,0,0,0,0,0,0,0,0,0,0,0,0,0,0,0,0,0,0,0,0,0,0,0,110,254,197,4,0,0,0,0,0,0,0,0,0,0,0,0,0,0,0,0,0,0,0,0,0,0,0,0,31,254,254,64,0,0,0,0,0,0,0,0,0,0,0,0,0,0,0,0,0,0,0,0,0,0,0,0,4,126,254,223,29,0,0,0,0,0,0,0,0,0,0,0,0,0,0,0,0,0,0,0,0,0,0,0,0,26,254,234,23,0,0,0,0,0,0,0,0,0,0,0,0,0,0,0,0,0,0,0,0,0,0,0,0,0,0,0,0,0,0,0,0,0,0,0,0,0,0,0,0,0,0,0,0,0,0,0,0,0,0,0,0,0,0,0,0,0,0,0,0,0,0,0,0,0,0,0,0,0,0,0,0,0,0,0,0,0,0,0,0,0,0,0,0,0,0,0,0,0,0,0,0,0,0,0,0,0,0,0,0,0,0,0,0,0,0,0,0,0,0,0,0,0,0,0,0,0,0,0,0,0,0
0,0,0,0,0,0,0,0,0,0,0,0,0,0,0,0,0,0,0,0,0,0,0,0,0,0,0,0,0,0,0,0,0,0,0,0,0,0,0,0,0,0,0,0,0,0,0,0,0,0,0,0,0,0,0,0,0,0,0,0,0,0,0,0,0,0,0,0,0,0,0,0,0,0,0,0,0,0,0,0,0,0,0,0,0,0,0,0,0,0,0,0,0,0,0,0,0,0,0,0,0,0,0,0,0,0,0,0,0,0,0,0,0,0,0,0,0,0,0,0,0,0,0,0,0,0,0,0,0,0,0,0,0,0,0,0,0,0,0,0,0,0,0,0,0,0,0,0,0,0,0,0,0,0,0,0,0,0,0,0,0,0,0,0,0,0,0,0,0,0,0,0,0,0,0,0,0,0,0,0,0,0,0,0,103,190,190,163,85,85,85,182,99,0,0,0,0,0,0,0,0,0,0,0,0,0,0,0,0,11,92,215,253,252,252,252,252,253,252,252,247,188,0,0,0,0,0,0,0,0,0,0,0,0,0,0,48,202,252,252,253,252,252,252,252,253,252,252,252,252,0,0,0,0,0,0,0,0,0,0,0,0,0,80,242,252,252,252,253,252,252,252,252,174,42,147,252,252,0,0,0,0,0,0,0,0,0,0,0,0,36,254,253,253,253,253,254,239,158,99,253,45,0,233,253,147,0,0,0,0,0,0,0,0,0,0,0,84,242,253,252,252,252,252,239,68,0,64,173,0,29,239,252,147,0,0,0,0,0,0,0,0,0,0,73,246,252,253,128,191,252,190,17,0,0,32,29,0,94,252,252,138,0,0,0,0,0,0,0,0,0,22,202,252,252,138,191,252,183,14,0,0,0,0,0,0,190,252,210,14,0,0,0,0,0,0,0,0,0,173,252,226,103,87,252,190,14,0,0,0,0,0,0,0,190,252,189,0,0,0,0,0,0,0,0,0,61,253,253,190,0,254,186,9,0,0,0,0,0,0,0,25,227,253,190,0,0,0,0,0,0,0,0,0,227,252,245,82,36,151,16,0,0,0,0,0,0,0,0,157,252,201,47,0,0,0,0,0,0,0,0,0,253,252,178,59,232,0,0,0,0,0,0,0,0,6,110,253,252,126,0,0,0,0,0,0,0,0,0,0,253,252,126,48,66,0,0,0,0,0,0,0,32,155,252,253,126,42,0,0,0,0,0,0,0,0,0,0,253,252,223,124,0,0,0,0,0,0,107,185,232,252,252,191,37,0,0,0,0,0,0,0,0,0,0,0,237,253,253,227,148,43,78,148,148,192,255,253,253,199,106,0,0,0,0,0,0,0,0,0,0,0,0,0,55,231,252,252,252,253,252,252,252,252,253,189,116,21,0,0,0,0,0,0,0,0,0,0,0,0,0,0,0,51,179,237,252,253,245,231,205,126,21,5,0,0,0,0,0,0,0,0,0,0,0,0,0,0,0,0,0,0,0,21,84,84,56,0,0,0,0,0,0,0,0,0,0,0,0,0,0,0,0,0,0,0,0,0,0,0,0,0,0,0,0,0,0,0,0,0,0,0,0,0,0,0,0,0,0,0,0,0,0,0,0,0,0,0,0,0,0,0,0,0,0,0,0,0,0,0,0,0,0,0,0,0,0,0,0,0,0,0,0,0,0,0,0,0,0,0,0,0,0,0,0,0,0,0,0,0,0,0,0,0,0,0,0,0,0,0,0,0,0,0,0,0,0,0,0,0,0,0,0,0,0,0,0,0,0,0,0,0,0,0,0
6,0,0,0,0,0,0,0,0,0,0,0,0,0,0,0,0,0,0,0,0,0,0,0,0,0,0,0,0,0,0,0,0,0,0,0,0,0,0,0,0,0,0,0,0,0,0,0,0,0,0,0,0,0,0,0,0,0,0,0,0,0,0,0,0,0,0,0,0,0,0,32,170,150,0,0,0,0,0,0,0,0,0,0,0,0,0,0,0,0,0,0,0,0,0,0,0,0,41,224,254,78,0,0,0,0,0,0,0,0,0,0,0,0,0,0,0,0,0,0,0,0,0,0,0,8,210,254,162,0,0,0,0,0,0,0,0,0,0,0,0,0,0,0,0,0,0,0,0,0,0,0,0,132,254,161,16,0,0,0,0,0,0,0,0,0,0,0,0,0,0,0,0,0,0,0,0,0,0,0,85,249,195,16,0,0,0,0,0,0,0,0,0,0,0,0,0,0,0,0,0,0,0,0,0,0,0,0,131,254,133,0,0,0,0,0,0,0,0,0,0,0,0,0,0,0,0,0,0,0,0,0,0,0,0,20,248,203,3,0,0,0,0,0,0,0,0,0,0,0,0,0,0,0,0,0,0,0,0,0,0,0,0,92,254,153,0,0,0,0,0,0,0,0,0,0,0,0,0,0,0,0,0,0,0,0,0,0,0,0,0,130,254,70,0,0,0,0,0,0,0,0,0,0,0,0,0,0,0,0,0,0,0,0,0,0,0,0,7,207,228,12,0,0,0,0,53,92,52,0,0,0,0,0,0,0,0,0,0,0,0,0,0,0,0,0,78,254,182,0,0,0,27,190,254,254,248,131,0,0,0,0,0,0,0,0,0,0,0,0,0,0,0,0,110,254,182,0,0,17,242,255,150,109,151,254,85,0,0,0,0,0,0,0,0,0,0,0,0,0,0,0,110,254,182,0,6,118,254,101,3,0,3,192,205,9,0,0,0,0,0,0,0,0,0,0,0,0,0,0,110,254,182,0,43,254,208,0,0,0,0,182,255,18,0,0,0,0,0,0,0,0,0,0,0,0,0,0,45,254,182,0,192,241,21,0,0,0,0,182,254,18,0,0,0,0,0,0,0,0,0,0,0,0,0,0,7,208,229,119,254,177,0,0,0,0,0,182,235,13,0,0,0,0,0,0,0,0,0,0,0,0,0,0,0,129,254,254,254,60,0,0,0,8,165,229,46,0,0,0,0,0,0,0,0,0,0,0,0,0,0,0,0,13,196,254,254,80,0,24,122,210,254,118,0,0,0,0,0,0,0,0,0,0,0,0,0,0,0,0,0,0,16,162,254,250,200,235,254,231,73,16,0,0,0,0,0,0,0,0,0,0,0,0,0,0,0,0,0,0,0,16,163,254,254,196,143,36,0,0,0,0,0,0,0,0,0,0,0,0,0,0,0,0,0,0,0,0,0,0,0,0,0,0,0,0,0,0,0,0,0,0,0,0,0,0,0,0,0,0,0,0,0,0,0,0,0,0,0,0,0,0,0,0,0,0,0,0,0,0,0,0,0,0,0,0,0,0,0,0,0,0,0,0,0,0,0,0,0,0,0,0,0,0,0,0,0,0,0,0,0,0,0,0,0,0,0,0,0,0,0,0,0,0,0,0,0,0,0,0,0,0,0,0,0,0,0,0,0,0,0,0,0,0,0,0,0,0,0,0,0,0,0,0,0,0,0,0,0,0,0,0,0,0,0,0,0,0,0,0,0,0,0,0,0,0,0,0,0,0,0,0,0,0,0,0,0,0,0,0,0,0,0,0,0
6,0,0,0,0,0,0,0,0,0,0,0,0,0,0,0,0,0,0,0,0,0,0,0,0,0,0,0,0,0,0,0,0,0,0,0,0,0,0,0,0,0,0,0,0,0,0,0,0,0,0,0,0,0,0,0,0,0,0,0,0,0,0,0,0,0,0,0,0,0,0,0,0,0,0,0,0,0,0,0,0,0,0,0,0,0,0,0,0,0,0,0,0,0,0,0,0,0,0,0,0,141,203,7,0,0,0,0,0,0,0,0,0,0,0,0,0,0,0,0,0,0,0,0,0,0,0,0,0,66,252,56,0,0,0,0,0,0,0,0,0,0,0,0,0,0,0,0,0,0,0,0,0,0,0,0,0,117,252,56,0,0,0,0,0,0,0,0,0,0,0,0,0,0,0,0,0,0,0,0,0,0,0,0,51,241,202,6,0,0,0,0,0,0,0,0,0,0,0,0,0,0,0,0,0,0,0,0,0,0,0,10,229,255,184,0,0,0,0,0,0,0,0,0,0,0,0,0,0,0,0,0,0,0,0,0,0,0,13,172,252,234,28,0,0,0,0,0,0,0,0,0,0,0,0,0,0,0,0,0,0,0,0,0,0,10,172,252,252,100,0,0,0,0,0,0,0,0,0,0,0,0,0,0,0,0,0,0,0,0,0,0,0,128,252,252,151,0,0,0,0,0,0,0,0,0,0,0,0,0,0,0,0,0,0,0,0,0,0,0,63,254,253,156,0,0,0,0,0,0,0,0,0,0,0,0,0,0,0,0,0,0,0,0,0,0,0,0,188,253,240,43,0,0,0,0,0,0,0,0,0,0,0,0,0,0,0,0,0,0,0,0,0,0,0,29,234,253,215,19,0,0,0,0,0,0,0,0,0,0,0,0,0,0,0,0,0,0,0,0,0,0,0,85,252,253,252,231,125,51,0,0,0,0,0,0,0,0,0,0,0,0,0,0,0,0,0,0,0,4,128,253,253,239,225,247,253,242,110,0,0,0,0,0,0,0,0,0,0,0,0,0,0,0,0,0,0,22,208,252,252,38,0,66,184,253,234,38,0,0,0,0,0,0,0,0,0,0,0,0,0,0,0,0,0,0,57,252,252,0,0,0,0,165,252,143,0,0,0,0,0,0,0,0,0,0,0,0,0,0,0,0,0,0,57,252,252,101,0,0,0,141,252,68,0,0,0,0,0,0,0,0,0,0,0,0,0,0,0,0,0,0,51,247,253,179,10,0,76,254,247,50,0,0,0,0,0,0,0,0,0,0,0,0,0,0,0,0,0,0,0,66,234,253,196,169,243,253,171,0,0,0,0,0,0,0,0,0,0,0,0,0,0,0,0,0,0,0,0,0,100,216,252,252,252,194,19,0,0,0,0,0,0,0,0,0,0,0,0,0,0,0,0,0,0,0,0,0,0,79,139,190,139,13,0,0,0,0,0,0,0,0,0,0,0,0,0,0,0,0,0,0,0,0,0,0,0,0,0,0,0,0,0,0,0,0,0,0,0,0,0,0,0,0,0,0,0,0,0,0,0,0,0,0,0,0,0,0,0,0,0,0,0,0,0,0,0,0,0,0,0,0,0,0,0,0,0,0,0,0,0,0,0,0,0,0,0,0,0,0,0,0,0,0,0,0,0,0,0,0,0,0,0,0,0,0,0,0,0,0,0,0,0,0,0,0,0,0,0,0,0,0,0,0,0,0,0,0,0,0,0,0,0,0,0,0,0,0,0,0,0,0,0,0,0,0,0,0,0,0,0,0,0,0,0
2,0,0,0,0,0,0,0,0,0,0,0,0,0,0,0,0,0,0,0,0,0,0,0,0,0,0,0,0,0,0,0,0,0,0,0,0,0,0,0,0,0,0,0,0,0,0,0,0,0,0,0,0,0,0,0,0,0,0,0,0,0,0,0,0,0,0,0,0,0,0,0,0,0,0,0,0,0,0,0,0,0,0,0,0,0,0,0,0,0,0,0,0,0,0,0,0,0,0,0,0,0,0,0,0,0,0,0,0,0,0,0,0,0,0,0,0,0,0,0,0,0,0,0,0,0,0,0,0,31,200,255,254,254,178,84,0,0,0,0,0,0,0,0,0,0,0,0,0,0,0,0,0,0,0,49,184,240,253,253,253,253,253,224,0,0,0,0,0,0,0,0,0,0,0,0,0,0,0,0,0,2,130,238,253,253,248,174,50,250,253,253,0,0,0,0,0,0,0,0,0,0,0,0,0,0,0,0,0,120,253,253,225,123,4,0,0,249,253,188,0,0,0,0,0,0,0,0,0,0,0,0,0,0,0,0,0,162,253,202,22,0,0,0,34,250,253,145,0,0,0,0,0,0,0,0,0,0,0,0,0,0,0,0,0,155,247,73,0,0,0,31,220,253,253,95,0,0,0,0,0,0,0,0,0,0,0,0,0,0,0,0,0,0,42,0,0,0,0,132,253,253,189,15,0,0,0,0,0,0,0,0,0,0,0,0,0,0,0,0,0,0,0,0,0,0,58,235,253,253,75,0,0,0,0,0,0,0,0,0,0,0,0,0,0,0,0,0,0,0,0,0,0,7,235,253,253,118,7,0,0,0,0,0,0,0,0,0,0,0,0,0,0,0,0,0,0,0,0,0,13,177,253,253,164,2,0,0,0,0,0,0,0,0,0,0,0,0,0,0,0,0,0,0,0,0,0,0,100,253,253,202,9,0,0,0,0,0,0,0,0,0,0,0,0,0,0,0,0,0,0,0,0,0,8,87,248,253,230,46,0,0,0,0,0,0,0,0,0,0,0,0,0,0,0,36,107,111,147,60,56,13,130,253,253,253,93,0,0,0,0,0,0,0,0,0,0,0,0,0,0,0,88,234,253,253,253,253,250,216,253,253,253,87,2,0,0,0,0,0,0,0,0,0,0,0,0,0,0,131,252,253,233,129,190,253,253,253,253,253,253,157,135,62,17,0,0,0,0,0,0,0,0,0,0,0,101,231,252,170,21,3,147,253,253,253,202,222,253,253,253,253,221,159,20,0,0,0,0,0,0,0,0,0,190,253,248,0,78,155,253,253,247,82,9,22,43,130,205,253,253,182,13,0,0,0,0,0,0,0,0,0,254,253,253,249,252,253,247,184,13,0,0,0,0,0,3,5,5,2,0,0,0,0,0,0,0,0,0,0,178,253,253,253,253,185,61,0,0,0,0,0,0,0,0,0,0,0,0,0,0,0,0,0,0,0,0,0,22,70,145,81,37,4,0,0,0,0,0,0,0,0,0,0,0,0,0,0,0,0,0,0,0,0,0,0,0,0,0,0,0,0,0,0,0,0,0,0,0,0,0,0,0,0,0,0,0,0,0,0,0,0,0,0,0,0,0,0,0,0,0,0,0,0,0,0,0,0,0,0,0,0,0,0,0,0,0,0,0,0,0,0,0,0,0,0,0,0,0,0,0,0,0,0,0,0,0,0,0,0,0,0,0,0,0,0,0,0,0,0,0,0,0,0,0,0,0,0,0,0,0,0,0,0,0,0,0,0,0,0,0,0,0,0,0
4,0,0,0,0,0,0,0,0,0,0,0,0,0,0,0,0,0,0,0,0,0,0,0,0,0,0,0,0,0,0,0,0,0,0,0,0,0,0,0,0,0,0,0,0,0,0,0,0,0,0,0,0,0,0,0,0,0,0,0,0,0,0,0,0,0,0,0,0,0,0,0,0,0,0,0,0,0,0,0,0,0,0,0,0,0,0,0,0,0,0,0,0,0,0,0,0,0,0,0,0,0,0,0,0,0,0,0,0,0,0,0,0,0,0,0,0,0,0,0,0,0,0,0,0,0,0,0,0,0,0,0,0,0,0,0,0,0,0,0,0,0,0,0,0,0,118,254,41,0,0,0,0,0,0,0,0,0,0,125,254,34,0,0,0,0,0,0,0,0,0,0,0,0,118,253,196,24,0,0,0,0,0,0,0,0,7,243,253,86,0,0,0,0,0,0,0,0,0,0,0,0,118,253,253,61,0,0,0,0,0,0,0,0,49,253,253,97,0,0,0,0,0,0,0,0,0,0,0,0,118,253,253,61,0,0,0,0,0,0,0,6,168,253,253,67,0,0,0,0,0,0,0,0,0,0,0,0,118,253,253,80,0,0,0,0,0,0,0,24,238,253,253,34,0,0,0,0,0,0,0,0,0,0,0,0,118,253,253,198,0,0,0,0,0,0,0,17,209,253,253,34,0,0,0,0,0,0,0,0,0,0,0,0,118,253,253,198,0,0,0,0,0,0,0,14,197,253,253,34,0,0,0,0,0,0,0,0,0,0,0,0,118,253,253,198,15,111,111,185,111,111,30,27,251,253,253,34,0,0,0,0,0,0,0,0,0,0,0,0,118,253,253,247,230,253,253,253,253,253,234,155,253,253,253,34,0,0,0,0,0,0,0,0,0,0,0,0,118,253,253,253,253,253,253,253,253,253,253,253,253,253,253,34,0,0,0,0,0,0,0,0,0,0,0,0,118,253,253,253,253,253,253,253,253,253,253,253,253,253,253,194,66,0,0,0,0,0,0,0,0,0,0,0,118,253,253,253,253,253,253,253,253,253,253,253,253,253,253,253,176,0,0,0,0,0,0,0,0,0,0,0,118,253,253,253,248,246,246,112,109,109,109,199,253,253,253,251,53,0,0,0,0,0,0,0,0,0,0,0,118,253,253,159,42,0,0,0,0,0,0,15,200,253,253,211,27,0,0,0,0,0,0,0,0,0,0,0,70,150,35,3,0,0,0,0,0,0,0,0,144,253,253,253,110,0,0,0,0,0,0,0,0,0,0,0,0,0,0,0,0,0,0,0,0,0,0,0,23,211,253,253,211,25,0,0,0,0,0,0,0,0,0,0,0,0,0,0,0,0,0,0,0,0,0,0,0,94,250,253,253,119,24,0,0,0,0,0,0,0,0,0,0,0,0,0,0,0,0,0,0,0,0,0,0,0,218,253,253,253,121,19,0,0,0,0,0,0,0,0,0,0,0,0,0,0,0,0,0,0,0,0,0,0,95,250,253,253,229,44,0,0,0,0,0,0,0,0,0,0,0,0,0,0,0,0,0,0,0,0,0,0,0,101,190,213,96,0,0,0,0,0,0,0,0,0,0,0,0,0,0,0,0,0,0,0,0,0,0,0,0,0,0,0,0,0,0,0,0,0,0,0,0,0,0,0,0,0,0,0,0,0,0,0,0,0,0,0,0,0,0,0,0,0,0,0,0,0,0,0,0,0,0,0,0,0,0,0,0,0,0,0,0,0,0,0,0,0,0,0,0,0,0,0,0
3,0,0,0,0,0,0,0,0,0,0,0,0,0,0,0,0,0,0,0,0,0,0,0,0,0,0,0,0,0,0,0,0,0,0,0,0,0,0,0,0,0,0,0,0,0,0,0,0,0,0,0,0,0,0,0,0,0,0,0,0,0,0,0,0,0,0,0,0,0,0,0,0,0,0,0,0,0,0,0,0,0,0,0,0,0,0,0,0,0,0,0,0,0,0,0,0,0,0,0,0,0,0,0,0,0,0,0,0,0,0,0,0,0,0,0,0,0,0,0,0,0,0,0,0,0,0,0,0,0,0,0,0,0,0,0,0,0,0,0,0,0,0,0,0,0,0,1,22,130,130,215,254,254,254,218,130,27,1,0,0,0,0,0,0,0,0,0,0,0,0,0,0,0,0,92,253,253,253,253,253,253,253,253,253,253,104,0,0,0,0,0,0,0,0,0,0,0,0,0,0,0,0,140,253,251,235,235,174,235,201,147,241,253,213,26,0,0,0,0,0,0,0,0,0,0,0,0,0,0,0,11,105,90,0,0,0,0,0,0,34,228,253,154,0,0,0,0,0,0,0,0,0,0,0,0,0,0,0,0,0,0,0,0,0,0,0,0,0,211,253,203,12,0,0,0,0,0,0,0,0,0,0,0,0,0,0,0,0,0,0,0,0,0,0,0,0,211,253,154,0,0,0,0,0,0,0,0,0,0,0,0,0,0,0,0,0,0,0,0,0,0,0,0,0,211,253,132,0,0,0,0,0,0,0,0,0,0,0,0,0,0,0,0,0,0,0,120,174,83,50,50,90,240,235,24,0,0,0,0,0,0,0,0,0,0,0,0,0,0,0,0,0,0,0,174,253,253,253,253,253,253,160,0,0,0,0,0,0,0,0,0,0,0,0,0,0,0,0,0,0,0,0,47,169,253,253,253,253,253,183,38,0,0,0,0,0,0,0,0,0,0,0,0,0,0,0,0,0,0,0,0,14,92,185,185,185,185,244,229,52,0,0,0,0,0,0,0,0,0,0,0,0,0,0,0,0,0,0,0,0,0,0,0,0,0,121,253,230,14,0,0,0,0,0,0,0,0,0,0,0,0,0,0,0,0,0,0,0,0,0,0,0,0,94,253,253,18,0,0,0,0,0,0,0,0,0,0,0,0,0,0,0,0,0,0,0,0,0,0,0,0,94,253,165,3,0,0,0,0,0,0,0,0,0,0,0,0,0,0,0,0,0,0,0,0,0,0,0,78,213,253,103,0,0,0,0,0,0,0,0,0,0,0,0,0,0,0,0,0,0,0,0,0,0,0,81,228,253,214,15,0,0,0,0,0,0,0,0,0,0,0,0,0,8,96,0,0,0,0,0,0,29,142,249,253,214,30,0,0,0,0,0,0,0,0,0,0,0,0,0,0,11,151,160,41,0,0,80,142,241,253,253,215,29,0,0,0,0,0,0,0,0,0,0,0,0,0,0,0,0,14,207,246,242,242,250,253,253,253,119,8,0,0,0,0,0,0,0,0,0,0,0,0,0,0,0,0,0,0,19,129,211,253,253,162,129,32,1,0,0,0,0,0,0,0,0,0,0,0,0,0,0,0,0,0,0,0,0,0,0,0,0,0,0,0,0,0,0,0,0,0,0,0,0,0,0,0,0,0,0,0,0,0,0,0,0,0,0,0,0,0,0,0,0,0,0,0,0,0,0,0,0,0,0,0,0,0,0,0,0,0,0,0,0,0,0,0,0,0,0,0,0,0,0,0,0,0,0,0,0,0,0,0,0
4,0,0,0,0,0,0,0,0,0,0,0,0,0,0,0,0,0,0,0,0,0,0,0,0,0,0,0,0,0,0,0,0,0,0,0,0,0,0,0,0,0,0,0,0,0,0,0,0,0,0,0,0,0,0,0,0,0,0,0,0,0,0,0,0,0,0,0,0,0,0,0,0,0,0,0,0,0,0,0,0,0,0,0,0,0,0,0,0,0,0,0,0,0,0,0,0,0,0,0,0,0,0,0,0,0,0,0,0,0,0,0,0,0,0,0,0,0,0,0,0,0,0,0,0,0,0,0,0,0,0,0,0,0,0,0,0,0,0,0,0,0,0,0,0,0,0,0,0,0,0,0,0,0,0,0,19,239,155,0,0,0,0,0,0,0,0,0,0,0,0,0,0,0,0,0,0,0,0,0,0,0,0,182,226,253,155,0,0,0,0,0,0,0,0,0,0,0,0,0,0,0,0,0,0,0,0,0,0,0,102,241,253,253,223,0,0,0,0,0,0,0,0,0,0,0,0,0,0,0,0,0,0,0,0,0,0,0,254,253,200,253,253,0,0,0,0,0,0,0,0,0,0,0,0,0,0,0,0,0,0,0,0,0,0,76,254,200,36,238,253,0,0,0,0,0,0,0,0,0,0,0,0,0,0,0,0,0,0,0,0,0,25,231,255,76,0,235,254,0,0,0,0,0,0,0,0,0,0,0,0,0,0,0,0,0,0,0,0,0,92,253,219,21,0,234,245,0,0,0,0,0,0,0,0,0,0,0,0,0,0,0,0,0,0,0,0,55,247,253,30,0,0,234,155,0,0,0,0,0,0,0,0,0,0,0,0,0,0,0,0,0,0,0,19,180,253,185,0,0,0,234,245,0,0,0,0,0,0,0,0,0,0,0,0,0,0,0,0,0,0,0,154,253,222,14,0,0,0,234,253,0,0,0,0,0,0,0,0,0,0,0,0,0,0,0,0,0,83,255,254,254,254,254,194,112,59,239,254,23,0,0,0,0,0,0,0,0,0,0,0,0,0,0,0,0,195,254,253,253,253,253,254,253,253,253,253,98,0,0,0,0,0,0,0,0,0,0,0,0,0,0,0,0,195,254,216,174,137,174,175,241,253,253,222,30,0,0,0,0,0,0,0,0,0,0,0,0,0,0,0,0,90,95,10,0,0,0,0,24,196,253,155,0,0,0,0,0,0,0,0,0,0,0,0,0,0,0,0,0,0,0,0,0,0,0,0,0,48,245,155,0,0,0,0,0,0,0,0,0,0,0,0,0,0,0,0,0,0,0,0,0,0,0,0,0,0,235,178,0,0,0,0,0,0,0,0,0,0,0,0,0,0,0,0,0,0,0,0,0,0,0,0,0,0,234,253,0,0,0,0,0,0,0,0,0,0,0,0,0,0,0,0,0,0,0,0,0,0,0,0,0,0,234,253,0,0,0,0,0,0,0,0,0,0,0,0,0,0,0,0,0,0,0,0,0,0,0,0,0,0,234,253,53,0,0,0,0,0,0,0,0,0,0,0,0,0,0,0,0,0,0,0,0,0,0,0,0,0,159,215,23,0,0,0,0,0,0,0,0,0,0,0,0,0,0,0,0,0,0,0,0,0,0,0,0,0,0,0,0,0,0,0,0,0,0,0,0,0,0,0,0,0,0,0,0,0,0,0,0,0,0,0,0,0,0,0,0,0,0,0,0,0,0,0,0,0,0,0,0,0,0,0,0,0,0,0,0,0,0,0,0,0,0,0,0,0,0,0,0,0,0,0,0,0
5,0,0,0,0,0,0,0,0,0,0,0,0,0,0,0,0,0,0,0,0,0,0,0,0,0,0,0,0,0,0,0,0,0,0,0,0,0,0,0,0,0,0,0,0,0,0,0,0,0,0,0,0,0,0,0,0,0,0,0,0,0,0,0,0,0,0,0,0,0,0,0,0,0,0,0,0,0,0,0,0,0,0,0,0,0,0,0,0,0,0,0,0,0,0,0,0,0,0,0,0,0,0,0,0,0,0,0,0,0,0,0,0,0,0,0,0,0,0,0,0,0,0,0,0,0,0,27,233,244,181,99,78,171,16,0,0,0,0,0,0,0,0,0,0,0,0,0,0,0,0,0,0,0,0,192,253,254,253,254,253,254,78,0,0,0,0,0,0,0,0,0,0,0,0,0,0,0,0,0,0,0,115,254,212,21,0,94,186,42,0,0,0,0,0,0,0,0,0,0,0,0,0,0,0,0,0,0,0,53,248,243,57,0,0,0,11,0,0,0,0,0,0,0,0,0,0,0,0,0,0,0,0,0,0,0,0,212,253,134,0,0,0,0,0,0,0,0,0,0,0,0,0,0,0,0,0,0,0,0,0,0,0,0,21,254,211,11,0,0,0,0,0,0,0,0,0,0,0,0,0,0,0,0,0,0,0,0,0,0,0,0,125,255,119,0,0,0,0,0,0,0,0,0,0,0,0,0,0,0,0,0,0,0,0,0,0,0,0,0,145,233,16,0,0,0,0,0,0,0,0,0,0,0,0,0,0,0,0,0,0,0,0,0,0,0,0,0,94,255,254,182,181,171,68,0,0,0,0,0,0,0,0,0,0,0,0,0,0,0,0,0,0,0,0,0,11,212,253,254,253,254,253,63,0,0,0,0,0,0,0,0,0,0,0,0,0,0,0,0,0,0,0,0,0,0,21,42,0,73,176,218,0,0,0,0,0,0,0,0,0,0,0,0,0,0,0,0,0,0,0,0,0,0,0,0,0,0,186,217,0,0,0,0,0,0,0,0,0,0,0,0,0,0,0,0,0,0,0,0,0,0,0,0,0,16,233,218,0,0,0,0,0,0,0,0,0,0,0,0,0,0,0,0,0,0,0,0,0,0,0,0,0,182,253,134,0,0,0,0,0,0,0,0,0,0,0,0,0,0,0,0,0,0,0,0,0,0,0,16,161,254,243,0,0,0,0,0,0,0,0,0,0,0,0,0,0,0,0,0,0,0,0,0,0,0,21,192,253,254,77,0,0,0,0,0,0,0,0,0,0,0,0,0,0,0,0,6,16,0,0,0,0,79,244,254,233,105,0,0,0,0,0,0,0,0,0,0,0,0,0,0,0,0,0,99,191,21,0,53,155,254,253,212,47,0,0,0,0,0,0,0,0,0,0,0,0,0,0,0,0,0,0,32,238,254,254,254,254,249,94,0,0,0,0,0,0,0,0,0,0,0,0,0,0,0,0,0,0,0,0,0,42,191,253,243,180,52,0,0,0,0,0,0,0,0,0,0,0,0,0,0,0,0,0,0,0,0,0,0,0,0,0,0,0,0,0,0,0,0,0,0,0,0,0,0,0,0,0,0,0,0,0,0,0,0,0,0,0,0,0,0,0,0,0,0,0,0,0,0,0,0,0,0,0,0,0,0,0,0,0,0,0,0,0,0,0,0,0,0,0,0,0,0,0,0,0,0,0,0,0,0,0,0,0,0,0,0,0,0,0,0,0,0,0,0,0,0,0,0,0,0,0,0,0,0,0,0,0,0,0,0,0,0,0
8,0,0,0,0,0,0,0,0,0,0,0,0,0,0,0,0,0,0,0,0,0,0,0,0,0,0,0,0,0,0,0,0,0,0,0,0,0,0,0,0,0,0,0,0,0,0,0,0,0,0,0,0,0,0,0,0,0,0,0,0,0,0,0,0,0,0,0,0,0,0,0,0,0,0,0,0,0,0,0,0,0,0,0,0,0,0,0,0,0,0,0,0,0,0,0,0,0,0,0,0,0,0,0,0,0,0,0,0,0,0,0,0,0,0,0,0,0,0,0,0,0,0,0,0,0,0,0,0,0,0,0,0,0,0,0,0,0,0,0,0,0,0,0,0,0,0,0,0,0,0,0,0,72,127,182,244,158,18,0,0,0,0,0,0,0,0,0,0,0,0,0,0,0,0,0,0,0,19,156,241,254,254,254,244,239,141,0,0,0,0,0,0,0,0,0,0,0,0,0,0,0,0,0,0,19,205,254,214,135,80,8,7,149,142,0,0,0,0,0,0,0,0,0,0,0,0,0,0,0,0,0,0,95,254,119,6,0,0,0,0,140,142,0,0,0,0,0,0,0,0,0,0,0,0,0,0,0,0,0,0,49,249,177,8,0,0,0,0,203,164,0,0,0,0,0,0,0,0,0,0,0,0,0,0,0,0,0,0,0,61,228,218,41,0,0,32,250,237,21,0,0,0,0,0,0,0,0,0,0,0,0,0,0,0,0,0,0,0,53,229,209,28,0,103,254,161,0,0,0,0,0,0,0,0,0,0,0,0,0,0,0,0,0,0,0,0,0,52,230,210,44,249,238,26,0,0,0,0,0,0,0,0,0,0,0,0,0,0,0,0,0,0,0,0,0,0,80,247,231,254,149,0,0,0,0,0,0,0,0,0,0,0,0,0,0,0,0,0,0,0,0,0,0,0,0,99,254,254,65,0,0,0,0,0,0,0,0,0,0,0,0,0,0,0,0,0,0,0,0,0,0,0,0,44,254,254,65,0,0,0,0,0,0,0,0,0,0,0,0,0,0,0,0,0,0,0,0,0,0,0,0,126,249,236,208,0,0,0,0,0,0,0,0,0,0,0,0,0,0,0,0,0,0,0,0,0,0,0,22,234,136,53,248,85,0,0,0,0,0,0,0,0,0,0,0,0,0,0,0,0,0,0,0,0,0,0,48,254,43,20,194,212,7,0,0,0,0,0,0,0,0,0,0,0,0,0,0,0,0,0,0,0,0,0,48,254,43,0,51,254,105,0,0,0,0,0,0,0,0,0,0,0,0,0,0,0,0,0,0,0,0,0,48,254,49,0,8,178,233,0,0,0,0,0,0,0,0,0,0,0,0,0,0,0,0,0,0,0,0,0,30,240,133,0,0,109,249,47,0,0,0,0,0,0,0,0,0,0,0,0,0,0,0,0,0,0,0,0,0,181,230,53,0,29,247,43,0,0,0,0,0,0,0,0,0,0,0,0,0,0,0,0,0,0,0,0,0,43,251,244,177,211,247,42,0,0,0,0,0,0,0,0,0,0,0,0,0,0,0,0,0,0,0,0,0,0,26,168,237,255,203,0,0,0,0,0,0,0,0,0,0,0,0,0,0,0,0,0,0,0,0,0,0,0,0,0,0,0,0,0,0,0,0,0,0,0,0,0,0,0,0,0,0,0,0,0,0,0,0,0,0,0,0,0,0,0,0,0,0,0,0,0,0,0,0,0,0,0,0,0,0,0,0,0,0,0,0,0,0,0,0,0,0,0,0,0,0,0,0,0,0,0,0,0
1,0,0,0,0,0,0,0,0,0,0,0,0,0,0,0,0,0,0,0,0,0,0,0,0,0,0,0,0,0,0,0,0,0,0,0,0,0,0,0,0,0,0,0,0,0,0,0,0,0,0,0,0,0,0,0,0,0,0,0,0,0,0,0,0,0,0,0,0,0,0,0,0,0,0,0,0,0,0,0,0,0,0,0,0,0,0,0,0,0,0,0,0,0,0,0,0,0,0,0,0,0,0,0,0,0,0,0,0,0,0,0,0,0,0,0,0,0,0,0,0,0,0,0,0,0,33,223,135,0,0,0,0,0,0,0,0,0,0,0,0,0,0,0,0,0,0,0,0,0,0,0,0,0,66,254,141,0,0,0,0,0,0,0,0,0,0,0,0,0,0,0,0,0,0,0,0,0,0,0,0,0,66,254,128,0,0,0,0,0,0,0,0,0,0,0,0,0,0,0,0,0,0,0,0,0,0,0,0,0,187,254,148,0,0,0,0,0,0,0,0,0,0,0,0,0,0,0,0,0,0,0,0,0,0,0,0,0,197,254,71,0,0,0,0,0,0,0,0,0,0,0,0,0,0,0,0,0,0,0,0,0,0,0,0,0,197,254,71,0,0,0,0,0,0,0,0,0,0,0,0,0,0,0,0,0,0,0,0,0,0,0,0,0,197,254,71,0,0,0,0,0,0,0,0,0,0,0,0,0,0,0,0,0,0,0,0,0,0,0,0,60,244,254,71,0,0,0,0,0,0,0,0,0,0,0,0,0,0,0,0,0,0,0,0,0,0,0,0,73,254,254,71,0,0,0,0,0,0,0,0,0,0,0,0,0,0,0,0,0,0,0,0,0,0,0,0,173,254,254,71,0,0,0,0,0,0,0,0,0,0,0,0,0,0,0,0,0,0,0,0,0,0,0,0,203,254,254,71,0,0,0,0,0,0,0,0,0,0,0,0,0,0,0,0,0,0,0,0,0,0,0,0,203,254,254,71,0,0,0,0,0,0,0,0,0,0,0,0,0,0,0,0,0,0,0,0,0,0,0,0,203,255,254,71,0,0,0,0,0,0,0,0,0,0,0,0,0,0,0,0,0,0,0,0,0,0,0,0,203,254,254,71,0,0,0,0,0,0,0,0,0,0,0,0,0,0,0,0,0,0,0,0,0,0,0,0,203,254,254,71,0,0,0,0,0,0,0,0,0,0,0,0,0,0,0,0,0,0,0,0,0,0,0,0,190,254,254,71,0,0,0,0,0,0,0,0,0,0,0,0,0,0,0,0,0,0,0,0,0,0,0,0,73,254,254,71,0,0,0,0,0,0,0,0,0,0,0,0,0,0,0,0,0,0,0,0,0,0,0,0,32,222,254,78,0,0,0,0,0,0,0,0,0,0,0,0,0,0,0,0,0,0,0,0,0,0,0,0,0,127,254,199,0,0,0,0,0,0,0,0,0,0,0,0,0,0,0,0,0,0,0,0,0,0,0,0,0,66,224,35,0,0,0,0,0,0,0,0,0,0,0,0,0,0,0,0,0,0,0,0,0,0,0,0,0,0,0,0,0,0,0,0,0,0,0,0,0,0,0,0,0,0,0,0,0,0,0,0,0,0,0,0,0,0,0,0,0,0,0,0,0,0,0,0,0,0,0,0,0,0,0,0,0,0,0,0,0,0,0,0,0,0,0,0,0,0,0,0,0,0,0,0,0,0,0,0,0,0,0,0,0,0,0,0,0,0,0,0,0,0,0,0,0,0,0,0,0,0,0,0,0,0,0,0
4,0,0,0,0,0,0,0,0,0,0,0,0,0,0,0,0,0,0,0,0,0,0,0,0,0,0,0,0,0,0,0,0,0,0,0,0,0,0,0,0,0,0,0,0,0,0,0,0,0,0,0,0,0,0,0,0,0,0,0,0,0,0,0,0,0,0,0,0,0,0,0,0,0,0,0,0,0,0,0,0,0,0,0,0,0,0,0,0,0,0,0,0,0,0,0,0,0,0,0,0,0,0,0,0,0,0,0,0,0,0,0,0,0,0,0,0,0,0,0,0,0,0,0,0,0,0,0,0,0,0,0,0,0,0,0,0,0,0,0,0,0,0,0,0,0,0,0,0,13,37,0,0,0,0,0,0,0,0,91,143,0,0,0,0,0,0,0,0,0,0,0,0,0,0,0,0,160,252,104,0,0,0,0,0,0,72,222,189,0,0,0,0,0,0,0,0,0,0,0,0,0,0,0,0,190,254,205,0,0,0,0,0,0,101,254,245,37,0,0,0,0,0,0,0,0,0,0,0,0,0,0,0,126,254,205,0,0,0,0,0,0,207,254,189,0,0,0,0,0,0,0,0,0,0,0,0,0,0,0,0,117,254,205,0,0,0,0,0,45,242,254,189,0,0,0,0,0,0,0,0,0,0,0,0,0,0,0,0,144,254,205,0,0,0,0,0,112,254,254,189,0,0,0,0,0,0,0,0,0,0,0,0,0,0,0,9,203,254,205,0,0,0,0,0,168,254,254,189,0,0,0,0,0,0,0,0,0,0,0,0,0,0,0,44,254,254,205,0,0,0,0,0,168,254,254,189,0,0,0,0,0,0,0,0,0,0,0,0,0,0,0,98,254,254,205,0,0,0,13,26,211,254,254,221,28,0,0,0,0,0,0,0,0,0,0,0,0,0,0,152,254,254,216,55,109,163,235,254,254,254,254,254,151,0,0,0,0,0,0,0,0,0,0,0,0,0,0,113,254,254,254,254,254,254,254,254,254,254,245,162,50,0,0,0,0,0,0,0,0,0,0,0,0,0,0,40,249,254,254,254,254,254,247,253,254,254,227,0,0,0,0,0,0,0,0,0,0,0,0,0,0,0,0,0,100,195,195,157,87,87,55,239,254,254,227,0,0,0,0,0,0,0,0,0,0,0,0,0,0,0,0,0,0,0,0,0,0,0,0,239,254,254,227,0,0,0,0,0,0,0,0,0,0,0,0,0,0,0,0,0,0,0,0,0,0,0,0,239,254,254,169,0,0,0,0,0,0,0,0,0,0,0,0,0,0,0,0,0,0,0,0,0,0,0,0,165,255,254,119,0,0,0,0,0,0,0,0,0,0,0,0,0,0,0,0,0,0,0,0,0,0,0,0,130,254,254,209,0,0,0,0,0,0,0,0,0,0,0,0,0,0,0,0,0,0,0,0,0,0,0,0,71,254,254,227,0,0,0,0,0,0,0,0,0,0,0,0,0,0,0,0,0,0,0,0,0,0,0,0,22,254,254,227,0,0,0,0,0,0,0,0,0,0,0,0,0,0,0,0,0,0,0,0,0,0,0,0,4,134,254,134,0,0,0,0,0,0,0,0,0,0,0,0,0,0,0,0,0,0,0,0,0,0,0,0,0,0,0,0,0,0,0,0,0,0,0,0,0,0,0,0,0,0,0,0,0,0,0,0,0,0,0,0,0,0,0,0,0,0,0,0,0,0,0,0,0,0,0,0,0,0,0,0,0,0,0,0,0,0,0,0,0,0,0,0,0,0,0,0,0,0,0,0,0
6,0,0,0,0,0,0,0,0,0,0,0,0,0,0,0,0,0,0,0,0,0,0,0,0,0,0,0,0,0,0,0,0,0,0,0,0,0,0,0,0,0,0,0,0,0,0,0,0,0,0,0,0,0,0,0,0,0,0,0,0,0,0,0,0,0,0,0,0,0,0,0,185,254,205,19,0,0,0,0,0,0,0,0,0,0,0,0,0,0,0,0,0,0,0,0,0,0,70,241,254,253,253,110,0,0,0,0,0,0,0,0,0,0,0,0,0,0,0,0,0,0,0,0,0,74,242,253,254,253,120,4,0,0,0,0,0,0,0,0,0,0,0,0,0,0,0,0,0,0,0,18,172,239,253,253,216,46,4,0,0,0,0,0,0,0,0,0,0,0,0,0,0,0,0,0,0,0,0,90,253,253,253,218,28,0,0,0,0,0,0,0,0,0,0,0,0,0,0,0,0,0,0,0,0,0,79,236,253,253,215,31,0,0,0,0,0,0,0,0,0,0,0,0,0,0,0,0,0,0,0,0,0,13,209,253,253,235,34,0,0,0,0,0,0,0,0,0,0,0,0,0,0,0,0,0,0,0,0,0,0,165,253,253,253,141,0,0,0,0,0,0,0,0,0,0,0,0,0,0,0,0,0,0,0,0,0,0,55,237,253,253,223,39,0,0,0,0,0,0,0,0,0,0,0,0,0,0,0,0,0,0,0,0,0,0,94,253,253,225,38,0,0,0,0,0,0,0,0,0,0,0,0,0,0,0,0,0,0,0,0,0,0,0,95,254,254,201,0,0,0,0,0,0,0,0,0,0,0,0,0,0,0,0,0,0,0,0,0,0,0,0,150,253,253,199,0,0,0,0,108,164,241,241,241,142,91,0,0,0,0,0,0,0,0,0,0,0,0,0,228,253,253,199,0,60,172,228,254,253,253,253,253,253,228,35,0,0,0,0,0,0,0,0,0,0,0,0,185,253,253,199,13,190,253,253,254,253,253,253,253,253,253,206,0,0,0,0,0,0,0,0,0,0,0,0,94,253,253,214,167,253,253,253,223,186,66,74,225,253,253,226,0,0,0,0,0,0,0,0,0,0,0,0,94,253,253,253,253,253,253,253,35,0,49,188,253,253,253,128,0,0,0,0,0,0,0,0,0,0,0,0,80,247,253,253,253,253,253,253,175,174,245,253,253,253,204,29,0,0,0,0,0,0,0,0,0,0,0,0,0,122,248,253,253,253,253,253,255,253,253,253,253,134,29,0,0,0,0,0,0,0,0,0,0,0,0,0,0,0,190,243,253,253,253,253,255,253,253,249,204,28,0,0,0,0,0,0,0,0,0,0,0,0,0,0,0,0,0,26,120,120,197,253,255,126,120,82,0,0,0,0,0,0,0,0,0,0,0,0,0,0,0,0,0,0,0,0,0,0,0,0,0,0,0,0,0,0,0,0,0,0,0,0,0,0,0,0,0,0,0,0,0,0,0,0,0,0,0,0,0,0,0,0,0,0,0,0,0,0,0,0,0,0,0,0,0,0,0,0,0,0,0,0,0,0,0,0,0,0,0,0,0,0,0,0,0,0,0,0,0,0,0,0,0,0,0,0,0,0,0,0,0,0,0,0,0,0,0,0,0,0,0,0,0,0,0,0,0,0,0,0,0,0,0,0,0,0,0,0,0,0,0,0,0,0,0,0,0,0,0,0,0,0,0,0,0,0,0,0,0,0,0,0,0,0,0,0,0,0,0,0,0,0,0,0,0,0,0,0,0,0,0,0,0
3,0,0,0,0,0,0,0,0,0,0,0,0,0,0,0,0,0,0,0,0,0,0,0,0,0,0,0,0,0,0,0,0,0,0,0,0,0,0,0,0,0,0,0,0,0,0,0,0,0,0,0,0,0,0,0,0,0,0,0,0,0,0,0,0,0,0,0,0,0,0,0,0,0,0,0,0,0,0,0,0,0,0,0,0,0,0,0,0,0,0,0,0,0,0,0,0,0,0,0,0,0,0,0,0,0,0,0,0,0,0,0,0,0,0,0,0,0,0,0,0,0,86,254,254,254,192,133,133,53,10,0,0,0,0,0,0,0,0,0,0,0,0,0,0,0,0,0,0,0,37,221,253,253,254,253,253,253,227,104,0,0,0,0,0,0,0,0,0,0,0,0,0,0,0,0,0,0,0,37,148,217,254,253,253,253,253,226,30,0,0,0,0,0,0,0,0,0,0,0,0,0,0,0,0,0,0,0,0,0,85,101,253,253,253,253,48,0,0,0,0,0,0,0,0,0,0,0,0,0,0,0,0,0,0,0,0,0,3,137,253,253,253,201,14,0,0,0,0,0,0,0,0,0,0,0,0,0,0,0,0,0,0,0,0,35,198,253,253,239,151,43,0,0,0,0,0,0,0,0,0,0,0,0,0,0,0,0,0,0,0,74,137,229,254,253,253,107,0,0,0,0,0,0,0,0,0,0,0,0,0,0,0,0,0,0,0,0,120,248,253,253,254,253,253,230,218,98,0,0,0,0,0,0,0,0,0,0,0,0,0,0,0,0,0,67,249,253,253,253,254,253,253,253,253,247,153,0,0,0,0,0,0,0,0,0,0,0,0,0,0,0,0,73,253,253,253,253,132,132,132,132,219,253,250,34,0,0,0,0,0,0,0,0,0,0,0,0,0,0,0,0,41,75,0,0,0,0,0,0,177,254,254,36,0,0,0,0,0,0,0,0,0,0,0,0,0,0,0,0,0,0,0,0,0,0,0,0,73,253,253,105,0,0,0,0,0,0,0,0,0,0,0,0,0,0,0,0,0,0,0,0,0,0,0,0,182,253,253,139,0,0,0,0,0,0,0,0,0,0,0,0,0,0,0,0,0,0,0,0,0,0,0,56,230,253,253,36,0,0,0,0,0,0,0,0,0,0,0,0,0,0,0,0,0,0,0,0,0,0,56,230,253,253,192,10,0,0,0,0,0,0,0,0,0,0,0,0,0,0,0,0,0,0,0,0,4,142,231,253,253,198,40,0,0,0,0,0,0,0,0,0,0,0,0,0,71,206,206,171,86,86,86,143,209,253,253,253,192,63,0,0,0,0,0,0,0,0,0,0,0,0,0,0,112,253,253,253,253,253,253,253,254,253,253,235,45,0,0,0,0,0,0,0,0,0,0,0,0,0,0,0,4,47,222,253,253,253,253,253,254,243,128,19,0,0,0,0,0,0,0,0,0,0,0,0,0,0,0,0,0,0,8,104,173,253,201,132,11,10,0,0,0,0,0,0,0,0,0,0,0,0,0,0,0,0,0,0,0,0,0,0,0,0,0,0,0,0,0,0,0,0,0,0,0,0,0,0,0,0,0,0,0,0,0,0,0,0,0,0,0,0,0,0,0,0,0,0,0,0,0,0,0,0,0,0,0,0,0,0,0,0,0,0,0,0,0,0,0,0,0,0,0,0,0,0,0,0,0,0,0,0,0,0,0,0,0,0,0,0,0,0,0,0,0,0,0,0,0,0,0,0,0,0,0,0,0,0,0,0,0,0,0,0,0
0,0,0,0,0,0,0,0,0,0,0,0,0,0,0,0,0,0,0,0,0,0,0,0,0,0,0,0,0,0,0,0,0,0,0,0,0,0,0,0,0,0,0,0,0,0,0,0,0,0,0,0,0,0,0,0,0,0,0,0,0,0,0,0,0,0,0,0,0,0,0,0,0,0,0,0,0,0,0,0,0,0,0,0,0,0,0,0,0,0,0,0,0,0,0,0,0,0,0,0,0,0,0,0,0,0,0,0,0,0,0,0,0,0,0,0,0,0,0,0,0,0,0,0,12,136,211,255,182,18,2,0,0,0,0,0,0,0,0,0,0,0,0,0,0,0,0,0,0,0,0,82,203,253,253,253,253,253,55,1,0,0,0,0,0,0,0,0,0,0,0,0,0,0,0,0,0,0,61,244,253,212,82,82,118,245,253,113,48,0,0,0,0,0,0,0,0,0,0,0,0,0,0,0,0,20,190,253,216,29,0,0,0,99,247,253,232,25,0,0,0,0,0,0,0,0,0,0,0,0,0,0,0,72,253,253,129,0,0,0,0,0,43,208,253,201,25,0,0,0,0,0,0,0,0,0,0,0,0,0,23,203,253,208,20,0,0,0,0,0,0,81,253,253,147,22,0,0,0,0,0,0,0,0,0,0,0,0,112,253,253,144,0,0,0,0,0,0,0,1,95,253,253,55,0,0,0,0,0,0,0,0,0,0,0,0,171,253,253,29,0,0,0,0,0,0,0,0,27,245,253,170,0,0,0,0,0,0,0,0,0,0,0,0,171,253,253,29,0,0,0,0,0,0,0,0,0,92,253,170,0,0,0,0,0,0,0,0,0,0,0,0,171,253,233,22,0,0,0,0,0,0,0,0,0,130,253,170,0,0,0,0,0,0,0,0,0,0,0,28,235,253,164,0,0,0,0,0,0,0,0,0,0,166,253,134,0,0,0,0,0,0,0,0,0,0,0,36,253,253,164,0,0,0,0,0,0,0,0,0,25,239,253,97,0,0,0,0,0,0,0,0,0,0,0,36,253,253,164,0,0,0,0,0,0,0,0,0,30,253,253,119,0,0,0,0,0,0,0,0,0,0,0,34,249,253,164,0,0,0,0,0,0,0,0,68,200,253,220,26,0,0,0,0,0,0,0,0,0,0,0,0,171,253,216,17,0,0,0,0,0,0,14,200,253,253,120,0,0,0,0,0,0,0,0,0,0,0,0,0,171,253,253,29,0,0,0,0,15,92,205,253,248,184,25,0,0,0,0,0,0,0,0,0,0,0,0,0,141,253,253,87,3,0,0,46,177,253,253,250,166,0,0,0,0,0,0,0,0,0,0,0,0,0,0,0,36,232,253,253,145,149,201,238,253,253,216,108,0,0,0,0,0,0,0,0,0,0,0,0,0,0,0,0,0,88,253,253,253,253,253,253,253,216,30,0,0,0,0,0,0,0,0,0,0,0,0,0,0,0,0,0,0,5,59,240,253,253,253,170,100,11,0,0,0,0,0,0,0,0,0,0,0,0,0,0,0,0,0,0,0,0,0,0,0,0,0,0,0,0,0,0,0,0,0,0,0,0,0,0,0,0,0,0,0,0,0,0,0,0,0,0,0,0,0,0,0,0,0,0,0,0,0,0,0,0,0,0,0,0,0,0,0,0,0,0,0,0,0,0,0,0,0,0,0,0,0,0,0,0,0,0,0,0,0,0,0,0,0,0,0,0,0,0,0,0,0,0,0,0,0,0,0,0,0,0,0,0,0,0,0,0,0,0,0
7,0,0,0,0,0,0,0,0,0,0,0,0,0,0,0,0,0,0,0,0,0,0,0,0,0,0,0,0,0,0,0,0,0,0,0,0,0,0,0,0,0,0,0,0,0,0,0,0,0,0,0,0,0,0,0,0,0,0,0,0,0,0,0,0,0,0,0,0,0,0,0,0,0,0,0,0,0,0,0,0,0,0,0,0,0,0,0,0,0,0,0,0,0,0,0,0,0,0,0,0,0,0,0,0,0,0,0,0,0,0,0,0,0,0,0,0,0,0,0,0,0,0,0,0,0,0,0,0,0,0,0,0,0,0,0,0,0,0,0,0,0,0,0,0,0,0,0,0,0,0,0,0,0,0,0,0,0,0,0,0,0,0,0,0,0,0,0,0,0,0,0,0,0,0,0,0,0,0,0,0,0,0,0,0,0,0,0,0,0,0,0,0,0,0,0,0,0,0,0,0,0,0,174,155,105,56,72,155,135,56,56,56,56,56,17,0,0,0,0,0,0,0,0,0,0,0,0,0,0,0,172,247,254,254,254,254,254,254,254,254,254,254,223,60,0,0,0,0,0,0,0,0,0,0,0,0,0,0,0,27,90,123,189,189,189,189,189,189,189,247,254,120,0,0,0,0,0,0,0,0,0,0,0,0,0,0,0,0,0,0,0,0,0,0,0,0,0,138,254,120,0,0,0,0,0,0,0,0,0,0,0,0,0,0,0,0,0,0,0,0,0,0,0,0,0,155,254,120,0,0,0,0,0,0,0,0,0,0,0,0,0,0,0,0,0,0,0,0,0,0,0,0,9,229,245,27,0,0,0,0,0,0,0,0,0,0,0,0,0,0,0,0,0,0,0,0,0,0,0,0,104,254,141,0,0,0,0,0,0,0,0,0,0,0,0,0,0,0,0,0,0,0,0,0,0,0,0,15,250,254,75,0,0,0,0,0,0,0,0,0,0,0,0,0,0,0,0,0,0,0,0,0,0,0,0,93,254,198,18,0,0,0,0,0,0,0,0,0,0,0,0,0,0,0,0,0,0,0,0,0,0,0,12,221,254,71,0,0,0,0,0,0,0,0,0,0,0,0,0,0,0,0,0,0,0,0,0,0,0,0,63,254,253,29,0,0,0,0,0,0,0,0,0,0,0,0,0,0,0,0,0,0,0,0,0,0,0,0,160,254,161,0,0,0,0,0,0,0,0,0,0,0,0,0,0,0,0,0,0,0,0,0,0,0,0,50,240,242,13,0,0,0,0,0,0,0,0,0,0,0,0,0,0,0,0,0,0,0,0,0,0,0,0,106,254,172,0,0,0,0,0,0,0,0,0,0,0,0,0,0,0,0,0,0,0,0,0,0,0,0,5,199,249,47,0,0,0,0,0,0,0,0,0,0,0,0,0,0,0,0,0,0,0,0,0,0,0,0,82,254,194,0,0,0,0,0,0,0,0,0,0,0,0,0,0,0,0,0,0,0,0,0,0,0,0,0,150,254,226,128,0,0,0,0,0,0,0,0,0,0,0,0,0,0,0,0,0,0,0,0,0,0,0,0,150,254,233,116,0,0,0,0,0,0,0,0,0,0,0,0,0,0,0,0,0,0,0,0,0,0,0,0,247,254,160,0,0,0,0,0,0,0,0,0,0,0,0,0,0,0,0,0,0,0,0,0,0,0,0,0,171,210,0,0,0,0,0,0,0,0,0,0,0,0,0,0,0,0,0,0,0,0,0,0,0,0,0,0,0,0,0,0,0,0,0,0,0,0,0,0,0,0,0,0
8,0,0,0,0,0,0,0,0,0,0,0,0,0,0,0,0,0,0,0,0,0,0,0,0,0,0,0,0,0,0,0,0,0,0,0,0,0,0,0,0,0,0,0,0,0,0,0,0,0,0,0,0,0,0,0,0,0,0,0,0,0,0,0,0,0,0,0,0,0,0,0,0,0,0,0,0,0,0,0,0,0,0,0,0,0,0,0,0,0,0,0,0,0,0,0,0,0,0,0,0,0,0,0,0,0,0,0,0,0,0,0,0,0,0,0,0,0,0,0,0,0,0,0,0,0,0,0,0,0,0,0,0,0,0,0,0,0,0,0,0,0,0,0,0,0,0,0,0,0,0,0,0,0,0,0,0,0,0,0,0,0,0,0,0,0,0,0,0,0,0,0,0,0,0,0,0,0,0,0,0,51,51,173,253,254,213,193,152,41,0,0,0,0,0,0,0,0,0,0,0,0,0,0,0,0,0,21,142,253,252,253,252,253,252,253,252,203,81,0,0,0,0,0,0,0,0,0,0,0,0,0,0,0,21,254,253,254,253,254,213,203,203,203,243,254,213,62,0,0,0,0,0,0,0,0,0,0,0,0,0,0,142,253,252,172,50,50,10,0,0,0,122,253,252,162,61,0,0,0,0,0,0,0,0,0,0,0,0,0,123,254,192,0,0,0,41,72,152,254,253,254,253,255,253,255,172,0,0,0,0,0,0,0,0,0,0,0,81,253,232,41,41,163,243,253,252,253,252,253,252,253,252,253,131,0,0,0,0,0,0,0,0,0,0,0,0,173,253,254,253,254,253,254,253,203,203,234,233,102,20,0,0,0,0,0,0,0,0,0,0,0,0,0,82,213,252,253,252,253,252,91,50,0,0,152,70,0,0,0,0,0,0,0,0,0,0,0,0,0,0,92,233,254,253,254,253,254,172,21,0,0,0,0,0,0,0,0,0,0,0,0,0,0,0,0,0,0,82,233,252,233,151,50,172,253,252,142,0,0,0,0,0,0,0,0,0,0,0,0,0,0,0,0,0,11,213,254,253,163,0,0,0,82,223,254,131,0,0,0,0,0,0,0,0,0,0,0,0,0,0,0,0,92,252,253,130,102,61,0,0,0,142,253,212,0,0,0,0,0,0,0,0,0,0,0,0,0,0,0,0,193,253,163,20,0,0,0,0,0,142,254,213,0,0,0,0,0,0,0,0,0,0,0,0,0,0,0,0,193,252,61,0,0,0,0,0,0,142,253,212,0,0,0,0,0,0,0,0,0,0,0,0,0,0,0,0,173,253,82,0,0,0,0,0,113,233,224,61,0,0,0,0,0,0,0,0,0,0,0,0,0,0,0,0,172,252,82,0,0,0,0,0,213,252,243,40,0,0,0,0,0,0,0,0,0,0,0,0,0,0,0,0,82,243,193,51,0,21,92,253,254,253,102,0,0,0,0,0,0,0,0,0,0,0,0,0,0,0,0,0,21,223,253,232,203,223,253,252,253,171,20,0,0,0,0,0,0,0,0,0,0,0,0,0,0,0,0,0,0,0,255,253,255,253,254,233,142,20,0,0,0,0,0,0,0,0,0,0,0,0,0,0,0,0,0,0,0,0,71,192,253,252,151,50,0,0,0,0,0,0,0,0,0,0,0,0,0,0,0,0,0,0,0,0,0,0,0,0,0,0,0,0,0,0,0,0,0,0,0,0,0,0,0,0,0,0,0,0,0,0,0,0,0,0,0,0,0,0,0,0,0,0,0,0,0,0,0,0,0,0,0,0,0,0
4,0,0,0,0,0,0,0,0,0,0,0,0,0,0,0,0,0,0,0,0,0,0,0,0,0,0,0,0,0,0,0,0,0,0,0,0,0,0,0,0,0,0,0,0,0,0,0,0,0,0,0,0,0,0,0,0,0,0,0,0,0,0,0,0,0,0,0,0,0,0,0,0,60,242,26,0,0,0,0,0,0,0,0,0,0,0,0,0,0,0,0,0,0,0,0,0,0,0,0,0,163,205,0,0,0,0,0,0,0,0,0,0,0,0,0,0,0,0,0,0,0,0,0,0,0,0,0,87,254,94,0,0,0,0,0,0,0,0,0,0,0,0,0,0,0,0,0,0,0,0,0,0,0,0,20,207,200,2,0,0,0,0,0,0,0,0,0,0,0,0,0,0,0,0,0,0,0,0,0,0,0,17,163,236,49,0,0,0,0,0,0,0,0,0,0,0,0,0,0,0,0,0,0,0,0,0,0,0,3,151,239,72,0,0,0,0,0,0,0,0,0,0,0,0,0,0,0,0,0,0,0,0,0,0,0,0,86,240,97,0,0,0,0,0,0,0,0,0,0,0,0,0,0,0,0,0,0,0,0,0,0,0,0,72,241,110,0,0,0,0,0,4,35,0,0,0,0,0,0,0,0,0,0,0,0,0,0,0,0,0,35,232,176,0,0,0,0,0,0,91,247,59,0,0,0,0,0,0,0,0,0,0,0,0,0,0,0,37,226,174,6,0,0,0,0,0,10,242,106,0,0,0,0,0,0,0,0,0,0,0,0,0,0,0,8,188,176,8,0,0,0,0,0,0,168,232,0,0,0,0,0,0,0,0,0,0,0,0,0,0,0,0,108,248,35,0,0,0,0,0,0,132,254,78,0,0,0,0,0,0,0,0,0,0,0,0,0,0,0,36,239,116,0,0,0,0,0,0,57,240,144,2,0,0,0,108,55,0,0,0,0,0,0,0,0,0,0,67,252,44,0,0,0,0,0,10,197,228,15,0,5,49,131,182,22,0,0,0,0,0,0,0,0,0,0,67,249,55,0,0,0,0,1,164,254,115,74,157,215,251,163,28,0,0,0,0,0,0,0,0,0,0,0,44,222,245,188,127,89,89,134,254,254,249,242,169,107,22,0,0,0,0,0,0,0,0,0,0,0,0,0,0,31,171,210,254,254,254,254,233,186,103,11,0,0,0,0,0,0,0,0,0,0,0,0,0,0,0,0,0,0,0,2,26,94,218,229,35,0,0,0,0,0,0,0,0,0,0,0,0,0,0,0,0,0,0,0,0,0,0,0,0,12,254,146,23,0,0,0,0,0,0,0,0,0,0,0,0,0,0,0,0,0,0,0,0,0,0,0,0,8,236,231,39,0,0,0,0,0,0,0,0,0,0,0,0,0,0,0,0,0,0,0,0,0,0,0,0,0,0,0,0,0,0,0,0,0,0,0,0,0,0,0,0,0,0,0,0,0,0,0,0,0,0,0,0,0,0,0,0,0,0,0,0,0,0,0,0,0,0,0,0,0,0,0,0,0,0,0,0,0,0,0,0,0,0,0,0,0,0,0,0,0,0,0,0,0,0,0,0,0,0,0,0,0,0,0,0,0,0,0,0,0,0,0,0,0,0,0,0,0,0,0,0,0,0,0,0,0,0,0,0,0,0,0,0,0,0,0,0,0,0,0,0,0,0,0,0,0,0,0,0,0,0,0,0,0,0,0,0,0,0,0,0,0,0,0,0,0,0,0,0,0,0,0,0,0,0,0,0,0,0,0,0
4,0,0,0,0,0,0,0,0,0,0,0,0,0,0,0,0,0,0,0,0,0,0,0,0,0,0,0,0,0,0,0,0,0,0,0,0,0,0,0,0,0,0,0,0,0,0,0,0,0,0,0,0,0,0,0,0,0,0,0,0,0,0,0,0,0,0,0,0,0,0,0,0,0,0,0,0,0,0,0,0,0,0,0,0,0,0,0,0,0,0,0,0,0,0,0,0,0,0,0,0,0,0,0,0,0,0,0,0,0,0,0,0,0,0,0,0,0,0,0,0,0,0,0,0,0,0,0,0,0,0,0,0,0,0,0,0,0,0,0,0,0,0,0,0,0,0,0,0,0,0,0,0,0,0,0,0,0,0,0,0,0,13,45,138,138,13,0,0,0,0,0,0,0,0,0,0,0,0,0,0,30,34,0,0,0,0,0,0,53,212,252,240,244,65,0,0,0,0,0,0,0,0,0,0,0,0,0,132,228,183,0,0,0,0,0,26,174,253,240,81,99,130,0,0,0,0,0,0,0,0,0,0,0,0,43,201,252,141,0,0,0,0,26,150,252,245,131,0,0,0,0,0,0,0,0,0,0,0,0,0,0,43,178,253,157,6,0,0,0,22,205,252,252,73,0,0,0,0,0,0,0,0,0,0,0,0,0,0,7,160,253,210,0,0,0,0,3,118,253,253,128,0,0,0,0,0,0,0,0,0,0,0,0,0,0,9,155,252,252,0,0,0,0,0,97,252,252,172,8,0,0,0,0,0,0,0,0,0,0,0,0,0,7,155,252,252,136,0,0,0,0,32,222,252,170,13,0,0,0,0,0,0,0,0,0,0,0,0,0,0,66,252,252,252,107,93,93,68,76,218,253,214,13,0,0,0,0,0,0,0,0,0,0,0,0,0,0,0,243,252,252,252,252,253,252,246,248,252,253,102,0,0,0,0,0,0,0,0,0,0,0,0,0,0,0,0,244,253,253,253,253,233,253,253,253,253,255,159,7,0,0,0,0,0,0,0,0,0,0,0,0,0,0,0,50,164,206,164,92,9,121,252,252,252,207,206,173,103,0,0,0,0,0,0,0,0,0,0,0,0,0,0,0,0,0,0,0,11,172,252,252,116,0,0,50,44,0,0,0,0,0,0,0,0,0,0,0,0,0,0,0,0,0,0,0,104,236,252,218,35,0,0,0,0,0,0,0,0,0,0,0,0,0,0,0,0,0,0,0,0,0,0,0,148,252,252,56,0,0,0,0,0,0,0,0,0,0,0,0,0,0,0,0,0,0,0,0,0,0,0,22,255,253,247,42,0,0,0,0,0,0,0,0,0,0,0,0,0,0,0,0,0,0,0,0,0,0,0,157,253,252,227,161,15,0,0,0,0,0,0,0,0,0,0,0,0,0,0,0,0,0,0,0,0,0,0,168,253,252,221,81,6,0,0,0,0,0,0,0,0,0,0,0,0,0,0,0,0,0,0,0,0,0,0,21,253,252,153,9,0,0,0,0,0,0,0,0,0,0,0,0,0,0,0,0,0,0,0,0,0,0,0,0,86,117,6,0,0,0,0,0,0,0,0,0,0,0,0,0,0,0,0,0,0,0,0,0,0,0,0,0,0,0,0,0,0,0,0,0,0,0,0,0,0,0,0,0,0,0,0,0,0,0,0,0,0,0,0,0,0,0,0,0,0,0,0,0,0,0,0,0,0,0,0,0,0,0,0,0,0,0,0,0,0,0,0,0,0,0,0,0,0,0,0,0,0,0,0,0,0,0,0,0,0
4,0,0,0,0,0,0,0,0,0,0,0,0,0,0,0,0,0,0,0,0,0,0,0,0,0,0,0,0,0,0,0,0,0,0,0,0,0,0,0,0,0,0,0,0,0,0,0,0,0,0,0,0,0,0,0,0,0,0,0,0,0,0,0,0,0,0,0,0,0,0,0,0,0,0,0,0,0,0,0,0,0,0,0,0,0,0,0,0,0,0,0,0,0,0,0,0,0,0,0,0,0,0,0,0,0,0,0,0,0,0,0,0,0,0,0,0,0,0,0,0,0,0,0,0,0,0,0,0,0,0,0,0,0,0,0,0,0,0,0,0,0,0,0,0,0,0,9,24,0,0,0,0,0,0,0,0,51,243,116,0,0,0,0,0,0,0,0,0,0,0,0,0,0,0,114,252,0,0,0,0,0,0,0,0,93,252,116,0,0,0,0,0,0,0,0,0,0,0,0,0,0,19,220,252,0,0,0,0,0,0,0,0,93,252,116,0,0,0,0,0,0,0,0,0,0,0,0,0,0,70,252,210,0,0,0,0,0,0,0,0,93,252,21,0,0,0,0,0,0,0,0,0,0,0,0,0,0,38,232,242,0,0,0,0,0,0,0,0,93,252,106,0,0,0,0,0,0,0,0,0,0,0,0,0,0,70,253,190,0,0,0,0,0,0,0,0,51,243,116,0,0,0,0,0,0,0,0,0,0,0,0,0,0,38,232,137,0,0,0,0,0,0,0,0,93,252,189,0,0,0,0,0,0,0,0,0,0,0,0,0,0,51,240,221,32,0,0,0,0,0,0,0,93,252,146,0,0,0,0,0,0,0,0,0,0,0,0,0,0,0,165,252,210,0,0,0,0,0,0,0,93,252,116,0,0,0,0,0,0,0,0,0,0,0,0,0,0,0,9,179,241,42,0,0,0,0,0,0,93,252,116,0,0,0,0,0,0,0,0,0,0,0,0,0,0,0,0,106,255,232,48,0,0,0,0,0,208,253,191,114,0,0,0,0,0,0,0,0,0,0,0,0,0,0,0,0,159,252,227,67,5,0,9,47,215,252,253,185,0,0,0,0,0,0,0,0,0,0,0,0,0,0,0,0,7,154,252,252,190,185,197,252,252,252,236,25,0,0,0,0,0,0,0,0,0,0,0,0,0,0,0,0,0,9,77,194,252,253,252,227,194,252,188,0,0,0,0,0,0,0,0,0,0,0,0,0,0,0,0,0,0,0,0,9,22,23,22,16,93,252,116,0,0,0,0,0,0,0,0,0,0,0,0,0,0,0,0,0,0,0,0,0,0,0,0,0,0,231,179,0,0,0,0,0,0,0,0,0,0,0,0,0,0,0,0,0,0,0,0,0,0,0,0,0,0,230,234,91,0,0,0,0,0,0,0,0,0,0,0,0,0,0,0,0,0,0,0,0,0,0,0,0,0,230,253,206,0,0,0,0,0,0,0,0,0,0,0,0,0,0,0,0,0,0,0,0,0,0,0,0,0,230,253,206,0,0,0,0,0,0,0,0,0,0,0,0,0,0,0,0,0,0,0,0,0,0,0,0,0,126,190,60,0,0,0,0,0,0,0,0,0,0,0,0,0,0,0,0,0,0,0,0,0,0,0,0,0,0,0,0,0,0,0,0,0,0,0,0,0,0,0,0,0,0,0,0,0,0,0,0,0,0,0,0,0,0,0,0,0,0,0,0,0,0,0,0,0,0,0,0,0,0,0,0,0,0,0,0,0,0,0,0,0,0,0,0,0,0,0,0,0,0,0,0
1,0,0,0,0,0,0,0,0,0,0,0,0,0,0,0,0,0,0,0,0,0,0,0,0,0,0,0,0,0,0,0,0,0,0,0,0,0,0,0,0,0,0,0,0,0,0,0,0,0,0,0,0,0,0,0,0,0,0,0,0,0,0,0,0,0,0,0,0,0,0,0,0,0,0,0,0,0,0,0,0,0,0,0,0,0,0,0,0,0,0,0,0,0,0,0,0,0,0,0,0,0,0,0,0,0,0,0,0,0,0,0,0,0,0,0,0,0,0,0,0,0,0,0,0,0,0,155,253,253,91,0,0,0,0,0,0,0,0,0,0,0,0,0,0,0,0,0,0,0,0,0,0,0,0,253,251,251,188,0,0,0,0,0,0,0,0,0,0,0,0,0,0,0,0,0,0,0,0,0,0,0,0,253,251,251,188,0,0,0,0,0,0,0,0,0,0,0,0,0,0,0,0,0,0,0,0,0,0,0,40,253,251,251,188,0,0,0,0,0,0,0,0,0,0,0,0,0,0,0,0,0,0,0,0,0,0,0,158,253,251,251,188,0,0,0,0,0,0,0,0,0,0,0,0,0,0,0,0,0,0,0,0,0,0,0,159,255,253,253,189,0,0,0,0,0,0,0,0,0,0,0,0,0,0,0,0,0,0,0,0,0,0,48,228,253,251,251,168,0,0,0,0,0,0,0,0,0,0,0,0,0,0,0,0,0,0,0,0,0,0,143,251,253,251,251,31,0,0,0,0,0,0,0,0,0,0,0,0,0,0,0,0,0,0,0,0,0,0,221,251,253,251,251,31,0,0,0,0,0,0,0,0,0,0,0,0,0,0,0,0,0,0,0,0,0,0,221,251,253,251,172,12,0,0,0,0,0,0,0,0,0,0,0,0,0,0,0,0,0,0,0,0,0,0,223,253,255,241,79,0,0,0,0,0,0,0,0,0,0,0,0,0,0,0,0,0,0,0,0,0,0,96,244,251,253,220,0,0,0,0,0,0,0,0,0,0,0,0,0,0,0,0,0,0,0,0,0,0,0,127,251,251,253,220,0,0,0,0,0,0,0,0,0,0,0,0,0,0,0,0,0,0,0,0,0,0,28,236,251,251,253,180,0,0,0,0,0,0,0,0,0,0,0,0,0,0,0,0,0,0,0,0,0,0,131,251,251,251,253,62,0,0,0,0,0,0,0,0,0,0,0,0,0,0,0,0,0,0,0,0,0,0,191,253,253,253,159,0,0,0,0,0,0,0,0,0,0,0,0,0,0,0,0,0,0,0,0,0,0,0,190,251,251,251,158,0,0,0,0,0,0,0,0,0,0,0,0,0,0,0,0,0,0,0,0,0,0,0,190,251,251,251,79,0,0,0,0,0,0,0,0,0,0,0,0,0,0,0,0,0,0,0,0,0,0,0,190,251,251,251,0,0,0,0,0,0,0,0,0,0,0,0,0,0,0,0,0,0,0,0,0,0,0,0,71,173,251,251,0,0,0,0,0,0,0,0,0,0,0,0,0,0,0,0,0,0,0,0,0,0,0,0,0,0,0,0,0,0,0,0,0,0,0,0,0,0,0,0,0,0,0,0,0,0,0,0,0,0,0,0,0,0,0,0,0,0,0,0,0,0,0,0,0,0,0,0,0,0,0,0,0,0,0,0,0,0,0,0,0,0,0,0,0,0,0,0,0,0,0,0,0,0,0,0,0,0,0,0,0,0,0,0,0,0,0,0,0,0,0,0,0,0,0,0,0,0,0,0,0,0,0,0,0,0
9,0,0,0,0,0,0,0,0,0,0,0,0,0,0,0,0,0,0,0,0,0,0,0,0,0,0,0,0,0,0,0,0,0,0,0,0,0,0,0,0,0,0,0,0,0,0,0,0,0,0,0,0,0,0,0,0,0,0,0,0,0,0,0,0,0,0,0,0,0,0,0,0,0,0,0,0,0,0,0,0,0,0,0,0,0,0,0,0,0,0,0,0,0,0,0,0,0,0,0,0,0,0,0,0,0,0,0,0,0,0,0,0,0,0,0,0,0,0,0,0,0,0,0,0,0,0,0,0,0,0,0,0,0,0,0,0,0,0,0,0,0,0,0,0,0,0,0,0,0,0,0,0,0,0,0,0,0,0,0,0,0,0,0,0,0,0,0,0,0,0,0,0,0,0,0,0,0,0,0,0,0,0,0,0,0,0,0,0,0,0,0,0,0,0,0,0,0,0,0,0,0,0,0,0,0,0,0,0,0,0,0,4,63,151,235,255,84,0,0,0,0,0,0,0,0,0,0,0,0,0,0,0,0,0,0,0,0,10,102,223,254,254,254,254,120,0,0,0,0,0,0,0,0,0,0,0,0,0,0,0,0,0,0,0,42,180,254,254,254,254,139,190,120,0,0,0,0,0,0,0,0,0,0,0,0,0,0,0,0,0,0,91,235,254,243,154,52,240,248,182,20,0,0,0,0,0,0,0,0,0,0,0,0,0,0,0,0,0,120,238,254,206,41,72,227,254,249,46,0,0,0,0,0,0,0,0,0,0,0,0,0,0,0,0,0,18,234,254,170,50,154,254,254,254,211,0,0,0,0,0,0,0,0,0,0,0,0,0,0,0,0,0,0,118,254,177,102,219,254,251,237,254,56,0,0,0,0,0,0,0,0,0,0,0,0,0,0,0,0,0,0,121,254,254,254,254,217,78,240,250,49,0,0,0,0,0,0,0,0,0,0,0,0,0,0,0,0,0,0,46,231,254,216,141,20,193,254,143,0,0,0,0,0,0,0,0,0,0,0,0,0,0,0,0,0,0,0,0,10,14,8,0,103,254,239,20,0,0,0,0,0,0,0,0,0,0,0,0,0,0,0,0,0,0,0,0,0,0,0,36,228,253,95,0,0,0,0,0,0,0,0,0,0,0,0,0,0,0,0,0,0,0,0,0,0,0,0,111,254,210,0,0,0,0,0,0,0,0,0,0,0,0,0,0,0,0,0,0,0,0,0,0,0,0,71,248,245,47,0,0,0,0,0,0,0,0,0,0,0,0,0,0,0,0,0,0,0,0,0,0,0,6,193,254,162,0,0,0,0,0,0,0,0,0,0,0,0,0,0,0,0,0,0,0,0,0,0,0,0,149,254,199,5,0,0,0,0,0,0,0,0,0,0,0,0,0,0,0,0,0,0,0,0,0,0,0,61,241,251,74,0,0,0,0,0,0,0,0,0,0,0,0,0,0,0,0,0,0,0,0,0,0,0,10,211,254,158,0,0,0,0,0,0,0,0,0,0,0,0,0,0,0,0,0,0,0,0,0,0,0,0,87,254,240,32,0,0,0,0,0,0,0,0,0,0,0,0,0,0,0,0,0,0,0,0,0,0,0,0,121,254,116,0,0,0,0,0,0,0,0,0,0,0,0,0,0,0,0,0,0,0,0,0,0,0,0,0,84,254,105,0,0,0,0,0,0,0,0,0,0,0,0,0,0,0,0,0,0,0,0,0,0,0,0,0,0,0,0,0,0,0,0,0,0,0,0,0,0,0,0,0,0,0,0
4,0,0,0,0,0,0,0,0,0,0,0,0,0,0,0,0,0,0,0,0,0,0,0,0,0,0,0,0,0,0,0,0,0,0,0,0,0,0,0,0,0,0,0,0,0,0,0,0,0,0,0,0,0,0,0,0,0,0,0,0,0,0,0,0,0,0,0,0,0,0,0,0,0,0,0,0,0,0,0,0,0,0,0,0,0,0,0,0,0,0,0,0,0,0,0,0,0,0,0,0,0,0,0,0,0,0,0,0,0,0,0,0,0,0,0,0,0,0,0,0,0,0,0,0,0,0,0,0,0,0,0,0,0,0,0,0,0,0,0,0,0,0,0,0,0,0,0,0,0,86,255,86,0,0,0,0,0,0,0,0,0,0,0,0,0,0,0,0,0,0,0,0,0,0,0,0,0,170,255,57,0,0,0,0,0,0,0,0,0,0,0,0,0,0,0,0,0,0,0,0,0,0,0,0,0,198,114,0,0,0,0,0,0,0,0,0,0,0,0,0,0,0,0,0,0,0,0,0,0,0,0,0,0,255,86,0,0,0,0,0,114,86,0,0,0,0,0,0,0,0,0,0,0,0,0,0,0,0,0,0,57,255,86,0,0,0,0,0,170,255,0,0,0,0,0,0,0,0,0,0,0,0,0,0,0,0,0,0,86,255,86,0,0,0,0,0,170,255,0,0,0,0,0,0,0,0,0,0,0,0,0,0,0,0,0,0,86,255,86,0,0,0,0,0,170,255,0,0,0,0,0,0,0,0,0,0,0,0,0,0,0,0,0,0,0,226,114,0,0,0,0,0,198,255,0,0,0,0,0,0,0,0,0,0,0,0,0,0,0,0,0,0,0,141,255,57,0,0,0,57,255,198,0,0,0,0,0,0,0,0,0,0,0,0,0,0,0,0,0,0,0,0,170,255,114,86,114,226,255,170,0,0,0,0,0,0,0,0,0,0,0,0,0,0,0,0,0,0,0,0,0,86,198,255,226,198,255,114,0,0,0,0,0,0,0,0,0,0,0,0,0,0,0,0,0,0,0,0,0,0,0,0,0,86,255,86,0,0,0,0,0,0,0,0,0,0,0,0,0,0,0,0,0,0,0,0,0,0,0,0,0,86,255,86,0,0,0,0,0,0,0,0,0,0,0,0,0,0,0,0,0,0,0,0,0,0,0,0,0,0,255,86,0,0,0,0,0,0,0,0,0,0,0,0,0,0,0,0,0,0,0,0,0,0,0,0,0,0,226,114,0,0,0,0,0,0,0,0,0,0,0,0,0,0,0,0,0,0,0,0,0,0,0,0,0,0,170,255,0,0,0,0,0,0,0,0,0,0,0,0,0,0,0,0,0,0,0,0,0,0,0,0,0,0,114,255,0,0,0,0,0,0,0,0,0,0,0,0,0,0,0,0,0,0,0,0,0,0,0,0,0,0,86,255,86,0,0,0,0,0,0,0,0,0,0,0,0,0,0,0,0,0,0,0,0,0,0,0,0,0,86,255,255,0,0,0,0,0,0,0,0,0,0,0,0,0,0,0,0,0,0,0,0,0,0,0,0,0,57,226,170,0,0,0,0,0,0,0,0,0,0,0,0,0,0,0,0,0,0,0,0,0,0,0,0,0,0,0,0,0,0,0,0,0,0,0,0,0,0,0,0,0,0,0,0,0,0,0,0,0,0,0,0,0,0,0,0,0,0,0,0,0,0,0,0,0,0,0,0,0,0,0,0,0,0,0,0,0,0,0,0,0,0,0,0,0,0,0,0,0,0,0,0,0
3,0,0,0,0,0,0,0,0,0,0,0,0,0,0,0,0,0,0,0,0,0,0,0,0,0,0,0,0,0,0,0,0,0,0,0,0,0,0,0,0,0,0,0,0,0,0,0,0,0,0,0,0,0,0,0,0,0,0,0,0,0,0,0,0,0,0,0,0,0,0,0,0,0,0,0,0,0,0,0,0,0,0,0,0,0,0,0,0,0,0,0,0,0,0,0,0,0,0,0,0,0,0,0,0,0,0,0,0,0,0,0,0,0,0,0,0,0,0,0,0,0,0,0,0,0,0,0,0,0,0,0,0,0,0,0,0,0,0,0,0,0,0,0,0,0,0,0,0,0,0,0,0,0,0,0,0,0,0,0,0,0,0,0,0,0,0,0,0,0,0,0,0,0,0,0,0,0,128,128,128,128,128,0,0,0,0,0,0,0,0,0,0,0,0,0,0,0,0,0,0,0,0,0,64,255,255,255,255,255,255,255,255,128,128,64,0,0,0,0,0,0,0,0,0,0,0,0,0,0,0,0,64,255,191,255,191,255,255,255,255,255,255,255,255,0,0,0,0,0,0,0,0,0,0,0,0,0,0,0,0,0,0,0,0,0,0,128,191,255,255,255,255,128,0,0,0,0,0,0,0,0,0,0,0,0,0,0,0,0,0,0,0,0,0,0,64,191,255,255,255,64,0,0,0,0,0,0,0,0,0,0,0,0,0,0,0,0,0,0,0,0,64,191,255,255,255,255,191,0,0,0,0,0,0,0,0,0,0,0,0,0,0,0,0,0,0,0,128,255,255,255,255,255,255,128,0,0,0,0,0,0,0,0,0,0,0,0,0,0,0,0,0,0,0,128,255,255,255,255,255,255,255,255,255,64,0,0,0,0,0,0,0,0,0,0,0,0,0,0,0,0,0,191,255,255,255,128,128,128,255,255,255,255,64,0,0,0,0,0,0,0,0,0,0,0,0,0,0,0,0,0,128,64,0,0,0,0,0,64,255,255,191,0,0,0,0,0,0,0,0,0,0,0,0,0,0,0,0,0,0,0,0,0,0,0,0,64,255,255,191,0,0,0,0,0,0,0,0,0,0,0,0,0,0,0,0,0,0,0,0,0,0,64,191,255,255,255,128,0,0,0,0,0,0,0,0,0,0,0,0,0,0,0,0,0,0,0,128,128,191,255,255,255,255,128,0,0,0,0,0,0,0,0,0,0,0,0,0,0,0,0,64,255,255,255,255,255,255,255,255,128,64,0,0,0,0,0,0,0,0,0,0,0,0,0,0,64,128,255,255,255,255,255,255,191,128,128,0,0,0,0,0,0,0,0,0,0,0,0,0,0,128,128,255,255,255,255,191,128,128,128,64,0,0,0,0,0,0,0,0,0,0,0,0,0,0,0,0,255,255,255,255,255,128,0,0,0,0,0,0,0,0,0,0,0,0,0,0,0,0,0,0,0,0,0,0,128,128,128,0,0,0,0,0,0,0,0,0,0,0,0,0,0,0,0,0,0,0,0,0,0,0,0,0,0,0,0,0,0,0,0,0,0,0,0,0,0,0,0,0,0,0,0,0,0,0,0,0,0,0,0,0,0,0,0,0,0,0,0,0,0,0,0,0,0,0,0,0,0,0,0,0,0,0,0,0,0,0,0,0,0,0,0,0,0,0,0,0,0,0,0,0,0,0,0,0,0,0,0,0,0,0,0,0,0,0,0,0,0,0,0,0,0,0,0,0,0,0,0,0,0,0,0,0,0,0,0,0,0,0,0,0,0,0
8,0,0,0,0,0,0,0,0,0,0,0,0,0,0,0,0,0,0,0,0,0,0,0,0,0,0,0,0,0,0,0,0,0,0,0,0,0,0,0,0,0,0,0,0,0,0,0,0,0,0,0,0,0,0,0,0,0,0,0,0,0,0,0,0,0,0,0,0,0,0,0,0,0,0,0,0,0,0,0,0,0,0,0,0,0,0,0,0,0,0,0,0,0,0,0,0,0,0,0,0,0,0,0,0,0,0,0,0,0,0,0,0,0,0,0,0,0,0,0,0,0,0,0,0,0,0,0,0,0,0,0,0,0,0,0,0,0,0,0,0,0,0,0,0,0,0,0,0,0,0,0,0,64,0,128,191,128,191,128,0,0,0,0,0,0,0,0,0,0,0,0,0,0,0,0,0,0,0,128,255,255,255,255,255,128,191,255,255,64,0,0,0,0,0,0,0,0,0,0,0,0,0,0,0,0,0,128,255,191,128,0,0,0,0,255,255,128,0,0,0,0,0,0,0,0,0,0,0,0,0,0,0,0,0,0,0,0,0,0,0,0,128,255,255,64,0,0,0,0,0,0,0,0,0,0,0,0,0,0,0,0,0,64,64,0,0,0,0,0,128,255,191,0,0,0,0,0,0,0,0,0,0,0,0,0,0,0,0,0,191,255,128,0,0,0,0,64,255,255,64,0,0,0,0,0,0,0,0,0,0,0,0,0,0,0,0,0,191,255,128,0,0,0,0,255,255,128,0,0,0,0,0,0,0,0,0,0,0,0,0,0,0,0,0,0,64,255,255,191,0,64,255,255,191,0,0,0,0,0,0,0,0,0,0,0,0,0,0,0,0,0,0,0,0,191,255,255,128,255,255,255,64,0,0,0,0,0,0,0,0,0,0,0,0,0,0,0,0,0,0,0,0,64,255,255,255,255,255,128,0,0,0,0,0,0,0,0,0,0,0,0,0,0,0,0,0,0,0,0,0,0,128,255,255,255,191,0,0,0,0,0,0,0,0,0,0,0,0,0,0,0,0,0,0,0,0,0,0,0,64,255,255,255,191,0,0,0,0,0,0,0,0,0,0,0,0,0,0,0,0,0,0,0,0,0,0,0,191,255,255,255,255,64,0,0,0,0,0,0,0,0,0,0,0,0,0,0,0,0,0,0,0,0,0,64,255,255,128,128,255,255,128,0,0,0,0,0,0,0,0,0,0,0,0,0,0,0,0,0,0,0,0,128,255,255,0,0,0,255,255,0,0,0,0,0,0,0,0,0,0,0,0,0,0,0,0,0,0,0,0,128,255,255,0,0,0,255,255,0,0,0,0,0,0,0,0,0,0,0,0,0,0,0,0,0,0,0,0,64,255,255,0,0,64,255,191,0,0,0,0,0,0,0,0,0,0,0,0,0,0,0,0,0,0,0,0,0,255,255,64,0,191,255,128,0,0,0,0,0,0,0,0,0,0,0,0,0,0,0,0,0,0,0,0,0,191,255,255,255,255,128,0,0,0,0,0,0,0,0,0,0,0,0,0,0,0,0,0,0,0,0,0,0,64,191,255,191,128,0,0,0,0,0,0,0,0,0,0,0,0,0,0,0,0,0,0,0,0,0,0,0,0,0,0,0,0,0,0,0,0,0,0,0,0,0,0,0,0,0,0,0,0,0,0,0,0,0,0,0,0,0,0,0,0,0,0,0,0,0,0,0,0,0,0,0,0,0,0,0,0,0,0,0,0,0,0,0,0,0,0,0,0,0,0,0,0,0,0,0,0,0,0,0,0
5,0,0,0,0,0,0,0,0,0,0,0,0,0,0,0,0,0,0,0,0,0,0,0,0,0,0,0,0,0,0,0,0,0,0,0,0,0,0,0,0,0,0,0,0,0,0,0,0,0,0,0,0,0,0,0,0,0,0,0,0,0,0,0,0,0,0,0,0,0,0,0,0,0,0,0,0,0,0,0,0,0,0,0,0,0,0,0,0,0,0,0,0,0,0,0,0,0,0,0,0,0,0,0,0,0,0,0,0,0,0,0,0,0,0,0,0,0,0,0,0,0,0,0,0,0,0,0,0,0,0,0,0,0,0,0,0,0,0,0,0,0,0,0,0,0,0,0,0,0,0,0,0,0,18,116,152,226,242,177,152,152,103,63,12,0,0,0,0,0,0,0,0,0,0,0,0,0,0,0,23,170,123,255,228,205,226,255,254,255,255,255,224,101,0,0,0,0,0,0,0,0,0,0,0,0,0,37,207,254,92,72,19,0,17,40,40,64,129,175,235,252,152,0,0,0,0,0,0,0,0,0,0,0,139,243,254,110,1,0,0,0,0,0,0,0,0,0,34,142,142,0,0,0,0,0,0,0,0,0,6,170,244,254,249,38,1,0,0,0,0,0,0,0,0,0,0,0,0,0,0,0,0,0,0,0,0,0,214,254,254,254,254,254,176,92,11,0,0,0,0,0,0,0,0,0,0,0,0,0,0,0,0,0,0,0,174,183,183,183,183,183,253,254,236,119,17,0,0,0,0,0,0,0,0,0,0,0,0,0,0,0,0,0,0,0,0,0,0,0,17,122,227,254,203,62,0,0,0,0,0,0,0,0,0,0,0,0,0,0,0,0,0,0,0,0,0,0,0,0,17,147,244,242,61,0,0,0,0,0,0,0,0,0,0,0,0,0,0,0,0,0,0,0,0,0,0,0,0,0,113,254,241,50,0,0,0,0,0,0,0,0,0,0,0,0,0,109,18,0,0,0,0,0,0,0,0,0,5,162,254,167,0,0,0,0,0,0,0,0,0,0,0,0,0,252,237,104,15,0,0,0,0,0,0,0,0,60,223,236,18,0,0,0,0,0,0,0,0,0,0,0,0,26,169,246,183,100,22,0,0,0,0,0,0,0,170,254,112,0,0,0,0,0,0,0,0,0,0,0,0,0,39,245,254,254,145,0,0,0,0,0,0,2,192,254,112,0,0,0,0,0,0,0,0,0,0,0,0,0,63,255,254,254,254,171,87,42,0,0,4,121,254,254,93,0,0,0,0,0,0,0,0,0,0,0,0,0,63,255,254,254,254,254,254,246,219,219,222,254,254,182,3,0,0,0,0,0,0,0,0,0,0,0,0,0,12,209,250,254,254,254,254,254,254,254,254,245,167,22,0,0,0,0,0,0,0,0,0,0,0,0,0,0,0,0,97,151,151,151,151,151,151,151,83,40,0,0,0,0,0,0,0,0,0,0,0,0,0,0,0,0,0,0,0,0,0,0,0,0,0,0,0,0,0,0,0,0,0,0,0,0,0,0,0,0,0,0,0,0,0,0,0,0,0,0,0,0,0,0,0,0,0,0,0,0,0,0,0,0,0,0,0,0,0,0,0,0,0,0,0,0,0,0,0,0,0,0,0,0,0,0,0,0,0,0,0,0,0,0,0,0,0,0,0,0,0,0,0,0,0,0,0,0,0,0,0,0,0,0,0,0,0,0,0,0,0,0,0,0,0,0,0,0,0,0,0,0,0,0,0,0,0,0,0,0,0,0,0,0,0,0,0,0,0
4,0,0,0,0,0,0,0,0,0,0,0,0,0,0,0,0,0,0,0,0,0,0,0,0,0,0,0,0,0,0,0,0,0,0,0,0,0,0,0,0,0,0,0,0,0,0,0,0,0,0,0,0,0,0,0,0,0,0,0,0,0,0,0,0,0,0,0,0,0,0,0,0,0,0,0,0,0,0,0,0,0,0,0,0,0,0,0,0,0,0,0,0,0,0,0,0,0,0,0,0,0,0,0,0,0,0,0,0,0,0,0,0,0,0,0,0,0,0,0,0,0,0,0,0,0,0,0,0,0,0,0,0,0,0,0,0,0,0,0,0,0,0,0,0,0,0,0,0,0,0,0,0,0,0,0,0,0,0,0,0,0,0,0,0,0,0,0,0,0,0,0,0,0,0,0,0,0,0,5,198,219,37,0,0,0,0,0,0,0,0,0,0,0,0,0,0,0,0,0,0,0,0,0,0,0,0,151,253,244,32,0,0,0,0,0,0,0,0,0,0,0,0,0,0,0,0,0,0,0,0,0,0,0,20,225,253,193,0,0,0,0,0,0,6,6,0,0,0,0,0,0,0,0,0,0,0,0,0,0,0,0,137,253,227,38,0,0,0,0,0,51,209,203,0,0,0,0,0,0,0,0,0,0,0,0,0,0,0,0,235,253,81,0,0,0,0,0,62,247,244,86,0,0,0,0,0,0,0,0,0,0,0,0,0,0,0,34,243,244,42,0,0,0,0,17,205,253,88,0,0,0,0,0,0,0,0,0,0,0,0,0,0,0,0,76,253,167,0,0,0,0,0,70,253,227,12,0,0,0,0,0,0,0,0,0,0,0,0,0,0,0,0,76,253,242,85,36,57,57,57,193,251,69,0,0,0,0,0,0,0,0,0,0,0,0,0,0,0,0,0,11,227,253,253,239,253,253,254,253,251,153,105,29,9,0,0,0,0,0,0,0,0,0,0,0,0,0,0,0,37,141,225,232,159,193,254,253,253,253,253,211,47,0,0,0,0,0,0,0,0,0,0,0,0,0,0,0,0,0,0,0,0,95,255,216,0,0,0,0,0,0,0,0,0,0,0,0,0,0,0,0,0,0,0,0,0,0,0,0,0,95,254,166,0,0,0,0,0,0,0,0,0,0,0,0,0,0,0,0,0,0,0,0,0,0,0,0,0,167,251,47,0,0,0,0,0,0,0,0,0,0,0,0,0,0,0,0,0,0,0,0,0,0,0,0,19,231,188,0,0,0,0,0,0,0,0,0,0,0,0,0,0,0,0,0,0,0,0,0,0,0,0,0,116,253,135,0,0,0,0,0,0,0,0,0,0,0,0,0,0,0,0,0,0,0,0,0,0,0,0,0,129,253,88,0,0,0,0,0,0,0,0,0,0,0,0,0,0,0,0,0,0,0,0,0,0,0,0,0,216,221,0,0,0,0,0,0,0,0,0,0,0,0,0,0,0,0,0,0,0,0,0,0,0,0,0,0,216,159,0,0,0,0,0,0,0,0,0,0,0,0,0,0,0,0,0,0,0,0,0,0,0,0,0,0,216,159,0,0,0,0,0,0,0,0,0,0,0,0,0,0,0,0,0,0,0,0,0,0,0,0,0,0,216,159,0,0,0,0,0,0,0,0,0,0,0,0,0,0,0,0,0,0,0,0,0,0,0,0,0,0,0,0,0,0,0,0,0,0,0,0,0,0,0,0,0,0,0,0,0,0,0,0,0,0,0,0,0,0,0,0,0,0,0,0,0,0,0,0,0,0,0,0,0
8,0,0,0,0,0,0,0,0,0,0,0,0,0,0,0,0,0,0,0,0,0,0,0,0,0,0,0,0,0,0,0,0,0,0,0,0,0,0,0,0,0,0,0,0,0,0,0,0,0,0,0,0,0,0,0,0,0,0,0,0,0,0,0,0,0,0,0,0,0,0,0,0,0,0,0,0,0,0,0,0,0,0,0,0,0,0,0,0,0,0,0,0,0,0,0,0,0,0,0,0,0,0,0,0,0,0,0,0,0,0,0,0,0,0,0,0,0,0,0,0,0,0,0,0,0,0,0,0,0,0,0,0,0,0,0,0,0,0,0,0,0,0,0,0,0,0,0,0,0,0,0,0,0,0,0,0,0,0,0,0,0,0,0,0,0,0,0,0,0,0,0,0,0,0,0,0,0,0,0,0,9,29,81,164,254,255,254,187,16,213,254,117,0,0,0,0,0,0,0,0,0,0,0,0,0,0,0,65,203,253,253,253,253,253,253,249,165,253,253,170,0,0,0,0,0,0,0,0,0,0,0,0,0,0,61,206,253,253,220,172,82,82,82,250,253,253,253,91,0,0,0,0,0,0,0,0,0,0,0,0,0,34,199,253,252,117,24,0,0,0,0,249,253,253,149,14,0,0,0,0,0,0,0,0,0,0,0,0,0,155,245,216,51,0,0,0,0,34,197,252,253,173,35,0,0,0,0,0,0,0,0,0,0,0,0,0,0,139,253,191,5,0,0,0,0,200,253,253,227,10,0,0,0,0,0,0,0,0,0,0,0,0,0,0,0,184,253,203,9,0,0,88,215,252,251,126,10,0,0,0,0,0,0,0,0,0,0,0,0,0,0,0,0,91,232,253,199,131,24,185,253,244,128,0,0,0,0,0,0,0,0,0,0,0,0,0,0,0,0,0,0,27,190,249,253,253,253,253,241,78,0,0,0,0,0,0,0,0,0,0,0,0,0,0,0,0,0,0,0,0,0,118,251,253,253,253,176,0,0,0,0,0,0,0,0,0,0,0,0,0,0,0,0,0,0,0,0,0,0,33,246,253,253,253,200,49,0,0,0,0,0,0,0,0,0,0,0,0,0,0,0,0,0,0,0,0,0,151,253,253,253,253,253,203,11,0,0,0,0,0,0,0,0,0,0,0,0,0,0,0,0,0,0,0,133,251,195,23,42,220,253,245,21,0,0,0,0,0,0,0,0,0,0,0,0,0,0,0,0,0,0,43,231,253,124,0,0,123,253,253,78,0,0,0,0,0,0,0,0,0,0,0,0,0,0,0,0,0,0,189,253,191,5,0,25,222,253,198,10,0,0,0,0,0,0,0,0,0,0,0,0,0,0,0,0,0,58,231,253,70,0,16,180,253,239,74,0,0,0,0,0,0,0,0,0,0,0,0,0,0,0,0,0,0,141,253,212,16,5,190,253,253,146,0,0,0,0,0,0,0,0,0,0,0,0,0,0,0,0,0,0,0,147,253,156,194,202,253,201,88,12,0,0,0,0,0,0,0,0,0,0,0,0,0,0,0,0,0,0,0,125,253,253,253,253,186,13,0,0,0,0,0,0,0,0,0,0,0,0,0,0,0,0,0,0,0,0,0,84,223,253,148,78,8,0,0,0,0,0,0,0,0,0,0,0,0,0,0,0,0,0,0,0,0,0,0,0,0,0,0,0,0,0,0,0,0,0,0,0,0,0,0,0,0,0,0,0,0,0,0,0,0,0,0,0,0,0,0,0,0,0,0,0,0,0,0,0,0,0,0,0,0,0,0
6,0,0,0,0,0,0,0,0,0,0,0,0,0,0,0,0,0,0,0,0,0,0,0,0,0,0,0,0,0,0,0,0,0,0,0,0,0,0,0,0,0,0,0,0,0,0,0,0,0,0,0,0,0,0,0,0,0,0,0,0,0,0,0,0,0,0,0,0,0,0,0,0,0,0,0,0,0,0,0,0,0,0,0,0,0,0,0,0,0,0,0,0,0,0,0,0,0,0,0,0,0,0,167,255,221,35,0,0,0,0,0,0,0,0,0,0,0,0,0,0,0,0,0,0,0,0,0,0,0,115,252,253,253,75,0,0,0,0,0,0,0,0,0,0,0,0,0,0,0,0,0,0,0,0,0,9,154,233,253,253,201,12,0,0,0,0,0,0,0,0,0,0,0,0,0,0,0,0,0,0,0,0,37,199,253,253,253,235,76,0,0,0,0,0,0,0,0,0,0,0,0,0,0,0,0,0,0,0,0,10,151,253,253,253,253,78,0,0,0,0,0,0,0,0,0,0,0,0,0,0,0,0,0,0,0,0,5,153,253,253,253,246,109,14,0,0,0,0,0,0,0,0,0,0,0,0,0,0,0,0,0,0,0,0,160,253,253,253,253,129,0,0,0,0,0,0,0,0,0,0,0,0,0,0,0,0,0,0,0,0,0,108,253,253,253,253,190,74,0,0,0,0,0,0,0,0,0,0,0,0,0,0,0,0,0,0,0,5,90,235,253,253,253,195,71,0,0,0,0,0,0,0,0,0,0,0,0,0,0,0,0,0,0,0,0,52,253,253,253,159,47,17,0,0,0,0,0,0,0,0,0,0,0,0,0,0,0,0,0,0,0,0,52,226,253,253,187,13,0,0,28,49,124,49,11,0,0,0,0,0,0,0,0,0,0,0,0,0,0,6,181,253,253,181,58,0,6,43,215,253,253,253,150,9,0,0,0,0,0,0,0,0,0,0,0,0,3,61,253,253,250,65,0,2,128,253,253,253,253,253,253,75,0,0,0,0,0,0,0,0,0,0,0,0,76,253,253,246,63,0,0,136,253,253,253,253,253,253,253,75,0,0,0,0,0,0,0,0,0,0,0,0,76,253,253,183,0,0,0,206,253,253,253,253,253,253,253,75,0,0,0,0,0,0,0,0,0,0,0,0,195,253,178,14,0,0,78,247,253,253,253,253,253,253,154,10,0,0,0,0,0,0,0,0,0,0,0,0,213,253,82,0,0,27,129,253,253,253,253,253,253,188,12,0,0,0,0,0,0,0,0,0,0,0,0,0,213,253,203,179,179,211,253,253,253,253,253,233,156,51,0,0,0,0,0,0,0,0,0,0,0,0,0,0,213,253,253,253,253,253,253,253,253,225,96,49,0,0,0,0,0,0,0,0,0,0,0,0,0,0,0,0,98,145,253,253,253,253,130,116,116,41,0,0,0,0,0,0,0,0,0,0,0,0,0,0,0,0,0,0,0,0,0,0,0,0,0,0,0,0,0,0,0,0,0,0,0,0,0,0,0,0,0,0,0,0,0,0,0,0,0,0,0,0,0,0,0,0,0,0,0,0,0,0,0,0,0,0,0,0,0,0,0,0,0,0,0,0,0,0,0,0,0,0,0,0,0,0,0,0,0,0,0,0,0,0,0,0,0,0,0,0,0,0,0,0,0,0,0,0,0,0,0,0,0,0,0,0,0,0,0,0,0,0,0,0,0,0,0,0,0,0,0,0,0,0,0,0,0,0,0,0,0,0,0,0,0,0,0,0,0,0,0,0
7,0,0,0,0,0,0,0,0,0,0,0,0,0,0,0,0,0,0,0,0,0,0,0,0,0,0,0,0,0,0,0,0,0,0,0,0,0,0,0,0,0,0,0,0,0,0,0,0,0,0,0,0,0,0,0,0,0,0,0,0,0,0,0,0,0,0,0,0,0,0,0,0,0,0,0,0,0,0,0,0,0,0,0,0,0,0,0,0,0,0,0,0,0,0,0,0,0,0,0,0,0,0,0,0,0,0,0,0,0,0,0,0,0,0,0,0,0,0,0,0,0,0,0,0,0,0,0,0,0,0,0,0,0,0,0,0,0,0,0,0,0,0,0,0,0,0,0,0,0,0,0,0,0,0,0,0,0,0,0,0,0,0,0,0,0,0,0,0,0,0,0,0,0,0,0,0,0,0,0,0,0,0,0,0,0,0,0,0,0,0,0,0,0,0,0,0,0,0,0,0,0,0,0,0,0,0,0,0,0,0,0,0,0,0,0,0,0,0,0,0,0,0,0,0,0,0,0,0,25,80,80,80,80,80,80,80,86,254,254,254,254,254,254,254,255,242,80,25,0,0,0,0,0,0,0,0,189,253,253,253,253,253,253,253,253,253,253,253,253,253,253,253,253,253,253,78,0,0,0,0,0,0,0,0,254,253,253,253,253,253,253,253,253,253,253,253,253,253,253,253,253,253,253,242,0,0,0,0,0,0,0,0,254,253,253,253,253,253,253,253,253,253,253,117,113,141,253,253,253,253,253,253,0,0,0,0,0,0,0,0,89,209,209,209,209,209,190,34,34,34,34,1,0,17,78,223,253,253,253,222,0,0,0,0,0,0,0,0,0,0,0,0,0,0,0,0,0,0,0,0,0,53,253,253,253,253,253,78,0,0,0,0,0,0,0,0,0,0,0,0,0,0,0,0,0,0,0,8,130,212,253,253,253,251,159,16,0,0,0,0,0,0,0,0,0,0,0,0,0,0,0,0,0,0,0,71,253,253,253,253,253,235,0,0,0,0,0,0,0,0,0,0,0,0,0,0,0,0,0,0,0,4,125,203,253,253,253,252,244,106,0,0,0,0,0,0,0,0,0,0,0,0,0,0,0,0,0,0,4,145,253,253,253,253,253,157,0,0,0,0,0,0,0,0,0,0,0,0,0,0,0,0,0,0,0,0,125,253,253,253,253,218,87,15,0,0,0,0,0,0,0,0,0,0,0,0,0,0,0,0,0,0,8,143,251,253,253,253,211,144,0,0,0,0,0,0,0,0,0,0,0,0,0,0,0,0,0,0,0,73,160,253,253,253,253,211,43,0,0,0,0,0,0,0,0,0,0,0,0,0,0,0,0,0,0,0,10,150,253,253,253,234,85,18,0,0,0,0,0,0,0,0,0,0,0,0,0,0,0,0,0,0,0,74,152,253,253,253,248,80,0,0,0,0,0,0,0,0,0,0,0,0,0,0,0,0,0,0,0,0,0,140,253,253,253,238,89,0,0,0,0,0,0,0,0,0,0,0,0,0,0,0,0,0,0,0,0,0,28,191,253,253,253,147,0,0,0,0,0,0,0,0,0,0,0,0,0,0,0,0,0,0,0,0,0,0,195,253,253,244,217,35,0,0,0,0,0,0,0,0,0,0,0,0,0,0,0,0,0,0,0,0,0,0,237,253,236,81,0,0,0,0,0,0,0,0,0,0,0,0,0,0,0,0,0,0,0,0,0,0,0,0,73,78,64,0,0,0,0,0,0,0,0,0,0,0,0,0,0,0,0,0,0,0
7,0,0,0,0,0,0,0,0,0,0,0,0,0,0,0,0,0,0,0,0,0,0,0,0,0,0,0,0,0,0,0,0,0,0,0,0,0,0,0,0,0,0,0,0,0,0,0,0,0,0,0,0,0,0,0,0,0,0,0,0,0,0,0,0,0,0,0,0,0,0,0,0,0,0,0,0,0,0,0,0,0,0,0,0,0,0,0,0,0,0,0,0,0,0,0,0,0,0,0,0,0,0,0,0,0,0,0,0,0,0,0,0,0,0,0,0,0,0,0,0,0,0,0,0,0,0,0,0,0,0,0,0,0,0,0,0,0,0,0,0,0,0,0,0,0,0,0,0,0,0,0,0,0,0,0,0,0,0,0,0,0,0,0,0,0,0,0,0,0,0,0,0,0,0,0,0,0,0,0,0,0,0,0,0,0,0,0,0,0,0,0,0,0,0,0,0,0,0,0,255,253,142,0,0,0,0,0,0,0,0,0,0,0,0,0,10,124,124,60,0,0,0,0,0,0,0,0,253,252,250,79,0,0,0,0,0,0,0,0,22,118,118,197,247,252,252,182,0,0,0,0,0,0,0,0,253,252,252,247,124,111,17,58,89,111,140,240,242,252,252,252,252,252,252,252,0,0,0,0,0,0,0,0,19,247,252,252,252,252,236,243,248,252,252,252,252,252,252,252,252,252,252,131,0,0,0,0,0,0,0,0,0,85,247,252,252,252,252,252,252,252,252,252,252,252,252,252,252,252,246,12,0,0,0,0,0,0,0,0,0,0,30,85,196,252,252,252,252,181,161,134,32,66,252,252,252,252,198,0,0,0,0,0,0,0,0,0,0,0,0,0,15,38,38,38,38,9,0,0,0,83,252,252,252,248,77,0,0,0,0,0,0,0,0,0,0,0,0,0,0,0,0,0,0,0,0,0,15,194,252,252,252,132,0,0,0,0,0,0,0,0,0,0,0,0,0,0,0,0,0,0,0,0,0,0,149,252,252,252,236,22,0,0,0,0,0,0,0,0,0,0,0,0,0,0,0,0,0,0,0,0,0,74,234,252,252,252,199,0,0,0,0,0,0,0,0,0,0,0,0,0,0,0,0,0,0,0,0,0,44,234,252,252,252,202,26,0,0,0,0,0,0,0,0,0,0,0,0,0,0,0,0,0,0,0,0,14,165,252,252,252,245,77,0,0,0,0,0,0,0,0,0,0,0,0,0,0,0,0,0,0,0,0,0,89,252,252,252,252,196,0,0,0,0,0,0,0,0,0,0,0,0,0,0,0,0,0,0,0,0,0,0,195,252,252,252,226,30,0,0,0,0,0,0,0,0,0,0,0,0,0,0,0,0,0,0,0,0,0,47,232,252,252,246,119,0,0,0,0,0,0,0,0,0,0,0,0,0,0,0,0,0,0,0,0,0,0,85,252,252,252,193,0,0,0,0,0,0,0,0,0,0,0,0,0,0,0,0,0,0,0,0,0,0,0,201,252,252,252,77,0,0,0,0,0,0,0,0,0,0,0,0,0,0,0,0,0,0,0,0,0,0,0,194,252,252,252,77,0,0,0,0,0,0,0,0,0,0,0,0,0,0,0,0,0,0,0,0,0,0,0,70,250,252,224,36,0,0,0,0,0,0,0,0,0,0,0,0,0,0,0,0,0,0,0,0,0,0,0,0,95,123,98,0,0,0,0,0,0,0,0,0,0,0,0,0,0,0,0,0,0,0,0,0,0,0,0,0,0,0,0,0,0,0,0,0,0,0,0,0,0,0,0,0
6,0,0,0,0,0,0,0,0,0,0,0,0,0,0,0,0,0,0,0,0,0,0,0,0,0,0,0,0,0,0,0,0,0,0,0,0,52,243,163,0,0,0,0,0,0,0,0,0,0,0,0,0,0,0,0,0,0,0,0,0,0,0,0,0,106,254,162,0,0,0,0,0,0,0,0,0,0,0,0,0,0,0,0,0,0,0,0,0,0,0,0,0,106,254,106,0,0,0,0,0,0,0,0,0,0,0,0,0,0,0,0,0,0,0,0,0,0,0,0,0,62,244,32,0,0,0,0,0,0,0,0,0,0,0,0,0,0,0,0,0,0,0,0,0,0,0,0,0,95,252,32,0,0,0,0,0,0,0,0,0,0,0,0,0,0,0,0,0,0,0,0,0,0,0,0,0,106,254,146,0,0,0,0,0,0,0,0,0,0,0,0,0,0,0,0,0,0,0,0,0,0,0,0,0,106,254,96,0,0,0,0,0,0,0,0,0,0,0,0,0,0,0,0,0,0,0,0,0,0,0,0,0,213,254,123,0,0,0,0,0,0,0,0,0,0,0,0,0,0,0,0,0,0,0,0,0,0,0,0,32,241,176,7,0,0,0,0,0,0,0,0,0,0,0,0,0,0,0,0,0,0,0,0,0,0,0,0,112,254,123,0,0,0,0,0,0,0,0,0,0,0,0,0,0,0,0,0,0,0,0,0,0,0,0,0,112,230,20,0,0,0,0,0,0,0,42,80,190,190,109,0,0,0,0,0,0,0,0,0,0,0,0,0,206,225,46,0,0,0,0,14,84,184,233,254,254,254,249,80,0,0,0,0,0,0,0,0,0,0,0,0,243,254,65,0,0,0,14,167,254,254,254,254,254,255,254,201,0,0,0,0,0,0,0,0,0,0,0,0,137,252,25,0,0,13,168,254,254,254,254,248,215,219,254,241,0,0,0,0,0,0,0,0,0,0,0,0,0,236,110,0,0,79,254,254,247,222,130,77,0,13,201,241,0,0,0,0,0,0,0,0,0,0,0,0,0,236,166,27,27,164,254,254,182,0,0,0,0,40,254,228,0,0,0,0,0,0,0,0,0,0,0,0,0,150,253,254,254,254,254,205,27,0,11,4,37,215,253,102,0,0,0,0,0,0,0,0,0,0,0,0,0,0,223,254,254,254,254,169,144,144,201,161,254,254,235,0,0,0,0,0,0,0,0,0,0,0,0,0,0,0,46,164,248,251,253,254,254,254,254,254,254,250,161,0,0,0,0,0,0,0,0,0,0,0,0,0,0,0,0,0,0,64,99,124,221,254,254,254,238,48,0,0,0,0,0,0,0,0,0,0,0,0,0,0,0,0,0,0,0,0,0,0,0,0,0,0,0,0,0,0,0,0,0,0,0,0,0,0,0,0,0,0,0,0,0,0,0,0,0,0,0,0,0,0,0,0,0,0,0,0,0,0,0,0,0,0,0,0,0,0,0,0,0,0,0,0,0,0,0,0,0,0,0,0,0,0,0,0,0,0,0,0,0,0,0,0,0,0,0,0,0,0,0,0,0,0,0,0,0,0,0,0,0,0,0,0,0,0,0,0,0,0,0,0,0,0,0,0,0,0,0,0,0,0,0,0,0,0,0,0,0,0,0,0,0,0,0,0,0,0,0,0,0,0,0,0,0,0,0,0,0,0,0,0,0,0,0,0,0,0,0,0,0,0,0,0,0,0,0,0,0,0,0,0,0,0,0,0,0,0,0,0,0,0,0,0,0,0,0,0,0,0,0
6,0,0,0,0,0,0,0,0,0,0,0,0,0,0,0,0,0,0,0,0,0,0,0,0,0,0,0,0,0,0,0,0,0,0,0,0,0,0,0,0,0,0,0,0,0,0,0,0,0,0,0,0,0,0,0,0,0,0,0,0,0,0,0,0,0,0,0,0,0,0,141,255,254,65,0,0,0,0,0,0,0,0,0,0,0,0,0,0,0,0,0,0,0,0,0,0,58,180,251,253,253,65,0,0,0,0,0,0,0,0,0,0,0,0,0,0,0,0,0,0,0,0,0,0,230,253,253,253,253,65,0,0,0,0,0,0,0,0,0,0,0,0,0,0,0,0,0,0,0,0,7,124,248,253,253,246,56,15,0,0,0,0,0,0,0,0,0,0,0,0,0,0,0,0,0,0,0,0,129,253,253,253,213,126,0,0,0,0,0,0,0,0,0,0,0,0,0,0,0,0,0,0,0,0,0,25,221,253,253,253,33,0,0,0,0,0,0,0,0,0,0,0,0,0,0,0,0,0,0,0,0,0,19,195,253,253,253,253,7,0,0,0,0,0,0,0,0,0,0,0,0,0,0,0,0,0,0,0,0,0,76,253,253,253,150,24,1,0,0,0,0,0,0,0,0,0,0,0,0,0,0,0,0,0,0,0,0,0,197,253,253,167,9,0,0,0,0,0,0,0,0,0,0,0,0,0,0,0,0,0,0,0,0,0,0,0,197,253,151,3,0,0,0,3,83,83,83,83,83,64,0,0,0,0,0,0,0,0,0,0,0,0,0,4,199,253,40,0,8,110,172,175,253,253,253,253,253,235,172,16,0,0,0,0,0,0,0,0,0,0,0,107,253,253,123,99,239,253,253,253,253,253,253,253,253,253,253,179,0,0,0,0,0,0,0,0,0,0,0,97,247,253,253,253,253,253,253,253,253,250,228,232,253,253,253,179,0,0,0,0,0,0,0,0,0,0,0,49,222,253,253,253,253,182,138,138,138,125,0,23,198,253,253,179,0,0,0,0,0,0,0,0,0,0,146,225,253,253,253,230,63,19,0,0,0,0,0,61,230,253,253,179,0,0,0,0,0,0,0,0,0,48,218,253,253,253,253,186,12,0,0,0,0,13,131,230,253,253,253,179,0,0,0,0,0,0,0,0,0,91,253,253,208,223,253,253,224,222,116,222,222,225,253,253,253,240,100,23,0,0,0,0,0,0,0,0,0,38,201,106,24,52,230,253,253,253,253,253,253,253,253,253,253,195,0,0,0,0,0,0,0,0,0,0,0,0,10,0,0,0,165,253,253,253,253,253,253,253,253,241,94,12,0,0,0,0,0,0,0,0,0,0,0,0,0,0,0,0,18,89,238,253,253,253,253,130,89,75,0,0,0,0,0,0,0,0,0,0,0,0,0,0,0,0,0,0,0,0,0,0,0,0,0,0,0,0,0,0,0,0,0,0,0,0,0,0,0,0,0,0,0,0,0,0,0,0,0,0,0,0,0,0,0,0,0,0,0,0,0,0,0,0,0,0,0,0,0,0,0,0,0,0,0,0,0,0,0,0,0,0,0,0,0,0,0,0,0,0,0,0,0,0,0,0,0,0,0,0,0,0,0,0,0,0,0,0,0,0,0,0,0,0,0,0,0,0,0,0,0,0,0,0,0,0,0,0,0,0,0,0,0,0,0,0,0,0,0,0,0,0,0,0,0,0,0,0,0,0,0,0,0,0,0,0,0,0,0,0,0,0,0,0,0,0,0,0,0,0,0,0,0,0,0,0
8,0,0,0,0,0,0,0,0,0,0,0,0,0,0,0,0,0,0,0,0,0,0,0,0,0,0,0,0,0,0,0,0,0,0,0,0,0,0,0,0,0,0,0,0,0,0,0,0,0,0,0,0,0,0,0,0,0,0,0,0,0,0,0,0,0,0,0,0,0,0,0,0,0,0,0,0,0,0,0,0,0,0,0,0,0,0,0,0,0,0,0,0,0,0,0,0,0,0,0,0,0,0,0,0,0,0,0,0,0,0,0,0,0,0,0,0,0,0,0,0,0,0,0,0,0,0,0,0,0,0,0,0,0,0,0,0,0,0,0,0,0,0,0,0,0,0,0,0,0,0,0,0,0,0,0,0,0,0,0,0,0,0,0,0,0,0,0,0,0,0,0,0,0,0,0,42,193,255,254,185,158,158,158,158,77,0,0,0,0,0,0,0,0,0,0,0,0,0,0,0,0,0,0,126,254,254,254,254,254,254,254,254,239,0,16,106,161,75,7,0,0,0,0,0,0,0,0,0,0,0,0,196,254,233,162,228,254,254,254,254,250,60,210,254,254,254,202,102,0,0,0,0,0,0,0,0,0,0,0,163,254,231,23,3,4,48,101,187,254,175,177,254,254,254,254,253,108,0,0,0,0,0,0,0,0,0,0,44,254,254,93,0,0,0,0,99,254,242,90,58,38,197,254,254,220,0,0,0,0,0,0,0,0,0,0,9,206,254,247,85,0,0,0,32,237,254,19,73,182,247,254,254,220,0,0,0,0,0,0,0,0,0,0,0,76,253,254,218,26,0,0,11,143,254,246,252,254,254,254,254,143,0,0,0,0,0,0,0,0,0,0,0,0,158,251,254,113,0,45,141,254,254,254,254,254,243,196,114,5,0,0,0,0,0,0,0,0,0,0,0,0,0,216,254,238,141,231,254,254,254,240,168,77,36,0,0,0,0,0,0,0,0,0,0,0,0,0,0,0,0,143,254,254,254,254,254,209,81,12,0,0,0,0,0,0,0,0,0,0,0,0,0,0,0,0,0,0,4,146,254,254,254,187,48,9,0,0,0,0,0,0,0,0,0,0,0,0,0,0,0,0,0,0,0,0,117,254,254,254,254,172,0,0,0,0,0,0,0,0,0,0,0,0,0,0,0,0,0,0,0,0,5,78,252,254,222,252,254,172,0,0,0,0,0,0,0,0,0,0,0,0,0,0,0,0,0,0,0,0,33,254,254,194,15,205,254,172,0,0,0,0,0,0,0,0,0,0,0,0,0,0,0,0,0,0,0,0,126,254,254,70,0,149,254,172,0,0,0,0,0,0,0,0,0,0,0,0,0,0,0,0,0,0,0,0,139,254,254,38,28,237,254,157,0,0,0,0,0,0,0,0,0,0,0,0,0,0,0,0,0,0,0,0,146,254,254,132,238,254,253,75,0,0,0,0,0,0,0,0,0,0,0,0,0,0,0,0,0,0,0,0,100,254,254,254,254,254,172,0,0,0,0,0,0,0,0,0,0,0,0,0,0,0,0,0,0,0,0,0,26,245,254,254,254,247,84,0,0,0,0,0,0,0,0,0,0,0,0,0,0,0,0,0,0,0,0,0,0,81,252,244,157,53,0,0,0,0,0,0,0,0,0,0,0,0,0,0,0,0,0,0,0,0,0,0,0,0,0,0,0,0,0,0,0,0,0,0,0,0,0,0,0,0,0,0,0,0,0,0,0,0,0,0,0,0,0,0,0,0,0,0,0,0,0,0,0,0,0,0,0,0,0,0,0
7,0,0,0,0,0,0,0,0,0,0,0,0,0,0,0,0,0,0,0,0,0,0,0,0,0,0,0,0,0,0,0,0,0,0,0,0,0,0,0,0,0,0,0,0,0,0,0,0,0,0,0,0,0,0,0,0,0,0,0,0,0,0,0,0,0,0,0,0,0,0,0,0,0,0,0,0,0,0,0,0,0,0,0,0,0,0,0,0,0,0,0,0,0,0,0,0,0,0,0,0,0,0,0,0,0,0,0,0,0,0,0,0,0,0,0,0,0,0,0,0,0,0,0,0,0,0,0,0,0,0,0,0,0,0,0,0,0,0,0,0,0,0,0,0,0,0,0,0,0,0,0,0,0,0,0,0,0,0,0,0,0,0,0,0,0,0,0,0,0,0,0,0,0,0,0,0,0,0,0,0,0,0,0,0,4,123,185,17,0,0,0,0,0,0,0,0,0,0,0,0,0,9,4,0,0,0,0,0,0,0,0,0,63,254,254,75,0,0,0,0,0,0,0,0,0,0,0,0,36,239,171,9,0,0,0,0,0,0,2,128,241,254,238,27,0,0,0,0,0,0,0,0,0,0,0,0,30,226,254,225,191,81,48,76,158,220,221,254,254,254,182,0,0,0,0,0,0,0,0,0,0,0,0,0,0,81,254,254,254,254,254,254,254,254,254,237,243,254,129,0,0,0,0,0,0,0,0,0,0,0,0,0,0,1,50,211,224,224,224,224,187,125,83,19,215,254,129,0,0,0,0,0,0,0,0,0,0,0,0,0,0,0,0,0,0,0,0,0,0,0,0,44,244,254,129,0,0,0,0,0,0,0,0,0,0,0,0,0,0,0,0,0,0,0,0,0,0,0,0,116,254,254,75,0,0,0,0,0,0,0,0,0,0,0,0,0,0,0,0,0,0,0,0,0,0,0,0,160,254,228,19,0,0,0,0,0,0,0,0,0,0,0,0,0,0,0,0,0,0,0,0,0,0,0,5,253,254,184,0,0,0,0,0,0,0,0,0,0,0,0,0,0,0,0,0,0,0,0,0,0,0,0,6,254,254,104,0,0,0,0,0,0,0,0,0,0,0,0,0,0,0,0,0,0,0,0,0,57,137,160,162,254,254,125,61,61,61,61,61,13,0,0,0,0,0,0,0,0,0,0,0,0,0,0,112,252,254,254,254,254,254,254,254,254,254,243,143,30,0,0,0,0,0,0,0,0,0,0,0,0,0,0,62,251,228,253,254,254,254,254,192,184,92,22,0,0,0,0,0,0,0,0,0,0,0,0,0,0,0,0,0,107,19,74,254,254,237,63,4,0,0,0,0,0,0,0,0,0,0,0,0,0,0,0,0,0,0,0,0,0,0,51,254,254,139,0,0,0,0,0,0,0,0,0,0,0,0,0,0,0,0,0,0,0,0,0,0,0,0,51,254,254,87,0,0,0,0,0,0,0,0,0,0,0,0,0,0,0,0,0,0,0,0,0,0,0,0,51,254,254,40,0,0,0,0,0,0,0,0,0,0,0,0,0,0,0,0,0,0,0,0,0,0,0,0,51,254,254,40,0,0,0,0,0,0,0,0,0,0,0,0,0,0,0,0,0,0,0,0,0,0,0,0,31,156,168,9,0,0,0,0,0,0,0,0,0,0,0,0,0,0,0,0,0,0,0,0,0,0,0,0,0,0,0,0,0,0,0,0,0,0,0,0,0,0,0,0,0,0,0,0,0,0,0,0,0,0,0,0,0,0,0,0,0,0,0,0,0,0,0,0,0,0,0
8,0,0,0,0,0,0,0,0,0,0,0,0,0,0,0,0,0,0,0,0,0,0,0,0,0,0,0,0,0,0,0,0,0,0,0,0,0,0,0,0,0,0,0,0,0,0,0,0,0,0,0,0,0,0,0,0,0,0,0,0,0,0,0,0,0,0,0,0,0,0,0,0,0,0,0,0,0,0,0,0,0,0,0,0,0,0,0,0,0,0,0,0,0,0,0,0,0,0,0,0,0,0,0,0,0,0,0,0,0,0,0,0,0,0,0,0,0,0,0,0,0,0,0,0,0,0,0,0,0,0,0,0,0,0,0,0,0,0,0,0,0,0,0,0,0,0,0,0,0,0,0,0,0,31,134,214,255,254,218,138,14,0,0,0,0,0,0,0,0,0,0,0,0,0,0,0,0,0,0,27,185,234,253,253,253,253,253,253,181,10,0,0,0,0,0,0,0,0,0,0,0,0,0,0,0,0,4,184,253,253,253,231,217,217,230,253,253,25,25,35,0,0,0,0,0,0,0,0,0,0,0,0,0,0,103,253,253,233,126,26,0,0,89,253,253,25,171,251,145,0,0,0,0,0,0,0,0,0,0,0,0,0,226,253,253,96,0,0,0,0,80,252,253,236,247,253,196,0,0,0,0,0,0,0,0,0,0,0,0,0,234,253,253,88,0,0,0,0,92,249,253,253,253,221,98,0,0,0,0,0,0,0,0,0,0,0,0,0,94,253,253,182,3,4,16,177,246,253,253,231,107,17,0,0,0,0,0,0,0,0,0,0,0,0,0,0,9,203,253,253,137,184,253,253,253,220,117,9,0,0,0,0,0,0,0,0,0,0,0,0,0,0,0,0,0,89,253,253,253,253,253,250,133,19,0,0,0,0,0,0,0,0,0,0,0,0,0,0,0,0,0,0,0,67,242,253,253,253,171,42,0,0,0,0,0,0,0,0,0,0,0,0,0,0,0,0,0,0,0,0,62,238,253,253,253,253,51,0,0,0,0,0,0,0,0,0,0,0,0,0,0,0,0,0,0,0,6,76,243,253,251,222,253,253,127,1,0,0,0,0,0,0,0,0,0,0,0,0,0,0,0,0,0,33,154,253,253,192,71,63,253,253,253,5,0,0,0,0,0,0,0,0,0,0,0,0,0,0,0,0,6,156,253,253,240,36,0,4,215,253,253,5,0,0,0,0,0,0,0,0,0,0,0,0,0,0,0,0,47,253,253,253,79,0,0,0,181,253,253,5,0,0,0,0,0,0,0,0,0,0,0,0,0,0,0,0,47,253,250,123,2,0,0,31,223,253,253,5,0,0,0,0,0,0,0,0,0,0,0,0,0,0,0,0,47,253,242,73,0,0,32,156,253,253,227,4,0,0,0,0,0,0,0,0,0,0,0,0,0,0,0,0,45,251,253,242,207,187,235,253,253,253,66,0,0,0,0,0,0,0,0,0,0,0,0,0,0,0,0,0,0,131,253,253,253,253,253,253,252,175,19,0,0,0,0,0,0,0,0,0,0,0,0,0,0,0,0,0,0,17,104,184,253,253,204,125,45,0,0,0,0,0,0,0,0,0,0,0,0,0,0,0,0,0,0,0,0,0,0,0,0,0,0,0,0,0,0,0,0,0,0,0,0,0,0,0,0,0,0,0,0,0,0,0,0,0,0,0,0,0,0,0,0,0,0,0,0,0,0,0,0,0,0,0,0,0,0,0,0,0,0,0,0,0,0,0,0,0,0,0,0,0,0,0,0,0,0,0,0,0,0,0,0,0
6,0,0,0,0,0,0,0,0,0,0,0,0,0,0,0,0,0,0,0,0,0,0,0,0,0,0,0,0,0,0,0,0,0,0,0,0,0,0,0,0,0,0,0,0,0,0,0,0,0,0,0,0,0,0,0,0,0,0,0,0,0,0,0,0,0,0,0,4,150,253,87,0,0,0,0,0,0,0,0,0,0,0,0,0,0,0,0,0,0,0,0,0,0,0,0,73,252,252,143,0,0,0,0,0,0,0,0,0,0,0,0,0,0,0,0,0,0,0,0,0,0,0,0,73,252,252,143,0,0,0,0,0,0,0,0,0,0,0,0,0,0,0,0,0,0,0,0,0,0,0,0,73,252,252,143,0,0,0,0,0,0,0,0,0,0,0,0,0,0,0,0,0,0,0,0,0,0,0,0,159,252,252,115,0,0,0,0,0,0,0,0,0,0,0,0,0,0,0,0,0,0,0,0,0,0,0,47,238,252,224,17,0,0,0,0,0,0,0,0,0,0,0,0,0,0,0,0,0,0,0,0,0,0,0,158,252,252,58,0,0,0,0,0,0,0,0,0,0,0,0,0,0,0,0,0,0,0,0,0,0,0,0,181,252,252,36,0,0,0,0,0,0,0,0,0,0,0,0,0,0,0,0,0,0,0,0,0,0,0,0,181,252,252,36,0,0,0,0,0,0,0,0,0,0,0,0,0,0,0,0,0,0,0,0,0,0,0,0,181,252,171,2,0,0,0,0,0,0,0,0,0,0,0,0,0,0,0,0,0,0,0,0,0,0,0,26,219,253,213,29,65,132,255,253,253,253,167,32,0,0,0,0,0,0,0,0,0,0,0,0,0,0,0,49,252,252,252,252,252,252,253,252,252,252,252,128,0,0,0,0,0,0,0,0,0,0,0,0,0,0,0,49,252,252,252,252,252,252,217,146,96,200,252,180,0,0,0,0,0,0,0,0,0,0,0,0,0,0,0,49,252,252,252,252,179,84,0,0,7,185,252,180,0,0,0,0,0,0,0,0,0,0,0,0,0,0,0,37,235,252,252,229,110,0,0,0,37,252,252,180,0,0,0,0,0,0,0,0,0,0,0,0,0,0,0,0,181,252,252,99,0,0,0,42,156,252,252,145,0,0,0,0,0,0,0,0,0,0,0,0,0,0,0,0,121,232,252,234,96,45,51,232,252,252,252,60,0,0,0,0,0,0,0,0,0,0,0,0,0,0,0,0,0,90,252,252,252,235,237,252,252,252,200,9,0,0,0,0,0,0,0,0,0,0,0,0,0,0,0,0,0,7,157,252,252,252,253,252,252,156,18,0,0,0,0,0,0,0,0,0,0,0,0,0,0,0,0,0,0,0,4,58,183,252,253,183,57,4,0,0,0,0,0,0,0,0,0,0,0,0,0,0,0,0,0,0,0,0,0,0,0,0,0,0,0,0,0,0,0,0,0,0,0,0,0,0,0,0,0,0,0,0,0,0,0,0,0,0,0,0,0,0,0,0,0,0,0,0,0,0,0,0,0,0,0,0,0,0,0,0,0,0,0,0,0,0,0,0,0,0,0,0,0,0,0,0,0,0,0,0,0,0,0,0,0,0,0,0,0,0,0,0,0,0,0,0,0,0,0,0,0,0,0,0,0,0,0,0,0,0,0,0,0,0,0,0,0,0,0,0,0,0,0,0,0,0,0,0,0,0,0,0,0,0,0,0,0,0,0,0,0,0,0,0,0,0,0,0,0,0,0,0,0,0,0,0,0,0,0,0,0,0,0,0
2,0,0,0,0,0,0,0,0,0,0,0,0,0,0,0,0,0,0,0,0,0,0,0,0,0,0,0,0,0,0,0,0,0,0,0,0,0,0,0,0,0,0,0,0,0,0,0,0,0,0,0,0,0,0,0,0,0,0,0,0,0,0,0,0,0,0,0,0,0,0,0,0,0,0,0,0,0,0,0,0,0,0,0,0,0,0,0,0,0,0,0,0,0,0,0,0,0,0,0,0,0,0,0,0,0,0,0,0,0,0,0,0,0,0,0,0,0,0,0,0,0,0,0,0,0,0,0,0,0,0,0,0,0,0,0,0,0,0,0,0,0,0,0,0,0,0,0,0,0,0,0,0,0,5,7,43,130,130,176,255,203,130,6,0,0,0,0,0,0,0,0,0,0,0,0,0,0,0,9,37,136,222,253,253,253,253,243,241,246,253,79,0,0,0,0,0,0,0,0,0,0,0,0,0,18,143,216,253,253,253,239,235,134,111,16,0,106,253,135,0,0,0,0,0,0,0,0,0,0,0,0,3,114,253,237,204,105,105,26,0,0,0,0,0,106,253,135,0,0,0,0,0,0,0,0,0,0,0,0,10,99,99,34,0,0,0,0,0,0,0,0,13,184,253,60,0,0,0,0,0,0,0,0,0,0,0,0,0,0,0,0,0,0,0,0,0,0,0,0,178,253,237,10,0,0,0,0,0,0,0,0,0,0,0,0,0,0,0,0,0,0,0,0,0,0,0,17,229,235,57,0,0,0,0,0,0,0,0,0,0,0,0,0,0,0,0,0,0,0,0,0,0,0,18,185,253,124,0,0,0,0,0,0,0,0,0,0,0,0,0,0,0,0,0,0,0,0,0,0,0,18,184,253,155,7,0,0,0,0,0,0,0,0,0,0,0,0,0,0,0,0,0,0,0,0,0,0,0,172,253,230,23,0,0,0,0,0,0,0,0,0,0,0,0,0,0,0,0,0,0,0,0,0,0,19,105,242,230,57,0,0,0,0,0,0,0,0,0,0,0,0,0,0,0,0,0,0,0,0,0,0,0,165,253,229,57,0,0,0,0,0,0,0,0,0,0,0,0,0,0,0,0,0,0,0,0,0,0,0,150,242,229,57,0,0,0,0,0,0,0,0,0,0,0,0,0,0,0,0,0,0,0,0,0,0,18,175,242,230,57,0,0,0,0,0,0,0,0,0,0,0,0,0,0,0,0,0,0,0,0,0,0,84,224,253,253,139,0,0,0,0,0,0,0,0,0,0,0,0,0,0,0,0,0,0,0,0,0,13,118,243,253,253,253,231,187,100,17,0,0,0,0,0,0,0,0,0,0,0,0,0,0,0,0,0,0,83,253,253,233,148,148,176,253,253,234,230,121,106,8,0,0,0,0,0,0,0,0,0,0,0,6,122,236,247,237,121,14,0,0,5,18,119,141,141,141,196,71,0,0,0,0,0,0,0,0,0,0,3,185,253,253,224,10,0,0,0,0,0,0,0,0,0,0,6,0,0,0,0,0,0,0,0,0,0,0,4,196,253,241,114,0,0,0,0,0,0,0,0,0,0,0,0,0,0,0,0,0,0,0,0,0,0,0,0,0,0,0,0,0,0,0,0,0,0,0,0,0,0,0,0,0,0,0,0,0,0,0,0,0,0,0,0,0,0,0,0,0,0,0,0,0,0,0,0,0,0,0,0,0,0,0,0,0,0,0,0,0,0,0,0,0,0,0,0,0,0,0,0,0,0,0,0,0,0,0,0,0,0,0,0,0,0,0
1,0,0,0,0,0,0,0,0,0,0,0,0,0,0,0,0,0,0,0,0,0,0,0,0,0,0,0,0,0,0,0,0,0,0,0,0,0,0,0,0,0,0,0,0,0,0,0,0,0,0,0,0,0,0,0,0,0,0,0,0,0,0,0,0,0,0,0,0,0,0,0,0,0,0,0,0,0,0,0,0,0,0,0,0,0,0,0,0,0,0,0,0,0,0,0,0,0,0,0,0,0,0,0,0,0,0,0,0,0,0,0,0,0,0,0,0,0,0,0,0,0,0,0,0,0,0,0,0,0,0,128,255,64,0,0,0,0,0,0,0,0,0,0,0,0,0,0,0,0,0,0,0,0,0,0,0,0,0,191,255,255,64,0,0,0,0,0,0,0,0,0,0,0,0,0,0,0,0,0,0,0,0,0,0,0,191,255,255,255,128,0,0,0,0,0,0,0,0,0,0,0,0,0,0,0,0,0,0,0,0,0,0,64,255,255,255,255,128,0,0,0,0,0,0,0,0,0,0,0,0,0,0,0,0,0,0,0,0,0,64,191,255,255,255,255,128,0,0,0,0,0,0,0,0,0,0,0,0,0,0,0,0,0,0,0,0,0,191,255,255,255,255,255,0,0,0,0,0,0,0,0,0,0,0,0,0,0,0,0,0,0,0,0,0,191,255,255,255,255,255,64,0,0,0,0,0,0,0,0,0,0,0,0,0,0,0,0,0,0,0,0,64,255,255,255,255,255,191,0,0,0,0,0,0,0,0,0,0,0,0,0,0,0,0,0,0,0,0,128,255,255,255,255,255,191,0,0,0,0,0,0,0,0,0,0,0,0,0,0,0,0,0,0,0,0,64,255,255,255,255,255,255,64,0,0,0,0,0,0,0,0,0,0,0,0,0,0,0,0,0,0,0,0,255,255,255,255,255,255,64,0,0,0,0,0,0,0,0,0,0,0,0,0,0,0,0,0,0,0,0,191,255,255,255,255,255,191,0,0,0,0,0,0,0,0,0,0,0,0,0,0,0,0,0,0,0,0,128,255,255,255,255,255,128,0,0,0,0,0,0,0,0,0,0,0,0,0,0,0,0,0,0,0,0,64,255,255,255,255,255,191,0,0,0,0,0,0,0,0,0,0,0,0,0,0,0,0,0,0,0,0,0,255,255,255,255,255,255,0,0,0,0,0,0,0,0,0,0,0,0,0,0,0,0,0,0,0,0,0,64,255,255,255,255,191,64,0,0,0,0,0,0,0,0,0,0,0,0,0,0,0,0,0,0,0,0,64,255,255,255,255,255,64,0,0,0,0,0,0,0,0,0,0,0,0,0,0,0,0,0,0,0,0,0,128,255,255,255,255,0,0,0,0,0,0,0,0,0,0,0,0,0,0,0,0,0,0,0,0,0,0,0,128,255,255,255,191,0,0,0,0,0,0,0,0,0,0,0,0,0,0,0,0,0,0,0,0,0,0,0,0,191,255,191,0,0,0,0,0,0,0,0,0,0,0,0,0,0,0,0,0,0,0,0,0,0,0,0,0,0,0,0,0,0,0,0,0,0,0,0,0,0,0,0,0,0,0,0,0,0,0,0,0,0,0,0,0,0,0,0,0,0,0,0,0,0,0,0,0,0,0,0,0,0,0,0,0,0,0,0,0,0,0,0,0,0,0,0,0,0,0,0,0,0,0,0,0,0,0,0,0,0,0,0,0,0,0,0,0,0,0,0,0,0,0,0,0,0,0,0,0,0,0,0,0,0,0,0,0,0,0,0,0,0
7,0,0,0,0,0,0,0,0,0,0,0,0,0,0,0,0,0,0,0,0,0,0,0,0,0,0,0,0,0,0,0,0,0,0,0,0,0,0,0,0,0,0,0,0,0,0,0,0,0,0,0,0,0,0,0,0,0,0,0,0,0,0,0,0,0,0,0,0,0,0,0,0,0,0,0,0,0,0,0,0,0,0,0,0,0,0,0,0,0,0,0,0,0,0,0,0,0,0,0,0,0,0,0,0,0,0,0,0,0,0,0,0,0,0,0,0,0,0,0,0,0,0,0,0,0,0,0,0,0,0,0,0,0,0,0,0,0,0,0,0,0,0,0,0,0,0,0,0,0,0,0,0,0,0,0,0,0,0,0,0,0,0,0,0,0,0,0,0,0,0,0,0,0,0,0,0,0,0,0,0,0,0,0,0,0,0,0,0,0,0,0,0,0,0,0,0,0,0,0,0,0,0,0,0,90,135,254,254,121,240,255,153,207,176,118,118,79,0,0,0,0,0,0,0,0,0,0,0,0,0,0,71,249,253,248,157,199,253,253,253,253,253,253,253,247,200,29,0,0,0,0,0,0,0,0,0,0,0,0,191,253,253,198,0,78,177,177,233,253,253,253,253,253,253,75,0,0,0,0,0,0,0,0,0,0,0,0,93,198,105,25,0,0,0,0,45,61,61,155,253,253,253,149,0,0,0,0,0,0,0,0,0,0,0,0,0,0,0,0,0,0,0,0,0,0,0,125,253,253,253,75,0,0,0,0,0,0,0,0,0,0,0,0,0,0,0,0,0,0,0,0,0,0,0,125,246,253,209,30,0,0,0,0,0,0,0,0,0,0,0,0,0,0,0,0,0,0,0,0,0,0,75,190,116,210,27,0,0,0,0,0,0,0,0,0,0,0,0,0,0,0,0,0,0,0,0,0,0,12,192,253,250,111,0,0,0,0,0,0,0,0,0,0,0,0,0,0,0,0,0,0,0,0,0,0,0,77,253,253,168,22,0,0,0,0,0,0,0,0,0,0,0,0,0,0,0,0,0,0,0,0,0,57,170,237,251,184,10,0,0,0,0,0,0,0,0,0,0,0,0,0,0,0,0,0,0,0,0,0,44,215,253,253,145,0,0,0,0,0,0,0,0,0,0,0,0,0,0,0,0,0,0,0,0,0,0,87,244,253,248,211,38,0,0,0,0,0,0,0,0,0,0,0,0,0,0,0,0,0,0,0,0,8,144,251,253,253,201,0,0,0,0,0,0,0,0,0,0,0,0,0,0,0,0,0,0,0,0,0,0,82,253,253,253,152,35,0,0,0,0,0,0,0,0,0,0,0,0,0,0,0,0,0,0,0,0,0,89,248,253,253,217,28,0,0,0,0,0,0,0,0,0,0,0,0,0,0,0,0,0,0,0,0,0,18,198,253,253,113,22,0,0,0,0,0,0,0,0,0,0,0,0,0,0,0,0,0,0,0,0,0,19,178,253,250,121,2,0,0,0,0,0,0,0,0,0,0,0,0,0,0,0,0,0,0,0,0,0,0,76,253,253,242,42,1,0,0,0,0,0,0,0,0,0,0,0,0,0,0,0,0,0,0,0,0,0,0,76,253,253,253,242,6,0,0,0,0,0,0,0,0,0,0,0,0,0,0,0,0,0,0,0,0,0,0,76,253,253,246,57,0,0,0,0,0,0,0,0,0,0,0,0,0,0,0,0,0,0,0,0,0,0,0,0,0,0,0,0,0,0,0,0,0,0,0,0,0,0,0,0,0,0,0,0
2,0,0,0,0,0,0,0,0,0,0,0,0,0,0,0,0,0,0,0,0,0,0,0,0,0,0,0,0,0,0,0,0,0,0,0,0,0,0,0,0,0,0,0,0,0,0,0,0,0,0,0,0,0,0,0,0,0,0,0,0,0,0,0,0,0,0,0,0,0,0,0,0,0,0,0,0,0,0,0,0,0,0,0,0,0,0,0,0,0,0,0,0,52,174,255,211,125,25,0,0,0,0,0,0,0,0,0,0,0,0,0,0,0,0,0,0,0,0,0,169,250,253,253,253,253,249,214,91,0,0,0,0,0,0,0,0,0,0,0,0,0,0,0,0,0,0,169,253,253,153,76,142,234,253,253,250,125,0,0,0,0,0,0,0,0,0,0,0,0,0,0,0,0,0,248,153,96,2,0,0,16,152,253,253,249,72,0,0,0,0,0,0,0,0,0,0,0,0,0,0,0,0,25,2,0,0,0,0,0,8,151,253,253,195,0,0,0,0,0,0,0,0,0,0,0,0,0,0,0,0,0,0,0,0,0,0,0,0,42,230,253,248,74,0,0,0,0,0,0,0,0,0,0,0,0,0,0,0,0,0,0,0,0,0,0,0,0,145,253,253,194,0,0,0,0,0,0,0,0,0,0,0,0,0,0,0,0,0,0,0,0,0,0,0,0,59,253,253,214,0,0,0,0,0,0,0,0,0,0,0,0,0,0,0,0,0,0,0,0,0,0,0,0,12,197,253,214,0,0,0,0,0,0,0,0,0,0,0,0,0,0,0,0,0,0,0,0,0,0,0,0,0,183,253,214,0,0,0,0,0,0,0,0,0,0,0,0,0,0,0,0,0,0,0,0,0,0,0,0,44,235,253,184,0,0,0,0,0,0,0,0,0,0,0,0,0,0,0,0,0,0,0,0,0,0,0,0,59,253,253,84,0,0,0,0,0,0,0,0,0,0,0,0,0,0,0,0,0,0,0,0,0,0,0,0,149,253,221,26,0,0,0,0,0,0,0,0,0,0,0,0,0,0,0,0,0,0,0,0,0,0,0,44,232,253,207,0,0,0,0,0,0,0,0,0,0,0,0,0,0,0,0,0,0,0,0,0,0,0,0,66,253,135,74,0,0,0,0,0,0,0,0,0,0,0,0,0,0,0,0,0,0,11,27,27,70,50,130,181,253,90,27,27,10,0,16,94,12,0,0,0,0,0,0,0,0,0,0,0,77,192,253,253,253,253,253,253,253,253,253,253,187,150,211,253,117,0,0,0,0,0,0,0,0,0,0,0,241,253,253,253,253,253,253,253,253,253,253,253,253,253,253,253,111,0,0,0,0,0,0,0,0,0,0,0,241,253,253,253,253,253,248,146,117,117,117,117,183,117,117,111,0,0,0,0,0,0,0,0,0,0,0,0,174,253,253,186,209,123,25,0,0,0,0,0,0,0,0,0,0,0,0,0,0,0,0,0,0,0,0,0,0,0,0,0,0,0,0,0,0,0,0,0,0,0,0,0,0,0,0,0,0,0,0,0,0,0,0,0,0,0,0,0,0,0,0,0,0,0,0,0,0,0,0,0,0,0,0,0,0,0,0,0,0,0,0,0,0,0,0,0,0,0,0,0,0,0,0,0,0,0,0,0,0,0,0,0,0,0,0,0,0,0,0,0,0,0,0,0,0,0,0,0,0,0,0,0,0,0,0,0,0,0,0,0,0,0,0,0,0,0,0,0,0,0,0,0,0,0,0,0,0,0,0,0,0,0,0,0,0,0,0,0,0
7,0,0,0,0,0,0,0,0,0,0,0,0,0,0,0,0,0,0,0,0,0,0,0,0,0,0,0,0,0,0,0,0,0,0,0,0,0,0,0,0,0,0,0,0,0,0,0,0,0,0,0,0,0,0,0,0,0,0,0,0,0,0,0,0,0,0,0,0,0,0,0,0,0,0,0,0,0,0,0,0,0,0,0,0,0,0,0,0,0,0,0,0,0,0,0,0,0,0,0,0,0,0,0,0,0,0,0,0,0,0,0,0,0,0,0,0,0,0,0,0,0,0,0,0,0,0,0,0,0,0,0,0,0,0,0,0,0,0,0,0,0,0,0,0,0,0,0,0,0,0,0,0,0,0,0,0,0,0,0,0,0,0,0,0,0,0,0,0,0,0,0,0,0,0,0,0,0,0,0,0,0,0,0,0,0,0,0,0,0,0,0,0,0,0,0,0,0,0,0,0,0,0,0,0,16,118,118,177,254,254,254,255,254,254,124,79,0,0,0,0,0,0,0,0,0,0,0,0,0,0,71,234,236,253,253,253,253,253,253,253,253,253,253,247,103,0,0,0,0,0,0,0,0,0,0,0,0,0,76,253,253,253,253,220,177,177,192,253,253,253,253,253,243,63,0,0,0,0,0,0,0,0,0,0,0,0,19,91,235,250,128,35,0,0,12,61,61,128,250,253,253,75,0,0,0,0,0,0,0,0,0,0,0,0,0,0,56,77,0,0,0,0,0,0,0,0,241,253,253,75,0,0,0,0,0,0,0,0,0,0,0,0,0,0,0,0,0,0,0,0,0,0,0,7,241,253,216,30,0,0,0,0,0,0,0,0,0,0,0,0,0,0,0,0,0,0,0,0,0,0,4,190,253,253,191,0,0,0,0,0,0,0,0,0,0,0,0,0,0,0,0,0,0,0,0,0,0,0,67,253,253,253,57,0,0,0,0,0,0,0,0,0,0,0,0,0,0,0,0,0,0,0,0,0,0,74,242,253,253,179,6,0,0,0,0,0,0,0,0,0,0,0,0,0,0,0,0,0,0,0,0,0,77,237,253,253,225,50,0,0,0,0,0,0,0,0,0,0,0,0,0,0,0,0,0,0,0,0,0,77,235,253,253,230,47,0,0,0,0,0,0,0,0,0,0,0,0,0,0,0,0,0,0,0,0,0,10,211,253,253,234,46,0,0,0,0,0,0,0,0,0,0,0,0,0,0,0,0,0,0,0,0,0,63,183,253,253,234,47,0,0,0,0,0,0,0,0,0,0,0,0,0,0,0,0,0,0,0,0,0,0,177,253,253,230,46,0,0,0,0,0,0,0,0,0,0,0,0,0,0,0,0,0,0,0,0,0,6,174,253,253,225,47,0,0,0,0,0,0,0,0,0,0,0,0,0,0,0,0,0,0,0,0,0,57,166,253,253,224,50,0,0,0,0,0,0,0,0,0,0,0,0,0,0,0,0,0,0,0,0,0,14,192,253,253,226,49,0,0,0,0,0,0,0,0,0,0,0,0,0,0,0,0,0,0,0,0,0,13,162,253,253,253,121,0,0,0,0,0,0,0,0,0,0,0,0,0,0,0,0,0,0,0,0,0,0,76,253,253,252,161,3,0,0,0,0,0,0,0,0,0,0,0,0,0,0,0,0,0,0,0,0,0,0,76,253,253,239,0,0,0,0,0,0,0,0,0,0,0,0,0,0,0,0,0,0,0,0,0,0,0,0,0,0,0,0,0,0,0,0,0,0,0,0,0,0,0,0,0,0,0,0,0,0
9,0,0,0,0,0,0,0,0,0,0,0,0,0,0,0,0,0,0,0,0,0,0,0,0,0,0,0,0,0,0,0,0,0,0,0,0,0,0,0,0,0,0,0,0,0,0,0,0,0,0,0,0,0,0,0,0,0,0,0,0,0,0,0,0,0,0,0,0,0,0,0,0,0,0,0,0,0,0,0,0,0,0,0,0,0,0,0,0,0,0,0,0,0,0,0,0,0,0,0,0,0,0,0,0,0,0,0,0,0,0,0,0,0,0,0,0,0,0,0,0,0,0,0,0,0,0,0,0,0,0,0,0,0,0,0,0,0,0,0,0,0,0,0,0,0,0,0,0,0,0,0,0,0,0,0,20,152,166,0,0,0,0,0,0,0,0,0,0,0,0,0,0,0,0,0,0,0,0,0,0,0,0,72,232,233,39,0,0,0,0,0,0,0,0,0,0,0,0,0,0,0,0,0,0,0,0,0,0,0,71,242,254,69,0,0,0,0,0,0,0,0,0,0,0,0,0,0,0,0,0,0,0,0,0,0,0,72,248,251,102,1,0,0,0,0,0,0,0,0,0,0,0,0,0,0,0,0,0,0,0,0,0,0,19,214,254,185,0,0,0,0,0,0,0,0,0,0,0,0,0,0,0,0,0,0,0,0,0,0,0,0,148,254,220,14,27,73,0,0,0,0,0,0,0,0,0,0,0,0,0,0,0,0,0,0,0,0,0,52,237,254,94,9,218,253,51,0,0,0,0,0,0,0,0,0,0,0,0,0,0,0,0,0,0,0,0,149,254,186,3,138,254,254,53,0,0,0,0,0,0,0,0,0,0,0,0,0,0,0,0,0,0,0,0,217,254,106,65,240,254,254,53,0,0,0,0,0,0,0,0,0,0,0,0,0,0,0,0,0,0,0,0,246,236,51,244,254,254,254,53,0,0,0,0,0,0,0,0,0,0,0,0,0,0,0,0,0,0,0,0,246,251,222,254,207,254,252,50,0,0,0,0,0,0,0,0,0,0,0,0,0,0,0,0,0,0,0,0,180,254,230,159,30,254,211,0,0,0,0,0,0,0,0,0,0,0,0,0,0,0,0,0,0,0,0,0,31,115,42,0,31,254,211,0,0,0,0,0,0,0,0,0,0,0,0,0,0,0,0,0,0,0,0,0,0,0,0,0,115,254,171,0,0,0,0,0,0,0,0,0,0,0,0,0,0,0,0,0,0,0,0,0,0,0,0,14,221,254,88,0,0,0,0,0,0,0,0,0,0,0,0,0,0,0,0,0,0,0,0,0,0,0,0,49,254,255,19,0,0,0,0,0,0,0,0,0,0,0,0,0,0,0,0,0,0,0,0,0,0,0,0,51,254,254,19,0,0,0,0,0,0,0,0,0,0,0,0,0,0,0,0,0,0,0,0,0,0,0,0,144,254,254,19,0,0,0,0,0,0,0,0,0,0,0,0,0,0,0,0,0,0,0,0,0,0,0,0,144,254,254,19,0,0,0,0,0,0,0,0,0,0,0,0,0,0,0,0,0,0,0,0,0,0,0,0,144,254,196,5,0,0,0,0,0,0,0,0,0,0,0,0,0,0,0,0,0,0,0,0,0,0,0,0,0,0,0,0,0,0,0,0,0,0,0,0,0,0,0,0,0,0,0,0,0,0,0,0,0,0,0,0,0,0,0,0,0,0,0,0,0,0,0,0,0,0,0,0,0,0,0,0,0,0,0,0,0,0,0,0,0,0,0,0,0,0,0,0,0,0,0,0,0,0,0
0,0,0,0,0,0,0,0,0,0,0,0,0,0,0,0,0,0,0,0,0,0,0,0,0,0,0,0,0,0,0,0,0,0,0,0,0,0,0,0,0,0,0,0,0,0,0,0,0,0,0,0,0,0,0,0,0,0,0,0,0,0,0,0,0,0,0,0,0,0,0,0,0,0,0,0,0,0,0,0,0,0,0,0,0,0,0,0,0,0,0,0,0,0,0,0,0,0,0,0,0,0,0,0,0,0,0,0,0,0,0,0,0,0,0,0,0,0,0,0,0,0,0,0,0,0,31,115,254,254,254,255,99,0,0,0,0,0,0,0,0,0,0,0,0,0,0,0,0,0,0,0,6,47,203,253,253,253,253,253,240,101,0,0,0,0,0,0,0,0,0,0,0,0,0,0,0,0,0,0,121,253,253,253,253,253,253,253,253,245,0,0,0,0,0,0,0,0,0,0,0,0,0,0,0,0,0,83,251,253,253,188,160,25,16,203,253,248,54,0,0,0,0,0,0,0,0,0,0,0,0,0,0,0,22,204,253,253,170,19,0,0,0,99,247,253,161,7,0,0,0,0,0,0,0,0,0,0,0,0,0,0,139,253,253,181,10,0,0,0,0,0,216,253,253,45,0,0,0,0,0,0,0,0,0,0,0,0,0,182,247,224,149,7,0,0,0,0,0,0,216,253,253,45,0,0,0,0,0,0,0,0,0,0,0,0,68,237,253,56,0,0,0,0,0,0,0,0,216,253,253,64,0,0,0,0,0,0,0,0,0,0,0,0,172,253,253,14,0,0,0,0,0,0,0,0,216,253,253,120,0,0,0,0,0,0,0,0,0,0,0,134,252,253,127,2,0,0,0,0,0,0,0,0,216,253,253,45,0,0,0,0,0,0,0,0,0,0,0,146,253,226,35,0,0,0,0,0,0,0,0,11,219,253,177,14,0,0,0,0,0,0,0,0,0,0,23,198,253,139,0,0,0,0,0,0,0,0,8,183,253,249,75,0,0,0,0,0,0,0,0,0,0,0,47,253,253,61,0,0,0,0,0,0,0,0,152,253,253,245,0,0,0,0,0,0,0,0,0,0,0,0,56,253,253,61,0,0,0,0,0,0,8,152,225,253,253,142,0,0,0,0,0,0,0,0,0,0,0,0,130,253,211,33,0,0,0,0,0,82,183,253,253,253,225,50,0,0,0,0,0,0,0,0,0,0,0,0,178,253,160,0,0,0,8,62,109,242,253,253,253,225,51,0,0,0,0,0,0,0,0,0,0,0,0,0,196,253,220,44,5,60,173,253,253,253,253,253,238,50,0,0,0,0,0,0,0,0,0,0,0,0,0,0,47,253,253,231,187,253,253,253,253,253,253,223,48,0,0,0,0,0,0,0,0,0,0,0,0,0,0,0,9,134,252,253,253,253,253,253,253,215,124,33,0,0,0,0,0,0,0,0,0,0,0,0,0,0,0,0,0,0,153,253,253,253,253,253,113,30,0,0,0,0,0,0,0,0,0,0,0,0,0,0,0,0,0,0,0,0,0,0,0,0,0,0,0,0,0,0,0,0,0,0,0,0,0,0,0,0,0,0,0,0,0,0,0,0,0,0,0,0,0,0,0,0,0,0,0,0,0,0,0,0,0,0,0,0,0,0,0,0,0,0,0,0,0,0,0,0,0,0,0,0,0,0,0,0,0,0,0,0,0,0,0,0,0,0,0,0,0,0,0,0,0,0,0,0,0,0,0,0,0,0,0,0,0,0,0,0,0,0,0,0,0
9,0,0,0,0,0,0,0,0,0,0,0,0,0,0,0,0,0,0,0,0,0,0,0,0,0,0,0,0,0,0,0,0,0,0,0,0,0,0,0,0,0,0,0,0,0,0,0,0,0,0,0,0,0,0,0,0,0,0,0,0,0,0,0,0,0,0,0,0,0,0,0,0,0,0,0,0,0,0,0,0,0,0,0,0,0,0,0,0,0,0,0,0,0,0,0,0,0,0,0,0,0,0,0,0,0,0,0,0,0,0,0,0,0,0,0,0,0,0,0,0,0,0,0,0,0,0,0,0,0,0,0,0,0,0,0,0,0,0,0,0,0,0,0,0,0,0,0,0,0,0,0,0,0,0,0,0,0,0,0,0,0,0,0,0,0,0,0,0,0,0,0,0,0,0,0,0,0,0,0,0,0,64,163,189,169,208,247,47,0,0,0,0,0,0,0,0,0,0,0,0,0,0,0,0,0,0,0,71,223,249,253,254,253,253,249,57,62,126,28,0,0,0,0,0,0,0,0,0,0,0,0,0,0,0,108,250,253,253,253,254,253,253,172,69,241,253,127,0,0,0,0,0,0,0,0,0,0,0,0,0,0,40,169,253,253,253,253,254,253,253,253,253,254,253,127,0,0,0,0,0,0,0,0,0,0,0,0,0,0,124,254,253,227,182,253,254,253,253,253,253,254,233,81,0,0,0,0,0,0,0,0,0,0,0,0,0,0,182,255,192,205,254,254,255,254,254,254,254,255,109,0,0,0,0,0,0,0,0,0,0,0,0,0,0,0,181,254,243,244,253,253,254,253,253,253,253,192,14,0,0,0,0,0,0,0,0,0,0,0,0,0,0,0,135,254,253,253,253,253,254,253,253,253,227,13,0,0,0,0,0,0,0,0,0,0,0,0,0,0,0,0,20,170,245,253,253,253,254,253,253,238,41,0,0,0,0,0,0,0,0,0,0,0,0,0,0,0,0,0,0,0,42,118,136,253,254,253,253,80,0,0,0,0,0,0,0,0,0,0,0,0,0,0,0,0,0,0,0,0,0,0,45,254,255,254,133,0,0,0,0,0,0,0,0,0,0,0,0,0,0,0,0,0,0,0,0,0,0,21,224,253,254,221,16,0,0,0,0,0,0,0,0,0,0,0,0,0,0,0,0,0,0,0,0,0,28,177,253,253,254,43,0,0,0,0,0,0,0,0,0,0,0,0,0,0,0,0,0,0,0,0,0,6,166,253,253,253,216,10,0,0,0,0,0,0,0,0,0,0,0,0,0,0,0,0,0,0,0,0,0,170,253,253,253,253,59,0,0,0,0,0,0,0,0,0,0,0,0,0,0,0,0,0,0,0,0,32,170,255,254,254,254,202,0,0,0,0,0,0,0,0,0,0,0,0,0,0,0,0,0,0,0,0,8,172,253,254,253,253,216,5,0,0,0,0,0,0,0,0,0,0,0,0,0,0,0,0,0,0,0,0,82,253,253,254,253,234,40,0,0,0,0,0,0,0,0,0,0,0,0,0,0,0,0,0,0,0,0,0,121,253,253,254,249,72,0,0,0,0,0,0,0,0,0,0,0,0,0,0,0,0,0,0,0,0,0,0,24,233,220,136,57,0,0,0,0,0,0,0,0,0,0,0,0,0,0,0,0,0,0,0,0,0,0,0,0,0,0,0,0,0,0,0,0,0,0,0,0,0,0,0,0,0,0,0,0,0,0,0,0,0,0,0,0,0,0,0,0,0,0,0,0,0,0,0,0,0,0,0,0,0,0,0,0
8,0,0,0,0,0,0,0,0,0,0,0,0,0,0,0,0,0,0,0,0,0,0,0,0,0,0,0,0,0,0,0,0,0,0,0,0,0,0,0,0,0,0,0,0,0,0,0,0,0,0,0,0,0,0,0,0,0,0,0,0,0,0,0,0,0,0,0,0,0,0,0,0,0,0,0,0,0,0,0,0,0,0,0,0,0,0,0,0,0,0,0,0,0,0,0,0,0,0,0,0,0,0,0,0,0,0,0,0,0,0,0,0,0,0,0,0,0,0,0,0,0,0,0,0,0,0,0,0,0,0,0,0,0,0,0,0,0,0,0,0,0,0,0,0,0,0,0,0,0,0,0,39,228,254,254,135,0,0,0,0,0,0,0,0,0,0,0,0,0,0,0,0,0,0,0,0,0,0,0,206,253,253,253,252,203,0,0,0,0,0,0,0,0,0,0,0,0,0,0,0,0,0,0,0,0,0,138,251,222,142,225,253,227,37,0,0,0,0,0,0,0,0,0,0,0,0,0,0,0,0,0,0,0,138,250,221,40,115,249,253,253,137,0,0,0,0,0,0,0,0,0,0,0,0,0,0,0,0,0,0,0,222,220,71,202,248,253,253,253,249,82,0,0,0,0,0,0,0,0,0,0,0,0,0,0,0,0,0,0,142,108,193,253,230,162,228,253,172,12,0,0,0,0,0,0,0,0,0,0,0,0,0,0,0,0,0,0,0,117,247,229,58,20,206,253,84,0,0,0,0,0,0,0,0,0,0,0,0,0,0,0,0,0,0,0,116,247,253,74,0,100,253,215,15,0,0,0,0,0,0,0,0,0,0,0,0,0,0,0,0,0,0,0,185,253,253,51,19,207,253,207,0,0,0,0,0,0,0,0,0,0,0,0,0,0,0,0,0,0,0,0,92,253,253,207,143,253,253,207,0,0,0,0,0,0,0,0,0,0,0,0,0,0,0,0,0,0,0,0,24,195,253,253,253,253,253,207,0,0,0,0,0,0,0,0,0,0,0,0,0,0,0,0,0,0,0,0,0,68,201,243,253,253,253,240,88,0,0,0,0,0,0,0,0,0,0,0,0,0,0,0,0,0,0,0,0,0,0,112,253,253,253,253,241,63,0,0,0,0,0,0,0,0,0,0,0,0,0,0,0,0,0,0,0,0,0,93,253,244,242,253,253,91,0,0,0,0,0,0,0,0,0,0,0,0,0,0,0,0,0,0,0,0,0,202,253,194,166,253,253,174,0,0,0,0,0,0,0,0,0,0,0,0,0,0,0,0,0,0,0,0,0,202,253,194,20,205,253,221,0,0,0,0,0,0,0,0,0,0,0,0,0,0,0,0,0,0,0,0,0,192,253,199,16,166,253,221,0,0,0,0,0,0,0,0,0,0,0,0,0,0,0,0,0,0,0,0,0,69,250,253,231,163,253,220,0,0,0,0,0,0,0,0,0,0,0,0,0,0,0,0,0,0,0,0,0,0,124,252,253,253,252,147,0,0,0,0,0,0,0,0,0,0,0,0,0,0,0,0,0,0,0,0,0,0,0,92,217,230,104,0,0,0,0,0,0,0,0,0,0,0,0,0,0,0,0,0,0,0,0,0,0,0,0,0,0,0,0,0,0,0,0,0,0,0,0,0,0,0,0,0,0,0,0,0,0,0,0,0,0,0,0,0,0,0,0,0,0,0,0,0,0,0,0,0,0,0,0,0,0,0,0,0,0,0,0,0,0,0,0,0,0,0,0,0,0,0,0,0,0,0,0,0,0
8,0,0,0,0,0,0,0,0,0,0,0,0,0,0,0,0,0,0,0,0,0,0,0,0,0,0,0,0,0,0,0,0,0,0,0,0,0,0,0,0,0,0,0,0,0,0,0,0,0,0,0,0,0,0,0,0,0,0,0,0,0,0,0,0,0,0,0,0,0,0,0,0,0,0,0,0,0,0,0,0,0,0,0,0,0,0,0,0,0,0,0,0,0,0,0,0,0,0,0,0,0,0,0,0,0,0,0,0,0,0,0,0,0,0,0,0,0,0,0,0,0,0,0,0,0,0,0,0,0,0,0,0,0,0,0,0,0,0,0,0,0,0,0,0,0,0,0,0,0,0,0,0,0,1,87,186,255,119,1,0,0,0,0,0,0,0,0,0,0,0,0,0,0,0,0,0,0,0,0,0,18,170,254,254,254,254,29,0,0,3,0,0,0,0,0,0,0,0,0,0,0,0,0,0,0,0,2,87,238,254,254,173,87,147,18,32,173,180,5,0,0,0,0,0,0,0,0,0,0,0,0,0,0,7,123,254,254,228,86,12,0,0,109,247,254,254,12,0,0,0,0,0,0,0,0,0,0,0,0,0,27,215,254,254,160,13,0,0,0,109,246,254,241,154,7,0,0,0,0,0,0,0,0,0,0,0,0,42,213,254,243,128,14,0,0,0,82,246,254,247,39,0,0,0,0,0,0,0,0,0,0,0,0,0,0,97,254,244,54,0,0,0,0,83,245,254,247,60,0,0,0,0,0,0,0,0,0,0,0,0,0,0,0,29,244,249,99,0,0,0,56,245,254,247,60,0,0,0,0,0,0,0,0,0,0,0,0,0,0,0,0,0,69,210,249,167,26,83,245,254,246,88,0,0,0,0,0,0,0,0,0,0,0,0,0,0,0,0,0,0,0,19,148,254,218,245,254,246,88,0,0,0,0,0,0,0,0,0,0,0,0,0,0,0,0,0,0,0,0,0,5,190,254,254,254,68,0,0,0,0,0,0,0,0,0,0,0,0,0,0,0,0,0,0,0,0,0,0,5,195,254,254,254,180,36,0,0,0,0,0,0,0,0,0,0,0,0,0,0,0,0,0,0,0,0,0,143,254,247,66,142,245,220,36,0,0,0,0,0,0,0,0,0,0,0,0,0,0,0,0,0,0,0,38,247,254,73,0,0,110,245,220,16,0,0,0,0,0,0,0,0,0,0,0,0,0,0,0,0,0,0,105,254,227,6,0,0,0,136,246,166,6,0,0,0,0,0,0,0,0,0,0,0,0,0,0,0,0,0,23,237,251,129,13,0,0,0,150,254,25,0,0,0,0,0,0,0,0,0,0,0,0,0,0,0,0,0,0,21,172,254,228,86,12,0,40,246,127,0,0,0,0,0,0,0,0,0,0,0,0,0,0,0,0,0,0,0,2,89,214,254,201,115,76,234,191,0,0,0,0,0,0,0,0,0,0,0,0,0,0,0,0,0,0,0,0,0,16,199,254,254,254,254,137,0,0,0,0,0,0,0,0,0,0,0,0,0,0,0,0,0,0,0,0,0,0,2,46,202,254,234,73,0,0,0,0,0,0,0,0,0,0,0,0,0,0,0,0,0,0,0,0,0,0,0,0,0,0,0,0,0,0,0,0,0,0,0,0,0,0,0,0,0,0,0,0,0,0,0,0,0,0,0,0,0,0,0,0,0,0,0,0,0,0,0,0,0,0,0,0,0,0,0,0,0,0,0,0,0,0,0,0,0,0,0,0,0,0,0,0,0,0,0,0
0,0,0,0,0,0,0,0,0,0,0,0,0,0,0,0,0,0,0,0,0,0,0,0,0,0,0,0,0,0,0,0,0,0,0,0,0,0,0,0,0,0,0,0,0,0,0,0,0,0,0,0,0,0,0,0,0,0,0,0,0,0,0,0,0,0,0,0,0,0,0,0,0,0,0,0,0,0,0,0,0,0,0,0,0,0,0,0,0,0,0,0,0,0,0,0,0,0,0,0,0,0,0,0,0,0,0,0,0,0,0,0,0,0,0,0,0,0,0,0,0,3,13,13,13,13,13,7,0,0,0,0,0,0,0,0,0,0,0,0,0,0,0,0,0,0,0,0,0,49,252,252,252,252,252,142,25,25,25,25,7,0,0,0,0,0,0,0,0,0,0,0,0,0,0,4,37,78,252,252,252,252,252,252,252,252,252,252,97,37,7,0,0,0,0,0,0,0,0,0,0,0,3,69,252,252,252,252,252,252,252,252,252,252,252,252,252,252,86,7,0,0,0,0,0,0,0,0,0,0,13,252,252,252,252,252,252,252,252,223,191,191,229,252,252,252,252,87,6,0,0,0,0,0,0,0,0,0,83,252,252,252,252,252,228,179,179,94,0,0,113,228,252,252,252,252,22,0,0,0,0,0,0,0,0,0,254,252,252,236,167,167,112,0,0,0,0,0,0,113,228,252,252,252,100,4,0,0,0,0,0,0,0,0,255,252,252,204,0,0,0,0,0,0,0,0,0,0,113,230,252,252,252,104,0,0,0,0,0,0,0,0,255,252,252,204,0,0,0,0,0,0,0,0,0,0,0,194,252,252,252,252,0,0,0,0,0,0,0,0,254,252,252,203,0,0,0,0,0,0,0,0,0,0,0,101,230,252,252,252,0,0,0,0,0,0,0,0,254,252,252,203,0,0,0,0,0,0,0,0,0,0,0,0,206,252,252,252,0,0,0,0,0,0,0,0,254,252,252,232,111,0,0,0,0,0,0,0,0,0,0,0,206,252,252,252,0,0,0,0,0,0,0,0,254,252,252,252,191,0,0,0,0,0,0,0,0,0,0,122,235,252,252,252,0,0,0,0,0,0,0,0,255,252,252,252,232,121,0,0,0,0,0,0,0,0,0,194,252,252,252,252,0,0,0,0,0,0,0,0,80,252,252,252,252,232,121,0,0,0,0,0,0,123,182,236,252,252,252,78,0,0,0,0,0,0,0,0,13,252,252,252,252,252,232,194,194,194,194,194,194,233,252,252,252,252,252,10,0,0,0,0,0,0,0,0,3,66,252,252,252,252,252,252,252,252,252,252,252,252,252,252,252,252,65,2,0,0,0,0,0,0,0,0,0,4,66,252,252,252,252,252,252,252,252,252,252,252,252,252,252,64,3,0,0,0,0,0,0,0,0,0,0,0,4,67,252,252,252,252,252,252,252,252,252,252,252,76,22,3,0,0,0,0,0,0,0,0,0,0,0,0,0,2,10,10,10,10,10,10,10,10,10,10,10,3,0,0,0,0,0,0,0,0,0,0,0,0,0,0,0,0,0,0,0,0,0,0,0,0,0,0,0,0,0,0,0,0,0,0,0,0,0,0,0,0,0,0,0,0,0,0,0,0,0,0,0,0,0,0,0,0,0,0,0,0,0,0,0,0,0,0,0,0,0,0,0,0,0,0,0,0,0,0,0,0,0,0,0,0,0,0,0,0,0,0,0,0,0,0,0,0,0,0,0,0,0,0,0,0,0,0,0,0,0,0,0,0,0,0,0,0,0,0,0
5,0,0,0,0,0,0,0,0,0,0,0,0,0,0,0,0,0,0,0,0,0,0,0,0,0,0,0,0,0,0,0,0,0,0,0,0,0,0,0,0,0,0,0,0,0,0,0,0,0,0,0,0,0,0,0,0,0,0,0,0,0,0,0,0,0,0,0,0,0,0,0,0,0,0,0,0,0,0,0,0,0,0,0,0,0,0,0,0,0,0,0,0,0,0,0,0,0,0,0,0,0,0,0,0,0,0,0,0,0,0,0,0,0,0,0,0,0,0,0,0,0,0,0,0,0,0,0,50,137,245,69,0,0,0,0,0,0,0,0,0,0,0,0,0,0,0,0,0,0,0,0,0,0,6,120,232,254,254,69,0,0,0,0,0,0,0,0,0,0,0,0,0,0,0,0,0,0,0,0,27,121,186,254,254,254,231,98,0,0,0,0,0,0,0,0,0,0,0,0,0,0,0,0,0,0,0,114,222,254,254,254,254,228,47,0,0,0,0,0,0,0,0,0,0,0,0,0,0,0,0,0,0,0,115,249,254,254,254,254,227,49,0,0,0,0,0,0,0,0,0,0,0,0,0,0,0,0,0,0,0,114,249,254,254,254,254,179,48,0,0,0,0,0,0,0,0,0,0,0,0,0,0,0,0,0,0,0,0,190,254,254,249,129,111,4,0,0,0,0,0,0,0,0,0,0,0,0,0,0,0,0,0,0,0,0,42,226,254,254,129,0,0,0,0,0,0,0,0,0,0,0,0,0,0,0,0,0,0,0,0,0,0,0,153,254,254,254,206,42,16,0,0,0,0,0,0,0,0,0,0,0,0,0,0,0,0,0,0,0,0,0,42,239,254,254,254,254,206,96,60,38,0,0,0,0,0,0,0,0,0,0,0,0,0,0,0,0,0,0,0,154,254,254,254,254,254,254,254,233,143,38,0,0,0,0,0,0,0,0,0,0,0,0,0,0,0,0,0,45,193,254,254,254,254,255,254,255,254,234,200,33,0,0,0,0,0,0,0,0,0,0,0,0,0,0,0,0,8,128,250,202,254,254,254,254,254,254,254,240,117,0,0,0,0,0,0,0,0,0,0,0,0,0,0,0,0,0,5,3,25,207,243,253,254,254,254,254,253,58,0,0,0,0,0,0,0,0,0,0,0,0,0,0,0,0,0,0,0,0,0,90,241,254,255,254,254,171,0,0,0,0,0,0,0,0,0,0,0,0,0,0,0,0,0,0,8,48,139,166,247,254,254,254,242,139,0,0,0,0,0,0,0,0,0,0,0,0,0,0,0,0,88,132,196,254,254,254,254,254,254,254,104,0,0,0,0,0,0,0,0,0,0,0,0,0,0,0,0,0,126,254,254,254,254,254,254,254,254,178,15,0,0,0,0,0,0,0,0,0,0,0,0,0,0,0,0,0,126,254,254,254,254,254,254,250,139,12,0,0,0,0,0,0,0,0,0,0,0,0,0,0,0,0,0,0,67,81,155,171,100,17,17,16,0,0,0,0,0,0,0,0,0,0,0,0,0,0,0,0,0,0,0,0,0,0,0,0,0,0,0,0,0,0,0,0,0,0,0,0,0,0,0,0,0,0,0,0,0,0,0,0,0,0,0,0,0,0,0,0,0,0,0,0,0,0,0,0,0,0,0,0,0,0,0,0,0,0,0,0,0,0,0,0,0,0,0,0,0,0,0,0,0,0,0,0,0,0,0,0,0,0,0,0,0,0,0,0,0,0,0,0,0,0,0,0,0,0,0,0,0,0,0,0,0
4,0,0,0,0,0,0,0,0,0,0,0,0,0,0,0,0,0,0,0,0,0,0,0,0,0,0,0,0,0,0,0,0,0,0,0,0,0,0,0,0,0,0,0,0,0,0,0,0,0,0,0,0,0,0,0,0,0,0,0,0,0,0,0,0,0,0,0,0,0,0,0,0,0,0,0,0,0,0,0,0,0,0,0,0,0,0,0,0,0,0,0,0,0,0,0,0,0,0,0,0,0,0,0,0,0,0,0,0,0,0,0,0,0,0,0,0,0,0,0,0,0,0,0,0,0,0,0,0,0,0,0,0,0,0,0,0,0,0,0,0,0,0,0,0,0,0,0,0,0,0,0,0,0,0,0,0,0,0,0,0,0,0,0,0,0,0,0,0,0,0,0,0,0,0,0,0,71,228,163,12,0,0,0,0,0,0,0,0,47,157,23,0,0,0,0,0,0,0,0,0,0,0,0,0,193,253,254,18,0,0,0,0,0,0,0,20,247,253,68,0,0,0,0,0,0,0,0,0,0,0,0,0,199,253,243,15,0,0,0,0,0,0,0,104,254,253,36,0,0,0,0,0,0,0,0,0,0,0,0,36,241,253,110,0,0,0,0,0,0,0,8,212,254,203,8,0,0,0,0,0,0,0,0,0,0,0,0,159,253,253,59,0,0,0,0,0,0,0,19,253,254,108,0,0,0,0,0,0,0,0,0,0,0,0,0,218,254,254,0,0,0,0,0,0,0,0,103,254,255,18,0,0,0,0,0,0,0,0,0,0,0,0,0,217,253,201,0,0,0,0,0,0,0,21,230,253,186,2,0,0,0,0,0,0,0,0,0,0,0,0,0,217,253,207,14,0,0,0,0,0,0,95,253,253,58,0,0,0,0,0,0,0,0,0,0,0,0,0,0,217,253,253,161,14,0,0,0,0,4,220,253,214,0,0,0,0,0,0,0,0,0,0,0,0,0,0,0,185,253,253,254,212,168,91,91,59,126,253,253,194,0,0,0,0,0,0,0,0,0,0,0,0,0,0,0,14,167,254,255,254,254,254,254,255,254,254,254,169,0,0,0,0,0,0,0,0,0,0,0,0,0,0,0,0,2,50,109,192,206,253,253,254,253,253,184,5,0,0,0,0,0,0,0,0,0,0,0,0,0,0,0,0,0,0,0,0,6,36,36,98,253,247,59,0,0,0,0,0,0,0,0,0,0,0,0,0,0,0,0,0,0,0,0,0,0,0,0,80,253,216,0,0,0,0,0,0,0,0,0,0,0,0,0,0,0,0,0,0,0,0,0,0,0,0,0,228,253,216,0,0,0,0,0,0,0,0,0,0,0,0,0,0,0,0,0,0,0,0,0,0,0,0,0,255,254,159,0,0,0,0,0,0,0,0,0,0,0,0,0,0,0,0,0,0,0,0,0,0,0,0,105,254,253,94,0,0,0,0,0,0,0,0,0,0,0,0,0,0,0,0,0,0,0,0,0,0,0,0,135,254,253,204,0,0,0,0,0,0,0,0,0,0,0,0,0,0,0,0,0,0,0,0,0,0,0,0,91,254,253,138,0,0,0,0,0,0,0,0,0,0,0,0,0,0,0,0,0,0,0,0,0,0,0,0,26,156,214,11,0,0,0,0,0,0,0,0,0,0,0,0,0,0,0,0,0,0,0,0,0,0,0,0,0,0,0,0,0,0,0,0,0,0,0,0,0,0,0,0,0,0,0,0,0,0,0,0,0,0,0,0,0,0,0,0,0,0,0,0,0,0,0,0,0,0
4,0,0,0,0,0,0,0,0,0,0,0,0,0,0,0,0,0,0,0,0,0,0,0,0,0,0,0,0,0,0,0,0,0,0,0,0,0,0,0,0,0,0,0,0,0,0,0,0,0,0,0,0,0,0,0,0,0,0,0,0,0,0,0,0,0,0,0,0,0,0,0,0,0,0,0,0,0,0,0,0,0,0,0,0,0,0,0,0,0,0,0,0,0,0,0,0,0,0,25,154,0,0,0,0,0,0,0,0,0,0,0,0,0,0,0,0,0,0,0,0,0,0,0,0,0,0,95,213,11,0,0,0,0,0,0,0,0,0,0,0,0,0,0,0,0,0,0,0,0,0,0,0,0,12,159,188,0,0,0,0,0,0,0,0,0,0,0,0,0,0,0,0,0,0,0,0,0,0,0,0,0,29,254,126,0,0,0,0,0,0,0,0,0,0,0,0,0,0,0,0,0,0,0,0,0,0,0,0,0,46,254,7,0,0,0,0,0,0,0,0,0,0,0,0,0,0,0,0,0,0,0,0,0,0,0,0,0,129,254,0,0,0,0,0,0,0,0,0,0,0,0,0,0,0,0,0,0,0,0,0,0,0,0,0,0,217,254,0,0,0,0,0,0,0,0,0,0,0,0,0,0,0,0,0,0,0,0,0,0,0,0,0,55,252,141,0,0,0,0,0,0,0,0,0,0,0,0,0,0,0,0,0,0,0,0,0,0,0,0,0,103,240,34,0,0,0,0,0,0,0,0,0,0,0,0,0,0,0,0,0,0,0,0,0,0,0,0,0,186,225,0,0,0,113,63,0,0,0,0,0,0,0,0,0,0,0,0,0,0,0,0,0,0,0,0,54,251,166,0,0,38,255,85,0,0,0,0,0,0,0,0,0,0,0,0,0,0,0,0,0,0,0,0,100,245,77,0,0,87,249,41,0,0,0,0,0,0,0,0,0,0,0,0,0,0,0,0,0,0,0,8,209,197,0,0,0,132,244,4,0,0,0,0,0,0,0,0,0,0,0,0,0,0,0,0,0,0,0,83,254,134,0,0,48,203,254,197,76,0,0,0,0,0,0,0,0,0,0,0,0,0,0,0,0,0,0,114,254,131,138,236,248,254,254,159,15,0,0,0,0,0,0,0,0,0,0,0,0,0,0,0,0,0,0,114,254,254,254,240,141,241,249,47,0,0,0,0,0,0,0,0,0,0,0,0,0,0,0,0,0,0,0,114,254,235,124,20,0,226,244,0,0,0,0,0,0,0,0,0,0,0,0,0,0,0,0,0,0,0,0,4,9,7,0,0,0,226,223,0,0,0,0,0,0,0,0,0,0,0,0,0,0,0,0,0,0,0,0,0,0,0,0,0,0,226,160,0,0,0,0,0,0,0,0,0,0,0,0,0,0,0,0,0,0,0,0,0,0,0,0,0,0,156,139,0,0,0,0,0,0,0,0,0,0,0,0,0,0,0,0,0,0,0,0,0,0,0,0,0,0,0,0,0,0,0,0,0,0,0,0,0,0,0,0,0,0,0,0,0,0,0,0,0,0,0,0,0,0,0,0,0,0,0,0,0,0,0,0,0,0,0,0,0,0,0,0,0,0,0,0,0,0,0,0,0,0,0,0,0,0,0,0,0,0,0,0,0,0,0,0,0,0,0,0,0,0,0,0,0,0,0,0,0,0,0,0,0,0,0,0,0,0,0,0,0,0,0,0,0,0,0,0,0,0,0,0,0,0,0,0,0,0,0,0,0,0,0,0,0,0,0,0,0,0
5,0,0,0,0,0,0,0,0,0,0,0,0,0,0,0,0,0,0,0,0,0,0,0,0,0,0,0,0,0,0,0,0,0,0,0,0,0,0,0,0,0,0,0,0,0,0,0,0,0,0,0,0,0,0,0,0,0,0,0,0,0,0,0,0,0,0,0,0,0,0,0,0,0,0,0,0,0,0,0,0,0,0,0,0,0,0,0,0,0,0,0,0,0,0,0,0,0,0,0,0,0,0,0,0,0,0,0,0,0,0,0,0,0,0,0,0,0,0,0,0,0,0,0,0,0,0,0,0,0,0,0,0,0,0,0,0,0,0,0,0,0,0,0,0,0,0,0,0,0,0,0,0,0,0,0,0,0,0,0,0,0,0,0,0,0,0,0,0,0,0,0,0,0,0,0,0,0,0,0,0,0,21,102,102,102,102,102,102,20,0,0,0,0,0,0,0,0,0,0,0,0,0,0,0,0,0,0,31,92,214,253,254,253,254,253,254,253,255,213,92,51,0,0,0,0,0,0,0,0,0,0,0,0,21,142,233,252,253,252,253,252,253,252,253,252,253,252,253,252,0,0,0,0,0,0,0,0,0,0,0,0,214,253,254,253,254,253,254,253,234,253,254,253,255,253,255,233,0,0,0,0,0,0,0,0,0,0,0,0,253,252,253,252,213,91,91,50,30,50,50,50,112,151,213,192,0,0,0,0,0,0,0,0,0,0,0,102,254,253,254,253,254,253,92,10,0,0,0,0,0,0,0,0,0,0,0,0,0,0,0,0,0,0,0,20,151,232,253,252,253,252,253,172,41,0,0,0,0,0,0,0,0,0,0,0,0,0,0,0,0,0,0,0,0,0,62,183,254,253,254,253,123,0,0,0,0,0,0,0,0,0,0,0,0,0,0,0,0,0,0,0,0,0,0,0,71,192,253,252,243,40,0,0,0,0,0,0,0,0,0,0,0,0,0,0,0,0,0,0,0,0,0,0,0,0,173,253,254,112,0,0,0,0,0,0,0,0,0,0,0,0,0,0,0,0,0,0,0,0,0,0,0,0,10,212,253,151,0,0,0,0,0,0,0,0,0,0,0,0,0,0,152,92,0,0,0,0,0,0,0,0,0,203,254,151,0,0,0,0,0,0,0,0,0,0,0,0,0,0,253,232,142,20,0,0,0,0,0,0,62,223,253,151,0,0,0,0,0,0,0,0,0,0,0,0,0,0,254,253,254,253,234,193,193,193,214,253,254,253,254,131,0,0,0,0,0,0,0,0,0,0,0,0,0,0,172,252,253,252,253,252,253,252,253,252,253,252,172,10,0,0,0,0,0,0,0,0,0,0,0,0,0,0,82,243,255,253,255,253,254,253,254,253,254,233,41,0,0,0,0,0,0,0,0,0,0,0,0,0,0,0,0,40,112,192,253,252,253,252,253,252,131,30,0,0,0,0,0,0,0,0,0,0,0,0,0,0,0,0,0,0,0,0,0,82,82,0,0,0,0,0,0,0,0,0,0,0,0,0,0,0,0,0,0,0,0,0,0,0,0,0,0,0,0,0,0,0,0,0,0,0,0,0,0,0,0,0,0,0,0,0,0,0,0,0,0,0,0,0,0,0,0,0,0,0,0,0,0,0,0,0,0,0,0,0,0,0,0,0,0,0,0,0,0,0,0,0,0,0,0,0,0,0,0,0,0,0,0,0,0,0,0,0,0,0,0,0,0,0,0,0,0,0,0,0,0,0,0,0,0,0,0,0,0,0,0,0,0,0,0,0,0,0,0
1,0,0,0,0,0,0,0,0,0,0,0,0,0,0,0,0,0,0,0,0,0,0,0,0,0,0,0,0,0,0,0,0,0,0,0,0,0,0,0,0,0,0,0,0,0,0,0,0,0,0,0,0,0,0,0,0,0,0,0,0,0,0,0,0,0,0,0,0,0,0,0,0,0,0,0,0,0,0,0,0,0,0,0,0,0,0,0,0,0,0,0,0,0,0,0,0,0,0,0,0,0,0,0,0,0,0,0,0,0,0,0,0,0,0,0,0,0,0,0,0,0,0,0,0,0,0,0,0,0,0,0,0,0,0,0,0,0,0,0,0,0,0,0,0,0,0,0,0,0,0,0,0,0,0,0,0,0,110,254,49,0,0,0,0,0,0,0,0,0,0,0,0,0,0,0,0,0,0,0,0,0,0,0,0,2,192,253,81,0,0,0,0,0,0,0,0,0,0,0,0,0,0,0,0,0,0,0,0,0,0,0,0,25,253,253,123,0,0,0,0,0,0,0,0,0,0,0,0,0,0,0,0,0,0,0,0,0,0,0,0,135,253,253,49,0,0,0,0,0,0,0,0,0,0,0,0,0,0,0,0,0,0,0,0,0,0,0,2,192,253,213,10,0,0,0,0,0,0,0,0,0,0,0,0,0,0,0,0,0,0,0,0,0,0,0,67,253,253,123,0,0,0,0,0,0,0,0,0,0,0,0,0,0,0,0,0,0,0,0,0,0,0,0,190,253,247,44,0,0,0,0,0,0,0,0,0,0,0,0,0,0,0,0,0,0,0,0,0,0,0,96,254,253,107,0,0,0,0,0,0,0,0,0,0,0,0,0,0,0,0,0,0,0,0,0,0,0,0,187,254,248,46,0,0,0,0,0,0,0,0,0,0,0,0,0,0,0,0,0,0,0,0,0,0,0,75,250,254,130,0,0,0,0,0,0,0,0,0,0,0,0,0,0,0,0,0,0,0,0,0,0,0,0,158,254,255,74,0,0,0,0,0,0,0,0,0,0,0,0,0,0,0,0,0,0,0,0,0,0,0,31,243,253,211,22,0,0,0,0,0,0,0,0,0,0,0,0,0,0,0,0,0,0,0,0,0,0,0,155,253,253,82,0,0,0,0,0,0,0,0,0,0,0,0,0,0,0,0,0,0,0,0,0,0,0,27,240,253,205,19,0,0,0,0,0,0,0,0,0,0,0,0,0,0,0,0,0,0,0,0,0,0,0,136,253,253,77,0,0,0,0,0,0,0,0,0,0,0,0,0,0,0,0,0,0,0,0,0,0,0,26,237,253,175,2,0,0,0,0,0,0,0,0,0,0,0,0,0,0,0,0,0,0,0,0,0,0,0,95,253,253,53,0,0,0,0,0,0,0,0,0,0,0,0,0,0,0,0,0,0,0,0,0,0,0,0,131,253,172,2,0,0,0,0,0,0,0,0,0,0,0,0,0,0,0,0,0,0,0,0,0,0,0,0,131,253,106,0,0,0,0,0,0,0,0,0,0,0,0,0,0,0,0,0,0,0,0,0,0,0,0,0,79,253,80,0,0,0,0,0,0,0,0,0,0,0,0,0,0,0,0,0,0,0,0,0,0,0,0,0,0,0,0,0,0,0,0,0,0,0,0,0,0,0,0,0,0,0,0,0,0,0,0,0,0,0,0,0,0,0,0,0,0,0,0,0,0,0,0,0,0,0,0,0,0,0,0,0,0,0,0,0,0,0,0,0,0,0,0,0,0,0,0,0,0,0,0,0,0,0,0,0,0,0
7,0,0,0,0,0,0,0,0,0,0,0,0,0,0,0,0,0,0,0,0,0,0,0,0,0,0,0,0,0,0,0,0,0,0,0,0,0,0,0,0,0,0,0,0,0,0,0,0,0,0,0,0,0,0,0,0,0,0,0,0,0,0,0,0,0,0,0,0,0,0,0,0,0,0,0,0,0,0,0,0,0,0,0,0,0,0,0,0,0,0,0,0,0,0,0,0,0,0,0,0,0,0,0,0,0,0,0,0,0,0,0,0,0,0,0,0,0,0,0,0,0,0,0,0,0,0,0,0,0,0,0,0,0,0,0,0,0,0,0,0,0,0,0,0,0,0,0,0,0,0,0,0,0,0,0,0,0,0,0,0,0,0,0,0,0,0,0,0,0,0,0,0,0,0,0,0,0,0,0,0,0,0,0,0,0,0,0,0,0,0,0,0,0,0,0,0,0,0,0,0,0,0,0,0,0,0,0,0,41,195,162,178,178,95,0,0,0,0,0,0,0,0,0,0,0,0,0,9,26,0,0,43,47,114,139,222,241,253,254,253,253,253,231,129,9,0,0,0,0,0,0,0,0,0,0,130,232,207,141,249,253,253,254,253,253,253,254,253,253,253,254,253,88,0,0,0,0,0,0,0,0,0,51,247,253,253,254,253,253,253,254,253,253,185,161,111,152,253,254,253,171,0,0,0,0,0,0,0,0,0,0,147,254,254,254,254,247,184,93,76,0,0,0,0,116,254,255,254,230,0,0,0,0,0,0,0,0,0,0,5,31,115,115,64,21,0,0,0,0,0,0,0,116,253,254,253,179,0,0,0,0,0,0,0,0,0,0,0,0,0,0,0,0,0,0,0,0,0,0,0,157,253,254,253,129,0,0,0,0,0,0,0,0,0,0,0,0,0,0,0,0,0,0,0,0,0,0,0,207,253,254,253,46,0,0,0,0,0,0,0,0,0,0,0,0,0,0,0,0,0,0,0,0,0,0,13,221,254,254,254,46,0,0,0,0,0,0,0,0,0,0,0,0,0,0,0,0,0,0,0,0,0,0,97,253,253,254,210,4,0,0,0,0,0,0,0,0,0,0,0,0,0,0,0,0,0,0,0,0,0,0,147,253,253,254,164,0,0,0,0,0,0,0,0,0,0,0,0,0,0,0,0,0,0,0,0,0,0,0,230,253,253,254,48,0,0,0,0,0,0,0,0,0,0,0,0,0,0,0,0,0,0,0,0,0,0,95,254,254,254,254,23,0,0,0,0,0,0,0,0,0,0,0,0,0,0,0,0,0,0,0,0,0,0,178,253,253,253,173,2,0,0,0,0,0,0,0,0,0,0,0,0,0,0,0,0,0,0,0,0,0,76,254,253,253,253,17,0,0,0,0,0,0,0,0,0,0,0,0,0,0,0,0,0,0,0,0,0,9,151,254,253,253,219,0,0,0,0,0,0,0,0,0,0,0,0,0,0,0,0,0,0,0,0,0,0,116,254,254,254,247,50,0,0,0,0,0,0,0,0,0,0,0,0,0,0,0,0,0,0,0,0,0,0,199,253,254,253,230,0,0,0,0,0,0,0,0,0,0,0,0,0,0,0,0,0,0,0,0,0,0,0,132,253,254,253,213,0,0,0,0,0,0,0,0,0,0,0,0,0,0,0,0,0,0,0,0,0,0,0,74,194,254,236,29,0,0,0,0,0,0,0,0,0,0,0,0,0,0,0,0,0,0,0,0,0,0,0,0,0,0,0,0,0,0,0,0,0,0,0,0,0,0,0
0,0,0,0,0,0,0,0,0,0,0,0,0,0,0,0,0,0,0,0,0,0,0,0,0,0,0,0,0,0,0,0,0,0,0,0,0,0,0,0,0,0,0,0,0,0,0,0,0,0,0,0,0,0,0,0,0,0,0,0,0,0,0,0,0,0,0,0,0,0,0,0,0,0,0,0,0,0,0,0,0,0,0,0,0,0,0,0,0,0,0,0,0,0,0,0,0,0,0,0,0,0,0,0,0,0,0,0,0,0,0,0,0,0,0,0,0,0,0,0,0,0,0,0,0,0,1,112,235,214,0,0,0,0,0,0,0,0,0,0,0,0,0,0,0,0,0,0,0,0,0,0,0,0,6,254,218,134,108,174,0,0,0,0,0,0,0,0,0,0,0,0,0,0,0,0,0,0,0,0,18,130,245,154,27,0,93,240,55,0,0,0,0,0,0,0,0,0,0,0,0,0,0,0,0,0,0,0,121,254,215,0,0,0,24,209,234,19,0,0,0,0,0,0,0,0,0,0,0,0,0,0,0,0,0,8,219,186,12,0,0,0,0,83,254,132,0,0,0,0,0,0,0,0,0,0,0,0,0,0,0,0,0,145,250,63,0,0,0,0,0,23,234,248,58,0,0,0,0,0,0,0,0,0,0,0,0,0,0,0,30,245,190,0,0,0,0,0,0,0,133,255,89,0,0,0,0,0,0,0,0,0,0,0,0,0,0,0,199,237,59,0,0,0,0,0,0,0,79,254,161,0,0,0,0,0,0,0,0,0,0,0,0,0,0,116,251,136,0,0,0,0,0,0,0,0,13,233,83,0,0,0,0,0,0,0,0,0,0,0,0,0,23,229,254,78,0,0,0,0,0,0,0,0,17,235,83,0,0,0,0,0,0,0,0,0,0,0,0,0,37,254,234,16,0,0,0,0,0,0,0,0,79,254,83,0,0,0,0,0,0,0,0,0,0,0,0,0,37,254,228,0,0,0,0,0,0,0,0,0,96,254,83,0,0,0,0,0,0,0,0,0,0,0,0,0,37,254,228,0,0,0,0,0,0,0,0,11,208,247,54,0,0,0,0,0,0,0,0,0,0,0,0,0,37,254,232,10,0,0,0,0,0,0,0,32,254,221,0,0,0,0,0,0,0,0,0,0,0,0,0,0,26,234,254,78,0,0,0,0,0,0,0,32,254,55,0,0,0,0,0,0,0,0,0,0,0,0,0,0,0,136,254,86,0,0,0,0,0,0,16,33,175,3,0,0,0,0,0,0,0,0,0,0,0,0,0,0,0,28,241,231,49,0,0,0,0,127,235,138,24,0,0,0,0,0,0,0,0,0,0,0,0,0,0,0,0,0,98,251,231,90,11,32,155,254,214,23,0,0,0,0,0,0,0,0,0,0,0,0,0,0,0,0,0,0,0,137,248,254,254,254,254,181,61,0,0,0,0,0,0,0,0,0,0,0,0,0,0,0,0,0,0,0,0,0,90,219,252,87,46,1,0,0,0,0,0,0,0,0,0,0,0,0,0,0,0,0,0,0,0,0,0,0,0,0,0,0,0,0,0,0,0,0,0,0,0,0,0,0,0,0,0,0,0,0,0,0,0,0,0,0,0,0,0,0,0,0,0,0,0,0,0,0,0,0,0,0,0,0,0,0,0,0,0,0,0,0,0,0,0,0,0,0,0,0,0,0,0,0,0,0,0,0,0,0,0,0,0,0,0,0,0,0,0,0,0,0,0,0,0,0,0,0,0,0,0,0,0,0,0,0,0,0,0
9,0,0,0,0,0,0,0,0,0,0,0,0,0,0,0,0,0,0,0,0,0,0,0,0,0,0,0,0,0,0,0,0,0,0,0,0,0,0,0,0,0,0,0,0,0,0,0,0,0,0,0,0,0,0,0,0,0,0,0,0,0,0,0,0,0,0,0,0,0,0,0,0,0,0,0,0,0,0,0,0,0,0,0,0,0,0,0,0,0,0,0,0,0,0,0,0,0,0,0,0,0,0,0,0,0,0,0,0,0,0,0,0,0,0,0,0,0,0,0,0,0,0,0,0,0,0,0,0,0,0,0,0,0,0,0,0,0,0,0,0,0,0,0,0,0,0,0,0,0,0,0,0,0,0,0,0,0,0,0,0,0,0,0,0,0,0,0,0,0,0,0,0,0,0,0,0,0,0,0,0,0,0,28,63,63,63,63,54,0,0,0,0,0,0,0,0,0,0,0,0,0,0,0,0,0,0,0,25,97,179,235,254,254,254,254,249,221,159,25,0,0,0,0,0,0,0,0,0,0,0,0,0,9,92,184,242,254,254,254,254,254,254,254,254,254,254,220,81,0,0,0,0,0,0,0,0,0,0,21,80,236,254,254,254,254,221,154,35,4,4,4,106,197,254,254,157,0,0,0,0,0,0,0,0,0,80,230,254,254,254,239,149,67,17,0,0,0,0,0,0,1,176,254,239,0,0,0,0,0,0,0,0,78,244,254,254,213,99,30,0,0,0,0,0,0,0,0,0,70,228,254,254,0,0,0,0,0,0,0,0,215,254,254,122,5,0,0,0,49,85,0,0,0,3,81,200,252,254,254,141,0,0,0,0,0,0,0,0,255,254,177,1,0,0,0,0,161,246,92,20,109,193,254,254,254,254,194,34,0,0,0,0,0,0,0,0,255,254,226,84,13,0,0,7,202,254,254,254,254,254,254,254,254,201,48,0,0,0,0,0,0,0,0,0,200,254,254,254,242,207,200,241,254,254,254,254,254,254,254,254,176,5,0,0,0,0,0,0,0,0,0,0,30,141,244,254,254,254,254,252,239,221,143,176,254,254,254,138,11,0,0,0,0,0,0,0,0,0,0,0,0,0,30,103,177,177,206,91,0,0,5,167,254,254,175,8,0,0,0,0,0,0,0,0,0,0,0,0,0,0,0,0,0,0,7,0,0,9,164,254,254,192,7,0,0,0,0,0,0,0,0,0,0,0,0,0,0,0,0,0,0,0,0,0,0,128,254,254,215,31,0,0,0,0,0,0,0,0,0,0,0,0,0,0,0,0,0,0,0,0,0,0,82,249,254,232,82,0,0,0,0,0,0,0,0,0,0,0,0,0,0,0,0,0,0,0,0,0,0,76,218,254,254,162,0,0,0,0,0,0,0,0,0,0,0,0,0,0,0,0,0,0,0,0,0,0,2,212,254,254,204,19,0,0,0,0,0,0,0,0,0,0,0,0,0,0,0,0,0,0,0,0,0,0,115,254,254,241,69,0,0,0,0,0,0,0,0,0,0,0,0,0,0,0,0,0,0,0,0,0,0,33,205,220,220,106,0,0,0,0,0,0,0,0,0,0,0,0,0,0,0,0,0,0,0,0,0,0,0,0,0,0,0,0,0,0,0,0,0,0,0,0,0,0,0,0,0,0,0,0,0,0,0,0,0,0,0,0,0,0,0,0,0,0,0,0,0,0,0,0,0,0,0,0,0,0,0,0,0,0,0,0,0,0,0,0,0,0,0,0,0,0,0,0,0,0,0,0,0,0,0,0,0,0
3,0,0,0,0,0,0,0,0,0,0,0,0,0,0,0,0,0,0,0,0,0,0,0,0,0,0,0,0,0,0,0,0,0,0,0,0,0,0,0,0,0,0,0,0,0,0,0,0,0,0,0,0,0,0,0,0,0,0,0,0,0,0,0,0,0,0,0,0,0,0,0,0,0,0,0,0,0,0,0,0,0,0,0,0,0,0,0,0,0,0,0,0,0,0,0,0,0,0,0,0,0,0,0,0,0,0,0,0,0,0,0,0,0,0,0,0,0,0,0,0,0,0,0,0,0,2,79,160,255,245,46,0,0,0,0,0,0,0,0,0,0,0,0,0,0,0,0,0,0,0,6,48,129,210,254,253,253,254,156,0,0,0,0,0,0,0,0,0,0,0,0,0,0,0,0,0,46,164,214,254,253,253,254,198,232,254,173,0,0,0,0,0,0,0,0,0,0,0,0,0,0,0,0,0,169,254,254,254,222,132,35,21,209,254,127,0,0,0,0,0,0,0,0,0,0,0,0,0,0,0,0,0,53,208,178,141,33,0,0,183,253,207,24,0,0,0,0,0,0,0,0,0,0,0,0,0,0,0,0,0,0,10,0,0,0,15,153,250,253,78,0,0,0,0,0,0,0,0,0,0,0,0,0,0,0,0,0,0,0,0,0,0,70,213,254,253,253,63,0,0,0,0,0,0,0,0,0,0,0,0,0,0,0,0,0,0,0,0,0,53,246,253,254,253,253,247,177,19,0,0,0,0,0,0,0,0,0,0,0,0,0,0,0,0,0,0,0,96,254,252,159,159,222,254,253,195,0,0,0,0,0,0,0,0,0,0,0,0,0,0,0,0,0,0,0,2,4,4,0,0,3,103,239,239,38,0,0,0,0,0,0,0,0,0,0,0,0,0,0,0,0,0,0,0,0,0,0,0,0,0,178,254,146,1,0,0,0,0,0,0,0,0,0,0,0,0,0,0,0,0,0,0,0,0,0,0,0,0,81,254,254,9,0,0,0,0,0,0,0,0,0,0,0,0,0,0,0,0,0,0,0,0,0,0,0,0,44,245,254,9,0,0,0,0,0,0,0,0,0,0,0,0,6,100,17,0,0,0,0,0,0,0,0,0,0,207,253,9,0,0,0,0,0,0,0,0,0,0,0,0,80,246,22,0,0,0,0,0,0,0,0,0,8,225,254,88,0,0,0,0,0,0,0,0,0,0,0,0,219,178,0,0,0,0,0,0,0,0,0,0,80,254,253,9,0,0,0,0,0,0,0,0,0,0,79,0,206,218,13,0,0,0,0,0,0,0,0,28,211,254,241,8,0,0,0,0,0,0,0,0,0,0,0,0,46,254,196,118,41,0,0,0,0,0,61,210,253,254,128,0,0,0,0,0,0,0,0,0,0,0,0,0,1,108,249,254,249,245,245,245,245,245,251,254,239,142,3,0,0,0,0,0,0,0,0,0,0,0,0,0,0,0,49,127,209,253,253,253,253,253,253,204,67,0,0,0,0,0,0,0,0,0,0,0,0,0,0,0,0,0,0,0,0,0,0,0,0,0,0,0,0,0,0,0,0,0,0,0,0,0,0,0,0,0,0,0,0,0,0,0,0,0,0,0,0,0,0,0,0,0,0,0,0,0,0,0,0,0,0,0,0,0,0,0,0,0,0,0,0,0,0,0,0,0,0,0,0,0,0,0,0,0,0,0,0,0,0,0,0,0,0,0,0,0,0,0,0,0,0,0,0,0,0,0,0,0,0,0,0,0,0,0,0,0
5,0,0,0,0,0,0,0,0,0,0,0,0,0,0,0,0,0,0,0,0,0,0,0,0,0,0,0,0,0,0,0,0,0,0,0,0,0,0,0,0,0,0,0,0,0,0,0,0,0,0,0,0,0,0,0,0,0,0,0,0,0,0,0,0,0,0,0,0,0,0,0,0,0,0,0,0,0,0,0,0,0,0,0,0,0,0,0,0,0,0,0,0,0,0,0,0,0,0,0,0,0,0,0,0,0,0,0,0,0,0,0,0,0,0,0,0,0,0,0,0,0,0,0,0,0,0,0,0,0,0,0,0,0,0,0,0,0,0,0,0,0,0,0,0,0,0,0,0,0,0,0,0,0,0,0,0,0,0,0,0,0,0,0,0,0,0,0,0,0,0,0,0,0,0,0,0,0,0,0,0,0,0,0,0,0,0,0,0,0,0,0,0,0,0,0,0,0,0,0,0,0,0,0,0,0,0,0,0,0,0,0,0,0,0,29,29,29,86,86,86,57,0,0,0,0,0,0,0,0,0,0,0,0,0,0,0,0,0,29,170,170,255,255,255,255,255,255,255,255,170,0,0,0,0,0,0,0,0,0,0,0,0,0,0,0,0,141,255,255,255,255,226,170,170,86,86,29,0,0,0,0,0,0,0,0,0,0,0,0,0,0,0,0,0,29,86,86,29,0,0,0,0,0,0,0,0,0,0,0,0,0,0,0,0,0,0,0,0,0,0,0,0,114,226,0,0,0,0,0,0,0,0,0,0,0,0,0,0,0,0,0,0,0,0,0,0,0,0,0,141,255,198,0,0,0,0,0,0,0,0,0,0,0,0,0,0,0,0,0,0,0,0,0,0,0,114,198,255,170,0,0,0,0,0,0,0,0,0,0,0,0,0,0,0,0,0,0,0,0,0,0,0,198,255,255,255,226,57,0,0,0,0,0,0,0,0,0,0,0,0,0,0,0,0,0,0,0,0,0,0,255,255,198,86,226,255,0,0,0,0,0,0,0,0,0,0,0,0,0,0,0,0,0,0,0,0,0,0,170,86,0,0,29,255,86,0,0,0,0,0,0,0,0,0,0,0,0,0,0,0,0,0,0,0,0,0,0,0,0,0,0,226,198,0,0,0,0,0,0,0,0,0,0,0,0,0,0,0,0,0,0,0,0,0,0,0,0,0,86,226,170,0,0,0,0,0,0,0,0,0,0,0,0,0,0,0,0,0,57,170,0,0,0,86,141,226,255,255,29,0,0,0,0,0,0,0,0,0,0,0,0,0,0,0,0,0,198,255,255,255,255,255,255,255,198,29,0,0,0,0,0,0,0,0,0,0,0,0,0,0,0,0,0,0,114,226,255,255,198,170,114,0,0,0,0,0,0,0,0,0,0,0,0,0,0,0,0,0,0,0,0,0,0,0,0,0,0,0,0,0,0,0,0,0,0,0,0,0,0,0,0,0,0,0,0,0,0,0,0,0,0,0,0,0,0,0,0,0,0,0,0,0,0,0,0,0,0,0,0,0,0,0,0,0,0,0,0,0,0,0,0,0,0,0,0,0,0,0,0,0,0,0,0,0,0,0,0,0,0,0,0,0,0,0,0,0,0,0,0,0,0,0,0,0,0,0,0,0,0,0,0,0,0,0,0,0,0,0,0,0,0,0,0,0,0,0,0,0,0,0,0,0,0,0,0,0,0,0,0,0,0,0,0,0,0,0,0,0,0,0,0,0,0,0,0,0,0,0,0,0,0,0,0,0,0,0,0,0,0,0,0,0,0,0
1,0,0,0,0,0,0,0,0,0,0,0,0,0,0,0,0,0,0,0,0,0,0,0,0,0,0,0,0,0,0,0,0,0,0,0,0,0,0,0,0,0,0,0,0,0,0,0,0,0,0,0,0,0,0,0,0,0,0,0,0,0,0,0,0,0,0,0,0,0,0,0,0,0,0,0,0,0,0,0,0,0,0,0,0,0,0,0,0,0,0,0,0,0,0,0,0,0,0,0,0,0,0,0,0,0,0,0,0,0,0,0,0,0,0,0,0,0,0,0,0,0,0,0,0,0,0,0,26,239,245,95,0,0,0,0,0,0,0,0,0,0,0,0,0,0,0,0,0,0,0,0,0,0,0,0,125,254,254,142,0,0,0,0,0,0,0,0,0,0,0,0,0,0,0,0,0,0,0,0,0,0,0,0,126,254,254,88,0,0,0,0,0,0,0,0,0,0,0,0,0,0,0,0,0,0,0,0,0,0,0,0,178,254,226,3,0,0,0,0,0,0,0,0,0,0,0,0,0,0,0,0,0,0,0,0,0,0,0,63,252,254,143,0,0,0,0,0,0,0,0,0,0,0,0,0,0,0,0,0,0,0,0,0,0,0,0,130,254,254,118,0,0,0,0,0,0,0,0,0,0,0,0,0,0,0,0,0,0,0,0,0,0,0,0,130,254,254,52,0,0,0,0,0,0,0,0,0,0,0,0,0,0,0,0,0,0,0,0,0,0,0,0,206,254,206,6,0,0,0,0,0,0,0,0,0,0,0,0,0,0,0,0,0,0,0,0,0,0,0,58,249,254,133,0,0,0,0,0,0,0,0,0,0,0,0,0,0,0,0,0,0,0,0,0,0,0,0,134,254,254,133,0,0,0,0,0,0,0,0,0,0,0,0,0,0,0,0,0,0,0,0,0,0,0,0,206,254,249,55,0,0,0,0,0,0,0,0,0,0,0,0,0,0,0,0,0,0,0,0,0,0,0,25,237,254,145,0,0,0,0,0,0,0,0,0,0,0,0,0,0,0,0,0,0,0,0,0,0,0,0,92,254,254,129,0,0,0,0,0,0,0,0,0,0,0,0,0,0,0,0,0,0,0,0,0,0,0,0,177,254,254,121,0,0,0,0,0,0,0,0,0,0,0,0,0,0,0,0,0,0,0,0,0,0,0,0,225,254,251,39,0,0,0,0,0,0,0,0,0,0,0,0,0,0,0,0,0,0,0,0,0,0,0,43,247,254,176,0,0,0,0,0,0,0,0,0,0,0,0,0,0,0,0,0,0,0,0,0,0,0,0,61,254,254,161,7,0,0,0,0,0,0,0,0,0,0,0,0,0,0,0,0,0,0,0,0,0,0,0,143,255,254,254,158,0,0,0,0,0,0,0,0,0,0,0,0,0,0,0,0,0,0,0,0,0,0,0,143,255,254,252,98,0,0,0,0,0,0,0,0,0,0,0,0,0,0,0,0,0,0,0,0,0,0,0,65,244,209,53,0,0,0,0,0,0,0,0,0,0,0,0,0,0,0,0,0,0,0,0,0,0,0,0,0,0,0,0,0,0,0,0,0,0,0,0,0,0,0,0,0,0,0,0,0,0,0,0,0,0,0,0,0,0,0,0,0,0,0,0,0,0,0,0,0,0,0,0,0,0,0,0,0,0,0,0,0,0,0,0,0,0,0,0,0,0,0,0,0,0,0,0,0,0,0,0,0,0,0,0,0,0,0,0,0,0,0,0,0,0,0,0,0,0,0,0,0,0,0,0,0,0,0,0,0
1,0,0,0,0,0,0,0,0,0,0,0,0,0,0,0,0,0,0,0,0,0,0,0,0,0,0,0,0,0,0,0,0,0,0,0,0,0,0,0,0,0,0,0,0,0,0,0,0,0,0,0,0,0,0,0,0,0,0,0,0,0,0,0,0,0,0,0,0,0,0,0,0,0,0,0,0,0,0,0,0,0,0,0,0,0,0,0,0,0,0,0,0,0,0,0,0,0,0,0,0,0,0,0,0,0,0,0,0,0,0,0,0,0,0,0,0,0,0,0,0,0,0,0,0,0,0,215,205,0,0,0,0,0,0,0,0,0,0,0,0,0,0,0,0,0,0,0,0,0,0,0,0,0,19,232,253,37,0,0,0,0,0,0,0,0,0,0,0,0,0,0,0,0,0,0,0,0,0,0,0,0,40,253,253,79,0,0,0,0,0,0,0,0,0,0,0,0,0,0,0,0,0,0,0,0,0,0,0,0,40,253,253,6,0,0,0,0,0,0,0,0,0,0,0,0,0,0,0,0,0,0,0,0,0,0,0,0,40,254,254,0,0,0,0,0,0,0,0,0,0,0,0,0,0,0,0,0,0,0,0,0,0,0,0,0,40,253,253,37,0,0,0,0,0,0,0,0,0,0,0,0,0,0,0,0,0,0,0,0,0,0,0,0,58,253,253,30,0,0,0,0,0,0,0,0,0,0,0,0,0,0,0,0,0,0,0,0,0,0,0,0,118,253,253,30,0,0,0,0,0,0,0,0,0,0,0,0,0,0,0,0,0,0,0,0,0,0,0,0,172,254,254,0,0,0,0,0,0,0,0,0,0,0,0,0,0,0,0,0,0,0,0,0,0,0,0,0,195,253,253,0,0,0,0,0,0,0,0,0,0,0,0,0,0,0,0,0,0,0,0,0,0,0,0,5,208,253,253,0,0,0,0,0,0,0,0,0,0,0,0,0,0,0,0,0,0,0,0,0,0,0,0,20,253,253,181,0,0,0,0,0,0,0,0,0,0,0,0,0,0,0,0,0,0,0,0,0,0,0,0,128,254,254,98,0,0,0,0,0,0,0,0,0,0,0,0,0,0,0,0,0,0,0,0,0,0,0,0,175,253,253,97,0,0,0,0,0,0,0,0,0,0,0,0,0,0,0,0,0,0,0,0,0,0,0,0,218,253,239,27,0,0,0,0,0,0,0,0,0,0,0,0,0,0,0,0,0,0,0,0,0,0,0,25,254,253,194,0,0,0,0,0,0,0,0,0,0,0,0,0,0,0,0,0,0,0,0,0,0,0,0,109,255,254,135,0,0,0,0,0,0,0,0,0,0,0,0,0,0,0,0,0,0,0,0,0,0,0,0,156,254,253,39,0,0,0,0,0,0,0,0,0,0,0,0,0,0,0,0,0,0,0,0,0,0,0,0,138,254,220,6,0,0,0,0,0,0,0,0,0,0,0,0,0,0,0,0,0,0,0,0,0,0,0,0,30,230,94,0,0,0,0,0,0,0,0,0,0,0,0,0,0,0,0,0,0,0,0,0,0,0,0,0,0,0,0,0,0,0,0,0,0,0,0,0,0,0,0,0,0,0,0,0,0,0,0,0,0,0,0,0,0,0,0,0,0,0,0,0,0,0,0,0,0,0,0,0,0,0,0,0,0,0,0,0,0,0,0,0,0,0,0,0,0,0,0,0,0,0,0,0,0,0,0,0,0,0,0,0,0,0,0,0,0,0,0,0,0,0,0,0,0,0,0,0,0,0,0,0,0,0,0,0,0
3,0,0,0,0,0,0,0,0,0,0,0,0,0,0,0,0,0,0,0,0,0,0,0,0,0,0,0,0,0,0,0,0,0,0,0,0,0,0,0,0,0,0,0,0,0,0,0,0,0,0,0,0,0,0,0,0,0,0,0,0,0,0,0,0,0,0,0,0,0,0,0,0,0,0,0,0,0,0,0,0,0,0,0,0,0,0,0,0,0,0,0,0,0,0,0,0,0,0,0,0,0,0,0,0,0,0,0,0,0,0,0,0,0,0,0,0,0,0,0,0,0,0,0,0,0,0,0,0,0,0,0,0,0,0,0,0,0,0,0,0,0,0,0,0,0,0,0,112,136,136,136,211,255,163,136,29,1,0,0,0,0,0,0,0,0,0,0,0,0,0,0,0,0,0,116,235,253,253,253,253,253,253,253,253,94,0,0,0,0,0,0,0,0,0,0,0,0,0,0,0,0,0,189,253,231,87,82,82,110,200,220,253,249,72,0,0,0,0,0,0,0,0,0,0,0,0,0,0,0,0,82,182,51,0,0,0,0,0,24,203,253,138,0,0,0,0,0,0,0,0,0,0,0,0,0,0,0,0,0,0,0,0,0,0,0,0,0,113,253,182,0,0,0,0,0,0,0,0,0,0,0,0,0,0,0,0,0,0,0,0,0,0,0,0,40,227,253,106,0,0,0,0,0,0,0,0,0,0,0,0,0,0,0,0,0,0,0,0,0,0,0,0,98,253,253,104,0,0,0,0,0,0,0,0,0,0,0,0,0,0,0,0,0,0,0,0,0,4,107,142,236,253,219,0,0,0,0,0,0,0,0,0,0,0,0,0,0,0,0,0,0,0,0,0,0,117,253,253,253,253,44,0,0,0,0,0,0,0,0,0,0,0,0,0,0,0,0,0,0,0,0,0,0,132,253,253,253,253,250,109,21,0,0,0,0,0,0,0,0,0,0,0,0,0,0,0,0,0,0,0,0,10,86,176,176,210,253,253,179,0,0,0,0,0,0,0,0,0,0,0,0,0,0,0,0,0,0,0,0,0,0,0,0,18,205,253,246,104,0,0,0,0,0,0,0,0,0,0,0,0,0,0,0,0,0,0,0,0,0,0,0,0,18,206,253,188,0,0,0,0,0,0,0,0,0,0,0,0,0,0,0,0,0,0,0,0,0,0,0,0,0,148,253,188,0,0,0,0,0,0,0,0,0,0,0,0,0,0,0,0,0,0,0,0,0,0,0,0,0,148,253,188,0,0,0,0,0,0,0,0,0,0,0,0,0,0,0,0,0,0,0,0,0,0,0,0,3,167,253,166,0,0,0,0,0,0,0,0,0,0,0,0,0,0,0,0,0,0,0,0,0,0,0,0,128,253,241,52,0,0,0,0,0,0,0,0,0,0,0,0,0,0,0,0,74,138,84,70,20,84,84,135,252,205,84,0,0,0,0,0,0,0,0,0,0,0,0,0,0,0,0,0,81,249,253,248,227,253,253,253,249,64,0,0,0,0,0,0,0,0,0,0,0,0,0,0,0,0,0,0,0,16,28,135,162,217,135,135,19,0,0,0,0,0,0,0,0,0,0,0,0,0,0,0,0,0,0,0,0,0,0,0,0,0,0,0,0,0,0,0,0,0,0,0,0,0,0,0,0,0,0,0,0,0,0,0,0,0,0,0,0,0,0,0,0,0,0,0,0,0,0,0,0,0,0,0,0,0,0,0,0,0,0,0,0,0,0,0,0,0,0,0,0,0,0,0,0,0,0,0,0,0,0,0
3,0,0,0,0,0,0,0,0,0,0,0,0,0,0,0,0,0,0,0,0,0,0,0,0,0,0,0,0,0,0,0,0,0,0,0,0,0,0,0,0,0,0,0,0,0,0,0,0,0,0,0,0,0,0,0,0,0,0,0,0,0,0,0,0,0,0,0,0,0,0,0,0,0,0,0,0,0,0,0,0,0,0,0,0,0,0,0,0,0,0,0,0,0,0,0,0,0,0,0,0,0,0,0,0,0,0,0,0,0,0,0,0,0,0,0,0,0,0,0,0,0,0,0,0,0,0,0,0,0,0,0,0,0,0,0,0,0,0,0,0,0,0,0,0,0,0,0,0,0,0,0,0,0,0,0,0,0,0,0,0,0,0,0,0,0,0,0,0,0,0,0,0,0,0,0,0,0,0,0,0,0,0,0,32,8,0,0,0,0,0,0,0,0,0,0,0,0,0,0,0,0,0,0,0,0,0,0,0,0,0,153,232,121,109,174,109,109,37,0,0,0,0,0,0,0,0,0,0,0,0,0,0,0,0,0,0,66,182,248,253,253,188,163,162,175,248,84,0,0,0,0,0,0,0,0,0,0,0,0,0,0,0,0,19,254,255,192,46,0,0,0,0,24,234,189,0,0,0,0,0,0,0,0,0,0,0,0,0,0,51,145,237,233,115,8,0,0,0,0,0,172,253,117,0,0,0,0,0,0,0,0,0,0,0,0,0,89,250,247,171,23,0,0,0,0,0,24,140,248,179,11,0,0,0,0,0,0,0,0,0,0,0,0,0,203,163,46,0,0,0,0,0,2,84,234,242,112,12,0,0,0,0,0,0,0,0,0,0,0,0,0,0,0,0,0,0,33,92,91,168,186,253,228,37,0,0,0,0,0,0,0,0,0,0,0,0,0,0,0,0,0,0,0,71,254,255,254,254,254,254,255,166,0,0,0,0,0,0,0,0,0,0,0,0,0,0,0,0,0,0,21,230,253,254,221,121,69,18,85,249,66,0,0,0,0,0,0,0,0,0,0,0,0,0,0,0,0,0,6,178,216,159,22,0,0,27,131,245,96,0,0,0,0,0,0,0,0,0,0,0,4,16,0,0,0,0,0,0,7,77,109,109,180,238,254,153,0,0,0,0,0,0,0,0,0,0,0,85,196,229,85,33,59,175,181,181,174,221,253,253,253,188,136,5,0,0,0,0,0,0,0,0,0,0,0,189,254,254,254,254,222,254,254,248,52,0,85,13,0,0,0,0,0,0,0,0,0,0,0,0,0,0,0,44,191,253,253,233,199,115,30,17,0,0,0,0,0,0,0,0,0,0,0,0,0,0,0,0,0,0,0,0,21,36,36,23,0,0,0,0,0,0,0,0,0,0,0,0,0,0,0,0,0,0,0,0,0,0,0,0,0,0,0,0,0,0,0,0,0,0,0,0,0,0,0,0,0,0,0,0,0,0,0,0,0,0,0,0,0,0,0,0,0,0,0,0,0,0,0,0,0,0,0,0,0,0,0,0,0,0,0,0,0,0,0,0,0,0,0,0,0,0,0,0,0,0,0,0,0,0,0,0,0,0,0,0,0,0,0,0,0,0,0,0,0,0,0,0,0,0,0,0,0,0,0,0,0,0,0,0,0,0,0,0,0,0,0,0,0,0,0,0,0,0,0,0,0,0,0,0,0,0,0,0,0,0,0,0,0,0,0,0,0,0,0,0,0,0,0,0,0,0,0,0,0,0,0,0,0,0,0,0,0,0,0,0,0,0,0,0,0,0,0,0
9,0,0,0,0,0,0,0,0,0,0,0,0,0,0,0,0,0,0,0,0,0,0,0,0,0,0,0,0,0,0,0,0,0,0,0,0,0,0,0,0,0,0,0,0,0,0,0,0,0,0,0,0,0,0,0,0,0,0,0,0,0,0,0,0,0,0,0,0,0,0,0,0,0,0,0,0,0,0,0,0,0,0,0,0,0,0,0,0,0,0,0,0,0,0,0,0,0,0,0,0,0,0,0,0,0,0,0,0,0,0,0,0,0,0,0,0,0,0,0,0,0,0,0,0,0,0,0,0,0,0,0,0,0,0,0,0,0,0,0,0,0,0,0,0,0,0,0,0,0,0,0,0,0,0,0,0,0,0,0,0,0,0,0,0,0,0,0,0,0,0,0,0,0,0,0,0,0,2,31,96,170,126,115,56,12,40,230,199,3,0,0,0,0,0,0,0,0,0,0,0,0,0,0,10,92,198,253,253,253,254,253,253,237,249,254,253,47,0,0,0,0,0,0,0,0,0,0,0,0,0,27,186,254,253,214,136,77,72,107,191,217,238,254,253,112,0,0,0,0,0,0,0,0,0,0,0,0,12,195,253,230,71,6,0,0,0,0,0,8,91,254,253,207,8,0,0,0,0,0,0,0,0,0,0,0,123,253,178,35,0,0,0,0,0,0,0,0,80,254,253,238,22,0,0,0,0,0,0,0,0,0,0,0,207,254,95,0,0,0,0,0,0,0,0,0,0,255,254,127,0,0,0,0,0,0,0,0,0,0,0,14,227,253,35,0,0,0,0,0,0,0,0,0,0,254,253,127,0,0,0,0,0,0,0,0,0,0,0,22,238,233,11,0,0,0,0,0,0,0,0,0,0,254,253,127,0,0,0,0,0,0,0,0,0,0,0,24,241,253,16,0,0,0,0,0,0,0,0,0,20,254,253,57,0,0,0,0,0,0,0,0,0,0,0,0,206,253,65,0,0,0,0,0,0,0,0,0,105,254,253,47,0,0,0,0,0,0,0,0,0,0,0,0,152,254,154,5,0,0,0,0,0,0,0,24,219,255,254,48,0,0,0,0,0,0,0,0,0,0,0,0,32,220,253,127,28,0,0,0,0,4,72,196,253,254,229,12,0,0,0,0,0,0,0,0,0,0,0,0,0,47,230,254,247,141,128,103,132,212,253,253,148,254,221,0,0,0,0,0,0,0,0,0,0,0,0,0,0,0,70,169,253,253,253,253,254,253,206,66,82,254,221,0,0,0,0,0,0,0,0,0,0,0,0,0,0,0,0,1,16,80,95,120,120,85,8,0,80,254,221,0,0,0,0,0,0,0,0,0,0,0,0,0,0,0,0,0,0,0,0,0,0,0,0,0,80,255,142,0,0,0,0,0,0,0,0,0,0,0,0,0,0,0,0,0,0,0,0,0,0,0,0,0,80,254,142,0,0,0,0,0,0,0,0,0,0,0,0,0,0,0,0,0,0,0,0,0,0,0,0,0,80,254,142,0,0,0,0,0,0,0,0,0,0,0,0,0,0,0,0,0,0,0,0,0,0,0,0,0,80,254,142,0,0,0,0,0,0,0,0,0,0,0,0,0,0,0,0,0,0,0,0,0,0,0,0,0,80,254,142,0,0,0,0,0,0,0,0,0,0,0,0,0,0,0,0,0,0,0,0,0,0,0,0,0,0,0,0,0,0,0,0,0,0,0,0,0,0,0,0,0,0,0,0,0,0,0,0,0,0,0,0,0,0,0,0,0,0,0,0,0,0,0,0
1,0,0,0,0,0,0,0,0,0,0,0,0,0,0,0,0,0,0,0,0,0,0,0,0,0,0,0,0,0,0,0,0,0,0,0,0,0,0,0,0,0,0,0,0,0,0,0,0,0,0,0,0,0,0,0,0,0,0,0,0,0,0,0,0,0,0,0,0,0,0,0,0,0,0,0,0,0,0,0,0,0,0,0,0,0,0,0,0,0,0,0,0,0,0,0,0,0,0,0,0,0,0,0,0,0,0,0,0,0,0,0,0,0,0,0,0,0,0,0,0,0,0,92,193,29,0,0,0,0,0,0,0,0,0,0,0,0,0,0,0,0,0,0,0,0,0,0,0,0,0,158,254,208,0,0,0,0,0,0,0,0,0,0,0,0,0,0,0,0,0,0,0,0,0,0,0,0,0,110,254,238,0,0,0,0,0,0,0,0,0,0,0,0,0,0,0,0,0,0,0,0,0,0,0,0,0,41,244,241,16,0,0,0,0,0,0,0,0,0,0,0,0,0,0,0,0,0,0,0,0,0,0,0,0,0,161,254,190,18,0,0,0,0,0,0,0,0,0,0,0,0,0,0,0,0,0,0,0,0,0,0,0,0,88,254,254,54,0,0,0,0,0,0,0,0,0,0,0,0,0,0,0,0,0,0,0,0,0,0,0,0,34,221,254,138,3,0,0,0,0,0,0,0,0,0,0,0,0,0,0,0,0,0,0,0,0,0,0,0,0,89,254,254,16,0,0,0,0,0,0,0,0,0,0,0,0,0,0,0,0,0,0,0,0,0,0,0,0,17,254,254,116,0,0,0,0,0,0,0,0,0,0,0,0,0,0,0,0,0,0,0,0,0,0,0,0,6,196,254,125,0,0,0,0,0,0,0,0,0,0,0,0,0,0,0,0,0,0,0,0,0,0,0,0,0,78,254,218,32,0,0,0,0,0,0,0,0,0,0,0,0,0,0,0,0,0,0,0,0,0,0,0,0,55,254,254,87,0,0,0,0,0,0,0,0,0,0,0,0,0,0,0,0,0,0,0,0,0,0,0,0,19,219,254,87,0,0,0,0,0,0,0,0,0,0,0,0,0,0,0,0,0,0,0,0,0,0,0,0,0,201,254,174,0,0,0,0,0,0,0,0,0,0,0,0,0,0,0,0,0,0,0,0,0,0,0,0,0,201,254,195,0,0,0,0,0,0,0,0,0,0,0,0,0,0,0,0,0,0,0,0,0,0,0,0,0,201,255,195,0,0,0,0,0,0,0,0,0,0,0,0,0,0,0,0,0,0,0,0,0,0,0,0,0,72,248,245,40,0,0,0,0,0,0,0,0,0,0,0,0,0,0,0,0,0,0,0,0,0,0,0,0,2,240,254,48,0,0,0,0,0,0,0,0,0,0,0,0,0,0,0,0,0,0,0,0,0,0,0,0,0,209,254,79,0,0,0,0,0,0,0,0,0,0,0,0,0,0,0,0,0,0,0,0,0,0,0,0,0,85,254,111,0,0,0,0,0,0,0,0,0,0,0,0,0,0,0,0,0,0,0,0,0,0,0,0,0,0,0,0,0,0,0,0,0,0,0,0,0,0,0,0,0,0,0,0,0,0,0,0,0,0,0,0,0,0,0,0,0,0,0,0,0,0,0,0,0,0,0,0,0,0,0,0,0,0,0,0,0,0,0,0,0,0,0,0,0,0,0,0,0,0,0,0,0,0,0,0,0,0,0,0,0,0,0,0,0,0,0,0,0,0,0,0,0,0,0,0,0,0,0,0,0,0
8,0,0,0,0,0,0,0,0,0,0,0,0,0,0,0,0,0,0,0,0,0,0,0,0,0,0,0,0,0,0,0,0,0,0,0,0,0,0,0,0,0,0,0,0,0,0,0,0,0,0,0,0,0,0,0,0,0,0,0,0,0,0,0,0,0,0,0,0,0,0,0,0,0,0,0,0,0,0,0,0,0,0,0,0,0,0,0,0,0,0,0,0,0,0,0,0,0,0,0,0,0,0,0,0,0,0,0,0,0,0,0,0,0,0,0,0,0,0,0,0,0,0,0,0,0,0,0,0,0,0,0,0,0,0,0,0,0,0,0,0,0,0,0,0,0,0,0,0,0,0,0,0,0,0,0,0,0,0,0,0,0,0,0,0,0,0,0,0,0,0,0,0,0,0,0,0,0,0,76,212,253,253,253,255,232,86,233,253,255,253,253,253,201,0,0,0,0,0,0,0,0,0,0,0,0,0,138,252,200,252,252,253,252,252,252,252,253,252,240,164,92,0,0,0,0,0,0,0,0,0,0,0,0,0,170,252,252,252,252,253,252,252,252,252,253,252,202,13,0,0,0,0,0,0,0,0,0,0,0,0,0,43,253,252,227,194,157,46,177,252,252,168,211,252,252,45,0,0,0,0,0,0,0,0,0,0,0,0,0,116,253,252,79,51,22,0,15,22,22,2,138,252,252,45,0,0,0,0,0,0,0,0,0,0,0,0,0,116,255,232,38,0,0,0,0,0,0,74,202,253,215,21,0,0,0,0,0,0,0,0,0,0,0,0,0,42,253,252,90,0,0,0,0,13,89,244,253,244,98,0,0,0,0,0,0,0,0,0,0,0,0,0,0,0,137,252,234,33,0,0,45,172,252,252,253,123,0,0,0,0,0,0,0,0,0,0,0,0,0,0,0,0,13,211,252,181,53,155,236,252,252,252,150,17,0,0,0,0,0,0,0,0,0,0,0,0,0,0,0,0,3,117,252,244,240,253,252,252,252,42,0,0,0,0,0,0,0,0,0,0,0,0,0,0,0,0,0,11,149,253,253,253,253,255,228,84,0,0,0,0,0,0,0,0,0,0,0,0,0,0,0,0,0,13,140,203,253,252,252,252,252,253,153,0,0,0,0,0,0,0,0,0,0,0,0,0,0,0,0,7,91,203,252,252,247,183,100,135,252,253,153,0,0,0,0,0,0,0,0,0,0,0,0,0,0,0,0,66,252,252,252,210,42,0,0,17,192,253,206,0,0,0,0,0,0,0,0,0,0,0,0,0,0,0,0,138,252,252,168,12,0,0,0,0,63,253,248,115,0,0,0,0,0,0,0,0,0,0,0,0,0,0,0,191,253,253,159,34,0,0,0,9,181,255,249,63,0,0,0,0,0,0,0,0,0,0,0,0,0,0,0,114,236,252,252,252,151,47,47,122,252,253,132,0,0,0,0,0,0,0,0,0,0,0,0,0,0,0,0,0,65,202,252,252,253,252,252,252,252,247,67,0,0,0,0,0,0,0,0,0,0,0,0,0,0,0,0,0,0,13,139,244,253,252,252,252,252,94,0,0,0,0,0,0,0,0,0,0,0,0,0,0,0,0,0,0,0,0,0,73,148,252,168,137,32,0,0,0,0,0,0,0,0,0,0,0,0,0,0,0,0,0,0,0,0,0,0,0,0,0,0,0,0,0,0,0,0,0,0,0,0,0,0,0,0,0,0,0,0,0,0,0,0,0,0,0,0,0,0,0,0,0,0,0,0,0,0,0,0,0,0,0,0,0
9,0,0,0,0,0,0,0,0,0,0,0,0,0,0,0,0,0,0,0,0,0,0,0,0,0,0,0,0,0,0,0,0,0,0,0,0,0,0,0,0,0,0,0,0,0,0,0,0,0,0,0,0,0,0,0,0,0,0,0,0,0,0,0,0,0,0,0,0,0,0,0,0,0,0,0,0,0,0,0,0,0,0,0,0,0,0,0,0,0,0,0,0,0,0,0,0,0,0,0,0,0,0,0,0,0,0,0,0,0,0,0,0,0,0,0,0,0,0,0,0,0,0,0,0,0,0,0,0,0,0,0,0,0,0,0,0,0,0,0,0,0,0,0,0,0,0,0,0,0,0,0,0,0,0,0,0,0,0,0,0,0,0,0,0,0,0,0,0,0,0,0,0,0,0,0,0,0,0,0,0,0,0,0,0,0,0,0,0,0,0,0,0,0,0,0,0,0,0,0,0,0,0,0,0,0,0,0,0,32,102,185,254,254,191,61,0,0,0,0,0,0,0,0,0,0,0,0,0,0,0,0,0,0,0,0,79,226,254,254,254,254,254,231,25,0,0,0,0,0,0,0,0,0,0,0,0,0,0,0,0,0,0,74,228,254,254,254,249,251,254,254,201,31,0,0,0,0,0,0,0,0,0,0,0,0,0,0,0,0,69,229,254,254,225,120,66,235,254,254,254,75,0,0,0,0,0,0,0,0,0,0,0,0,0,0,0,44,233,254,254,123,12,0,91,254,254,254,254,178,2,0,0,0,0,0,0,0,0,0,0,0,0,0,0,218,254,254,89,7,0,0,132,254,254,254,254,177,2,0,0,0,0,0,0,0,0,0,0,0,0,0,85,248,247,103,3,0,0,54,208,254,254,254,247,50,0,0,0,0,0,0,0,0,0,0,0,0,0,10,251,254,88,0,0,95,221,251,254,254,254,254,88,0,0,0,0,0,0,0,0,0,0,0,0,0,0,10,254,254,146,123,214,248,254,254,254,254,254,213,7,0,0,0,0,0,0,0,0,0,0,0,0,0,0,6,222,254,254,254,254,254,218,66,94,254,254,171,0,0,0,0,0,0,0,0,0,0,0,0,0,0,0,0,57,250,254,254,215,143,60,0,63,254,254,19,0,0,0,0,0,0,0,0,0,0,0,0,0,0,0,0,0,79,122,56,12,0,0,0,146,254,214,9,0,0,0,0,0,0,0,0,0,0,0,0,0,0,0,0,0,0,0,0,0,0,0,52,248,254,105,0,0,0,0,0,0,0,0,0,0,0,0,0,0,0,0,0,0,0,0,0,0,0,0,95,254,251,60,0,0,0,0,0,0,0,0,0,0,0,0,0,0,0,0,0,0,0,0,0,0,0,18,248,254,191,0,0,0,0,0,0,0,0,0,0,0,0,0,0,0,0,0,0,0,0,0,0,0,0,95,254,251,69,0,0,0,0,0,0,0,0,0,0,0,0,0,0,0,0,0,0,0,0,0,0,0,0,127,255,216,0,0,0,0,0,0,0,0,0,0,0,0,0,0,0,0,0,0,0,0,0,0,0,0,38,227,254,104,0,0,0,0,0,0,0,0,0,0,0,0,0,0,0,0,0,0,0,0,0,0,0,0,133,254,198,4,0,0,0,0,0,0,0,0,0,0,0,0,0,0,0,0,0,0,0,0,0,0,0,0,217,254,188,0,0,0,0,0,0,0,0,0,0,0,0,0,0,0,0,0,0,0,0,0,0,0,0,0,0,0,0,0,0,0,0,0,0,0,0,0,0,0,0,0
3,0,0,0,0,0,0,0,0,0,0,0,0,0,0,0,0,0,0,0,0,0,0,0,0,0,0,0,0,0,0,0,0,0,0,0,0,0,0,0,0,0,0,0,0,0,0,0,0,0,0,0,0,0,0,0,0,0,0,0,0,0,0,0,0,0,0,0,0,0,0,0,0,0,0,0,0,0,0,0,0,0,0,0,0,0,0,0,0,0,0,0,0,0,0,0,0,0,0,0,0,0,0,0,0,0,0,0,0,0,0,0,0,0,0,0,0,0,0,0,0,0,17,8,39,39,85,125,147,219,214,147,63,0,0,0,0,0,0,0,0,0,0,0,0,0,0,0,46,157,215,198,254,254,254,254,254,254,254,254,237,31,0,0,0,0,0,0,0,0,0,0,0,0,0,3,198,254,254,253,212,140,140,140,85,85,254,254,254,43,0,0,0,0,0,0,0,0,0,0,0,0,0,5,211,211,114,83,0,0,0,0,4,139,254,254,197,18,0,0,0,0,0,0,0,0,0,0,0,0,0,0,0,0,0,0,0,0,0,0,138,254,254,234,21,0,0,0,0,0,0,0,0,0,0,0,0,0,0,0,0,0,0,0,0,0,3,51,246,254,208,28,0,0,0,0,0,0,0,0,0,0,0,0,0,0,0,0,0,0,0,0,0,25,139,254,254,222,81,0,0,0,0,0,0,0,0,0,0,0,0,0,0,0,0,0,0,0,0,17,88,216,254,254,254,143,17,0,0,0,0,0,0,0,0,0,0,0,0,0,0,0,0,0,0,6,165,238,254,254,254,254,254,254,238,129,51,3,0,0,0,0,0,0,0,0,0,0,0,0,0,0,0,82,254,254,254,251,200,115,92,118,200,159,254,178,50,0,0,0,0,0,0,0,0,0,0,0,0,0,0,18,59,162,79,50,0,0,0,0,0,6,82,199,248,145,0,0,0,0,0,0,0,0,0,0,0,0,0,0,0,0,0,0,0,0,0,0,0,0,0,7,241,250,193,0,0,0,0,0,0,0,0,0,0,0,0,0,0,0,0,0,0,0,0,0,0,0,0,0,141,254,254,0,0,0,0,0,0,0,0,0,0,0,0,0,0,0,0,0,0,0,0,0,0,0,0,0,183,254,254,0,0,0,0,0,0,0,0,0,0,0,0,0,0,0,0,0,0,0,0,0,0,3,56,227,254,254,138,0,0,0,0,0,0,0,0,38,66,9,0,0,0,0,0,0,0,0,0,0,96,182,255,254,254,178,12,0,0,0,0,0,0,0,0,193,254,217,193,104,11,0,0,0,23,104,113,165,247,254,254,212,91,13,0,0,0,0,0,0,0,0,0,82,246,254,254,254,251,183,188,195,251,254,254,254,242,210,86,3,0,0,0,0,0,0,0,0,0,0,0,0,55,170,226,254,254,254,254,254,254,229,184,158,47,0,0,0,0,0,0,0,0,0,0,0,0,0,0,0,0,0,23,38,42,146,146,93,38,24,0,0,0,0,0,0,0,0,0,0,0,0,0,0,0,0,0,0,0,0,0,0,0,0,0,0,0,0,0,0,0,0,0,0,0,0,0,0,0,0,0,0,0,0,0,0,0,0,0,0,0,0,0,0,0,0,0,0,0,0,0,0,0,0,0,0,0,0,0,0,0,0,0,0,0,0,0,0,0,0,0,0,0,0,0,0,0,0,0,0,0,0,0,0,0,0,0,0,0,0,0,0,0,0,0,0,0,0,0,0,0,0,0,0,0,0,0,0,0,0,0,0,0,0,0
4,0,0,0,0,0,0,0,0,0,0,0,0,0,0,0,0,0,0,0,0,0,0,0,0,0,0,0,0,0,0,0,0,0,0,0,0,0,0,0,0,0,0,0,0,0,0,0,0,0,0,0,0,0,0,0,0,0,0,0,0,0,0,0,0,0,0,0,0,0,0,0,0,0,0,0,0,0,0,0,0,0,0,0,0,0,0,0,0,0,0,0,0,0,0,0,0,0,0,0,0,0,0,0,0,0,0,0,0,0,0,0,0,0,0,0,0,0,0,0,0,0,0,0,0,0,0,0,0,128,247,73,0,0,0,0,0,0,0,0,0,0,0,0,0,0,0,0,0,0,0,0,0,0,0,0,0,128,253,162,0,0,0,0,0,0,0,0,0,0,0,0,0,0,0,0,0,0,0,0,0,0,0,0,0,192,253,162,0,0,0,0,0,0,0,0,0,0,0,0,0,0,0,0,0,0,141,8,0,0,0,0,0,166,253,124,0,0,0,0,0,0,0,0,0,0,0,0,0,0,0,0,0,0,254,115,0,0,0,0,0,217,253,72,0,0,0,0,0,0,0,0,0,0,0,0,0,0,0,0,0,0,255,199,0,0,0,0,0,218,235,0,0,0,0,0,0,0,0,0,0,0,0,0,0,0,0,0,0,0,254,198,0,0,0,0,12,225,182,0,0,0,0,0,0,0,0,0,0,0,0,0,0,0,0,0,0,0,254,198,0,0,0,0,55,253,144,0,0,0,0,0,0,0,0,0,0,0,0,0,0,0,0,0,0,40,254,89,0,0,0,0,55,253,144,0,0,0,0,0,0,0,0,0,0,0,0,0,0,0,0,0,0,91,254,50,0,0,0,0,120,253,144,0,0,0,0,0,0,0,0,0,0,0,0,0,0,0,0,0,0,149,255,50,0,0,0,0,145,254,144,0,0,0,0,0,0,0,0,0,0,0,0,0,0,0,0,0,11,222,254,68,8,0,0,0,145,253,103,35,0,0,0,0,0,0,0,0,0,0,0,0,0,0,0,0,10,217,254,253,222,217,185,160,231,253,253,240,124,0,0,0,0,0,0,0,0,0,0,0,0,0,0,0,0,71,203,235,235,249,246,242,251,253,238,144,71,0,0,0,0,0,0,0,0,0,0,0,0,0,0,0,0,0,0,0,0,57,46,26,170,253,144,0,0,0,0,0,0,0,0,0,0,0,0,0,0,0,0,0,0,0,0,0,0,0,0,0,145,254,144,0,0,0,0,0,0,0,0,0,0,0,0,0,0,0,0,0,0,0,0,0,0,0,0,0,145,253,167,16,0,0,0,0,0,0,0,0,0,0,0,0,0,0,0,0,0,0,0,0,0,0,0,0,145,253,244,36,0,0,0,0,0,0,0,0,0,0,0,0,0,0,0,0,0,0,0,0,0,0,0,0,145,253,202,0,0,0,0,0,0,0,0,0,0,0,0,0,0,0,0,0,0,0,0,0,0,0,0,0,61,240,202,0,0,0,0,0,0,0,0,0,0,0,0,0,0,0,0,0,0,0,0,0,0,0,0,0,0,0,0,0,0,0,0,0,0,0,0,0,0,0,0,0,0,0,0,0,0,0,0,0,0,0,0,0,0,0,0,0,0,0,0,0,0,0,0,0,0,0,0,0,0,0,0,0,0,0,0,0,0,0,0,0,0,0,0,0,0,0,0,0,0,0,0,0,0,0,0,0,0,0,0,0,0,0,0,0,0,0,0,0,0,0,0,0,0,0,0,0,0,0,0,0,0
1,0,0,0,0,0,0,0,0,0,0,0,0,0,0,0,0,0,0,0,0,0,0,0,0,0,0,0,0,0,0,0,0,0,0,0,0,0,0,0,0,0,0,0,0,0,0,0,0,0,0,0,0,0,0,0,0,0,0,0,0,0,0,0,0,0,0,0,0,0,0,0,0,0,0,0,0,0,0,0,0,0,0,0,0,0,0,0,0,0,0,0,0,0,0,0,0,0,0,0,0,0,0,0,0,0,0,0,0,0,0,0,0,0,0,0,0,0,0,0,0,0,0,0,0,0,0,0,0,0,0,0,63,255,168,0,0,0,0,0,0,0,0,0,0,0,0,0,0,0,0,0,0,0,0,0,0,0,19,178,240,253,167,0,0,0,0,0,0,0,0,0,0,0,0,0,0,0,0,0,0,0,0,0,0,19,178,252,252,253,136,0,0,0,0,0,0,0,0,0,0,0,0,0,0,0,0,0,0,0,0,0,0,101,252,252,252,162,9,0,0,0,0,0,0,0,0,0,0,0,0,0,0,0,0,0,0,0,0,0,63,240,252,252,252,0,0,0,0,0,0,0,0,0,0,0,0,0,0,0,0,0,0,0,0,0,0,0,255,253,253,240,63,0,0,0,0,0,0,0,0,0,0,0,0,0,0,0,0,0,0,0,0,0,10,163,253,252,252,99,0,0,0,0,0,0,0,0,0,0,0,0,0,0,0,0,0,0,0,0,0,0,138,252,253,252,208,19,0,0,0,0,0,0,0,0,0,0,0,0,0,0,0,0,0,0,0,0,0,54,224,252,253,195,65,0,0,0,0,0,0,0,0,0,0,0,0,0,0,0,0,0,0,0,0,0,0,197,252,252,253,167,0,0,0,0,0,0,0,0,0,0,0,0,0,0,0,0,0,0,0,0,0,0,86,253,253,253,255,106,0,0,0,0,0,0,0,0,0,0,0,0,0,0,0,0,0,0,0,0,0,0,210,252,252,252,215,18,0,0,0,0,0,0,0,0,0,0,0,0,0,0,0,0,0,0,0,0,0,26,231,252,252,252,31,0,0,0,0,0,0,0,0,0,0,0,0,0,0,0,0,0,0,0,0,0,0,207,252,252,252,252,0,0,0,0,0,0,0,0,0,0,0,0,0,0,0,0,0,0,0,0,0,0,0,253,252,252,252,173,0,0,0,0,0,0,0,0,0,0,0,0,0,0,0,0,0,0,0,0,0,0,63,255,253,253,240,63,0,0,0,0,0,0,0,0,0,0,0,0,0,0,0,0,0,0,0,0,0,73,240,253,252,252,99,0,0,0,0,0,0,0,0,0,0,0,0,0,0,0,0,0,0,0,0,0,0,169,252,253,252,239,65,0,0,0,0,0,0,0,0,0,0,0,0,0,0,0,0,0,0,0,0,0,0,169,252,253,242,96,0,0,0,0,0,0,0,0,0,0,0,0,0,0,0,0,0,0,0,0,0,0,0,169,252,253,167,0,0,0,0,0,0,0,0,0,0,0,0,0,0,0,0,0,0,0,0,0,0,0,0,0,0,0,0,0,0,0,0,0,0,0,0,0,0,0,0,0,0,0,0,0,0,0,0,0,0,0,0,0,0,0,0,0,0,0,0,0,0,0,0,0,0,0,0,0,0,0,0,0,0,0,0,0,0,0,0,0,0,0,0,0,0,0,0,0,0,0,0,0,0,0,0,0,0,0,0,0,0,0,0,0,0,0,0,0,0,0,0,0,0,0,0,0,0,0,0,0,0,0,0,0,0,0,0
0,0,0,0,0,0,0,0,0,0,0,0,0,0,0,0,0,0,0,0,0,0,0,0,0,0,0,0,0,0,0,0,0,0,0,0,0,0,0,0,0,0,0,0,0,0,0,0,0,0,0,0,0,0,0,0,0,0,0,0,0,0,0,0,0,0,0,0,0,0,0,0,0,0,0,0,0,0,0,0,0,0,0,0,0,0,0,0,0,0,0,0,0,0,0,0,0,0,0,0,0,0,0,0,0,0,0,0,0,0,0,0,0,0,0,0,0,0,0,0,0,0,0,0,0,0,0,0,34,212,253,117,3,0,0,0,0,0,0,0,0,0,0,0,0,0,0,0,0,0,0,0,0,0,17,99,253,252,252,252,169,22,0,0,0,0,0,0,0,0,0,0,0,0,0,0,0,0,0,0,0,19,188,252,247,110,171,195,246,153,25,0,0,0,0,0,0,0,0,0,0,0,0,0,0,0,0,0,0,164,252,252,42,0,13,9,188,253,92,0,0,0,0,0,0,0,0,0,0,0,0,0,0,0,0,0,43,246,210,85,0,0,0,0,63,253,196,0,0,0,0,0,0,0,0,0,0,0,0,0,0,0,0,13,212,253,150,0,0,0,0,0,0,255,207,0,0,0,0,0,0,0,0,0,0,0,0,0,0,0,0,118,252,134,17,0,0,0,0,0,0,253,206,0,0,0,0,0,0,0,0,0,0,0,0,0,0,0,85,253,252,69,0,0,0,0,0,0,0,253,174,0,0,0,0,0,0,0,0,0,0,0,0,0,0,0,116,245,139,13,0,0,0,0,0,0,0,253,92,0,0,0,0,0,0,0,0,0,0,0,0,0,0,0,220,230,0,0,0,0,0,0,0,0,106,253,92,0,0,0,0,0,0,0,0,0,0,0,0,0,0,104,253,231,0,0,0,0,0,0,0,0,127,252,84,0,0,0,0,0,0,0,0,0,0,0,0,0,0,207,252,157,0,0,0,0,0,0,0,0,230,157,0,0,0,0,0,0,0,0,0,0,0,0,0,0,0,207,252,116,0,0,0,0,0,0,0,26,236,116,0,0,0,0,0,0,0,0,0,0,0,0,0,0,0,207,252,116,0,0,0,0,0,0,26,203,210,21,0,0,0,0,0,0,0,0,0,0,0,0,0,0,32,228,252,11,0,0,0,0,0,22,205,252,32,0,0,0,0,0,0,0,0,0,0,0,0,0,0,0,32,229,253,0,0,0,0,0,13,170,247,135,11,0,0,0,0,0,0,0,0,0,0,0,0,0,0,0,0,207,252,22,0,0,17,47,212,244,98,0,0,0,0,0,0,0,0,0,0,0,0,0,0,0,0,0,0,207,252,153,70,101,209,252,247,98,0,0,0,0,0,0,0,0,0,0,0,0,0,0,0,0,0,0,0,80,244,253,252,252,252,168,42,0,0,0,0,0,0,0,0,0,0,0,0,0,0,0,0,0,0,0,0,0,73,148,252,168,43,2,0,0,0,0,0,0,0,0,0,0,0,0,0,0,0,0,0,0,0,0,0,0,0,0,0,0,0,0,0,0,0,0,0,0,0,0,0,0,0,0,0,0,0,0,0,0,0,0,0,0,0,0,0,0,0,0,0,0,0,0,0,0,0,0,0,0,0,0,0,0,0,0,0,0,0,0,0,0,0,0,0,0,0,0,0,0,0,0,0,0,0,0,0,0,0,0,0,0,0,0,0,0,0,0,0,0,0,0,0,0,0,0,0,0,0,0,0,0,0,0,0,0,0,0,0
2,0,0,0,0,0,0,0,0,0,0,0,0,0,0,0,0,0,0,0,0,0,0,0,0,0,0,0,0,0,0,0,0,0,0,0,0,0,0,0,0,0,0,0,0,0,0,0,0,0,0,0,0,0,0,0,0,0,0,0,0,0,0,0,0,0,0,0,0,0,0,0,0,0,0,0,0,0,0,0,0,0,0,0,0,0,0,0,0,0,0,0,0,0,0,0,0,0,0,0,0,0,0,0,0,0,0,0,0,0,0,0,0,0,0,0,0,0,0,0,0,0,0,0,0,255,255,255,64,0,0,0,0,0,0,0,0,0,0,0,0,0,0,0,0,0,0,0,0,0,0,64,191,255,255,255,255,0,0,0,0,0,0,0,0,0,0,0,0,0,0,0,0,0,0,0,0,0,0,191,255,255,255,255,255,128,0,0,0,0,0,0,0,0,0,0,0,0,0,0,0,0,0,0,0,0,128,255,255,128,128,255,255,128,0,0,0,0,0,0,0,0,0,0,0,0,0,0,0,0,0,0,0,0,255,255,255,0,64,255,255,128,0,0,0,0,0,0,0,0,0,0,0,0,0,0,0,0,0,0,0,0,255,255,255,0,128,255,255,128,0,0,0,0,0,0,0,0,0,0,0,0,0,0,0,0,0,0,0,0,255,255,255,0,128,255,255,128,0,0,0,0,0,0,0,0,0,0,0,0,0,0,0,0,0,0,0,0,255,255,255,0,128,255,255,64,0,0,0,0,0,0,0,0,0,0,0,0,0,0,0,0,0,0,0,0,255,255,255,128,128,255,255,0,0,0,0,0,0,0,0,0,0,0,0,0,0,0,0,0,0,0,0,0,128,255,255,128,255,255,255,0,0,0,0,0,0,0,0,0,0,0,0,0,0,0,0,0,0,0,0,0,0,64,255,0,255,255,128,0,0,0,0,0,0,0,0,0,0,0,0,0,0,0,0,0,0,0,0,0,0,0,0,0,255,255,0,0,0,0,0,0,0,0,0,0,0,0,0,0,0,0,0,0,0,0,0,0,0,0,0,191,255,255,0,0,0,0,0,0,0,0,0,0,0,0,0,0,0,0,0,0,0,0,0,0,0,0,64,255,255,128,0,0,0,0,0,0,0,0,0,0,0,0,0,0,0,0,0,0,0,0,0,0,0,0,255,255,255,0,0,0,0,128,191,255,255,255,255,191,0,0,0,0,0,0,0,0,0,0,0,0,0,128,255,255,191,64,128,255,255,255,255,255,255,255,255,191,0,0,0,0,0,0,0,0,0,0,0,0,0,255,255,255,255,255,255,255,255,255,191,128,128,64,0,0,0,0,0,0,0,0,0,0,0,0,0,0,191,255,255,255,255,255,255,191,128,0,0,0,0,0,0,0,0,0,0,0,0,0,0,0,0,0,0,0,255,255,255,255,255,128,0,0,0,0,0,0,0,0,0,0,0,0,0,0,0,0,0,0,0,0,0,0,255,255,191,128,0,0,0,0,0,0,0,0,0,0,0,0,0,0,0,0,0,0,0,0,0,0,0,0,0,0,0,0,0,0,0,0,0,0,0,0,0,0,0,0,0,0,0,0,0,0,0,0,0,0,0,0,0,0,0,0,0,0,0,0,0,0,0,0,0,0,0,0,0,0,0,0,0,0,0,0,0,0,0,0,0,0,0,0,0,0,0,0,0,0,0,0,0,0,0,0,0,0,0,0,0,0,0,0,0,0,0,0,0,0,0,0,0,0,0,0,0,0,0,0,0,0,0,0,0,0,0
4,0,0,0,0,0,0,0,0,0,0,0,0,0,0,0,0,0,0,0,0,0,0,0,0,0,0,0,0,0,0,0,0,0,0,0,0,0,0,0,0,0,0,0,0,0,0,0,0,0,0,0,0,0,0,0,0,0,0,0,0,0,0,0,0,0,0,0,0,0,0,0,0,0,0,0,0,0,0,0,0,0,0,0,0,0,0,0,0,0,0,0,0,0,0,0,0,0,0,0,0,0,0,0,0,0,0,0,0,0,0,0,0,0,0,0,0,0,0,0,0,0,0,0,0,0,0,0,0,0,0,0,0,0,0,0,0,0,0,0,0,0,0,0,0,0,0,0,0,0,0,0,0,0,0,0,0,0,0,80,253,170,0,0,0,0,0,0,0,0,0,0,0,0,0,0,0,0,0,0,0,0,0,0,0,0,0,170,254,116,0,0,0,0,0,0,0,0,0,0,0,0,0,0,0,0,0,0,0,0,0,0,0,0,22,246,218,19,0,0,0,0,0,0,0,0,0,0,0,0,0,0,0,0,0,65,215,60,0,0,0,0,138,254,112,0,0,0,0,0,0,0,0,0,0,0,0,0,0,0,0,0,18,241,254,192,7,0,0,23,240,247,58,64,16,0,0,0,0,0,0,0,0,0,0,0,0,0,0,0,58,254,221,3,0,0,0,174,254,139,0,176,34,0,0,0,0,0,0,0,0,0,0,0,0,0,0,0,173,254,109,0,0,0,11,216,253,57,23,156,0,0,0,0,0,0,0,0,0,0,0,0,0,0,0,36,254,249,30,0,0,0,114,254,193,0,155,87,0,0,0,0,0,0,0,0,0,0,0,0,0,0,0,36,254,246,0,0,0,0,211,254,77,100,185,10,0,0,0,0,0,0,0,0,0,0,0,0,0,0,0,36,254,253,162,47,45,77,249,254,169,214,50,0,0,0,0,0,0,0,0,0,0,0,0,0,0,0,0,7,92,224,254,254,254,254,254,254,199,45,0,0,0,0,0,0,0,0,0,0,0,0,0,0,0,0,0,0,0,3,58,145,171,254,252,98,16,0,0,0,0,0,0,0,0,0,0,0,0,0,0,0,0,0,0,0,0,0,0,0,92,254,188,0,0,0,0,0,0,0,0,0,0,0,0,0,0,0,0,0,0,0,0,0,0,0,0,0,208,254,44,0,0,0,0,0,0,0,0,0,0,0,0,0,0,0,0,0,0,0,0,0,0,0,0,45,248,187,2,0,0,0,0,0,0,0,0,0,0,0,0,0,0,0,0,0,0,0,0,0,0,0,0,204,254,39,0,0,19,97,5,0,0,0,0,0,0,0,0,0,0,0,0,0,0,0,0,0,0,0,44,253,190,5,5,110,192,146,2,0,0,0,0,0,0,0,0,0,0,0,0,0,0,0,0,0,0,1,134,254,35,40,193,183,31,0,0,0,0,0,0,0,0,0,0,0,0,0,0,0,0,0,0,0,0,9,254,254,197,224,70,0,0,0,0,0,0,0,0,0,0,0,0,0,0,0,0,0,0,0,0,0,0,9,254,254,150,36,0,0,0,0,0,0,0,0,0,0,0,0,0,0,0,0,0,0,0,0,0,0,0,0,0,0,0,0,0,0,0,0,0,0,0,0,0,0,0,0,0,0,0,0,0,0,0,0,0,0,0,0,0,0,0,0,0,0,0,0,0,0,0,0,0,0,0,0,0,0,0,0,0,0,0,0,0,0,0,0,0,0,0,0,0,0,0,0,0,0,0,0,0,0,0,0,0
1,0,0,0,0,0,0,0,0,0,0,0,0,0,0,0,0,0,0,0,0,0,0,0,0,0,0,0,0,0,0,0,0,0,0,0,0,0,0,0,0,0,0,0,0,0,0,0,0,0,0,0,0,0,0,0,0,0,0,0,0,0,0,0,0,0,0,0,0,0,0,0,0,0,0,0,0,0,0,0,0,0,0,0,0,0,0,0,0,0,0,0,0,0,0,0,0,0,0,0,0,0,0,0,0,0,0,0,0,0,0,0,0,0,0,0,0,0,0,0,0,0,0,0,0,0,0,0,0,0,0,13,216,165,0,0,0,0,0,0,0,0,0,0,0,0,0,0,0,0,0,0,0,0,0,0,0,0,56,179,253,165,0,0,0,0,0,0,0,0,0,0,0,0,0,0,0,0,0,0,0,0,0,0,0,56,246,253,253,165,0,0,0,0,0,0,0,0,0,0,0,0,0,0,0,0,0,0,0,0,0,0,28,213,253,253,215,31,0,0,0,0,0,0,0,0,0,0,0,0,0,0,0,0,0,0,0,0,0,0,168,253,253,215,31,0,0,0,0,0,0,0,0,0,0,0,0,0,0,0,0,0,0,0,0,0,0,39,254,253,253,34,0,0,0,0,0,0,0,0,0,0,0,0,0,0,0,0,0,0,0,0,0,0,0,212,254,253,201,6,0,0,0,0,0,0,0,0,0,0,0,0,0,0,0,0,0,0,0,0,0,0,67,241,254,242,36,0,0,0,0,0,0,0,0,0,0,0,0,0,0,0,0,0,0,0,0,0,0,33,237,253,255,187,0,0,0,0,0,0,0,0,0,0,0,0,0,0,0,0,0,0,0,0,0,0,0,93,253,253,192,58,0,0,0,0,0,0,0,0,0,0,0,0,0,0,0,0,0,0,0,0,0,0,75,254,254,254,97,0,0,0,0,0,0,0,0,0,0,0,0,0,0,0,0,0,0,0,0,0,0,24,204,253,253,147,0,0,0,0,0,0,0,0,0,0,0,0,0,0,0,0,0,0,0,0,0,0,0,132,253,253,253,33,0,0,0,0,0,0,0,0,0,0,0,0,0,0,0,0,0,0,0,0,0,0,0,199,253,253,203,16,0,0,0,0,0,0,0,0,0,0,0,0,0,0,0,0,0,0,0,0,0,0,37,235,253,244,52,0,0,0,0,0,0,0,0,0,0,0,0,0,0,0,0,0,0,0,0,0,0,8,173,253,253,209,0,0,0,0,0,0,0,0,0,0,0,0,0,0,0,0,0,0,0,0,0,0,0,23,253,253,253,209,0,0,0,0,0,0,0,0,0,0,0,0,0,0,0,0,0,0,0,0,0,0,0,23,253,253,253,141,0,0,0,0,0,0,0,0,0,0,0,0,0,0,0,0,0,0,0,0,0,0,0,16,227,253,253,99,0,0,0,0,0,0,0,0,0,0,0,0,0,0,0,0,0,0,0,0,0,0,0,0,118,253,200,56,0,0,0,0,0,0,0,0,0,0,0,0,0,0,0,0,0,0,0,0,0,0,0,0,0,0,0,0,0,0,0,0,0,0,0,0,0,0,0,0,0,0,0,0,0,0,0,0,0,0,0,0,0,0,0,0,0,0,0,0,0,0,0,0,0,0,0,0,0,0,0,0,0,0,0,0,0,0,0,0,0,0,0,0,0,0,0,0,0,0,0,0,0,0,0,0,0,0,0,0,0,0,0,0,0,0,0,0,0,0,0,0,0,0,0,0,0,0,0,0,0,0,0,0,0,0,0
1,0,0,0,0,0,0,0,0,0,0,0,0,0,0,0,0,0,0,0,0,0,0,0,0,0,0,0,0,0,0,0,0,0,0,0,0,0,0,0,0,0,0,0,0,0,0,0,0,0,0,0,0,0,0,0,0,0,0,0,0,0,0,0,0,0,0,0,0,0,0,0,0,0,0,0,0,0,0,0,0,0,0,0,0,0,0,0,0,0,0,0,0,0,0,0,0,0,0,0,0,0,0,0,0,0,0,0,0,0,0,0,0,0,0,0,0,0,0,0,0,0,0,0,0,0,0,0,0,0,104,255,116,0,0,0,0,0,0,0,0,0,0,0,0,0,0,0,0,0,0,0,0,0,0,0,0,119,237,253,5,0,0,0,0,0,0,0,0,0,0,0,0,0,0,0,0,0,0,0,0,0,0,0,13,207,253,230,4,0,0,0,0,0,0,0,0,0,0,0,0,0,0,0,0,0,0,0,0,0,0,0,93,253,227,102,0,0,0,0,0,0,0,0,0,0,0,0,0,0,0,0,0,0,0,0,0,0,0,34,239,253,158,0,0,0,0,0,0,0,0,0,0,0,0,0,0,0,0,0,0,0,0,0,0,0,0,92,253,253,110,0,0,0,0,0,0,0,0,0,0,0,0,0,0,0,0,0,0,0,0,0,0,0,1,162,253,213,21,0,0,0,0,0,0,0,0,0,0,0,0,0,0,0,0,0,0,0,0,0,0,0,91,253,253,59,0,0,0,0,0,0,0,0,0,0,0,0,0,0,0,0,0,0,0,0,0,0,0,0,142,253,253,59,0,0,0,0,0,0,0,0,0,0,0,0,0,0,0,0,0,0,0,0,0,0,0,2,168,253,212,18,0,0,0,0,0,0,0,0,0,0,0,0,0,0,0,0,0,0,0,0,0,0,0,6,253,253,158,0,0,0,0,0,0,0,0,0,0,0,0,0,0,0,0,0,0,0,0,0,0,0,0,106,253,218,13,0,0,0,0,0,0,0,0,0,0,0,0,0,0,0,0,0,0,0,0,0,0,0,0,232,253,212,0,0,0,0,0,0,0,0,0,0,0,0,0,0,0,0,0,0,0,0,0,0,0,0,0,243,253,212,0,0,0,0,0,0,0,0,0,0,0,0,0,0,0,0,0,0,0,0,0,0,0,0,0,243,253,212,0,0,0,0,0,0,0,0,0,0,0,0,0,0,0,0,0,0,0,0,0,0,0,0,0,243,253,212,0,0,0,0,0,0,0,0,0,0,0,0,0,0,0,0,0,0,0,0,0,0,0,0,0,243,253,212,0,0,0,0,0,0,0,0,0,0,0,0,0,0,0,0,0,0,0,0,0,0,0,0,0,243,253,212,0,0,0,0,0,0,0,0,0,0,0,0,0,0,0,0,0,0,0,0,0,0,0,0,0,196,253,212,0,0,0,0,0,0,0,0,0,0,0,0,0,0,0,0,0,0,0,0,0,0,0,0,0,67,201,251,71,0,0,0,0,0,0,0,0,0,0,0,0,0,0,0,0,0,0,0,0,0,0,0,0,0,0,0,0,0,0,0,0,0,0,0,0,0,0,0,0,0,0,0,0,0,0,0,0,0,0,0,0,0,0,0,0,0,0,0,0,0,0,0,0,0,0,0,0,0,0,0,0,0,0,0,0,0,0,0,0,0,0,0,0,0,0,0,0,0,0,0,0,0,0,0,0,0,0,0,0,0,0,0,0,0,0,0,0,0,0,0,0,0,0,0,0,0,0,0,0,0,0,0,0
7,0,0,0,0,0,0,0,0,0,0,0,0,0,0,0,0,0,0,0,0,0,0,0,0,0,0,0,0,0,0,0,0,0,0,0,0,0,0,0,0,0,0,0,0,0,0,0,0,0,0,0,0,0,0,0,0,0,0,0,0,0,0,0,0,0,0,0,0,0,0,0,0,0,0,0,0,0,0,0,0,0,0,0,0,0,0,0,0,0,0,0,0,0,0,0,0,0,0,0,0,0,0,0,0,0,0,0,0,0,0,0,0,0,0,0,0,0,0,0,0,0,0,0,0,0,0,0,0,0,0,0,0,0,0,0,0,0,0,0,0,0,0,0,0,0,0,0,0,0,0,0,0,0,0,0,0,0,0,0,0,0,0,0,0,0,0,0,0,0,0,0,0,0,0,0,0,0,0,0,0,0,0,0,0,0,0,0,0,0,0,0,0,0,0,0,0,0,0,0,0,7,29,79,141,141,141,241,255,203,253,253,255,253,253,253,255,253,156,13,0,0,0,0,0,0,0,0,95,187,252,252,253,252,252,252,222,196,196,196,203,252,252,252,253,252,142,0,0,0,0,0,0,0,0,0,44,187,252,252,206,142,56,56,25,0,0,0,117,252,252,252,253,170,13,0,0,0,0,0,0,0,0,0,0,7,28,28,13,0,0,0,0,0,0,51,241,252,252,252,178,9,0,0,0,0,0,0,0,0,0,0,0,0,0,0,0,0,0,0,0,0,0,226,254,253,253,253,51,0,0,0,0,0,0,0,0,0,0,0,0,0,0,0,0,0,0,0,0,0,19,231,253,252,252,227,0,0,0,0,0,0,0,0,0,0,0,0,0,0,0,0,0,0,0,0,0,0,172,252,253,252,252,103,0,0,0,0,0,0,0,0,0,0,0,0,0,0,0,0,0,0,0,0,0,51,246,252,253,252,252,28,0,0,0,0,0,0,0,0,0,0,0,0,0,0,0,0,0,0,0,0,0,57,253,253,254,253,244,25,0,0,0,0,0,0,0,0,0,0,0,0,0,0,0,0,0,0,0,0,0,131,252,252,253,252,168,0,0,0,0,0,0,0,0,0,0,0,0,0,0,0,0,0,0,0,0,0,0,169,252,252,253,252,130,0,0,0,0,0,0,0,0,0,0,0,0,0,0,0,0,0,0,0,0,0,0,169,252,252,253,227,31,0,0,0,0,0,0,0,0,0,0,0,0,0,0,0,0,0,0,0,0,0,0,169,253,253,254,197,0,0,0,0,0,0,0,0,0,0,0,0,0,0,0,0,0,0,0,0,0,0,7,187,252,252,253,196,0,0,0,0,0,0,0,0,0,0,0,0,0,0,0,0,0,0,0,0,0,0,29,252,252,252,253,196,0,0,0,0,0,0,0,0,0,0,0,0,0,0,0,0,0,0,0,0,0,0,79,252,252,252,253,96,0,0,0,0,0,0,0,0,0,0,0,0,0,0,0,0,0,0,0,0,0,0,204,253,253,253,251,75,0,0,0,0,0,0,0,0,0,0,0,0,0,0,0,0,0,0,0,0,0,0,253,252,252,252,225,0,0,0,0,0,0,0,0,0,0,0,0,0,0,0,0,0,0,0,0,0,0,0,253,252,252,252,137,0,0,0,0,0,0,0,0,0,0,0,0,0,0,0,0,0,0,0,0,0,0,0,91,215,252,202,13,0,0,0,0,0,0,0,0,0,0,0,0,0,0,0,0,0,0,0,0,0,0,0,0,0,0,0,0,0,0,0,0,0,0,0,0,0,0,0,0
5,0,0,0,0,0,0,0,0,0,0,0,0,0,0,0,0,0,0,0,0,0,0,0,0,0,0,0,0,0,0,0,0,0,0,0,0,0,0,0,0,0,0,0,0,0,0,0,0,0,0,0,0,0,0,0,0,0,0,0,0,0,0,0,0,0,0,0,0,0,0,0,0,0,0,0,0,0,0,0,0,0,0,0,0,0,0,0,0,0,0,0,0,0,0,0,0,0,0,0,0,0,0,0,0,0,0,0,0,0,0,0,0,0,0,0,0,0,0,0,0,0,0,0,0,0,0,0,0,0,0,0,0,0,0,0,0,0,0,0,0,0,0,0,0,0,0,0,0,0,0,0,0,0,0,0,0,0,0,27,48,103,151,202,224,157,0,0,0,0,0,0,0,0,0,0,0,0,0,0,0,66,136,95,95,95,177,230,254,243,160,67,19,0,0,0,0,0,0,0,0,0,0,0,0,0,0,0,11,209,255,254,255,254,254,234,139,58,0,0,0,0,0,0,0,0,0,0,0,0,0,0,0,0,0,0,97,234,254,254,254,203,130,29,0,0,0,0,0,0,0,0,0,0,0,0,0,0,0,0,0,0,4,104,194,254,242,203,80,8,0,0,0,0,0,0,0,0,0,0,0,0,0,0,0,0,0,0,0,0,182,254,247,181,54,0,0,0,0,0,0,0,0,0,0,0,0,0,0,0,0,0,0,0,0,0,0,0,245,254,130,0,0,0,0,0,0,0,0,0,0,0,0,0,0,0,0,0,0,0,0,0,0,0,0,24,247,254,20,0,0,0,0,0,0,0,0,0,0,0,0,0,0,0,0,0,0,0,0,0,0,0,0,95,255,254,22,0,0,0,0,0,0,0,0,0,0,0,0,0,0,0,0,0,0,0,0,0,0,0,0,75,188,254,151,38,0,0,0,0,0,0,0,0,0,0,0,0,0,0,0,0,0,0,0,0,0,0,0,0,183,254,254,240,203,203,114,0,0,0,0,0,0,0,0,0,0,0,0,0,0,0,0,0,0,0,0,0,3,48,112,230,250,254,254,165,26,0,0,0,0,0,0,0,0,0,0,0,0,0,0,0,0,0,0,0,0,0,0,26,110,254,254,254,190,2,0,0,0,0,0,0,0,0,0,0,0,0,0,0,0,0,0,0,0,0,0,0,1,109,249,254,254,116,0,0,0,0,0,0,0,0,0,0,0,0,0,0,0,0,0,0,0,0,0,0,0,0,214,254,254,243,45,0,0,0,0,0,0,0,0,0,0,0,0,0,0,0,0,0,0,0,0,0,0,0,69,254,254,254,155,0,0,0,0,0,0,0,0,0,0,0,0,0,0,0,0,0,0,0,28,0,0,0,6,254,254,254,96,0,0,0,0,0,0,0,0,0,0,0,0,0,0,0,0,0,0,51,213,146,23,3,16,254,254,219,9,0,0,0,0,0,0,0,0,0,0,0,0,0,0,0,0,0,0,69,109,237,249,184,254,254,232,80,0,0,0,0,0,0,0,0,0,0,0,0,0,0,0,0,0,0,0,0,0,63,156,254,254,169,29,0,0,0,0,0,0,0,0,0,0,0,0,0,0,0,0,0,0,0,0,0,0,0,0,0,0,0,0,0,0,0,0,0,0,0,0,0,0,0,0,0,0,0,0,0,0,0,0,0,0,0,0,0,0,0,0,0,0,0,0,0,0,0,0,0,0,0,0,0,0,0,0,0,0,0,0,0,0,0,0,0,0,0,0,0,0,0,0,0,0,0,0,0,0
7,0,0,0,0,0,0,0,0,0,0,0,0,0,0,0,0,0,0,0,0,0,0,0,0,0,0,0,0,0,0,0,0,0,0,0,0,0,0,0,0,0,0,0,0,0,0,0,0,0,0,0,0,0,0,0,0,0,0,0,0,0,0,0,0,0,0,0,0,0,0,0,0,0,0,0,0,0,0,0,0,0,0,0,0,0,0,0,0,0,0,0,0,0,0,0,0,0,0,0,0,0,0,0,0,0,0,0,0,0,0,0,0,0,0,0,0,0,0,0,0,0,0,0,0,0,0,0,0,0,0,0,0,0,0,0,0,0,0,0,0,0,0,0,0,0,0,0,0,0,0,0,0,0,0,0,0,0,0,0,0,0,0,0,0,0,0,0,0,0,0,0,0,0,0,0,0,0,0,0,0,0,0,0,0,0,0,0,0,0,0,0,0,0,0,0,0,0,0,0,0,0,0,0,0,0,68,155,228,224,132,254,214,155,155,155,155,155,95,0,0,0,0,0,0,0,0,0,0,0,0,0,0,0,175,254,254,254,254,254,254,254,254,254,254,254,219,0,0,0,0,0,0,0,0,0,0,0,0,0,0,0,92,248,254,254,254,254,254,254,254,254,254,254,233,26,0,0,0,0,0,0,0,0,0,0,0,0,0,0,0,31,108,134,134,134,174,134,149,254,255,254,211,0,0,0,0,0,0,0,0,0,0,0,0,0,0,0,0,0,0,0,0,0,0,0,145,254,254,199,38,0,0,0,0,0,0,0,0,0,0,0,0,0,0,0,0,0,0,0,0,0,0,8,220,254,240,115,0,0,0,0,0,0,0,0,0,0,0,0,0,0,0,0,0,0,0,0,0,0,2,164,254,254,96,0,0,0,0,0,0,0,0,0,0,0,0,0,0,0,0,0,0,0,0,0,0,8,124,254,254,133,2,0,0,0,0,0,0,0,0,0,0,0,0,0,0,0,0,0,0,0,0,0,0,88,254,254,243,20,0,0,0,0,0,0,0,0,0,0,0,0,0,0,0,0,0,0,0,0,0,0,57,251,254,243,75,0,0,0,0,0,0,0,0,0,0,0,0,0,0,0,0,0,0,0,0,0,0,19,200,254,252,75,0,0,0,0,0,0,0,0,0,0,0,0,0,0,0,0,0,0,0,0,0,0,0,164,254,254,163,0,0,0,0,0,0,0,0,0,0,0,0,0,0,0,0,0,0,0,0,0,0,0,79,252,254,206,8,0,0,0,0,0,0,0,0,0,0,0,0,0,0,0,0,0,0,0,0,0,0,9,204,254,228,76,0,0,0,0,0,0,0,0,0,0,0,0,0,0,0,0,0,0,0,0,0,0,0,168,254,251,105,0,0,0,0,0,0,0,0,0,0,0,0,0,0,0,0,0,0,0,0,0,0,0,54,247,254,143,0,0,0,0,0,0,0,0,0,0,0,0,0,0,0,0,0,0,0,0,0,0,0,11,210,254,243,20,0,0,0,0,0,0,0,0,0,0,0,0,0,0,0,0,0,0,0,0,0,0,0,130,254,254,95,0,0,0,0,0,0,0,0,0,0,0,0,0,0,0,0,0,0,0,0,0,0,0,38,240,254,150,3,0,0,0,0,0,0,0,0,0,0,0,0,0,0,0,0,0,0,0,0,0,0,0,40,241,225,15,0,0,0,0,0,0,0,0,0,0,0,0,0,0,0,0,0,0,0,0,0,0,0,0,0,0,0,0,0,0,0,0,0,0,0,0,0,0,0,0,0,0,0,0,0
9,0,0,0,0,0,0,0,0,0,0,0,0,0,0,0,0,0,0,0,0,0,0,0,0,0,0,0,0,0,0,0,0,0,0,0,0,0,0,0,0,0,0,0,0,0,0,0,0,0,0,0,0,0,0,0,0,0,0,0,0,0,0,0,0,0,0,0,0,0,0,0,0,0,0,0,0,0,0,0,0,0,0,0,0,0,0,0,0,0,0,0,0,0,0,0,0,0,0,0,0,0,0,0,0,0,0,0,0,0,0,0,0,0,0,0,0,0,0,0,0,0,0,0,0,0,0,0,0,0,0,0,0,0,0,0,0,0,0,0,0,0,0,0,0,0,0,0,0,0,0,0,0,0,0,0,0,0,0,0,0,0,0,0,0,0,0,0,0,0,0,0,0,0,0,0,0,0,0,0,0,0,0,0,0,0,0,0,0,0,0,0,0,0,0,0,0,0,0,0,0,0,0,0,0,0,0,0,0,115,255,254,192,26,0,0,0,0,0,0,0,0,0,0,0,0,0,0,0,0,0,0,0,0,0,0,32,248,254,232,233,191,0,0,0,0,0,0,0,0,0,0,0,0,0,0,0,0,0,0,0,0,0,0,110,254,187,11,21,238,125,0,0,0,0,0,0,0,0,0,0,0,0,0,0,0,0,0,0,0,0,0,129,211,11,0,0,155,166,1,0,0,0,0,0,0,0,0,0,0,0,0,0,0,0,0,0,0,0,0,181,253,0,0,6,202,254,99,0,0,0,0,0,0,0,0,0,0,0,0,0,0,0,0,0,0,0,0,244,211,0,0,120,253,254,119,0,0,0,0,0,0,0,0,0,0,0,0,0,0,0,0,0,0,0,0,202,181,0,94,254,254,239,21,0,0,0,0,0,0,0,0,0,0,0,0,0,0,0,0,0,0,0,0,160,201,156,248,254,253,134,0,0,0,0,0,0,0,0,0,0,0,0,0,0,0,0,0,0,0,0,0,53,249,255,254,223,254,42,0,0,0,0,0,0,0,0,0,0,0,0,0,0,0,0,0,0,0,0,0,0,94,150,46,181,253,0,0,0,0,0,0,0,0,0,0,0,0,0,0,0,0,0,0,0,0,0,0,0,0,0,0,213,191,0,0,0,0,0,0,0,0,0,0,0,0,0,0,0,0,0,0,0,0,0,0,0,0,0,21,254,88,0,0,0,0,0,0,0,0,0,0,0,0,0,0,0,0,0,0,0,0,0,0,0,0,0,125,254,36,0,0,0,0,0,0,0,0,0,0,0,0,0,0,0,0,0,0,0,0,0,0,0,0,0,145,254,36,0,0,0,0,0,0,0,0,0,0,0,0,0,0,0,0,0,0,0,0,0,0,0,0,0,156,218,0,0,0,0,0,0,0,0,0,0,0,0,0,0,0,0,0,0,0,0,0,0,0,0,0,11,228,197,0,0,0,0,0,0,0,0,0,0,0,0,0,0,0,0,0,0,0,0,0,0,0,0,0,68,254,94,0,0,0,0,0,0,0,0,0,0,0,0,0,0,0,0,0,0,0,0,0,0,0,0,0,109,253,73,0,0,0,0,0,0,0,0,0,0,0,0,0,0,0,0,0,0,0,0,0,0,0,0,0,110,254,42,0,0,0,0,0,0,0,0,0,0,0,0,0,0,0,0,0,0,0,0,0,0,0,0,0,89,232,0,0,0,0,0,0,0,0,0,0,0,0,0,0,0,0,0,0,0,0,0,0,0,0,0,0,0,0,0,0,0,0,0,0,0,0,0,0,0,0,0
4,0,0,0,0,0,0,0,0,0,0,0,0,0,0,0,0,0,0,0,0,0,0,0,0,0,0,0,0,0,0,0,0,0,0,0,0,0,0,0,0,0,0,0,0,0,0,0,0,0,0,0,0,0,0,0,0,0,0,0,0,0,0,0,0,0,0,0,0,0,0,0,0,0,0,0,0,0,0,0,0,0,0,0,0,0,0,0,0,0,0,0,0,0,0,0,0,0,0,0,0,0,0,0,0,0,0,0,0,0,0,0,0,0,0,0,0,0,0,0,0,0,0,0,0,0,0,0,0,24,234,98,0,0,0,0,0,0,0,0,0,0,0,0,0,0,0,0,0,0,0,0,0,0,0,0,0,37,253,162,0,0,0,0,0,0,0,0,0,0,0,0,0,0,0,0,0,0,0,0,0,0,0,0,0,37,253,175,0,0,0,0,0,0,0,0,0,0,0,0,0,0,0,0,0,0,71,14,0,0,0,0,0,37,253,253,0,0,0,0,0,0,0,0,0,0,0,0,0,0,0,0,0,0,228,108,0,0,0,0,0,37,253,253,0,0,0,0,0,0,0,0,0,0,0,0,0,0,0,0,0,59,255,173,0,0,0,0,0,37,254,163,0,0,0,0,0,0,0,0,0,0,0,0,0,0,0,0,0,175,254,108,0,0,0,0,0,37,253,111,0,0,0,0,0,0,0,0,0,0,0,0,0,0,0,0,3,191,254,108,0,0,0,0,0,37,253,72,0,0,0,0,0,0,0,0,0,0,0,0,0,0,0,0,19,253,248,68,0,0,0,0,0,37,253,111,0,0,0,0,0,0,0,0,0,0,0,0,0,0,0,0,51,253,117,0,0,0,0,0,0,102,253,162,0,0,0,0,0,0,0,0,0,0,0,0,0,0,0,0,110,254,92,0,0,0,0,0,0,69,254,163,0,0,0,0,0,0,0,0,0,0,0,0,0,0,0,0,109,253,242,100,55,32,0,0,0,37,253,247,0,0,0,0,0,0,0,0,0,0,0,0,0,0,0,0,96,253,254,253,253,237,185,27,0,37,253,175,0,0,0,0,0,0,0,0,0,0,0,0,0,0,0,0,4,151,235,245,253,253,253,238,199,207,253,233,79,0,0,0,0,0,0,0,0,0,0,0,0,0,0,0,0,0,0,61,162,233,253,254,253,253,253,253,148,0,0,0,0,0,0,0,0,0,0,0,0,0,0,0,0,0,0,0,0,0,66,182,148,217,254,254,33,0,0,0,0,0,0,0,0,0,0,0,0,0,0,0,0,0,0,0,0,0,0,0,0,43,253,253,0,0,0,0,0,0,0,0,0,0,0,0,0,0,0,0,0,0,0,0,0,0,0,0,0,19,226,253,92,0,0,0,0,0,0,0,0,0,0,0,0,0,0,0,0,0,0,0,0,0,0,0,0,0,186,253,186,2,0,0,0,0,0,0,0,0,0,0,0,0,0,0,0,0,0,0,0,0,0,0,0,0,12,194,228,12,0,0,0,0,0,0,0,0,0,0,0,0,0,0,0,0,0,0,0,0,0,0,0,0,0,0,0,0,0,0,0,0,0,0,0,0,0,0,0,0,0,0,0,0,0,0,0,0,0,0,0,0,0,0,0,0,0,0,0,0,0,0,0,0,0,0,0,0,0,0,0,0,0,0,0,0,0,0,0,0,0,0,0,0,0,0,0,0,0,0,0,0,0,0,0,0,0,0,0,0,0,0,0,0,0,0,0,0,0,0,0,0,0,0,0,0,0,0,0
1,0,0,0,0,0,0,0,0,0,0,0,0,0,0,0,0,0,0,0,0,0,0,0,0,0,0,0,0,0,0,0,0,0,0,0,0,0,0,0,0,0,0,0,0,0,0,0,0,0,0,0,0,0,0,0,0,0,0,0,0,0,0,0,0,0,0,0,0,0,0,0,0,0,0,0,0,0,0,0,0,0,0,0,0,0,0,0,0,0,0,0,0,0,0,0,0,0,0,0,0,0,0,0,0,0,0,0,0,0,0,0,0,0,0,0,0,0,0,0,0,0,0,0,0,0,0,0,0,0,0,0,182,253,0,0,0,0,0,0,0,0,0,0,0,0,0,0,0,0,0,0,0,0,0,0,0,0,32,115,242,252,0,0,0,0,0,0,0,0,0,0,0,0,0,0,0,0,0,0,0,0,0,0,0,21,212,252,252,252,0,0,0,0,0,0,0,0,0,0,0,0,0,0,0,0,0,0,0,0,0,0,1,144,253,252,252,168,0,0,0,0,0,0,0,0,0,0,0,0,0,0,0,0,0,0,0,0,0,0,37,252,253,252,236,62,0,0,0,0,0,0,0,0,0,0,0,0,0,0,0,0,0,0,0,0,0,0,78,252,253,252,174,0,0,0,0,0,0,0,0,0,0,0,0,0,0,0,0,0,0,0,0,0,0,73,232,252,253,241,61,0,0,0,0,0,0,0,0,0,0,0,0,0,0,0,0,0,0,0,0,0,0,217,252,252,253,179,0,0,0,0,0,0,0,0,0,0,0,0,0,0,0,0,0,0,0,0,0,0,110,253,253,253,208,20,0,0,0,0,0,0,0,0,0,0,0,0,0,0,0,0,0,0,0,0,0,42,233,252,252,252,104,0,0,0,0,0,0,0,0,0,0,0,0,0,0,0,0,0,0,0,0,0,6,160,253,252,246,132,0,0,0,0,0,0,0,0,0,0,0,0,0,0,0,0,0,0,0,0,0,0,120,252,253,252,215,0,0,0,0,0,0,0,0,0,0,0,0,0,0,0,0,0,0,0,0,0,0,73,253,253,255,222,41,0,0,0,0,0,0,0,0,0,0,0,0,0,0,0,0,0,0,0,0,0,0,115,252,252,253,138,0,0,0,0,0,0,0,0,0,0,0,0,0,0,0,0,0,0,0,0,0,0,16,222,252,252,237,30,0,0,0,0,0,0,0,0,0,0,0,0,0,0,0,0,0,0,0,0,0,1,191,252,252,252,144,0,0,0,0,0,0,0,0,0,0,0,0,0,0,0,0,0,0,0,0,0,0,63,253,253,253,253,84,0,0,0,0,0,0,0,0,0,0,0,0,0,0,0,0,0,0,0,0,0,0,144,252,252,252,128,0,0,0,0,0,0,0,0,0,0,0,0,0,0,0,0,0,0,0,0,0,0,0,144,252,252,246,92,0,0,0,0,0,0,0,0,0,0,0,0,0,0,0,0,0,0,0,0,0,0,0,62,252,210,92,0,0,0,0,0,0,0,0,0,0,0,0,0,0,0,0,0,0,0,0,0,0,0,0,0,0,0,0,0,0,0,0,0,0,0,0,0,0,0,0,0,0,0,0,0,0,0,0,0,0,0,0,0,0,0,0,0,0,0,0,0,0,0,0,0,0,0,0,0,0,0,0,0,0,0,0,0,0,0,0,0,0,0,0,0,0,0,0,0,0,0,0,0,0,0,0,0,0,0,0,0,0,0,0,0,0,0,0,0,0,0,0,0,0,0,0,0,0,0,0,0,0,0,0,0,0,0,0
5,0,0,0,0,0,0,0,0,0,0,0,0,0,0,0,0,0,0,0,0,0,0,0,0,0,0,0,0,0,0,0,0,0,0,0,0,0,0,0,0,0,0,0,0,0,0,0,0,0,0,0,0,0,0,0,0,0,0,0,0,0,0,0,0,0,0,0,0,0,0,0,0,0,0,0,0,0,0,0,0,0,0,0,0,0,0,0,0,0,0,0,0,0,0,0,0,0,0,0,0,0,0,0,0,0,0,0,0,0,0,0,0,0,0,0,0,0,0,0,0,0,0,0,0,0,0,0,0,0,0,0,0,0,0,0,0,0,0,0,0,0,0,0,0,0,0,0,0,0,0,0,0,0,9,77,139,139,139,139,139,139,139,223,254,254,0,0,0,0,0,0,0,0,0,0,0,0,0,0,0,0,114,253,254,253,253,253,253,254,253,253,215,207,0,0,0,0,0,0,0,0,0,0,0,0,0,0,0,32,172,184,185,184,184,184,184,69,69,69,13,0,0,0,0,0,0,0,0,0,0,0,0,77,198,0,0,0,0,0,0,0,0,0,0,0,0,0,0,0,0,0,0,0,0,0,0,0,0,0,32,229,200,53,0,0,0,0,0,0,0,0,0,0,0,0,0,0,0,0,0,0,0,0,0,0,0,5,192,254,138,0,0,0,0,0,0,0,0,0,0,0,0,0,0,0,0,0,0,0,0,0,0,0,0,47,253,253,212,111,162,162,120,47,22,0,0,0,0,0,0,0,0,0,0,0,0,0,0,0,0,0,0,47,253,253,253,254,253,253,253,253,217,112,19,0,0,0,0,0,0,0,0,0,0,0,0,0,0,0,0,9,129,161,245,204,178,228,161,203,254,253,189,17,0,0,0,0,0,0,0,0,0,0,0,0,0,0,0,0,0,0,21,11,5,16,0,11,97,253,253,151,0,0,0,0,0,0,0,0,0,0,0,0,0,0,11,0,0,0,0,0,0,0,0,0,0,152,254,161,0,0,0,0,0,0,0,0,0,0,0,0,0,0,116,0,0,0,0,0,0,0,0,0,0,17,210,161,0,0,0,0,0,0,0,0,0,0,0,0,0,0,123,26,0,0,0,0,0,0,0,0,0,34,235,161,0,0,0,0,0,0,0,0,0,0,0,0,0,0,139,186,0,0,0,0,0,0,0,0,0,9,197,161,0,0,0,0,0,0,0,0,0,0,0,0,0,0,23,208,147,21,0,0,0,0,0,0,0,43,247,161,0,0,0,0,0,0,0,0,0,0,0,0,0,0,0,152,254,159,76,0,0,0,0,0,3,171,254,161,0,0,0,0,0,0,0,0,0,0,0,0,0,0,0,17,188,253,212,152,47,47,47,47,171,253,253,139,0,0,0,0,0,0,0,0,0,0,0,0,0,0,0,0,19,163,247,255,253,253,253,253,255,253,171,13,0,0,0,0,0,0,0,0,0,0,0,0,0,0,0,0,0,0,95,212,253,253,253,253,246,88,13,0,0,0,0,0,0,0,0,0,0,0,0,0,0,0,0,0,0,0,0,13,23,23,118,33,21,0,0,0,0,0,0,0,0,0,0,0,0,0,0,0,0,0,0,0,0,0,0,0,0,0,0,0,0,0,0,0,0,0,0,0,0,0,0,0,0,0,0,0,0,0,0,0,0,0,0,0,0,0,0,0,0,0,0,0,0,0,0,0,0,0,0,0,0,0,0,0,0,0,0,0,0,0,0,0,0,0,0,0,0,0,0,0,0,0,0,0,0,0,0,0,0
0,0,0,0,0,0,0,0,0,0,0,0,0,0,0,0,0,0,0,0,0,0,0,0,0,0,0,0,0,0,0,0,0,0,0,0,0,0,0,0,0,0,0,0,0,0,0,0,0,0,0,0,0,0,0,0,0,0,0,0,0,0,0,0,0,0,0,0,0,0,0,0,0,0,0,0,0,0,0,0,0,0,0,0,0,0,0,0,0,0,0,0,0,0,0,0,0,0,0,0,0,0,0,0,0,0,0,0,0,0,0,0,0,0,0,0,0,0,0,0,0,0,0,0,0,0,0,0,79,191,255,253,253,108,0,0,0,0,0,0,0,0,0,0,0,0,0,0,0,0,0,0,0,42,135,217,242,252,253,252,252,232,0,0,0,0,0,0,0,0,0,0,0,0,0,0,0,0,0,11,58,221,253,252,246,215,72,71,201,252,0,0,0,0,0,0,0,0,0,0,0,0,0,0,0,0,1,155,252,252,253,252,132,0,0,0,98,168,0,0,0,0,0,0,0,0,0,0,0,0,0,0,0,1,170,252,252,252,206,20,0,0,0,0,104,62,0,0,0,0,0,0,0,0,0,0,0,0,0,0,0,125,252,252,241,179,20,0,0,0,0,0,0,0,0,0,0,0,0,0,0,0,0,0,0,0,0,0,47,221,252,241,184,0,0,0,0,0,0,53,78,120,37,5,0,0,0,0,0,0,0,0,0,0,0,0,181,252,252,179,0,0,0,0,0,0,0,73,252,252,253,119,0,0,0,0,0,0,0,0,0,0,0,73,253,253,206,20,0,0,0,0,0,0,0,73,253,191,192,253,133,0,0,0,0,0,0,0,0,0,0,197,252,252,103,0,0,0,0,0,0,0,0,73,252,108,15,222,215,0,0,0,0,0,0,0,0,0,79,242,252,231,0,0,0,0,0,0,0,0,0,73,252,108,79,242,215,0,0,0,0,0,0,0,0,0,109,252,252,108,0,0,0,0,0,0,0,0,0,31,128,108,191,252,215,0,0,0,0,0,0,0,0,0,110,253,253,108,0,0,0,0,0,0,0,0,0,0,0,145,255,222,41,0,0,0,0,0,0,0,0,0,109,252,252,108,0,0,0,0,0,0,0,0,0,0,11,175,253,138,0,0,0,0,0,0,0,0,0,0,109,252,252,128,0,0,0,0,0,0,0,0,0,53,191,252,217,30,0,0,0,0,0,0,0,0,0,0,47,232,252,252,83,0,0,0,0,0,0,0,145,175,252,252,0,0,0,0,0,0,0,0,0,0,0,0,0,73,253,253,253,128,31,0,0,32,129,253,255,253,237,62,0,0,0,0,0,0,0,0,0,0,0,0,0,52,231,252,252,252,227,217,218,227,252,252,253,189,30,0,0,0,0,0,0,0,0,0,0,0,0,0,0,0,52,175,252,252,252,252,253,252,226,215,72,51,0,0,0,0,0,0,0,0,0,0,0,0,0,0,0,0,0,62,108,232,252,168,108,108,31,0,0,0,0,0,0,0,0,0,0,0,0,0,0,0,0,0,0,0,0,0,0,0,0,0,0,0,0,0,0,0,0,0,0,0,0,0,0,0,0,0,0,0,0,0,0,0,0,0,0,0,0,0,0,0,0,0,0,0,0,0,0,0,0,0,0,0,0,0,0,0,0,0,0,0,0,0,0,0,0,0,0,0,0,0,0,0,0,0,0,0,0,0,0,0,0,0,0,0,0,0,0,0,0,0,0,0,0,0,0,0,0,0,0,0,0,0,0,0,0,0,0,0,0
6,0,0,0,0,0,0,0,0,0,0,0,0,0,0,0,0,0,0,0,0,0,0,0,0,0,0,0,0,0,0,0,0,0,0,0,0,0,0,0,0,0,0,0,0,0,0,0,0,0,0,0,0,0,0,0,0,0,0,0,0,0,0,0,0,0,0,0,0,0,0,0,0,0,0,0,0,0,0,0,0,0,0,0,0,0,0,0,0,0,0,0,0,0,0,0,0,0,0,0,5,230,222,0,0,0,0,0,0,0,0,0,0,0,0,0,0,0,0,0,0,0,0,0,0,0,0,0,174,252,120,0,0,0,0,0,0,0,0,0,0,0,0,0,0,0,0,0,0,0,0,0,0,0,0,107,250,158,0,0,0,0,0,0,0,0,0,0,0,0,0,0,0,0,0,0,0,0,0,0,0,0,12,230,208,10,0,0,0,0,0,0,0,0,0,0,0,0,0,0,0,0,0,0,0,0,0,0,0,0,123,253,75,0,0,0,0,0,0,0,0,0,0,0,0,0,0,0,0,0,0,0,0,0,0,0,0,12,224,225,10,0,0,0,0,0,0,0,0,0,0,0,0,0,0,0,0,0,0,0,0,0,0,0,0,127,253,51,0,0,0,0,0,0,0,0,0,0,0,0,0,0,0,0,0,0,0,0,0,0,0,0,0,190,229,16,0,0,0,0,0,0,0,0,0,0,0,0,0,0,0,0,0,0,0,0,0,0,0,0,14,245,136,0,0,0,0,0,0,0,0,0,0,0,0,0,0,0,0,0,0,0,0,0,0,0,0,0,140,253,52,0,0,0,0,0,0,0,0,0,0,0,0,0,0,0,0,0,0,0,0,0,0,0,0,0,180,192,0,0,0,0,0,0,0,0,0,0,0,0,0,0,0,0,0,0,0,0,0,0,0,0,0,0,254,132,0,0,0,0,0,0,0,0,0,0,0,0,0,0,0,0,0,0,0,0,0,0,0,0,0,40,254,63,0,0,0,0,0,0,0,0,0,0,0,0,0,0,0,0,0,0,0,0,0,0,0,0,0,149,254,91,128,162,222,223,162,104,28,0,0,0,0,0,0,0,0,0,0,0,0,0,0,0,0,0,0,158,254,213,134,25,65,41,26,125,244,114,0,0,0,0,0,0,0,0,0,0,0,0,0,0,0,0,0,154,255,63,0,0,0,0,0,0,89,229,5,0,0,0,0,0,0,0,0,0,0,0,0,0,0,0,0,70,254,63,0,0,0,0,0,0,74,243,45,0,0,0,0,0,0,0,0,0,0,0,0,0,0,0,0,0,214,78,0,0,0,0,0,24,223,173,0,0,0,0,0,0,0,0,0,0,0,0,0,0,0,0,0,0,111,229,27,0,0,0,38,188,217,51,0,0,0,0,0,0,0,0,0,0,0,0,0,0,0,0,0,0,1,144,226,158,110,164,244,173,46,0,0,0,0,0,0,0,0,0,0,0,0,0,0,0,0,0,0,0,0,0,0,0,0,0,0,0,0,0,0,0,0,0,0,0,0,0,0,0,0,0,0,0,0,0,0,0,0,0,0,0,0,0,0,0,0,0,0,0,0,0,0,0,0,0,0,0,0,0,0,0,0,0,0,0,0,0,0,0,0,0,0,0,0,0,0,0,0,0,0,0,0,0,0,0,0,0,0,0,0,0,0,0,0,0,0,0,0,0,0,0,0,0,0,0,0,0,0,0,0,0,0,0,0,0,0,0,0,0,0,0,0,0,0,0,0,0,0,0,0,0,0,0,0,0,0,0,0
6,0,0,0,0,0,0,0,0,0,0,0,0,0,0,0,0,0,0,0,0,0,0,0,0,0,0,0,0,0,0,0,0,0,0,0,0,0,0,0,0,0,0,0,0,0,0,0,0,0,0,0,0,0,0,0,0,0,0,0,0,0,0,0,0,0,0,0,0,0,0,0,0,0,0,0,0,0,0,0,0,0,0,0,0,0,0,0,0,0,0,0,0,0,0,0,0,0,0,0,0,0,171,253,253,253,145,0,0,0,0,0,0,0,0,0,0,0,0,0,0,0,0,0,0,0,0,0,53,155,253,252,252,252,144,0,0,0,0,0,0,0,0,0,0,0,0,0,0,0,0,0,0,0,16,161,232,252,253,252,252,231,125,0,0,0,0,0,0,0,0,0,0,0,0,0,0,0,0,0,1,84,191,252,252,252,253,252,231,46,0,0,0,0,0,0,0,0,0,0,0,0,0,0,0,0,0,0,99,252,253,252,252,252,144,103,0,0,0,0,0,0,0,0,0,0,0,0,0,0,0,0,0,0,0,187,242,252,253,252,241,179,0,0,0,0,0,0,0,0,0,0,0,0,0,0,0,0,0,0,0,21,181,242,252,252,237,215,102,0,0,0,0,0,0,0,0,0,0,0,0,0,0,0,0,0,0,0,0,144,252,252,252,252,62,0,0,0,0,0,0,0,0,0,0,0,0,0,0,0,0,0,0,0,0,0,99,253,253,253,237,62,0,0,0,0,0,32,109,109,110,15,0,0,0,0,0,0,0,0,0,0,0,63,242,252,252,252,174,0,0,0,53,73,218,227,252,252,253,222,103,0,0,0,0,0,0,0,0,0,16,181,252,252,252,179,20,0,37,78,232,252,253,252,252,252,253,252,215,0,0,0,0,0,0,0,0,0,191,252,252,252,252,35,0,84,253,252,252,252,253,252,252,252,253,252,236,62,0,0,0,0,0,0,0,0,255,253,253,253,144,0,37,253,255,253,253,191,0,0,0,0,110,253,253,108,0,0,0,0,0,0,0,0,253,252,252,210,20,21,181,252,253,252,200,77,0,0,0,0,109,252,252,108,0,0,0,0,0,0,0,0,253,252,252,128,16,181,252,252,253,241,61,0,0,0,0,105,212,252,252,108,0,0,0,0,0,0,0,0,253,252,252,252,191,252,252,252,253,97,0,0,0,42,144,206,253,252,231,46,0,0,0,0,0,0,0,0,63,238,253,253,253,253,253,253,255,253,253,253,255,253,253,253,255,253,217,0,0,0,0,0,0,0,0,0,0,175,252,252,252,252,252,252,253,252,252,252,253,252,252,252,253,189,71,0,0,0,0,0,0,0,0,0,0,21,175,215,231,252,252,252,253,252,252,252,253,252,252,231,154,10,0,0,0,0,0,0,0,0,0,0,0,0,0,0,47,148,252,252,253,128,108,108,108,108,108,46,0,0,0,0,0,0,0,0,0,0,0,0,0,0,0,0,0,0,0,0,0,0,0,0,0,0,0,0,0,0,0,0,0,0,0,0,0,0,0,0,0,0,0,0,0,0,0,0,0,0,0,0,0,0,0,0,0,0,0,0,0,0,0,0,0,0,0,0,0,0,0,0,0,0,0,0,0,0,0,0,0,0,0,0,0,0,0,0,0,0,0,0,0,0,0,0,0,0,0,0,0,0,0,0,0,0,0,0,0,0,0,0,0,0,0,0,0,0,0,0,0,0,0,0,0,0,0,0,0,0,0,0,0,0,0,0,0,0,0,0,0,0,0,0,0,0,0
6,0,0,0,0,0,0,0,0,0,0,0,0,0,0,0,0,0,0,0,0,0,0,0,0,0,0,0,0,0,0,0,0,0,0,0,0,0,0,0,0,0,0,0,0,0,0,0,0,0,0,0,0,0,0,0,0,0,0,0,0,0,0,0,0,0,0,0,0,0,0,0,0,0,0,0,0,0,0,0,0,0,0,0,0,0,0,0,0,0,0,0,0,0,0,0,0,29,170,226,141,0,0,0,0,0,0,0,0,0,0,0,0,0,0,0,0,0,0,0,0,0,0,0,114,255,255,255,255,29,0,0,0,0,0,0,0,0,0,0,0,0,0,0,0,0,0,0,0,0,0,198,255,255,170,86,141,57,0,0,0,0,0,0,0,0,0,0,0,0,0,0,0,0,0,0,0,0,198,255,226,0,0,0,0,0,0,0,0,0,0,0,0,0,0,0,0,0,0,0,0,0,0,0,0,170,255,170,0,0,0,0,0,0,0,0,0,0,0,0,0,0,0,0,0,0,0,0,0,0,0,0,29,255,255,29,0,0,0,0,0,0,0,0,0,0,0,0,0,0,0,0,0,0,0,0,0,0,0,0,141,255,141,0,0,0,0,0,0,0,0,0,0,0,0,0,0,0,0,0,0,0,0,0,0,0,0,0,170,255,0,0,0,0,0,0,0,0,0,0,0,0,0,0,0,0,0,0,0,0,0,0,0,0,0,0,255,255,0,0,0,0,0,0,0,0,0,86,0,0,0,0,0,0,0,0,0,0,0,0,0,0,0,0,255,255,0,0,0,0,0,0,114,198,255,255,255,170,0,0,0,0,0,0,0,0,0,0,0,0,0,0,226,255,0,0,0,0,0,198,255,255,255,170,255,255,86,0,0,0,0,0,0,0,0,0,0,0,0,0,114,255,114,0,0,0,170,255,170,29,0,0,86,255,255,29,0,0,0,0,0,0,0,0,0,0,0,0,29,255,255,0,0,57,255,226,0,0,0,0,0,114,255,141,0,0,0,0,0,0,0,0,0,0,0,0,0,198,255,141,0,141,255,86,0,0,0,0,0,86,255,170,0,0,0,0,0,0,0,0,0,0,0,0,0,29,255,255,141,86,255,114,0,0,0,0,0,86,255,114,0,0,0,0,0,0,0,0,0,0,0,0,0,0,114,255,255,226,255,198,0,0,0,0,0,86,255,57,0,0,0,0,0,0,0,0,0,0,0,0,0,0,0,170,255,255,255,255,86,0,0,0,0,226,255,0,0,0,0,0,0,0,0,0,0,0,0,0,0,0,0,0,170,255,255,255,255,114,29,86,198,255,114,0,0,0,0,0,0,0,0,0,0,0,0,0,0,0,0,0,0,114,226,255,255,255,255,255,255,198,0,0,0,0,0,0,0,0,0,0,0,0,0,0,0,0,0,0,0,0,29,114,170,255,255,198,114,0,0,0,0,0,0,0,0,0,0,0,0,0,0,0,0,0,0,0,0,0,0,0,0,0,0,0,0,0,0,0,0,0,0,0,0,0,0,0,0,0,0,0,0,0,0,0,0,0,0,0,0,0,0,0,0,0,0,0,0,0,0,0,0,0,0,0,0,0,0,0,0,0,0,0,0,0,0,0,0,0,0,0,0,0,0,0,0,0,0,0,0,0,0,0,0,0,0,0,0,0,0,0,0,0,0,0,0,0,0,0,0,0,0,0,0,0,0,0,0,0,0,0,0,0,0,0,0,0,0,0,0,0,0,0,0,0,0,0,0,0,0,0,0,0,0,0,0
9,0,0,0,0,0,0,0,0,0,0,0,0,0,0,0,0,0,0,0,0,0,0,0,0,0,0,0,0,0,0,0,0,0,0,0,0,0,0,0,0,0,0,0,0,0,0,0,0,0,0,0,0,0,0,0,0,0,0,0,0,0,0,0,0,0,0,0,0,0,0,0,0,0,0,0,0,0,0,0,0,0,0,0,0,0,0,0,0,0,0,0,0,0,0,0,0,0,0,0,0,0,0,0,0,0,0,0,0,0,0,0,0,0,0,0,0,0,0,0,0,0,0,0,0,0,0,0,0,0,0,0,0,0,0,0,0,0,0,0,0,0,0,0,0,0,0,0,0,0,0,0,0,0,0,0,0,0,0,0,0,0,0,0,0,0,0,0,0,0,0,0,0,0,0,0,0,0,0,0,0,0,0,0,0,0,0,0,0,0,0,0,0,0,0,0,0,0,0,0,0,0,0,0,0,0,0,0,0,8,102,161,160,160,195,130,0,0,0,0,0,0,0,0,0,0,0,0,0,0,0,0,0,0,0,0,58,216,254,254,234,217,240,248,105,0,0,0,0,0,0,0,0,0,0,0,0,0,0,0,0,0,12,135,252,253,174,56,27,3,64,246,235,0,0,0,0,0,0,0,0,0,0,0,0,0,0,0,0,15,190,254,237,89,0,0,0,0,23,241,235,0,0,0,0,0,0,0,0,0,0,0,0,0,0,0,43,197,250,175,18,0,0,0,0,0,94,254,252,236,26,0,0,0,0,0,0,0,0,0,0,0,0,12,190,254,186,0,0,0,78,114,114,117,238,254,254,254,103,0,0,0,0,0,0,0,0,0,0,0,0,104,254,220,14,0,0,0,28,188,254,254,254,189,221,254,72,0,0,0,0,0,0,0,0,0,0,0,0,104,254,136,0,0,0,0,0,122,243,254,125,71,252,235,7,0,0,0,0,0,0,0,0,0,0,0,0,59,254,247,139,123,123,123,192,254,190,93,21,189,251,116,0,0,0,0,0,0,0,0,0,0,0,0,0,3,156,254,254,254,254,254,218,135,32,0,76,254,235,0,0,0,0,0,0,0,0,0,0,0,0,0,0,0,0,18,102,157,95,84,0,0,0,3,192,254,117,0,0,0,0,0,0,0,0,0,0,0,0,0,0,0,0,0,0,0,0,0,0,0,0,94,254,197,5,0,0,0,0,0,0,0,0,0,0,0,0,0,0,0,0,0,0,0,0,0,0,0,55,200,223,32,0,0,0,0,0,0,0,0,0,0,0,0,0,0,0,0,0,0,0,0,0,0,0,0,160,254,116,0,0,0,0,0,0,0,0,0,0,0,0,0,0,0,0,0,0,0,0,0,0,0,0,115,252,227,6,0,0,0,0,0,0,0,0,0,0,0,0,0,0,0,0,0,0,0,0,0,0,0,8,202,251,104,0,0,0,0,0,0,0,0,0,0,0,0,0,0,0,0,0,0,0,0,0,0,0,0,161,255,149,0,0,0,0,0,0,0,0,0,0,0,0,0,0,0,0,0,0,0,0,0,0,0,0,7,203,194,50,0,0,0,0,0,0,0,0,0,0,0,0,0,0,0,0,0,0,0,0,0,0,0,0,110,243,84,0,0,0,0,0,0,0,0,0,0,0,0,0,0,0,0,0,0,0,0,0,0,0,0,0,88,125,0,0,0,0,0,0,0,0,0,0,0,0,0,0,0,0,0,0,0,0,0,0,0,0,0,0,0,0,0,0,0,0,0,0,0,0,0,0,0,0,0,0
4,0,0,0,0,0,0,0,0,0,0,0,0,0,0,0,0,0,0,0,0,0,0,0,0,0,0,0,0,0,0,0,0,0,0,0,0,0,0,0,0,0,0,0,0,0,0,0,0,0,0,0,0,0,0,0,0,0,0,0,0,0,0,0,0,0,0,0,0,0,0,0,0,0,0,0,0,0,0,0,0,0,0,0,0,0,0,0,0,0,0,0,0,0,0,0,0,0,0,0,0,0,0,0,0,0,0,0,0,0,0,0,0,0,0,0,0,0,0,0,0,0,0,0,0,0,0,0,0,0,0,0,0,0,0,0,0,0,0,0,0,0,0,0,0,0,0,0,0,0,0,0,0,0,0,0,0,0,0,0,0,0,185,235,52,0,0,0,0,0,0,0,0,0,0,0,0,0,0,0,0,0,0,0,0,0,0,0,0,62,247,253,99,0,0,0,0,0,0,0,0,0,0,0,0,0,0,35,201,142,26,0,0,0,0,0,46,225,253,173,12,0,0,0,0,0,0,0,0,0,0,0,0,0,0,99,253,250,109,0,0,0,0,0,114,253,248,47,0,0,0,0,0,0,0,0,0,0,0,0,0,0,37,211,253,185,0,0,0,0,0,39,223,253,194,0,0,0,0,0,0,0,0,0,0,0,0,0,0,8,196,253,253,99,0,0,0,0,0,220,253,253,109,0,0,0,0,0,0,0,0,0,0,0,0,0,5,81,253,253,137,20,12,108,170,122,122,248,253,167,11,0,0,0,0,0,0,0,0,0,0,0,0,0,148,253,253,253,167,253,253,253,254,253,253,253,220,22,0,0,0,0,0,0,0,0,0,0,0,0,0,0,182,253,253,253,253,253,253,253,255,253,253,253,117,0,0,0,0,0,0,0,0,0,0,0,0,0,0,154,248,253,253,215,143,143,143,191,254,253,253,137,12,0,0,0,0,0,0,0,0,0,0,0,0,0,0,178,254,254,247,48,0,0,0,15,207,255,254,155,0,0,0,0,0,0,0,0,0,0,0,0,0,0,0,177,198,177,60,0,0,0,21,196,255,253,198,8,0,0,0,0,0,0,0,0,0,0,0,0,0,0,0,31,8,0,0,0,0,0,14,227,254,227,27,0,0,0,0,0,0,0,0,0,0,0,0,0,0,0,0,0,0,0,0,0,0,0,51,238,252,171,0,0,0,0,0,0,0,0,0,0,0,0,0,0,0,0,0,0,0,0,0,0,0,30,231,253,173,0,0,0,0,0,0,0,0,0,0,0,0,0,0,0,0,0,0,0,0,0,0,0,0,84,253,253,134,0,0,0,0,0,0,0,0,0,0,0,0,0,0,0,0,0,0,0,0,0,0,0,160,245,253,205,10,0,0,0,0,0,0,0,0,0,0,0,0,0,0,0,0,0,0,0,0,0,0,0,189,253,253,253,0,0,0,0,0,0,0,0,0,0,0,0,0,0,0,0,0,0,0,0,0,0,0,0,232,253,253,186,0,0,44,5,0,0,0,0,0,0,0,0,0,0,0,0,0,0,0,0,0,0,0,0,88,234,176,33,0,0,0,10,159,24,0,0,0,0,0,0,0,0,0,0,0,0,0,0,0,0,0,0,0,0,0,0,0,0,0,0,0,0,0,0,0,0,0,0,0,0,0,0,0,0,0,0,0,0,0,0,0,0,0,0,0,0,0,0,0,0,0,0,0,0,0,0,0,0,0,0,0,0,0,0,0,0,0,0,0,0,0,0,0,0,0,0,0,0,0,0,0,0,0,0,0
2,0,0,0,0,0,0,0,0,0,0,0,0,0,0,0,0,0,0,0,0,0,0,0,0,0,0,0,0,0,0,0,0,0,0,0,0,0,0,0,0,0,0,0,0,0,0,0,0,0,0,0,0,0,0,0,0,0,0,0,0,0,0,0,0,0,0,0,0,0,0,0,0,0,0,0,0,0,0,0,0,0,0,0,0,0,0,0,0,0,0,0,0,0,0,0,0,0,0,0,0,0,86,57,0,0,0,0,0,0,0,0,0,0,0,0,0,0,0,0,0,0,0,0,0,0,0,0,29,170,255,255,255,170,29,0,0,0,0,0,0,0,0,0,0,0,0,0,0,0,0,0,0,0,0,86,226,255,226,86,141,255,141,0,0,0,0,0,0,0,0,0,0,0,0,0,0,0,0,0,0,0,0,57,255,170,29,0,0,170,198,0,0,0,0,0,0,0,0,0,0,0,0,0,0,0,0,0,0,0,0,0,0,0,0,0,0,170,255,0,0,0,0,0,0,0,0,0,0,0,0,0,0,0,0,0,0,0,0,0,0,0,0,0,0,255,170,0,0,0,0,0,0,0,0,0,0,0,0,0,0,0,0,0,0,0,0,0,0,0,0,0,29,255,141,0,0,0,0,0,0,0,0,0,0,0,0,0,0,0,0,0,0,0,0,0,0,0,0,0,114,226,29,0,0,0,0,0,0,0,0,0,0,0,0,0,0,0,0,0,0,0,0,0,0,0,0,57,226,170,0,0,0,0,0,0,0,0,0,0,0,0,0,0,0,0,57,86,141,170,170,170,141,57,0,114,255,86,0,0,0,0,0,0,0,0,0,0,0,0,0,29,114,198,255,255,198,170,170,170,198,255,226,255,198,0,0,0,0,0,0,0,0,0,0,0,0,0,114,226,226,141,57,0,0,0,0,0,0,29,255,255,198,0,0,0,0,0,0,0,0,0,0,0,29,170,255,170,29,0,0,0,0,0,0,0,0,170,255,255,255,114,0,0,0,0,0,0,0,0,0,57,255,226,0,0,0,0,0,0,0,0,0,0,198,255,226,170,255,141,0,0,0,0,0,0,0,0,0,226,226,29,0,0,0,0,0,0,0,0,29,170,255,226,29,86,255,170,0,0,0,0,0,0,0,0,0,255,114,0,0,0,0,0,0,0,0,114,226,255,198,29,0,86,255,170,0,0,0,0,0,0,0,0,0,255,114,0,0,0,0,0,29,86,198,255,226,86,0,0,0,86,255,114,0,0,0,0,0,0,0,0,0,170,255,198,170,170,170,255,255,255,255,141,0,0,0,0,0,86,255,114,0,0,0,0,0,0,0,0,0,0,57,170,170,170,170,114,86,0,0,0,0,0,0,0,0,86,255,57,0,0,0,0,0,0,0,0,0,0,0,0,0,0,0,0,0,0,0,0,0,0,0,0,0,0,0,0,0,0,0,0,0,0,0,0,0,0,0,0,0,0,0,0,0,0,0,0,0,0,0,0,0,0,0,0,0,0,0,0,0,0,0,0,0,0,0,0,0,0,0,0,0,0,0,0,0,0,0,0,0,0,0,0,0,0,0,0,0,0,0,0,0,0,0,0,0,0,0,0,0,0,0,0,0,0,0,0,0,0,0,0,0,0,0,0,0,0,0,0,0,0,0,0,0,0,0,0,0,0,0,0,0,0,0,0,0,0,0,0,0,0,0,0,0,0,0,0,0,0,0,0,0,0,0,0,0,0,0,0,0,0,0,0,0,0,0,0,0,0,0,0,0,0,0
4,0,0,0,0,0,0,0,0,0,0,0,0,0,0,0,0,0,0,0,0,0,0,0,0,0,0,0,0,0,0,0,0,0,0,0,0,0,0,0,0,0,0,0,0,0,0,0,0,0,0,0,0,0,0,0,0,0,0,0,0,0,0,0,0,0,0,0,0,0,0,0,0,0,0,0,0,0,0,0,0,0,0,0,0,0,0,0,0,0,0,0,0,0,0,0,0,0,0,0,0,0,0,0,0,0,0,0,0,0,0,0,0,0,0,0,0,0,0,0,0,0,0,0,0,0,0,0,0,0,0,0,0,0,0,0,0,0,0,0,0,0,0,0,0,0,0,0,0,0,0,0,0,0,0,0,0,0,0,0,0,0,0,0,0,0,0,0,0,0,0,0,0,0,0,0,0,0,0,0,0,0,0,0,0,0,25,231,255,114,0,0,0,0,0,0,0,0,0,0,0,0,0,0,0,0,35,118,118,207,139,8,0,0,129,253,226,21,0,0,0,0,0,0,0,0,0,0,0,0,0,0,0,68,224,253,253,253,253,98,0,25,240,253,98,0,0,0,0,0,0,0,0,0,0,0,0,0,0,0,0,150,254,227,49,110,41,8,0,79,253,253,0,0,0,0,0,0,0,0,0,0,0,0,0,0,0,0,16,217,254,61,0,0,0,0,0,79,253,253,0,0,0,0,0,0,0,0,0,0,0,0,0,0,0,0,100,254,218,15,0,0,0,0,0,79,254,254,0,0,0,0,0,0,0,0,0,0,0,0,0,0,0,0,136,253,195,0,0,0,0,0,0,79,253,253,8,0,0,0,0,0,0,0,0,0,0,0,0,0,0,0,204,253,128,0,0,0,0,19,79,132,253,253,183,12,0,0,0,0,0,0,0,0,0,0,0,0,0,0,234,253,23,0,13,92,136,239,253,253,253,253,254,91,0,0,0,0,0,0,0,0,0,0,0,0,0,0,196,253,218,195,213,253,253,254,125,88,245,253,155,122,0,0,0,0,0,0,0,0,0,0,0,0,0,0,106,240,255,254,254,199,120,38,0,79,254,254,0,0,0,0,0,0,0,0,0,0,0,0,0,0,0,0,0,68,136,135,68,3,0,0,0,79,253,253,0,0,0,0,0,0,0,0,0,0,0,0,0,0,0,0,0,0,0,0,0,0,0,0,0,79,253,222,0,0,0,0,0,0,0,0,0,0,0,0,0,0,0,0,0,0,0,0,0,0,0,0,0,79,253,155,0,0,0,0,0,0,0,0,0,0,0,0,0,0,0,0,0,0,0,0,0,0,0,0,0,79,253,193,0,0,0,0,0,0,0,0,0,0,0,0,0,0,0,0,0,0,0,0,0,0,0,0,0,79,254,254,0,0,0,0,0,0,0,0,0,0,0,0,0,0,0,0,0,0,0,0,0,0,0,0,0,79,253,253,0,0,0,0,0,0,0,0,0,0,0,0,0,0,0,0,0,0,0,0,0,0,0,0,0,79,253,253,176,27,0,0,0,0,0,0,0,0,0,0,0,0,0,0,0,0,0,0,0,0,0,0,0,6,220,253,254,39,0,0,0,0,0,0,0,0,0,0,0,0,0,0,0,0,0,0,0,0,0,0,0,0,100,253,133,9,0,0,0,0,0,0,0,0,0,0,0,0,0,0,0,0,0,0,0,0,0,0,0,0,0,0,0,0,0,0,0,0,0,0,0,0,0,0,0,0,0,0,0,0,0,0,0,0,0,0,0,0,0,0,0,0,0,0,0,0,0,0,0
4,0,0,0,0,0,0,0,0,0,0,0,0,0,0,0,0,0,0,0,0,0,0,0,0,0,0,0,0,0,0,0,0,0,0,0,0,0,0,0,0,0,0,0,0,0,0,0,0,0,0,0,0,0,0,0,0,0,0,0,0,0,0,0,0,0,0,0,0,0,0,0,0,0,0,0,0,0,0,0,0,0,0,0,0,0,0,0,0,0,0,0,0,0,0,0,0,0,0,0,0,0,0,0,0,0,0,0,0,0,0,0,0,0,0,0,0,0,0,0,0,0,0,0,0,0,0,0,0,0,0,0,0,0,0,0,0,0,0,0,0,0,0,0,0,0,0,0,0,0,0,0,0,0,0,0,0,0,0,0,96,128,3,0,0,0,0,0,0,0,0,0,0,0,0,0,0,0,24,163,217,28,0,0,0,0,0,88,231,253,44,0,0,0,0,0,0,0,0,0,0,0,0,0,0,0,117,253,217,14,0,0,0,0,0,161,253,253,82,0,0,0,0,0,0,0,0,0,0,0,0,0,0,14,220,253,196,0,0,0,0,0,23,209,253,253,40,0,0,0,0,0,0,0,0,0,0,0,0,0,0,100,253,253,110,0,0,0,0,0,128,253,253,174,1,0,0,0,0,0,0,0,0,0,0,0,0,0,6,219,253,215,22,0,0,0,0,0,169,253,251,86,0,0,0,0,0,0,0,0,0,0,0,0,0,0,141,253,253,168,0,0,0,0,0,39,228,253,234,0,0,0,0,0,0,0,0,0,0,0,0,0,0,83,219,253,220,34,0,0,0,0,23,192,253,253,120,150,62,0,0,0,0,0,0,0,0,0,0,0,0,162,253,253,229,56,29,5,0,0,24,232,253,247,65,206,231,216,146,0,0,0,0,0,0,0,0,0,132,238,253,253,253,253,253,197,188,129,152,253,253,223,95,116,214,253,253,0,0,0,0,0,0,0,0,150,254,254,254,229,254,254,254,254,254,255,254,254,254,254,254,254,254,254,254,0,0,0,0,0,0,0,0,254,253,251,125,18,28,94,142,215,215,254,253,253,253,232,232,240,215,170,87,0,0,0,0,0,0,0,0,209,247,129,0,0,0,0,0,0,42,254,253,249,87,25,25,37,0,0,0,0,0,0,0,0,0,0,0,0,32,0,0,0,0,0,0,82,231,254,241,102,0,0,0,0,0,0,0,0,0,0,0,0,0,0,0,0,0,0,0,0,0,0,0,139,253,254,229,21,0,0,0,0,0,0,0,0,0,0,0,0,0,0,0,0,0,0,0,0,0,0,26,232,253,254,131,0,0,0,0,0,0,0,0,0,0,0,0,0,0,0,0,0,0,0,0,0,0,0,88,253,253,254,28,0,0,0,0,0,0,0,0,0,0,0,0,0,0,0,0,0,0,0,0,0,0,0,241,253,253,114,1,0,0,0,0,0,0,0,0,0,0,0,0,0,0,0,0,0,0,0,0,0,0,32,237,253,253,0,0,0,0,0,0,0,0,0,0,0,0,0,0,0,0,0,0,0,0,0,0,0,0,0,95,148,65,0,0,0,0,0,0,0,0,0,0,0,0,0,0,0,0,0,0,0,0,0,0,0,0,0,0,0,0,0,0,0,0,0,0,0,0,0,0,0,0,0,0,0,0,0,0,0,0,0,0,0,0,0,0,0,0,0,0,0,0,0,0,0,0,0,0,0,0,0,0,0,0,0,0,0,0,0,0,0,0,0,0,0,0,0,0,0,0,0,0,0,0,0,0,0,0,0,0
3,0,0,0,0,0,0,0,0,0,0,0,0,0,0,0,0,0,0,0,0,0,0,0,0,0,0,0,0,0,0,0,0,0,0,0,0,0,0,0,0,0,0,0,0,0,0,0,0,0,0,0,0,0,0,0,0,0,0,0,0,0,0,0,0,0,0,0,0,0,0,0,0,0,0,0,0,0,0,0,0,0,0,0,0,0,0,0,0,0,0,0,0,0,0,0,0,0,0,0,0,0,0,0,0,0,0,0,0,0,0,0,0,0,0,0,0,0,0,0,0,0,0,16,191,255,253,253,253,255,128,31,0,0,0,0,0,0,0,0,0,0,0,0,0,0,0,0,0,0,0,37,252,253,252,252,252,253,252,227,93,0,0,0,0,0,0,0,0,0,0,0,0,0,0,0,0,0,0,120,252,253,252,252,252,253,252,252,128,0,0,0,0,0,0,0,0,0,0,0,0,0,0,0,0,0,0,16,190,253,252,252,252,253,252,252,168,0,0,0,0,0,0,0,0,0,0,0,0,0,0,0,0,0,0,21,143,83,0,181,252,253,252,215,0,0,0,0,0,0,0,0,0,0,0,0,0,0,0,0,0,0,0,0,0,0,105,242,252,253,252,91,0,0,0,0,0,0,0,0,0,0,0,0,0,0,0,0,0,0,11,37,120,182,242,252,252,253,252,71,0,0,0,0,0,0,0,0,0,0,0,0,0,0,0,0,0,63,175,252,252,253,252,252,252,253,252,154,0,0,0,0,0,0,0,0,0,0,0,0,0,0,0,0,63,253,253,253,253,255,253,253,253,255,253,253,253,192,15,0,0,0,0,0,0,0,0,0,0,0,0,0,104,210,252,252,252,253,252,252,252,253,252,252,252,253,77,0,0,0,0,0,0,0,0,0,0,0,0,0,0,31,113,215,215,217,215,132,132,72,71,175,236,253,231,52,0,0,0,0,0,0,0,0,0,0,0,0,0,0,0,0,0,0,0,0,0,0,0,0,144,253,252,71,0,0,0,0,0,0,0,0,0,0,0,0,0,0,0,0,0,0,0,0,0,0,0,16,191,255,253,72,0,0,0,0,0,0,0,0,0,0,0,0,0,0,0,0,0,0,0,0,0,0,63,222,252,253,148,10,0,0,0,0,0,0,0,0,0,0,0,0,0,0,0,0,0,0,0,0,0,99,201,252,252,253,56,0,0,0,0,0,0,0,0,0,0,0,0,105,144,144,144,144,144,145,144,144,144,253,252,252,252,253,179,0,0,0,0,0,0,0,0,0,0,0,0,182,253,253,253,253,253,255,253,253,253,255,253,253,253,208,20,0,0,0,0,0,0,0,0,0,0,0,21,201,252,252,252,252,252,253,252,252,252,253,252,241,179,20,0,0,0,0,0,0,0,0,0,0,0,0,21,92,215,215,247,252,252,253,252,252,252,253,179,61,0,0,0,0,0,0,0,0,0,0,0,0,0,0,0,0,0,0,93,108,108,108,108,211,252,108,15,0,0,0,0,0,0,0,0,0,0,0,0,0,0,0,0,0,0,0,0,0,0,0,0,0,0,0,0,0,0,0,0,0,0,0,0,0,0,0,0,0,0,0,0,0,0,0,0,0,0,0,0,0,0,0,0,0,0,0,0,0,0,0,0,0,0,0,0,0,0,0,0,0,0,0,0,0,0,0,0,0,0,0,0,0,0,0,0,0,0,0,0,0,0,0,0,0,0,0,0,0,0,0,0,0,0,0,0,0,0,0,0,0,0,0,0,0,0,0,0,0,0
0,0,0,0,0,0,0,0,0,0,0,0,0,0,0,0,0,0,0,0,0,0,0,0,0,0,0,0,0,0,0,0,0,0,0,0,0,0,0,0,0,0,0,0,0,0,0,0,0,0,0,0,0,0,0,0,0,0,0,0,0,0,0,0,0,0,0,0,0,0,0,0,0,0,0,0,0,0,0,0,0,0,0,0,0,0,0,0,0,0,0,0,0,0,0,0,0,0,0,0,0,0,0,0,0,0,0,0,0,0,0,0,0,0,0,0,0,0,0,0,0,0,0,0,0,0,0,0,0,0,0,0,0,0,0,0,0,0,0,0,0,0,0,0,0,0,0,0,0,0,0,0,0,103,228,254,254,254,255,85,0,0,0,0,0,0,0,0,0,0,0,0,0,0,0,0,0,0,0,0,0,209,253,253,253,253,253,229,103,0,0,0,0,0,0,0,0,0,0,0,0,0,0,0,0,0,0,0,138,251,253,253,253,253,253,253,252,149,0,0,0,0,0,0,0,0,0,0,0,0,0,0,0,0,41,151,250,253,253,253,253,151,110,219,253,251,96,0,0,0,0,0,0,0,0,0,0,0,0,0,0,0,148,253,253,253,253,253,83,7,0,120,253,253,153,0,0,0,0,0,0,0,0,0,0,0,0,0,0,0,228,253,253,253,227,128,8,0,0,40,253,253,234,0,0,0,0,0,0,0,0,0,0,0,0,0,0,0,228,253,253,253,137,0,0,0,0,40,253,253,234,0,0,0,0,0,0,0,0,0,0,0,0,0,0,0,228,253,253,188,36,0,0,0,0,40,253,253,234,0,0,0,0,0,0,0,0,0,0,0,0,0,0,84,248,253,185,9,0,0,0,0,0,143,253,253,234,0,0,0,0,0,0,0,0,0,0,0,0,0,0,205,253,253,68,0,0,0,0,0,0,169,253,253,200,0,0,0,0,0,0,0,0,0,0,0,0,0,26,239,253,253,38,0,0,0,0,0,11,189,253,253,104,0,0,0,0,0,0,0,0,0,0,0,0,0,112,253,253,234,31,0,0,0,0,11,156,253,253,248,83,0,0,0,0,0,0,0,0,0,0,0,0,0,112,253,253,162,0,0,0,0,0,76,253,253,253,203,0,0,0,0,0,0,0,0,0,0,0,0,0,0,112,253,253,162,0,0,0,11,136,230,253,253,231,32,0,0,0,0,0,0,0,0,0,0,0,0,0,0,112,253,253,162,0,0,10,157,253,253,253,231,126,0,0,0,0,0,0,0,0,0,0,0,0,0,0,0,43,242,253,162,0,9,158,253,253,253,248,76,0,0,0,0,0,0,0,0,0,0,0,0,0,0,0,0,0,157,253,216,150,182,253,253,253,249,125,0,0,0,0,0,0,0,0,0,0,0,0,0,0,0,0,0,0,46,239,253,253,253,253,253,250,124,0,0,0,0,0,0,0,0,0,0,0,0,0,0,0,0,0,0,0,0,155,252,253,253,251,247,123,0,0,0,0,0,0,0,0,0,0,0,0,0,0,0,0,0,0,0,0,0,0,154,253,145,89,0,0,0,0,0,0,0,0,0,0,0,0,0,0,0,0,0,0,0,0,0,0,0,0,0,0,0,0,0,0,0,0,0,0,0,0,0,0,0,0,0,0,0,0,0,0,0,0,0,0,0,0,0,0,0,0,0,0,0,0,0,0,0,0,0,0,0,0,0,0,0,0,0,0,0,0,0,0,0,0,0,0,0,0,0,0,0,0,0,0,0,0,0,0,0,0,0,0
7,0,0,0,0,0,0,0,0,0,0,0,0,0,0,0,0,0,0,0,0,0,0,0,0,0,0,0,0,0,0,0,0,0,0,0,0,0,0,0,0,0,0,0,0,0,0,0,0,0,0,0,0,0,0,0,0,0,0,0,0,0,0,0,0,0,0,0,0,0,0,0,0,0,0,0,0,0,0,0,0,0,0,0,0,0,0,0,0,0,0,0,0,0,0,0,0,0,0,0,0,0,0,0,0,0,0,0,0,0,0,0,0,0,0,0,0,0,0,0,0,0,0,0,0,0,0,0,0,0,0,0,0,0,0,0,0,0,0,0,0,0,0,0,0,0,0,0,0,0,0,0,0,0,0,0,0,0,0,0,0,0,0,0,0,0,0,0,0,0,0,0,0,0,0,0,0,0,0,0,0,0,0,0,0,0,0,0,0,0,0,0,0,0,0,0,0,0,0,0,0,0,0,0,0,0,0,0,0,0,0,0,0,0,0,7,29,229,242,97,0,0,0,0,0,0,0,0,0,0,0,0,0,0,0,13,57,32,0,0,0,0,32,76,228,252,247,116,0,0,0,0,0,0,0,0,0,0,0,0,0,0,147,209,252,228,185,85,85,185,229,252,252,252,175,0,0,0,0,0,0,0,0,0,0,0,0,0,0,201,253,252,252,252,253,252,252,252,253,252,252,151,25,0,0,0,0,0,0,0,0,0,0,0,0,0,98,253,255,209,25,51,126,175,137,13,16,216,253,78,0,0,0,0,0,0,0,0,0,0,0,0,0,26,222,252,184,28,0,0,0,0,0,0,104,252,196,9,0,0,0,0,0,0,0,0,0,0,0,0,0,26,156,118,50,0,0,0,0,0,0,138,229,227,56,0,0,0,0,0,0,0,0,0,0,0,0,0,0,0,0,0,0,0,0,0,0,0,76,237,241,65,6,0,0,0,0,0,0,0,0,0,0,0,0,0,0,0,0,0,0,0,0,0,0,32,229,253,188,38,0,0,0,0,0,0,0,0,0,0,0,0,0,0,0,0,0,0,0,0,0,0,19,187,252,202,75,0,0,0,0,0,0,0,0,0,0,0,0,0,0,0,0,0,0,0,0,0,0,0,66,252,252,164,0,0,0,0,0,0,0,0,0,0,0,0,0,0,0,0,0,0,0,0,0,0,0,51,241,252,214,28,0,0,0,0,0,0,0,0,0,0,0,0,0,0,0,0,0,0,0,0,0,0,0,176,254,247,50,0,0,0,0,0,0,0,0,0,0,0,0,0,0,0,0,0,0,0,0,0,0,0,132,243,234,65,0,0,0,0,0,0,0,0,0,0,0,0,0,0,0,0,0,0,0,0,0,0,0,132,240,252,50,0,0,0,0,0,0,0,0,0,0,0,0,0,0,0,0,0,0,0,0,0,0,0,76,243,252,102,0,0,0,0,0,0,0,0,0,0,0,0,0,0,0,0,0,0,0,0,0,0,0,114,254,228,31,0,0,0,0,0,0,0,0,0,0,0,0,0,0,0,0,0,0,0,0,0,0,0,38,200,253,214,19,0,0,0,0,0,0,0,0,0,0,0,0,0,0,0,0,0,0,0,0,0,0,0,154,246,181,43,0,0,0,0,0,0,0,0,0,0,0,0,0,0,0,0,0,0,0,0,0,0,0,26,222,202,75,0,0,0,0,0,0,0,0,0,0,0,0,0,0,0,0,0,0,0,0,0,0,0,0,0,0,0,0,0,0,0,0,0,0,0,0,0,0,0,0,0,0,0,0,0,0
0,0,0,0,0,0,0,0,0,0,0,0,0,0,0,0,0,0,0,0,0,0,0,0,0,0,0,0,0,0,0,0,0,0,0,0,0,0,0,0,0,0,0,0,0,0,0,0,0,0,0,0,0,0,0,0,0,0,0,0,0,0,0,0,0,0,0,0,0,0,0,0,0,0,0,0,0,0,0,0,0,0,0,0,0,0,0,0,0,0,0,0,0,0,0,0,0,0,0,0,0,0,0,0,0,0,0,0,0,0,0,0,0,0,0,0,0,0,0,0,0,0,0,0,0,0,0,0,0,0,0,0,0,0,0,0,0,0,0,0,0,0,0,0,0,0,0,0,0,0,0,0,34,27,0,0,0,0,0,0,0,0,0,0,0,0,0,0,0,0,0,0,0,0,0,0,0,17,70,200,218,196,23,183,200,200,158,16,0,0,0,0,0,0,0,0,0,0,0,0,0,0,0,0,0,182,253,253,253,253,198,154,253,253,253,172,0,0,0,0,0,0,0,0,0,0,0,0,0,0,0,46,247,253,253,202,160,141,7,228,253,253,253,253,134,0,0,0,0,0,0,0,0,0,0,0,0,0,16,172,253,239,191,28,0,5,119,248,253,253,253,253,225,52,0,0,0,0,0,0,0,0,0,0,0,0,185,253,253,160,0,0,0,31,253,253,253,253,253,253,253,225,51,0,0,0,0,0,0,0,0,0,0,0,254,253,253,15,0,0,0,2,95,122,14,14,14,123,253,253,239,85,16,0,0,0,0,0,0,0,0,0,254,253,235,6,0,0,0,0,0,0,0,0,0,5,138,230,253,253,64,0,0,0,0,0,0,0,0,0,255,253,107,0,0,0,0,0,0,0,0,0,0,0,0,62,253,253,199,0,0,0,0,0,0,0,0,0,254,253,240,6,0,0,0,0,0,0,0,0,0,0,0,6,170,253,248,91,0,0,0,0,0,0,0,0,254,253,253,7,0,0,0,0,0,0,0,0,0,0,0,0,148,253,253,207,0,0,0,0,0,0,0,0,254,253,253,7,0,0,0,0,0,0,0,0,0,0,0,0,8,253,253,253,0,0,0,0,0,0,0,0,254,253,253,142,0,0,0,0,0,0,0,0,0,0,0,0,8,253,253,253,0,0,0,0,0,0,0,0,245,253,253,222,146,7,0,0,0,0,0,0,0,0,0,0,112,253,253,253,0,0,0,0,0,0,0,0,55,158,253,253,253,177,7,0,0,0,0,0,0,0,0,29,203,253,253,182,0,0,0,0,0,0,0,0,0,7,38,210,253,253,218,197,62,62,62,62,62,62,132,225,253,253,169,15,0,0,0,0,0,0,0,0,0,0,0,90,246,253,253,253,253,253,253,253,253,253,253,253,253,179,17,0,0,0,0,0,0,0,0,0,0,0,0,0,23,204,253,253,253,253,253,253,253,253,253,227,140,0,0,0,0,0,0,0,0,0,0,0,0,0,0,0,0,25,45,45,45,45,59,199,156,45,45,34,0,0,0,0,0,0,0,0,0,0,0,0,0,0,0,0,0,0,0,0,0,0,0,0,0,0,0,0,0,0,0,0,0,0,0,0,0,0,0,0,0,0,0,0,0,0,0,0,0,0,0,0,0,0,0,0,0,0,0,0,0,0,0,0,0,0,0,0,0,0,0,0,0,0,0,0,0,0,0,0,0,0,0,0,0,0,0,0,0,0,0,0,0,0,0,0,0,0,0,0,0,0,0,0,0,0,0,0,0,0,0,0,0,0,0,0,0,0,0
7,0,0,0,0,0,0,0,0,0,0,0,0,0,0,0,0,0,0,0,0,0,0,0,0,0,0,0,0,0,0,0,0,0,0,0,0,0,0,0,0,0,0,0,0,0,0,0,0,0,0,0,0,0,0,0,0,0,0,0,0,0,0,0,0,0,0,0,0,0,0,0,0,0,0,0,0,0,0,0,0,0,0,0,0,0,0,0,0,0,0,0,0,0,0,0,0,0,0,0,0,0,0,0,0,0,0,0,0,0,0,0,0,0,0,0,0,0,0,0,0,0,0,0,0,0,0,0,0,0,0,0,0,0,0,0,0,0,0,0,0,0,0,0,0,0,0,0,0,0,0,0,0,0,0,0,0,0,0,0,0,0,0,0,0,0,0,0,0,0,0,0,0,0,0,0,0,0,0,0,0,0,0,0,0,0,0,0,0,0,0,0,0,0,0,0,0,0,0,0,0,0,0,0,0,0,0,0,0,0,141,114,170,170,198,255,226,0,0,0,0,0,0,0,0,0,0,0,0,0,0,0,0,0,0,0,0,198,255,255,255,255,255,255,226,0,0,0,0,0,0,0,0,0,0,0,0,0,0,0,0,0,0,0,198,255,255,255,57,86,198,255,86,0,0,0,0,0,0,0,0,0,0,0,0,0,0,0,0,0,0,198,255,255,226,29,0,0,255,255,0,0,0,0,0,0,0,0,0,0,0,0,0,0,0,0,0,0,170,255,255,226,29,0,0,86,255,114,0,0,0,0,0,0,0,0,0,0,0,0,0,0,0,0,0,0,198,255,114,0,0,0,0,226,255,0,0,0,0,0,0,0,0,0,0,0,0,0,0,0,0,0,0,0,29,57,0,0,0,0,57,255,141,0,0,0,0,0,0,0,0,0,0,0,0,0,0,0,0,0,0,0,0,0,0,0,0,0,226,255,29,0,0,0,0,0,0,0,0,0,0,0,0,0,0,0,0,0,0,0,0,0,0,0,0,57,255,226,0,0,0,0,0,0,0,0,0,0,0,0,0,0,0,0,0,0,0,0,0,0,0,0,0,255,255,57,0,0,0,0,0,0,0,0,0,0,0,0,0,0,0,0,0,0,0,0,0,0,0,0,114,255,226,0,0,0,0,0,0,0,0,0,0,0,0,0,0,0,0,0,0,0,0,0,0,0,0,29,255,255,86,0,0,0,0,0,0,0,0,0,0,0,0,0,0,0,0,0,0,0,0,0,0,0,0,170,255,170,0,0,0,0,0,0,0,0,0,0,0,0,0,0,0,0,0,0,0,0,0,0,0,0,29,255,226,0,0,0,0,0,0,0,0,0,0,0,0,0,0,0,0,0,0,0,0,0,0,0,0,0,226,255,29,0,0,0,0,0,0,0,0,0,0,0,0,0,0,0,0,0,0,0,0,0,0,0,0,170,255,86,0,0,0,0,0,0,0,0,0,0,0,0,0,0,0,0,0,0,0,0,0,0,0,0,86,255,226,0,0,0,0,0,0,0,0,0,0,0,0,0,0,0,0,0,0,0,0,0,0,0,0,0,255,255,29,0,0,0,0,0,0,0,0,0,0,0,0,0,0,0,0,0,0,0,0,0,0,0,0,114,255,86,0,0,0,0,0,0,0,0,0,0,0,0,0,0,0,0,0,0,0,0,0,0,0,0,0,226,170,0,0,0,0,0,0,0,0,0,0,0,0,0,0,0,0,0,0,0,0,0,0,0,0,0,0,0,0,0,0,0,0,0,0,0,0,0,0,0,0,0,0,0,0,0,0
9,0,0,0,0,0,0,0,0,0,0,0,0,0,0,0,0,0,0,0,0,0,0,0,0,0,0,0,0,0,0,0,0,0,0,0,0,0,0,0,0,0,0,0,0,0,0,0,0,0,0,0,0,0,0,0,0,0,0,0,0,0,0,0,0,0,0,0,0,0,0,0,0,0,0,0,0,0,0,0,0,0,0,0,0,0,0,0,0,0,0,0,0,0,0,0,0,0,0,0,0,0,0,0,0,0,0,0,0,0,0,0,0,0,0,0,0,0,0,0,0,0,0,0,0,0,0,0,0,0,0,0,0,0,0,0,0,0,0,0,0,0,0,0,0,0,0,0,0,0,0,0,0,0,0,0,0,0,0,0,0,0,0,0,0,0,0,0,0,0,0,0,0,0,0,0,0,0,0,0,0,100,225,254,254,255,254,238,48,0,0,0,0,0,0,0,0,0,0,0,0,0,0,0,0,0,0,143,248,252,253,135,100,157,253,253,157,0,0,0,0,0,0,0,0,0,0,0,0,0,0,0,0,0,98,232,253,164,109,3,0,46,253,253,227,0,0,0,0,0,0,0,0,0,0,0,0,0,0,0,0,41,235,253,221,30,0,0,0,46,253,253,227,0,0,0,0,0,0,0,0,0,0,0,0,0,0,0,0,216,253,220,41,0,0,0,0,97,253,253,176,0,0,0,0,0,0,0,0,0,0,0,0,0,0,0,0,228,253,168,0,0,0,0,19,204,253,241,62,0,0,0,0,0,0,0,0,0,0,0,0,0,0,0,0,85,243,240,175,18,0,64,187,253,253,177,0,0,0,0,0,0,0,0,0,0,0,0,0,0,0,0,0,0,222,253,253,218,209,242,253,253,253,91,0,0,0,0,0,0,0,0,0,0,0,0,0,0,0,0,0,0,45,186,253,253,253,253,253,253,242,65,0,0,0,0,0,0,0,0,0,0,0,0,0,0,0,0,0,0,0,20,98,188,188,203,253,253,214,0,0,0,0,0,0,0,0,0,0,0,0,0,0,0,0,0,0,0,0,0,0,0,0,156,253,253,184,0,0,0,0,0,0,0,0,0,0,0,0,0,0,0,0,0,0,0,0,0,0,0,14,202,253,244,67,0,0,0,0,0,0,0,0,0,0,0,0,0,0,0,0,0,0,0,0,0,0,0,66,253,253,207,0,0,0,0,0,0,0,0,0,0,0,0,0,0,0,0,0,0,0,0,0,0,0,0,66,253,253,207,0,0,0,0,0,0,0,0,0,0,0,0,0,0,0,0,0,0,0,0,0,0,0,0,149,253,253,124,0,0,0,0,0,0,0,0,0,0,0,0,0,0,0,0,0,0,0,0,0,0,0,0,196,253,253,78,0,0,0,0,0,0,0,0,0,0,0,0,0,0,0,0,0,0,0,0,0,0,0,0,196,253,249,72,0,0,0,0,0,0,0,0,0,0,0,0,0,0,0,0,0,0,0,0,0,0,0,41,228,253,201,0,0,0,0,0,0,0,0,0,0,0,0,0,0,0,0,0,0,0,0,0,0,0,0,71,252,253,198,0,0,0,0,0,0,0,0,0,0,0,0,0,0,0,0,0,0,0,0,0,0,0,0,0,128,253,71,0,0,0,0,0,0,0,0,0,0,0,0,0,0,0,0,0,0,0,0,0,0,0,0,0,0,0,0,0,0,0,0,0,0,0,0,0,0,0,0,0,0,0,0,0,0,0,0,0,0,0,0,0,0,0,0,0,0,0,0,0,0,0,0,0,0,0,0
9,0,0,0,0,0,0,0,0,0,0,0,0,0,0,0,0,0,0,0,0,0,0,0,0,0,0,0,0,0,0,0,0,0,0,0,0,0,0,0,0,0,0,0,0,0,0,0,0,0,0,0,0,0,0,0,0,0,0,0,0,0,0,0,0,0,0,0,0,0,0,0,0,0,0,0,0,0,0,0,0,0,0,0,0,0,0,0,0,0,0,0,0,0,0,0,0,0,0,0,0,0,0,0,0,0,0,0,0,0,0,0,0,0,0,0,0,0,0,0,0,0,0,0,0,0,0,0,0,0,0,0,0,0,0,0,0,0,0,0,0,0,0,0,0,0,0,0,0,0,0,0,0,0,0,0,0,0,0,0,0,0,0,0,0,0,0,0,0,0,0,0,0,0,0,0,0,0,0,42,125,229,154,125,35,0,0,0,0,0,0,0,0,0,0,0,0,0,0,0,0,0,0,0,0,0,43,231,254,254,255,254,224,97,0,0,0,0,0,0,0,0,0,0,0,0,0,0,0,0,0,0,0,0,217,254,254,254,254,254,254,229,95,0,0,0,0,0,0,0,0,0,0,0,0,0,0,0,0,0,0,145,252,254,222,45,19,117,225,254,252,85,0,0,0,0,0,0,0,0,0,0,0,0,0,0,0,0,41,239,254,221,41,0,0,0,46,225,254,221,38,0,0,0,0,0,0,0,0,0,0,0,0,0,0,0,106,254,254,169,0,0,0,0,0,63,254,254,212,0,0,0,0,0,0,0,0,0,0,0,0,0,0,0,106,254,254,126,0,0,0,0,0,23,211,254,228,0,0,0,0,0,0,0,0,0,0,0,0,0,0,0,106,254,254,146,0,0,0,0,0,47,254,254,228,0,0,0,0,0,0,0,0,0,0,0,0,0,0,0,22,197,254,193,13,0,0,0,0,84,254,254,191,0,0,0,0,0,0,0,0,0,0,0,0,0,0,0,0,23,230,254,207,93,15,0,75,237,254,246,73,0,0,0,0,0,0,0,0,0,0,0,0,0,0,0,0,0,104,246,254,254,205,190,237,254,254,191,0,0,0,0,0,0,0,0,0,0,0,0,0,0,0,0,0,0,0,105,202,244,254,254,254,254,254,91,0,0,0,0,0,0,0,0,0,0,0,0,0,0,0,0,0,0,0,0,0,62,145,175,242,254,254,91,0,0,0,0,0,0,0,0,0,0,0,0,0,0,0,0,0,0,0,0,0,0,0,0,184,254,254,91,0,0,0,0,0,0,0,0,0,0,0,0,0,0,0,0,0,0,0,0,0,0,0,0,184,254,254,91,0,0,0,0,0,0,0,0,0,0,0,0,0,0,0,0,0,0,0,0,0,0,0,0,184,254,254,91,0,0,0,0,0,0,0,0,0,0,0,0,0,0,0,0,0,0,0,0,0,0,0,0,173,254,254,101,0,0,0,0,0,0,0,0,0,0,0,0,0,0,0,0,0,0,0,0,0,0,0,0,53,254,254,222,0,0,0,0,0,0,0,0,0,0,0,0,0,0,0,0,0,0,0,0,0,0,0,0,25,213,254,150,0,0,0,0,0,0,0,0,0,0,0,0,0,0,0,0,0,0,0,0,0,0,0,0,0,110,166,44,0,0,0,0,0,0,0,0,0,0,0,0,0,0,0,0,0,0,0,0,0,0,0,0,0,0,0,0,0,0,0,0,0,0,0,0,0,0,0,0,0,0,0,0,0,0,0,0,0,0,0,0,0,0,0,0,0,0,0,0,0,0,0,0,0
3,0,0,0,0,0,0,0,0,0,0,0,0,0,0,0,0,0,0,0,0,0,0,0,0,0,0,0,0,0,0,0,0,0,0,0,0,0,0,0,0,0,0,0,0,0,0,0,0,0,0,0,0,0,0,0,0,0,0,0,0,0,0,0,0,0,0,0,0,0,0,0,0,0,0,0,0,0,0,0,0,0,0,0,0,0,0,0,0,0,0,0,0,0,0,26,131,131,223,194,158,92,2,0,0,0,0,0,0,0,0,0,0,0,0,0,0,0,0,0,0,0,0,168,254,254,254,254,254,254,115,2,0,0,0,0,0,0,0,0,0,0,0,0,0,0,0,0,0,0,0,96,236,147,141,236,241,254,254,46,0,0,0,0,0,0,0,0,0,0,0,0,0,0,0,0,0,0,0,0,0,0,0,0,31,226,254,161,0,0,0,0,0,0,0,0,0,0,0,0,0,0,0,0,0,0,0,0,0,0,0,0,0,129,254,161,0,0,0,0,0,0,0,0,0,0,0,0,0,0,0,0,0,0,0,0,0,0,0,0,0,160,254,161,0,0,0,0,0,0,0,0,0,0,0,0,0,0,0,0,0,0,0,0,0,0,0,0,132,238,254,79,0,0,0,0,0,0,0,0,0,0,0,0,0,0,0,0,0,0,0,0,0,0,0,72,237,254,254,37,0,0,0,0,0,0,0,0,0,0,0,0,0,0,0,0,0,0,0,0,12,57,87,237,254,254,165,11,0,0,0,0,0,0,0,0,0,0,0,0,0,0,0,0,0,0,0,33,200,254,254,254,254,215,53,0,0,0,0,0,0,0,0,0,0,0,0,0,0,0,0,0,0,0,0,138,254,254,254,254,254,254,233,193,118,0,0,0,0,0,0,0,0,0,0,0,0,0,0,0,0,0,0,71,254,254,199,179,179,203,254,254,233,147,6,0,0,0,0,0,0,0,0,0,0,0,0,0,0,0,0,9,49,49,13,0,0,16,92,203,254,254,58,0,0,0,0,0,0,0,0,0,0,0,0,0,0,0,0,0,0,0,0,0,0,0,0,16,229,254,142,0,0,0,0,0,0,0,0,0,0,0,5,94,85,0,0,0,0,0,0,0,0,0,0,127,250,254,36,0,0,0,0,0,0,0,0,0,0,0,13,254,229,0,0,0,0,0,0,0,0,0,84,232,254,254,18,0,0,0,0,0,0,0,0,0,0,0,13,254,252,215,39,0,0,0,0,0,0,126,251,254,254,158,2,0,0,0,0,0,0,0,0,0,0,0,7,205,254,254,243,154,36,0,28,113,210,251,254,254,210,22,0,0,0,0,0,0,0,0,0,0,0,0,0,16,147,254,254,254,247,243,246,254,254,254,214,30,7,0,0,0,0,0,0,0,0,0,0,0,0,0,0,0,1,21,130,212,255,254,254,254,156,29,4,0,0,0,0,0,0,0,0,0,0,0,0,0,0,0,0,0,0,0,0,0,0,0,0,0,0,0,0,0,0,0,0,0,0,0,0,0,0,0,0,0,0,0,0,0,0,0,0,0,0,0,0,0,0,0,0,0,0,0,0,0,0,0,0,0,0,0,0,0,0,0,0,0,0,0,0,0,0,0,0,0,0,0,0,0,0,0,0,0,0,0,0,0,0,0,0,0,0,0,0,0,0,0,0,0,0,0,0,0,0,0,0,0,0,0,0,0,0,0,0,0,0,0,0,0,0,0,0,0,0,0,0,0,0,0,0,0,0,0,0,0,0,0,0,0,0,0,0,0,0
0,0,0,0,0,0,0,0,0,0,0,0,0,0,0,0,0,0,0,0,0,0,0,0,0,0,0,0,0,0,0,0,0,0,0,0,0,0,0,0,0,0,0,0,0,0,0,0,0,0,0,0,0,0,0,0,0,0,0,0,0,0,0,0,0,0,0,0,0,0,0,0,0,0,0,0,0,0,0,0,0,0,0,0,0,0,0,0,0,0,0,0,0,0,0,0,0,0,0,0,0,0,0,0,0,0,0,0,0,0,0,0,0,0,0,0,0,0,0,0,0,0,0,0,5,2,5,190,222,131,31,2,0,0,0,0,0,0,0,0,0,0,0,0,0,0,0,0,0,0,0,27,215,174,221,254,254,254,254,157,20,0,0,0,0,0,0,0,0,0,0,0,0,0,0,0,0,0,0,162,254,254,254,254,254,254,254,254,114,12,0,0,0,0,0,0,0,0,0,0,0,0,0,0,0,0,16,171,254,254,254,254,174,237,254,254,254,164,3,0,0,0,0,0,0,0,0,0,0,0,0,0,0,92,216,254,254,248,245,201,24,30,99,213,254,254,24,0,0,0,0,0,0,0,0,0,0,0,0,0,92,216,254,254,248,114,66,25,0,0,0,88,254,254,120,3,0,0,0,0,0,0,0,0,0,0,0,0,143,254,254,254,128,0,0,0,0,0,0,88,254,254,254,18,0,0,0,0,0,0,0,0,0,0,2,118,220,254,254,204,28,0,0,0,0,0,0,88,254,254,254,43,0,0,0,0,0,0,0,0,0,0,7,254,254,254,220,73,0,0,0,0,0,0,0,88,254,254,254,167,3,0,0,0,0,0,0,0,0,0,7,254,254,254,99,0,0,0,0,0,0,0,0,88,254,254,254,254,12,0,0,0,0,0,0,0,0,0,5,223,254,254,99,0,0,0,0,0,0,0,0,122,254,254,254,254,45,0,0,0,0,0,0,0,0,0,0,137,254,254,196,0,0,0,0,0,0,0,0,151,254,254,254,254,100,0,0,0,0,0,0,0,0,0,0,137,254,254,223,0,0,0,0,0,0,0,26,226,254,254,254,164,3,0,0,0,0,0,0,0,0,0,3,177,254,254,223,0,0,0,0,0,0,0,125,254,254,254,254,142,0,0,0,0,0,0,0,0,0,0,7,254,254,254,223,0,0,0,0,0,0,111,248,254,254,254,215,29,0,0,0,0,0,0,0,0,0,0,4,208,254,254,236,37,0,0,0,0,110,248,254,254,254,254,100,0,0,0,0,0,0,0,0,0,0,0,0,19,208,254,254,160,107,55,107,136,249,254,254,254,163,100,3,0,0,0,0,0,0,0,0,0,0,0,0,0,89,254,254,254,254,246,254,254,254,254,254,254,37,0,0,0,0,0,0,0,0,0,0,0,0,0,0,0,11,147,254,254,254,254,254,254,254,254,120,12,2,0,0,0,0,0,0,0,0,0,0,0,0,0,0,0,0,1,21,130,212,255,227,221,127,67,1,0,0,0,0,0,0,0,0,0,0,0,0,0,0,0,0,0,0,0,0,0,0,0,0,0,0,0,0,0,0,0,0,0,0,0,0,0,0,0,0,0,0,0,0,0,0,0,0,0,0,0,0,0,0,0,0,0,0,0,0,0,0,0,0,0,0,0,0,0,0,0,0,0,0,0,0,0,0,0,0,0,0,0,0,0,0,0,0,0,0,0,0,0,0,0,0,0,0,0,0,0,0,0,0,0,0,0,0,0,0,0,0,0,0,0,0,0,0,0,0,0,0
4,0,0,0,0,0,0,0,0,0,0,0,0,0,0,0,0,0,0,0,0,0,0,0,0,0,0,0,0,0,0,0,0,0,0,0,0,0,0,0,0,0,0,0,0,0,0,0,0,0,0,0,0,0,0,0,0,0,0,0,0,0,0,0,0,0,0,0,0,0,0,0,0,0,0,0,0,0,0,0,0,0,0,0,0,0,0,0,0,0,0,0,0,0,0,0,0,0,0,0,0,0,0,0,0,0,0,0,0,0,0,0,0,0,0,0,0,0,0,0,0,0,0,0,0,0,0,0,0,0,0,0,0,0,0,0,0,0,0,0,0,0,0,0,0,0,0,0,0,0,0,87,253,137,5,0,0,0,0,0,0,0,0,0,0,0,0,0,0,0,0,0,0,0,0,0,0,0,74,212,252,221,25,0,0,0,0,0,0,0,104,78,9,0,0,0,0,0,0,0,0,0,0,0,0,26,205,253,252,233,33,0,0,0,0,0,32,81,228,252,98,0,0,0,0,0,0,0,0,0,0,0,0,51,242,253,252,172,21,0,0,0,0,0,105,253,252,185,29,0,0,0,0,0,0,0,0,0,0,0,0,9,232,253,252,121,0,0,0,0,0,43,240,253,252,173,0,0,0,0,0,0,0,0,0,0,0,0,0,155,253,255,196,0,0,0,0,0,7,160,253,255,218,32,0,0,0,0,0,0,0,0,0,0,0,0,13,215,252,253,164,0,0,0,0,0,70,252,252,253,92,0,0,0,0,0,0,0,0,0,0,0,0,0,153,252,252,243,81,0,0,0,0,22,184,252,252,236,25,0,0,0,0,0,0,0,0,0,0,0,0,17,209,252,252,253,202,25,0,0,0,81,240,252,252,146,0,0,0,0,0,0,0,0,0,0,0,0,11,193,252,252,252,253,252,236,230,73,127,244,252,252,200,0,0,0,0,0,0,0,0,0,0,0,0,0,0,162,253,253,253,255,253,253,253,253,255,253,253,253,128,0,0,0,0,0,0,0,0,0,0,0,0,0,0,132,240,235,102,154,206,240,252,252,253,252,252,252,43,0,0,0,0,0,0,0,0,0,0,0,0,0,0,0,50,44,0,0,0,50,188,252,253,252,252,252,137,0,0,0,0,0,0,0,0,0,0,0,0,0,0,0,0,0,0,0,0,0,134,252,253,252,227,160,35,0,0,0,0,0,0,0,0,0,0,0,0,0,0,0,0,0,0,0,0,0,207,252,253,252,79,0,0,0,0,0,0,0,0,0,0,0,0,0,0,0,0,0,0,0,0,0,0,17,212,253,252,188,0,0,0,0,0,0,0,0,0,0,0,0,0,0,0,0,0,0,0,0,0,0,0,131,252,252,241,42,0,0,0,0,0,0,0,0,0,0,0,0,0,0,0,0,0,0,0,0,0,0,87,234,252,252,178,0,0,0,0,0,0,0,0,0,0,0,0,0,0,0,0,0,0,0,0,0,0,0,140,252,252,252,84,0,0,0,0,0,0,0,0,0,0,0,0,0,0,0,0,0,0,0,0,0,0,11,203,252,252,200,11,0,0,0,0,0,0,0,0,0,0,0,0,0,0,0,0,0,0,0,0,0,0,0,0,0,0,0,0,0,0,0,0,0,0,0,0,0,0,0,0,0,0,0,0,0,0,0,0,0,0,0,0,0,0,0,0,0,0,0,0,0,0,0,0,0,0,0,0,0,0,0,0,0,0,0,0,0,0,0,0,0,0,0,0,0,0,0,0,0,0,0,0,0,0,0,0
5,0,0,0,0,0,0,0,0,0,0,0,0,0,0,0,0,0,0,0,0,0,0,0,0,0,0,0,0,0,0,0,0,0,0,0,0,0,0,0,0,0,0,0,0,0,0,0,0,0,0,0,0,0,0,0,0,0,0,0,0,0,0,0,0,0,0,0,0,0,0,0,0,0,0,0,0,0,0,0,0,0,0,0,0,0,0,0,0,0,0,0,0,0,0,0,0,0,0,0,0,0,0,0,0,0,0,0,0,0,0,0,0,0,0,0,0,0,0,0,0,0,0,0,0,0,0,0,0,0,0,0,0,0,0,0,0,0,0,0,0,0,0,0,0,0,0,0,0,0,0,0,0,0,0,0,0,0,0,0,0,0,0,29,94,190,111,0,0,0,0,0,0,0,0,0,0,0,0,0,0,0,0,0,0,0,0,20,92,171,233,239,252,252,200,0,0,0,0,0,0,0,0,0,0,0,0,0,0,0,0,114,169,169,169,246,252,252,253,252,252,236,101,0,0,0,0,0,0,0,0,0,0,0,0,0,18,141,167,239,252,253,252,244,147,103,42,42,42,31,0,0,0,0,0,0,0,0,0,0,0,0,0,18,105,227,127,71,106,107,27,45,0,0,0,0,0,0,0,0,0,0,0,0,0,0,0,0,0,0,0,106,253,252,47,0,0,0,0,0,0,0,0,0,0,0,0,0,0,0,0,0,0,0,0,0,0,0,85,223,250,152,11,0,0,0,0,0,0,0,0,0,0,0,0,0,0,0,0,0,0,0,0,0,0,15,225,252,140,0,0,0,0,0,0,0,0,0,0,0,0,0,0,0,0,0,0,0,0,0,0,0,0,66,252,252,212,106,106,106,106,89,0,0,0,0,0,0,0,0,0,0,0,0,0,0,0,0,0,0,0,189,253,253,254,253,253,253,253,255,218,12,0,0,0,0,0,0,0,0,0,0,0,0,0,0,0,0,0,118,252,252,253,252,174,168,203,253,252,65,0,0,0,0,0,0,0,0,0,0,0,0,0,0,0,0,0,2,21,21,21,21,2,0,53,253,252,74,0,0,0,0,0,0,0,0,0,0,0,0,0,0,0,0,0,0,0,0,0,0,0,0,71,253,252,56,0,0,0,0,0,0,0,0,0,0,0,0,0,0,0,0,0,0,0,0,0,0,0,71,211,253,217,12,0,0,0,0,0,0,0,0,0,0,0,0,0,0,0,131,113,22,0,0,0,0,75,218,253,237,37,0,0,0,0,0,0,0,0,0,0,0,0,0,0,0,0,183,252,221,190,146,86,121,221,252,252,151,16,0,0,0,0,0,0,0,0,0,0,0,0,0,0,0,0,38,205,251,252,252,253,252,251,205,82,0,0,0,0,0,0,0,0,0,0,0,0,0,0,0,0,0,0,0,0,77,84,172,190,189,129,0,0,0,0,0,0,0,0,0,0,0,0,0,0,0,0,0,0,0,0,0,0,0,0,0,0,0,0,0,0,0,0,0,0,0,0,0,0,0,0,0,0,0,0,0,0,0,0,0,0,0,0,0,0,0,0,0,0,0,0,0,0,0,0,0,0,0,0,0,0,0,0,0,0,0,0,0,0,0,0,0,0,0,0,0,0,0,0,0,0,0,0,0,0,0,0,0,0,0,0,0,0,0,0,0,0,0,0,0,0,0,0,0,0,0,0,0,0,0,0,0,0,0,0,0,0,0,0,0,0,0,0,0,0,0,0,0,0,0,0,0,0,0,0,0,0,0,0,0,0,0,0,0,0
6,0,0,0,0,0,0,0,0,0,0,0,0,0,0,0,0,0,0,0,0,0,0,0,0,0,0,0,0,0,0,0,0,0,0,0,0,0,0,0,0,0,0,0,0,0,0,0,0,0,0,0,0,0,0,0,0,0,0,0,0,0,0,0,0,0,0,0,0,0,0,0,0,0,0,0,0,0,0,0,0,0,0,0,0,0,0,0,0,0,0,0,0,0,0,0,0,0,0,0,0,0,69,105,105,181,0,0,0,0,0,0,0,0,0,0,0,0,0,0,0,0,0,0,0,0,0,0,25,184,238,253,253,248,99,0,0,0,0,0,0,0,0,0,0,0,0,0,0,0,0,0,0,0,3,15,202,253,253,246,238,131,42,0,0,0,0,0,0,0,0,0,0,0,0,0,0,0,0,0,0,0,24,204,254,253,246,71,0,0,0,0,0,0,0,0,0,0,0,0,0,0,0,0,0,0,0,0,0,0,85,241,254,253,194,0,0,0,0,0,0,0,0,0,0,0,0,0,0,0,0,0,0,0,0,0,0,64,236,253,254,193,26,0,0,0,0,0,0,0,0,0,0,0,0,0,0,0,0,0,0,0,0,0,72,177,253,253,199,21,0,0,0,0,0,0,0,0,0,0,0,0,0,0,0,0,0,0,0,0,0,29,247,253,253,112,8,0,0,0,0,0,0,0,0,0,0,0,0,0,0,0,0,0,0,0,0,0,0,57,253,253,218,24,0,0,0,0,0,0,0,0,0,0,0,0,0,0,0,0,0,0,0,0,0,0,45,223,253,253,120,0,0,0,0,0,0,0,0,0,0,0,0,0,0,0,0,0,0,0,0,0,0,0,226,254,254,217,35,0,0,0,0,0,0,0,0,0,0,0,0,0,0,0,0,0,0,0,0,0,0,0,224,253,253,163,0,0,0,50,57,0,0,0,0,0,0,0,0,0,0,0,0,0,0,0,0,0,0,0,224,253,253,154,3,104,165,238,248,164,121,15,8,0,0,0,0,0,0,0,0,0,0,0,0,0,0,0,224,253,253,14,117,253,254,253,253,253,253,253,119,0,0,0,0,0,0,0,0,0,0,0,0,0,0,107,250,253,133,82,246,253,254,253,253,253,253,253,119,0,0,0,0,0,0,0,0,0,0,0,0,0,0,120,253,253,134,28,211,253,254,217,104,174,253,249,105,0,0,0,0,0,0,0,0,0,0,0,0,0,0,57,238,253,253,94,194,253,254,253,253,253,253,223,0,0,0,0,0,0,0,0,0,0,0,0,0,0,0,0,224,253,253,248,250,253,255,253,253,253,226,56,0,0,0,0,0,0,0,0,0,0,0,0,0,0,0,0,97,213,253,253,253,253,254,216,199,59,42,0,0,0,0,0,0,0,0,0,0,0,0,0,0,0,0,0,0,13,104,245,253,253,105,18,0,0,0,0,0,0,0,0,0,0,0,0,0,0,0,0,0,0,0,0,0,0,0,0,0,0,0,0,0,0,0,0,0,0,0,0,0,0,0,0,0,0,0,0,0,0,0,0,0,0,0,0,0,0,0,0,0,0,0,0,0,0,0,0,0,0,0,0,0,0,0,0,0,0,0,0,0,0,0,0,0,0,0,0,0,0,0,0,0,0,0,0,0,0,0,0,0,0,0,0,0,0,0,0,0,0,0,0,0,0,0,0,0,0,0,0,0,0,0,0,0,0,0,0,0,0,0,0,0,0,0,0,0,0,0,0,0,0,0,0,0,0,0,0,0,0,0,0,0,0,0
2,0,0,0,0,0,0,0,0,0,0,0,0,0,0,0,0,0,0,0,0,0,0,0,0,0,0,0,0,0,0,0,0,0,0,0,0,0,0,0,0,0,0,0,0,0,0,0,0,0,0,0,0,0,0,0,0,0,0,0,0,0,0,0,0,0,0,0,0,0,0,0,0,0,0,0,0,0,0,0,0,0,0,0,0,0,0,0,0,0,0,0,0,0,0,0,0,0,21,132,253,234,51,0,0,0,0,0,0,0,0,0,0,0,0,0,0,0,0,0,0,0,0,0,0,0,142,253,252,253,151,0,0,0,0,0,0,0,0,0,0,0,0,0,0,0,0,0,0,0,0,0,0,173,253,254,253,254,151,0,0,0,0,0,0,0,0,0,0,0,0,0,0,0,0,0,0,0,0,0,123,253,252,253,252,253,151,0,0,0,0,0,0,0,0,0,0,0,0,0,0,0,0,0,0,0,0,31,233,254,253,173,253,254,131,0,0,0,0,0,0,0,0,0,0,0,0,0,0,0,0,0,0,0,0,51,252,253,130,51,252,253,50,0,0,0,0,0,0,0,0,0,0,0,0,0,0,0,0,0,0,0,0,0,82,41,0,152,253,203,0,0,0,0,0,0,0,0,0,0,0,0,0,0,0,0,0,0,0,0,0,0,0,0,41,233,252,122,0,0,0,0,0,0,0,0,0,0,0,0,0,0,0,0,0,0,0,0,0,0,0,0,102,254,253,41,0,0,0,0,0,0,0,0,0,0,0,0,0,0,0,0,0,0,0,0,0,0,0,0,183,253,252,0,0,0,0,0,0,0,0,0,0,0,0,0,0,0,0,0,0,0,0,0,0,0,0,113,253,254,91,0,0,0,0,0,0,0,0,0,0,0,0,0,0,0,0,0,0,0,0,0,0,0,0,152,252,213,10,0,0,0,0,0,0,0,0,0,0,0,0,0,0,0,0,0,0,0,0,0,0,0,62,254,253,123,0,0,0,0,0,0,0,0,0,0,0,0,0,0,0,0,0,0,0,0,0,0,0,0,183,253,252,0,0,0,0,0,0,0,0,0,0,0,0,0,0,0,0,0,0,0,0,0,0,0,0,51,233,254,131,0,0,0,0,0,0,0,0,0,0,0,0,0,0,0,0,0,0,0,0,0,0,0,0,193,252,233,30,0,0,0,0,0,0,0,0,0,0,0,0,0,0,0,0,0,0,0,0,0,0,0,62,255,253,142,0,0,21,52,51,153,193,254,253,163,0,0,0,0,0,0,0,0,0,0,0,0,0,0,183,253,252,162,142,203,223,253,252,253,252,253,252,122,0,0,0,0,0,0,0,0,0,0,0,0,0,21,203,255,253,254,253,254,253,254,253,203,162,102,20,0,0,0,0,0,0,0,0,0,0,0,0,0,0,0,20,112,232,253,252,151,111,50,50,0,0,0,0,0,0,0,0,0,0,0,0,0,0,0,0,0,0,0,0,0,0,0,0,0,0,0,0,0,0,0,0,0,0,0,0,0,0,0,0,0,0,0,0,0,0,0,0,0,0,0,0,0,0,0,0,0,0,0,0,0,0,0,0,0,0,0,0,0,0,0,0,0,0,0,0,0,0,0,0,0,0,0,0,0,0,0,0,0,0,0,0,0,0,0,0,0,0,0,0,0,0,0,0,0,0,0,0,0,0,0,0,0,0,0,0,0,0,0,0,0,0,0,0,0,0,0,0,0,0,0,0,0,0,0,0,0,0,0,0,0,0,0,0,0,0,0,0,0,0
6,0,0,0,0,0,0,0,0,0,0,0,0,0,0,0,0,0,0,0,0,0,0,0,0,0,0,0,0,0,0,0,0,0,0,0,0,0,0,0,0,0,0,0,0,0,0,0,0,0,0,0,0,0,0,0,0,0,0,0,0,0,0,0,0,0,0,0,0,0,0,0,0,0,0,0,0,0,0,0,0,0,0,0,0,0,0,0,0,0,0,0,0,0,0,0,4,40,94,85,7,0,0,0,0,0,0,0,0,0,0,0,0,0,0,0,0,0,0,0,0,0,0,6,168,254,237,241,133,0,0,0,0,0,0,0,0,0,0,0,0,0,0,0,0,0,0,0,0,0,0,111,255,176,17,25,30,0,0,0,0,0,0,0,0,0,0,0,0,0,0,0,0,0,0,0,0,0,41,249,178,16,0,0,0,0,0,0,0,0,0,0,0,0,0,0,0,0,0,0,0,0,0,0,0,9,175,221,45,0,0,0,0,0,0,0,0,0,0,0,0,0,0,0,0,0,0,0,0,0,0,0,0,60,255,122,0,0,0,0,0,0,0,0,0,0,0,0,0,0,0,0,0,0,0,0,0,0,0,0,16,233,206,1,0,0,0,0,0,0,0,0,0,0,0,0,0,0,0,0,0,0,0,0,0,0,0,0,56,252,92,0,0,0,0,0,0,0,0,0,0,0,0,0,0,0,0,0,0,0,0,0,0,0,0,2,173,218,0,0,0,0,0,0,23,29,75,110,110,110,74,24,0,0,0,0,0,0,0,0,0,0,0,51,255,179,0,0,0,14,103,203,244,254,231,214,214,214,214,238,140,4,0,0,0,0,0,0,0,0,0,94,254,121,0,0,56,200,254,180,122,53,17,0,0,0,0,33,191,196,6,0,0,0,0,0,0,0,0,165,241,24,0,35,237,206,78,7,0,0,0,0,0,0,0,0,7,213,151,0,0,0,0,0,0,0,0,225,230,0,15,197,209,13,0,0,0,0,0,0,0,0,0,0,0,54,251,0,0,0,0,0,0,0,0,201,231,2,49,233,41,0,0,0,0,0,0,0,0,0,0,0,0,25,245,0,0,0,0,0,0,0,0,142,254,89,49,194,0,0,0,0,0,0,0,0,0,0,0,0,18,187,134,0,0,0,0,0,0,0,0,32,254,203,43,146,39,0,0,0,0,0,0,0,0,0,5,113,246,155,3,0,0,0,0,0,0,0,0,3,145,254,230,117,32,0,0,0,0,0,0,0,30,103,194,247,123,5,0,0,0,0,0,0,0,0,0,0,4,136,227,254,244,219,188,189,176,193,219,219,243,214,136,45,0,0,0,0,0,0,0,0,0,0,0,0,0,0,13,69,153,185,207,229,185,185,139,81,24,7,0,0,0,0,0,0,0,0,0,0,0,0,0,0,0,0,0,0,0,0,4,8,0,0,0,0,0,0,0,0,0,0,0,0,0,0,0,0,0,0,0,0,0,0,0,0,0,0,0,0,0,0,0,0,0,0,0,0,0,0,0,0,0,0,0,0,0,0,0,0,0,0,0,0,0,0,0,0,0,0,0,0,0,0,0,0,0,0,0,0,0,0,0,0,0,0,0,0,0,0,0,0,0,0,0,0,0,0,0,0,0,0,0,0,0,0,0,0,0,0,0,0,0,0,0,0,0,0,0,0,0,0,0,0,0,0,0,0,0,0,0,0,0,0,0,0,0,0,0,0,0,0,0,0,0,0,0,0,0,0,0,0,0,0,0,0,0,0,0,0,0,0,0,0,0
9,0,0,0,0,0,0,0,0,0,0,0,0,0,0,0,0,0,0,0,0,0,0,0,0,0,0,0,0,0,0,0,0,0,0,0,0,0,0,0,0,0,0,0,0,0,0,0,0,0,0,0,0,0,0,0,0,0,0,0,0,0,0,0,0,0,0,0,0,0,0,0,0,0,0,0,0,0,0,0,0,0,0,0,0,0,0,0,0,0,0,0,0,0,0,0,0,0,0,0,0,0,0,0,0,0,0,0,0,0,0,0,0,0,0,0,0,0,0,0,0,0,0,0,0,0,0,0,0,0,0,0,0,0,0,0,0,0,0,0,0,0,0,0,0,0,0,0,0,0,0,0,0,0,0,0,0,0,0,0,0,0,0,0,0,0,0,0,0,0,0,0,0,0,0,0,0,0,2,56,165,175,250,175,93,0,0,0,0,0,0,0,0,0,0,0,0,0,0,0,0,0,0,0,0,0,151,254,254,254,255,254,242,69,0,0,0,0,0,0,0,0,0,0,0,0,0,0,0,0,0,0,0,0,191,254,242,251,255,254,254,242,68,0,0,0,0,0,0,0,0,0,0,0,0,0,0,0,0,0,0,29,226,242,43,30,37,111,187,254,219,20,0,0,0,0,0,0,0,0,0,0,0,0,0,0,0,0,0,96,254,206,0,0,0,0,123,254,254,129,0,0,0,0,0,0,0,0,0,0,0,0,0,0,0,0,0,96,254,128,0,0,0,0,177,254,254,25,0,0,0,0,0,0,0,0,0,0,0,0,0,0,0,0,120,215,254,186,0,0,0,14,208,254,254,10,0,0,0,0,0,0,0,0,0,0,0,0,0,0,0,40,233,254,254,245,26,0,0,161,254,254,254,144,0,0,0,0,0,0,0,0,0,0,0,0,0,0,0,0,30,165,254,227,14,0,0,141,254,254,254,204,0,0,0,0,0,0,0,0,0,0,0,0,0,0,0,0,0,71,254,221,10,0,10,230,254,254,254,139,0,0,0,0,0,0,0,0,0,0,0,0,0,0,0,0,0,10,231,254,140,46,180,254,254,254,175,0,0,0,0,0,0,0,0,0,0,0,0,0,0,0,0,0,0,0,68,248,254,254,253,212,233,254,139,0,0,0,0,0,0,0,0,0,0,0,0,0,0,0,0,0,0,0,0,39,117,201,95,16,230,254,95,0,0,0,0,0,0,0,0,0,0,0,0,0,0,0,0,0,0,0,0,0,0,0,0,32,254,254,75,0,0,0,0,0,0,0,0,0,0,0,0,0,0,0,0,0,0,25,0,0,0,0,0,32,254,214,6,25,0,0,0,0,0,0,0,0,0,0,0,0,0,0,0,0,0,0,0,0,0,0,0,87,254,195,66,5,0,0,0,0,0,0,0,0,0,0,0,0,0,0,0,0,0,0,0,0,0,0,0,77,254,254,254,80,0,0,0,0,0,0,0,0,0,0,0,0,0,0,0,0,0,0,0,0,0,0,0,32,254,254,214,15,0,0,0,0,0,0,0,0,0,0,0,0,0,0,0,0,0,0,0,0,0,0,0,32,254,254,174,0,0,0,0,0,0,0,0,0,0,0,0,0,0,0,0,0,0,0,0,0,0,0,0,32,254,234,70,0,0,0,0,0,0,0,0,0,0,0,0,0,0,0,0,0,0,0,0,0,0,0,0,0,0,0,0,0,0,0,0,0,0,0,0,0,0,0,0,0,0,0,0,0,0,0,0,0,0,0,0,0,0,0,0,0,0,0,0,0,0,0,0,0,0
4,0,0,0,0,0,0,0,0,0,0,0,0,0,0,0,0,0,0,0,0,0,0,0,0,0,0,0,0,0,0,0,0,0,0,0,0,0,0,0,0,0,0,0,0,0,0,0,0,0,0,0,0,0,0,0,0,0,0,0,0,0,0,0,0,0,0,0,0,0,0,0,0,0,0,0,0,0,0,0,0,0,0,0,0,0,0,0,0,0,0,0,0,0,0,0,0,0,0,0,0,0,0,0,0,0,0,0,0,0,0,0,0,0,0,0,0,0,0,0,0,0,0,0,0,0,0,0,0,0,0,0,0,0,0,0,0,0,0,0,0,0,0,0,0,0,0,0,0,0,0,0,0,0,0,0,0,0,0,0,0,0,0,0,0,0,0,0,0,0,0,0,0,0,0,0,0,0,0,0,0,12,222,191,31,0,0,0,0,0,0,69,151,66,0,0,0,0,0,0,0,0,0,0,0,0,0,0,6,176,254,254,95,0,0,0,0,0,64,209,254,216,0,0,0,0,0,0,0,0,0,0,0,0,0,0,131,254,254,226,23,0,0,0,0,36,251,254,254,135,0,0,0,0,0,0,0,0,0,0,0,0,0,89,247,254,253,94,0,0,0,0,26,210,254,254,178,13,0,0,0,0,0,0,0,0,0,0,0,0,78,248,254,254,153,0,0,0,0,17,211,254,254,245,8,0,0,0,0,0,0,0,0,0,0,0,0,24,209,255,254,207,104,0,0,0,0,92,254,254,254,141,0,0,0,0,0,0,0,0,0,0,0,0,18,207,254,254,248,56,9,0,0,0,122,253,254,254,145,5,0,0,0,0,0,0,0,0,0,0,0,0,130,254,254,254,254,219,217,167,167,167,197,254,254,254,109,0,0,0,0,0,0,0,0,0,0,0,0,124,253,254,254,254,254,254,254,254,254,254,254,254,254,254,216,18,0,0,0,0,0,0,0,0,0,0,51,233,254,254,254,254,230,202,202,213,254,254,254,254,254,254,241,69,0,0,0,0,0,0,0,0,0,0,235,254,254,147,52,52,28,0,3,174,254,254,254,189,52,52,38,0,0,0,0,0,0,0,0,0,0,0,171,213,155,29,0,0,0,0,109,254,254,254,161,8,0,0,0,0,0,0,0,0,0,0,0,0,0,0,0,0,0,0,0,0,0,22,203,254,254,186,41,0,0,0,0,0,0,0,0,0,0,0,0,0,0,0,0,0,0,0,0,0,2,172,254,254,254,11,0,0,0,0,0,0,0,0,0,0,0,0,0,0,0,0,0,0,0,0,0,0,123,254,254,254,224,3,0,0,0,0,0,0,0,0,0,0,0,0,0,0,0,0,0,0,0,0,3,124,252,254,254,229,37,0,0,0,0,0,0,0,0,0,0,0,0,0,0,0,0,0,0,0,0,0,54,254,254,254,253,106,0,0,0,0,0,0,0,0,0,0,0,0,0,0,0,0,0,0,0,0,0,0,177,254,254,252,153,0,0,0,0,0,0,0,0,0,0,0,0,0,0,0,0,0,0,0,0,0,0,0,192,254,227,107,0,0,0,0,0,0,0,0,0,0,0,0,0,0,0,0,0,0,0,0,0,0,0,0,54,150,80,0,0,0,0,0,0,0,0,0,0,0,0,0,0,0,0,0,0,0,0,0,0,0,0,0,0,0,0,0,0,0,0,0,0,0,0,0,0,0,0,0,0,0,0,0,0,0,0,0,0,0,0,0,0,0,0,0,0,0,0,0,0,0,0,0,0,0,0,0,0,0,0
3,0,0,0,0,0,0,0,0,0,0,0,0,0,0,0,0,0,0,0,0,0,0,0,0,0,0,0,0,0,0,0,0,0,0,0,0,0,0,0,0,0,0,0,0,0,0,0,0,0,0,0,0,0,0,0,0,0,0,0,0,0,0,0,0,0,0,0,0,0,0,0,0,0,0,0,0,0,0,0,0,0,0,0,0,0,0,0,0,0,0,0,0,0,0,0,0,0,0,0,0,0,0,0,0,0,0,0,0,0,0,0,0,0,0,0,0,0,0,0,0,0,0,0,0,0,0,78,167,254,254,254,255,254,246,18,0,0,0,0,0,0,0,0,0,0,0,0,0,0,0,0,0,0,22,223,253,253,253,253,253,253,253,197,19,0,0,0,0,0,0,0,0,0,0,0,0,0,0,0,0,0,0,8,112,114,114,114,240,253,253,220,19,0,0,0,0,0,0,0,0,0,0,0,0,0,0,0,0,0,0,0,0,0,0,58,247,253,253,120,0,0,0,0,0,0,0,0,0,0,0,0,0,0,0,0,0,0,0,0,0,0,16,168,253,253,191,8,0,0,0,0,0,0,0,0,0,0,0,0,0,0,0,0,0,0,0,0,0,92,186,253,253,176,43,0,0,0,0,0,0,0,0,0,0,0,0,0,0,0,0,0,0,0,0,54,179,246,253,253,188,44,0,0,0,0,0,0,0,0,0,0,0,0,0,0,0,0,0,30,89,166,166,236,253,253,246,117,9,0,0,0,0,0,0,0,0,0,0,0,0,0,0,0,0,14,181,232,253,253,253,253,253,253,50,0,0,0,0,0,0,0,0,0,0,0,0,0,0,0,0,0,0,130,253,253,253,253,253,253,253,253,189,15,0,0,0,0,0,0,0,0,0,0,0,0,0,0,0,0,0,37,223,247,155,152,51,134,211,253,253,154,0,0,0,0,0,0,0,0,0,0,0,0,0,0,0,0,0,0,3,4,0,0,0,0,80,243,253,252,25,0,0,0,0,0,0,0,0,0,0,0,0,0,0,0,0,0,0,0,0,0,0,0,0,78,247,253,146,0,0,0,0,0,0,0,0,0,0,0,0,0,0,0,0,0,0,0,0,0,0,0,0,53,247,253,171,0,0,0,0,0,0,0,0,0,0,0,0,66,115,0,0,0,0,0,0,0,0,0,13,139,253,253,171,0,0,0,0,0,0,0,0,0,0,0,0,109,244,69,0,0,0,0,0,1,21,104,146,253,253,247,76,0,0,0,0,0,0,0,0,0,0,0,0,150,253,227,68,6,0,32,68,156,253,253,253,253,245,87,0,0,0,0,0,0,0,0,0,0,0,0,0,103,251,253,253,221,218,235,253,253,253,253,252,164,80,0,0,0,0,0,0,0,0,0,0,0,0,0,0,0,111,251,253,253,253,253,253,253,242,156,78,0,0,0,0,0,0,0,0,0,0,0,0,0,0,0,0,0,0,45,123,245,253,247,149,147,37,0,0,0,0,0,0,0,0,0,0,0,0,0,0,0,0,0,0,0,0,0,0,0,0,0,0,0,0,0,0,0,0,0,0,0,0,0,0,0,0,0,0,0,0,0,0,0,0,0,0,0,0,0,0,0,0,0,0,0,0,0,0,0,0,0,0,0,0,0,0,0,0,0,0,0,0,0,0,0,0,0,0,0,0,0,0,0,0,0,0,0,0,0,0,0,0,0,0,0,0,0,0,0,0,0,0,0,0,0,0,0,0,0,0,0,0,0,0,0,0,0,0,0,0,0,0
5,0,0,0,0,0,0,0,0,0,0,0,0,0,0,0,0,0,0,0,0,0,0,0,0,0,0,0,0,0,0,0,0,0,0,0,0,0,0,0,0,0,0,0,0,0,0,0,0,0,0,0,0,0,0,0,0,0,0,0,0,0,0,0,0,0,0,0,0,0,0,0,0,0,0,0,0,0,0,0,0,0,0,0,0,0,0,0,0,0,0,0,0,0,0,0,0,0,0,0,0,0,0,0,0,0,0,0,0,0,0,0,0,0,0,0,0,0,0,0,0,0,0,0,0,0,0,0,0,0,0,0,0,0,0,0,0,0,0,0,0,0,0,0,0,0,0,0,0,0,0,0,0,0,0,0,0,0,0,0,0,0,0,0,0,0,0,0,0,0,0,0,0,0,0,0,0,0,0,0,0,0,0,0,0,0,0,0,0,0,5,70,107,107,99,0,0,0,0,0,0,0,0,0,0,0,0,0,0,0,0,0,0,0,0,0,37,155,208,254,245,146,39,0,0,0,0,0,0,0,0,0,0,0,0,0,0,0,0,12,42,44,97,131,243,254,254,199,71,0,0,0,0,0,0,0,0,0,0,0,0,0,0,0,0,0,13,188,254,255,254,254,254,214,188,16,0,0,0,0,0,0,0,0,0,0,0,0,0,0,0,0,0,14,188,254,254,254,213,154,33,7,0,0,0,0,0,0,0,0,0,0,0,0,0,0,0,0,0,0,72,225,254,254,137,130,7,0,0,0,0,0,0,0,0,0,0,0,0,0,0,0,0,0,0,0,58,153,251,254,254,230,156,48,0,0,0,0,0,0,0,0,0,0,0,0,0,0,0,0,0,0,6,196,43,180,254,254,254,254,254,249,101,0,0,0,0,0,0,0,0,0,0,0,0,0,0,0,0,0,0,0,0,40,151,93,83,6,80,194,249,50,0,0,0,0,0,0,0,0,0,0,0,0,0,0,0,0,0,0,0,0,0,0,0,0,0,67,254,170,0,0,0,0,0,0,0,0,0,0,0,0,0,0,0,0,0,0,0,0,0,0,0,0,0,72,254,165,0,0,0,0,0,0,0,0,0,0,0,0,0,0,0,34,33,70,19,0,0,0,0,0,32,210,241,57,0,0,0,0,0,0,0,0,0,0,0,0,0,0,0,228,251,55,0,0,0,0,24,92,250,253,78,0,0,0,0,0,0,0,0,0,0,0,0,0,0,0,0,212,251,152,131,92,92,131,229,254,254,93,0,0,0,0,0,0,0,0,0,0,0,0,0,0,0,0,0,107,218,254,254,254,254,254,239,146,35,0,0,0,0,0,0,0,0,0,0,0,0,0,0,0,0,0,0,0,10,86,107,107,107,35,18,0,0,0,0,0,0,0,0,0,0,0,0,0,0,0,0,0,0,0,0,0,0,0,0,0,0,0,0,0,0,0,0,0,0,0,0,0,0,0,0,0,0,0,0,0,0,0,0,0,0,0,0,0,0,0,0,0,0,0,0,0,0,0,0,0,0,0,0,0,0,0,0,0,0,0,0,0,0,0,0,0,0,0,0,0,0,0,0,0,0,0,0,0,0,0,0,0,0,0,0,0,0,0,0,0,0,0,0,0,0,0,0,0,0,0,0,0,0,0,0,0,0,0,0,0,0,0,0,0,0,0,0,0,0,0,0,0,0,0,0,0,0,0,0,0,0,0,0,0,0,0,0,0,0,0,0,0,0,0,0,0,0,0,0,0,0,0,0,0,0,0,0,0,0,0,0,0,0,0,0,0,0
5,0,0,0,0,0,0,0,0,0,0,0,0,0,0,0,0,0,0,0,0,0,0,0,0,0,0,0,0,0,0,0,0,0,0,0,0,0,0,0,0,0,0,0,0,0,0,0,0,0,0,0,0,0,0,0,0,0,0,0,0,0,0,0,0,0,0,0,0,0,0,0,0,0,0,0,0,0,0,0,0,0,0,0,0,0,0,0,0,0,0,0,0,0,0,0,0,0,0,0,0,0,0,0,0,0,0,0,0,0,0,0,0,0,0,0,0,0,0,0,0,0,0,0,57,170,170,170,226,170,170,86,0,0,0,0,0,0,0,0,0,0,0,0,0,0,0,0,0,0,0,0,86,255,255,255,255,255,255,255,29,0,0,0,0,0,0,0,0,0,0,0,0,0,0,0,0,0,0,0,86,255,86,29,0,0,29,86,29,0,0,0,0,0,0,0,0,0,0,0,0,0,0,0,0,0,0,0,86,170,0,0,0,0,0,0,0,0,0,0,0,0,0,0,0,0,0,0,0,0,0,0,0,0,0,0,86,170,0,0,0,0,0,0,0,0,0,0,0,0,0,0,0,0,0,0,0,0,0,0,0,0,0,0,57,255,0,0,0,0,0,0,0,0,0,0,0,0,0,0,0,0,0,0,0,0,0,0,0,0,0,0,0,255,114,170,170,57,0,0,0,0,0,0,0,0,0,0,0,0,0,0,0,0,0,0,0,0,0,0,0,198,255,255,255,226,86,0,0,0,0,0,0,0,0,0,0,0,0,0,0,0,0,0,0,0,0,0,0,226,170,57,29,114,255,29,0,0,0,0,0,0,0,0,0,0,0,0,0,0,0,0,0,0,0,0,0,255,86,0,0,0,170,198,0,0,0,0,0,0,0,0,0,0,0,0,0,0,0,0,0,0,0,0,86,255,86,0,0,0,86,255,0,0,0,0,0,0,0,0,0,0,0,0,0,0,0,0,0,0,0,0,86,255,29,0,0,0,57,255,57,0,0,0,0,0,0,0,0,0,0,0,0,0,0,0,0,0,0,0,0,86,0,0,0,0,0,255,0,0,0,0,0,0,0,0,0,0,0,0,0,0,0,0,0,0,0,0,0,0,0,0,0,0,0,255,29,0,0,0,0,0,0,0,0,0,0,0,0,0,0,0,0,0,0,0,0,0,0,0,0,0,86,170,0,0,0,0,0,0,0,0,0,0,0,0,0,0,0,0,0,114,170,0,0,0,0,0,0,57,255,114,0,0,0,0,0,0,0,0,0,0,0,0,0,0,0,0,0,170,198,0,0,0,0,0,0,170,255,57,0,0,0,0,0,0,0,0,0,0,0,0,0,0,0,0,0,86,255,198,29,0,0,57,198,255,86,0,0,0,0,0,0,0,0,0,0,0,0,0,0,0,0,0,0,0,141,255,255,255,255,255,255,114,0,0,0,0,0,0,0,0,0,0,0,0,0,0,0,0,0,0,0,0,0,57,198,255,255,170,29,0,0,0,0,0,0,0,0,0,0,0,0,0,0,0,0,0,0,0,0,0,0,0,0,0,0,0,0,0,0,0,0,0,0,0,0,0,0,0,0,0,0,0,0,0,0,0,0,0,0,0,0,0,0,0,0,0,0,0,0,0,0,0,0,0,0,0,0,0,0,0,0,0,0,0,0,0,0,0,0,0,0,0,0,0,0,0,0,0,0,0,0,0,0,0,0,0,0,0,0,0,0,0,0,0,0,0,0,0,0,0,0,0,0,0,0,0,0,0,0,0,0,0,0
3,0,0,0,0,0,0,0,0,0,0,0,0,0,0,0,0,0,0,0,0,0,0,0,0,0,0,0,0,0,0,0,0,0,0,0,0,0,0,0,0,0,0,0,0,0,0,0,0,0,0,0,0,0,0,0,0,0,0,0,0,0,0,0,0,0,0,0,0,0,0,0,0,0,0,0,0,0,0,0,0,0,0,0,0,0,0,0,0,0,0,0,0,0,0,0,0,0,0,0,0,0,0,0,0,0,0,0,0,0,0,0,0,0,0,0,0,0,0,0,0,0,0,0,0,0,0,0,0,0,0,0,0,0,0,0,0,0,0,0,0,0,0,0,0,0,0,102,136,136,23,85,136,136,227,199,254,255,241,136,46,0,0,0,0,0,0,0,0,0,0,0,0,0,8,198,253,253,253,253,253,253,253,253,253,253,253,253,228,49,0,0,0,0,0,0,0,0,0,0,0,0,133,253,253,253,253,253,253,253,253,253,253,253,253,253,253,227,49,0,0,0,0,0,0,0,0,0,0,60,233,253,253,253,253,213,215,182,182,138,172,67,174,253,253,253,152,0,0,0,0,0,0,0,0,0,0,154,168,47,47,47,47,21,22,0,0,0,0,0,148,253,253,253,57,0,0,0,0,0,0,0,0,0,0,18,10,0,0,0,0,0,0,0,0,0,0,165,241,253,253,218,20,0,0,0,0,0,0,0,0,0,0,0,0,0,0,0,0,0,0,0,0,3,166,253,253,253,252,56,0,0,0,0,0,0,0,0,0,0,0,0,0,0,0,0,0,0,0,0,55,184,253,253,253,249,116,0,0,0,0,0,0,0,0,0,0,0,0,0,0,0,0,0,0,0,7,125,232,253,253,253,229,118,0,0,0,0,0,0,0,0,0,0,0,0,0,0,0,0,0,0,2,126,190,253,253,253,253,245,32,0,0,0,0,0,0,0,0,0,0,0,0,0,0,0,0,0,0,33,192,253,253,253,253,253,253,251,181,63,0,0,0,0,0,0,0,0,0,0,0,0,0,0,0,0,0,107,253,253,253,253,253,253,253,253,253,246,104,0,0,0,0,0,0,0,0,0,0,0,0,0,0,0,0,107,253,253,253,227,141,141,191,253,253,253,248,48,0,0,0,0,0,0,0,0,0,0,0,0,0,0,0,2,119,124,49,4,0,0,3,127,248,253,253,172,2,0,0,0,0,0,0,0,0,0,0,0,0,0,0,0,0,0,0,0,0,0,0,0,148,253,253,253,49,0,0,0,0,0,0,0,0,0,0,0,0,0,0,0,0,0,0,0,0,0,0,0,71,253,253,253,130,0,0,0,0,0,0,0,0,0,0,0,0,0,0,0,0,0,0,0,0,0,0,4,142,253,253,253,35,0,0,0,0,0,0,0,0,0,0,0,0,0,110,201,48,0,0,0,0,0,0,144,253,253,253,226,24,0,0,0,0,0,0,0,0,0,0,0,0,109,247,253,234,92,0,0,0,38,208,253,253,253,253,69,0,0,0,0,0,0,0,0,0,0,0,0,0,102,232,253,253,252,237,237,237,243,253,253,253,253,167,28,0,0,0,0,0,0,0,0,0,0,0,0,0,0,0,0,0,0,0,0,0,0,0,0,0,0,0,0,0,0,0,0,0,0,0,0,0,0,0,0,0,0,0,0,0,0,0,0,0,0,0,0,0,0,0,0,0,0,0,0,0,0,0,0,0,0,0,0,0,0,0,0,0,0,0,0,0,0,0,0,0,0,0,0,0,0,0,0,0,0,0
2,0,0,0,0,0,0,0,0,0,0,0,0,0,0,0,0,0,0,0,0,0,0,0,0,0,0,0,0,0,0,0,0,0,0,0,0,0,0,0,0,0,0,0,0,0,0,0,0,0,0,0,0,0,0,0,0,0,0,0,0,0,0,0,0,0,0,0,0,0,0,0,0,0,0,0,0,0,0,0,0,0,0,0,0,0,0,0,0,0,0,0,0,0,0,0,0,0,0,0,0,0,0,0,0,0,0,0,0,0,0,0,0,0,0,0,0,0,0,0,0,0,0,0,0,0,0,0,0,57,253,253,63,0,0,0,0,0,0,0,0,0,0,0,0,0,0,0,0,0,0,0,0,0,0,38,131,231,252,252,241,72,0,0,0,0,0,0,0,0,0,0,0,26,57,57,51,0,57,57,57,57,135,222,252,252,252,252,253,233,88,57,25,0,0,0,0,0,0,0,0,101,145,223,121,0,84,84,84,84,177,253,252,252,252,252,253,242,114,84,37,0,0,0,0,0,0,0,0,0,0,0,0,0,0,0,0,16,203,253,252,252,252,252,253,89,0,0,0,0,0,0,0,0,0,0,0,0,0,0,0,0,0,0,120,253,253,255,253,253,253,253,141,0,0,0,0,0,0,0,0,0,0,0,0,0,0,0,0,0,0,0,197,252,252,215,167,155,252,252,140,0,0,0,0,0,0,0,0,0,0,0,0,0,0,0,0,0,0,0,153,195,118,31,0,197,252,252,140,0,0,0,0,0,0,0,0,0,0,0,0,0,0,0,0,0,0,0,0,0,0,0,0,197,252,252,126,0,0,0,0,0,0,0,0,0,0,0,0,0,0,0,0,0,0,0,0,0,0,0,48,227,252,252,0,0,0,0,0,0,0,0,0,0,0,0,0,0,0,0,0,0,0,0,0,0,0,51,159,253,253,190,0,0,0,0,0,0,0,0,0,0,0,0,0,0,0,0,0,0,0,0,0,57,163,238,252,252,226,12,0,0,0,0,0,0,0,0,0,0,0,0,0,0,0,0,0,0,57,104,197,234,252,253,252,252,246,119,32,0,0,0,0,0,0,0,0,0,0,0,0,0,0,0,35,169,253,242,246,252,252,253,252,252,252,252,216,34,0,0,0,0,0,0,0,0,0,0,0,0,0,111,215,252,190,74,197,252,252,253,204,142,252,252,253,214,31,0,0,0,0,0,0,0,0,0,0,0,0,198,253,253,79,38,222,253,253,204,15,0,108,253,255,253,222,38,0,0,0,0,0,0,0,0,0,38,131,246,226,74,147,234,252,242,167,15,0,0,3,27,168,214,167,56,0,0,0,0,0,0,0,0,0,113,252,252,246,227,253,252,239,96,0,0,0,0,0,0,0,31,0,0,0,0,0,0,0,0,0,0,0,113,252,252,252,252,240,223,96,0,0,0,0,0,0,0,0,0,0,0,0,0,0,0,0,0,0,0,0,113,252,252,252,173,63,0,0,0,0,0,0,0,0,0,0,0,0,0,0,0,0,0,0,0,0,0,0,0,0,0,0,0,0,0,0,0,0,0,0,0,0,0,0,0,0,0,0,0,0,0,0,0,0,0,0,0,0,0,0,0,0,0,0,0,0,0,0,0,0,0,0,0,0,0,0,0,0,0,0,0,0,0,0,0,0,0,0,0,0,0,0,0,0,0,0,0,0,0,0,0,0,0,0,0,0,0,0,0,0,0,0,0,0,0,0,0,0,0,0,0,0,0,0,0,0,0,0,0,0,0,0,0,0,0,0
4,0,0,0,0,0,0,0,0,0,0,0,0,0,0,0,0,0,0,0,0,0,0,0,0,0,0,0,0,0,0,0,0,0,0,0,0,0,0,0,0,0,0,0,0,0,0,0,0,0,0,0,0,0,0,0,0,0,0,0,0,0,0,0,0,0,0,0,0,0,0,0,0,0,0,0,0,0,0,0,0,0,0,0,0,0,0,0,0,0,0,0,0,0,0,0,0,0,0,0,0,0,0,0,0,0,0,0,0,0,0,0,0,0,0,0,0,0,0,0,0,0,0,0,0,0,0,0,0,0,0,0,0,0,0,0,0,0,0,0,0,0,0,0,0,0,0,0,0,0,0,13,13,0,0,0,0,0,70,254,129,0,0,0,0,0,0,0,0,0,0,0,0,0,0,0,0,0,0,214,218,13,0,0,0,0,120,253,230,0,0,0,0,0,0,0,0,0,0,0,0,0,0,0,0,0,0,230,253,69,0,0,0,0,161,253,230,0,0,0,0,0,0,0,0,0,0,0,0,0,0,0,0,0,0,230,253,69,0,0,0,0,161,253,230,0,0,0,0,0,0,0,0,0,0,0,0,0,0,0,0,0,0,231,254,69,0,0,0,0,255,241,109,25,0,0,0,0,0,0,0,0,0,0,0,0,0,0,0,0,0,230,253,69,0,0,0,85,254,206,0,0,0,0,0,0,0,0,0,0,0,0,0,0,0,0,0,0,0,230,251,63,0,0,0,168,254,164,0,0,0,0,0,0,0,0,0,0,0,0,0,0,0,0,0,0,0,230,230,0,0,0,9,209,254,81,0,0,0,0,0,0,0,0,0,0,0,0,0,0,0,0,0,0,70,245,138,0,0,0,116,254,185,0,0,0,0,0,0,0,0,0,0,0,0,0,0,0,0,0,0,0,212,253,54,0,0,0,132,253,101,0,0,17,0,0,0,0,0,0,0,0,0,0,0,0,0,0,0,0,254,253,215,207,208,207,245,253,191,207,199,199,0,0,0,0,0,0,0,0,0,0,0,0,0,0,0,68,254,253,253,253,254,253,253,253,254,253,253,219,0,0,0,0,0,0,0,0,0,0,0,0,0,0,0,0,185,248,254,254,210,248,254,228,185,184,176,59,0,0,0,0,0,0,0,0,0,0,0,0,0,0,0,0,0,21,23,23,9,146,253,160,0,0,0,0,0,0,0,0,0,0,0,0,0,0,0,0,0,0,0,0,0,0,0,0,0,138,253,119,0,0,0,0,0,0,0,0,0,0,0,0,0,0,0,0,0,0,0,0,0,0,0,0,0,138,253,69,0,0,0,0,0,0,0,0,0,0,0,0,0,0,0,0,0,0,0,0,0,0,0,0,0,139,254,69,0,0,0,0,0,0,0,0,0,0,0,0,0,0,0,0,0,0,0,0,0,0,0,0,0,189,253,69,0,0,0,0,0,0,0,0,0,0,0,0,0,0,0,0,0,0,0,0,0,0,0,0,0,222,253,103,0,0,0,0,0,0,0,0,0,0,0,0,0,0,0,0,0,0,0,0,0,0,0,0,0,138,202,19,0,0,0,0,0,0,0,0,0,0,0,0,0,0,0,0,0,0,0,0,0,0,0,0,0,0,0,0,0,0,0,0,0,0,0,0,0,0,0,0,0,0,0,0,0,0,0,0,0,0,0,0,0,0,0,0,0,0,0,0,0,0,0,0,0,0,0,0,0,0,0,0,0,0,0,0,0,0,0,0,0,0,0,0,0,0,0,0,0,0,0,0,0,0,0
7,0,0,0,0,0,0,0,0,0,0,0,0,0,0,0,0,0,0,0,0,0,0,0,0,0,0,0,0,0,0,0,0,0,0,0,0,0,0,0,0,0,0,0,0,0,0,0,0,0,0,0,0,0,0,0,0,0,0,0,0,0,0,0,0,0,0,0,0,0,0,0,0,0,0,0,0,0,0,0,0,0,0,0,0,0,0,0,0,0,0,0,0,0,0,0,0,0,0,0,0,0,0,0,0,0,0,0,0,0,0,0,0,0,0,0,0,0,0,0,0,0,0,0,0,0,0,0,0,0,0,0,0,0,0,0,0,0,0,0,0,0,0,0,0,0,0,0,0,0,0,0,0,0,0,0,0,0,0,0,0,0,0,0,0,0,0,0,0,0,0,0,0,0,0,0,0,0,85,255,198,158,92,63,63,92,70,13,0,0,0,0,0,0,0,0,0,0,0,0,0,0,0,0,0,0,204,254,254,254,254,254,254,254,254,228,130,3,0,0,0,0,0,0,0,0,0,0,0,0,0,0,0,0,216,254,254,254,254,254,254,254,254,254,254,58,0,0,0,0,0,0,0,0,0,0,0,0,0,0,0,0,216,254,242,36,4,4,4,4,94,222,254,120,0,0,0,0,0,0,0,0,0,0,0,0,0,0,0,0,216,254,155,0,0,0,0,0,30,226,254,120,0,0,0,0,0,0,0,0,0,0,0,0,0,0,0,0,216,254,105,0,0,0,0,0,208,254,254,51,0,0,0,0,0,0,0,0,0,0,0,0,0,0,0,0,216,254,105,0,0,0,0,0,235,254,191,10,0,0,0,0,0,0,0,0,0,0,0,0,0,0,0,0,82,106,18,0,0,0,7,181,250,254,86,0,0,0,0,0,0,0,0,0,0,0,0,0,0,0,0,0,0,0,0,0,0,0,46,254,254,216,26,0,0,0,0,0,0,0,0,0,0,0,0,0,0,0,0,0,0,0,0,0,0,10,174,254,254,94,0,0,0,0,0,0,0,0,0,0,0,0,0,0,0,0,0,0,0,0,0,0,5,169,254,254,229,30,0,0,0,0,0,0,0,0,0,0,0,0,0,0,0,0,0,0,0,0,0,0,82,254,254,254,49,0,0,0,0,0,0,0,0,0,0,0,0,0,0,0,0,0,0,0,0,0,0,20,184,254,254,166,2,0,0,0,0,0,0,0,0,0,0,0,0,0,0,0,0,0,0,0,0,0,0,120,254,254,238,17,0,0,0,0,0,0,0,0,0,0,0,0,0,0,0,0,0,0,0,0,0,0,16,223,254,254,80,0,0,0,0,0,0,0,0,0,0,0,0,0,0,0,0,0,0,0,0,0,0,0,191,254,254,210,5,0,0,0,0,0,0,0,0,0,0,0,0,0,0,0,0,0,0,0,0,0,0,106,252,254,252,93,0,0,0,0,0,0,0,0,0,0,0,0,0,0,0,0,0,0,0,0,0,0,0,182,254,254,172,0,0,0,0,0,0,0,0,0,0,0,0,0,0,0,0,0,0,0,0,0,0,0,0,182,254,238,77,0,0,0,0,0,0,0,0,0,0,0,0,0,0,0,0,0,0,0,0,0,0,0,0,146,233,87,0,0,0,0,0,0,0,0,0,0,0,0,0,0,0,0,0,0,0,0,0,0,0,0,0,0,0,0,0,0,0,0,0,0,0,0,0,0,0,0,0,0,0,0,0,0,0,0,0,0,0,0,0,0,0,0,0,0,0,0,0,0,0,0,0,0,0,0,0,0,0
9,0,0,0,0,0,0,0,0,0,0,0,0,0,0,0,0,0,0,0,0,0,0,0,0,0,0,0,0,0,0,0,0,0,0,0,0,0,0,0,0,0,0,0,0,0,0,0,0,0,0,0,0,0,0,0,0,0,0,0,0,0,0,0,0,0,0,0,0,0,0,0,0,0,0,0,0,0,0,0,0,0,0,0,0,0,0,0,0,0,0,0,0,0,0,0,0,0,0,0,0,0,0,0,0,0,0,0,0,0,0,0,0,0,0,0,0,0,0,0,0,0,0,0,0,0,0,0,0,0,0,0,0,0,0,0,0,0,0,0,0,0,0,0,0,0,0,0,0,0,0,0,0,0,0,0,0,0,0,0,0,0,0,0,0,0,0,0,0,0,0,0,0,0,0,0,0,0,0,0,57,136,221,254,254,254,229,99,0,0,0,0,0,0,0,0,0,0,0,0,0,0,0,0,0,0,13,147,249,236,148,115,107,56,203,249,76,0,0,0,0,0,0,0,0,0,0,0,0,0,0,0,0,0,221,248,145,29,0,0,0,0,88,243,129,0,0,0,0,0,0,0,0,0,0,0,0,0,0,0,0,102,254,106,0,0,0,0,0,0,26,239,246,184,160,9,0,0,0,0,0,0,0,0,0,0,0,0,24,254,210,9,0,0,0,0,0,0,153,254,254,254,236,17,0,0,0,0,0,0,0,0,0,0,0,0,24,253,197,5,0,0,0,0,5,114,254,253,253,253,84,0,0,0,0,0,0,0,0,0,0,0,0,0,24,253,254,194,40,91,116,116,195,253,254,253,253,168,0,0,0,0,0,0,0,0,0,0,0,0,0,0,57,253,254,253,253,253,254,253,253,253,254,253,202,19,0,0,0,0,0,0,0,0,0,0,0,0,0,0,9,127,210,248,254,254,255,190,67,127,255,241,34,0,0,0,0,0,0,0,0,0,0,0,0,0,0,0,0,0,9,21,23,23,23,2,30,214,254,106,0,0,0,0,0,0,0,0,0,0,0,0,0,0,0,0,0,0,0,0,0,0,0,89,228,253,146,4,0,0,0,0,0,0,0,0,0,0,0,0,0,0,0,0,0,0,0,0,0,0,85,247,253,151,0,0,0,0,0,0,0,0,0,0,0,0,0,0,0,0,0,0,0,0,0,0,0,26,221,254,171,0,0,0,0,0,0,0,0,0,0,0,0,0,0,0,0,0,0,0,0,0,0,0,81,214,254,127,29,0,0,0,0,0,0,0,0,0,0,0,0,0,0,0,0,0,0,0,0,0,0,0,207,253,247,21,0,0,34,0,0,0,0,0,0,0,0,0,0,0,0,0,0,0,0,0,0,0,0,102,240,253,118,0,0,0,0,0,0,0,0,0,0,0,0,0,0,0,0,0,0,0,0,0,0,0,45,245,254,169,0,0,0,0,0,0,0,0,0,0,0,0,0,0,0,0,0,0,0,0,0,0,0,0,237,253,223,31,0,0,0,0,0,0,0,0,0,0,0,0,0,0,0,0,0,0,0,0,0,0,0,43,254,253,62,0,0,0,0,0,0,0,0,0,0,0,0,0,0,0,0,0,0,0,0,0,0,0,0,127,254,119,13,0,0,0,0,0,0,0,0,0,0,0,0,0,0,0,0,0,0,0,0,0,0,0,0,0,0,0,0,0,0,0,0,0,0,0,0,0,0,0,0,0,0,0,0,0,0,0,0,0,0,0,0,0,0,0,0,0,0,0,0,0,0,0,0,0,0,0,0,0,0,0,0
9,0,0,0,0,0,0,0,0,0,0,0,0,0,0,0,0,0,0,0,0,0,0,0,0,0,0,0,0,0,0,0,0,0,0,0,0,0,0,0,0,0,0,0,0,0,0,0,0,0,0,0,0,0,0,0,0,0,0,0,0,0,0,0,0,0,0,0,0,0,0,0,0,0,0,0,0,0,0,0,0,0,0,0,0,0,0,0,0,0,0,0,0,0,0,0,0,0,0,0,0,0,0,0,0,0,0,0,0,0,0,0,0,0,0,0,0,0,0,0,0,0,0,0,0,0,0,0,0,0,0,0,0,0,0,0,0,0,0,0,0,0,0,0,0,0,0,0,0,0,0,0,0,0,0,0,0,0,0,0,0,0,0,0,0,0,0,0,0,0,0,0,0,0,0,0,0,0,0,0,0,0,0,37,141,224,201,156,23,0,0,0,0,0,0,0,0,0,0,0,0,0,0,0,0,0,0,0,0,34,192,239,253,253,253,253,180,0,0,0,0,0,0,0,0,0,0,0,0,0,0,0,0,0,0,7,109,247,253,254,253,253,253,253,195,0,0,0,0,0,0,0,0,0,0,0,0,0,0,0,0,0,10,131,253,253,253,229,133,223,253,253,195,0,0,0,0,0,0,0,0,0,0,0,0,0,0,0,0,0,97,253,253,253,177,60,95,253,253,253,195,0,0,0,0,0,0,0,0,0,0,0,0,0,0,0,0,23,217,254,254,169,0,0,118,254,254,193,0,0,0,0,0,0,0,0,0,0,0,0,0,0,0,0,0,98,254,253,253,34,0,0,200,253,253,73,0,0,0,0,0,0,0,0,0,0,0,0,0,0,0,0,0,68,254,253,253,241,175,176,241,253,240,40,0,0,0,0,0,0,0,0,0,0,0,0,0,0,0,0,0,0,186,253,253,253,253,254,253,253,213,0,0,0,0,0,0,0,0,0,0,0,0,0,0,0,0,0,16,23,14,103,185,253,253,254,253,253,101,0,0,0,0,0,0,0,0,0,0,0,0,0,0,0,0,0,16,23,0,0,0,0,99,255,254,205,8,0,0,0,0,0,0,0,0,0,0,0,0,0,0,0,0,0,0,0,0,0,0,0,180,254,253,174,0,0,0,0,0,0,0,0,0,0,0,0,0,0,0,0,0,0,0,0,0,0,0,13,213,254,253,107,0,0,0,0,0,0,0,0,0,0,0,0,0,0,0,0,0,0,0,0,0,0,0,55,253,254,250,66,0,0,0,0,0,0,0,0,0,0,0,0,0,0,0,0,0,0,0,0,0,0,0,136,253,254,195,0,0,0,0,0,0,0,0,0,0,0,0,0,0,0,0,0,0,0,0,0,0,0,0,235,254,255,136,0,0,0,0,0,0,0,0,0,0,0,0,0,0,0,0,0,0,0,0,0,0,0,74,250,253,254,53,0,0,0,0,0,0,0,0,0,0,0,0,0,0,0,0,0,0,0,0,0,0,7,199,253,253,183,12,0,0,0,0,0,0,0,0,0,0,0,0,0,0,0,0,0,0,0,0,0,0,20,253,253,253,98,0,0,0,0,0,0,0,0,0,0,0,0,0,0,0,0,0,0,0,0,0,0,0,12,223,253,253,60,0,0,0,0,0,0,0,0,0,0,0,0,0,0,0,0,0,0,0,0,0,0,0,0,0,0,0,0,0,0,0,0,0,0,0,0,0,0,0,0,0,0,0,0,0,0,0,0,0,0,0,0,0,0,0,0,0,0,0,0,0,0,0,0,0,0,0,0,0
5,0,0,0,0,0,0,0,0,0,0,0,0,0,0,0,0,0,0,0,0,0,0,0,0,0,0,0,0,0,0,0,0,0,0,0,0,0,0,0,0,0,0,0,0,0,0,0,0,0,0,0,0,0,0,0,0,0,0,0,0,0,0,0,0,0,0,0,0,0,0,0,0,0,0,0,0,0,0,0,0,0,0,0,0,0,0,0,0,0,0,0,0,0,0,0,0,0,0,0,0,0,0,0,0,0,0,0,0,0,0,0,0,0,0,0,0,0,0,0,0,0,0,0,0,0,0,0,0,0,0,0,0,0,0,0,0,0,0,0,0,0,0,0,0,0,0,0,0,0,0,0,0,0,0,0,0,0,0,0,0,0,0,0,0,0,0,0,0,0,0,0,0,0,0,0,0,0,0,0,0,0,0,0,0,0,0,0,0,0,0,0,0,0,0,0,0,0,0,0,0,0,0,0,0,0,0,0,0,0,0,0,0,0,0,0,0,29,86,86,141,170,170,141,0,0,0,0,0,0,0,0,0,0,0,0,0,0,86,29,141,170,170,226,255,255,255,255,198,170,114,57,0,0,0,0,0,0,0,0,0,0,0,0,0,86,255,226,255,255,226,255,226,170,114,86,0,0,0,0,0,0,0,0,0,0,0,0,0,0,0,57,170,255,170,29,0,0,0,0,0,0,0,0,0,0,0,0,0,0,0,0,0,0,0,0,0,0,86,226,255,114,0,0,0,0,0,0,0,0,0,0,0,0,0,0,0,0,0,0,0,0,0,0,0,0,226,255,255,255,255,170,57,0,0,0,0,0,0,0,0,0,0,0,0,0,0,0,0,0,0,0,0,86,226,114,170,198,255,255,226,141,29,0,0,0,0,0,0,0,0,0,0,0,0,0,0,0,0,0,0,29,29,0,0,170,255,255,255,255,86,0,0,0,0,0,0,0,0,0,0,0,0,0,0,0,0,0,0,0,0,0,0,29,57,57,114,255,114,0,0,0,0,0,0,0,0,0,0,0,0,0,0,0,0,0,0,0,0,0,0,0,0,0,57,226,114,0,0,0,0,0,0,0,0,0,0,0,0,0,0,0,0,0,0,0,0,0,0,0,0,0,86,255,141,0,29,0,0,0,0,0,0,0,0,0,0,0,0,0,0,0,0,0,0,0,0,0,86,226,255,255,198,114,226,29,0,0,0,0,0,0,0,0,0,0,0,0,0,0,57,114,170,170,170,255,255,255,255,255,198,170,57,0,0,0,0,0,0,0,0,0,0,0,0,0,0,0,198,255,255,255,255,255,255,255,170,29,0,0,0,0,0,0,0,0,0,0,0,0,0,0,0,0,0,0,114,198,255,255,255,255,226,114,0,0,0,0,0,0,0,0,0,0,0,0,0,0,0,0,0,0,0,0,0,0,0,86,86,57,0,0,0,0,0,0,0,0,0,0,0,0,0,0,0,0,0,0,0,0,0,0,0,0,0,0,0,0,0,0,0,0,0,0,0,0,0,0,0,0,0,0,0,0,0,0,0,0,0,0,0,0,0,0,0,0,0,0,0,0,0,0,0,0,0,0,0,0,0,0,0,0,0,0,0,0,0,0,0,0,0,0,0,0,0,0,0,0,0,0,0,0,0,0,0,0,0,0,0,0,0,0,0,0,0,0,0,0,0,0,0,0,0,0,0,0,0,0,0,0,0,0,0,0,0,0,0,0,0,0,0,0,0,0,0,0,0,0,0,0,0,0,0,0,0,0,0,0,0,0,0,0,0,0,0
1,0,0,0,0,0,0,0,0,0,0,0,0,0,0,0,0,0,0,0,0,0,0,0,0,0,0,0,0,0,0,0,0,0,0,0,0,0,0,0,0,0,0,0,0,0,0,0,0,0,0,0,0,0,0,0,0,0,0,0,0,0,0,0,0,0,0,0,0,0,0,0,0,0,0,0,0,0,0,0,0,0,0,0,0,0,0,0,0,0,0,0,0,0,0,0,0,0,0,0,0,0,0,0,0,0,0,0,0,0,0,0,0,0,0,0,0,0,0,0,0,0,0,0,0,0,0,0,0,0,0,0,0,0,0,0,0,0,0,0,0,0,0,0,0,0,0,0,0,0,0,0,0,0,0,0,64,255,191,0,0,0,0,0,0,0,0,0,0,0,0,0,0,0,0,0,0,0,0,0,0,0,0,0,128,255,255,128,0,0,0,0,0,0,0,0,0,0,0,0,0,0,0,0,0,0,0,0,0,0,0,0,128,255,255,128,0,0,0,0,0,0,0,0,0,0,0,0,0,0,0,0,0,0,0,0,0,0,0,64,255,255,255,128,0,0,0,0,0,0,0,0,0,0,0,0,0,0,0,0,0,0,0,0,0,0,0,255,255,255,255,128,0,0,0,0,0,0,0,0,0,0,0,0,0,0,0,0,0,0,0,0,0,0,0,255,255,255,255,128,0,0,0,0,0,0,0,0,0,0,0,0,0,0,0,0,0,0,0,0,0,0,128,255,255,255,255,64,0,0,0,0,0,0,0,0,0,0,0,0,0,0,0,0,0,0,0,0,0,0,255,255,255,255,191,0,0,0,0,0,0,0,0,0,0,0,0,0,0,0,0,0,0,0,0,0,0,128,255,255,255,255,64,0,0,0,0,0,0,0,0,0,0,0,0,0,0,0,0,0,0,0,0,0,0,191,255,255,255,255,0,0,0,0,0,0,0,0,0,0,0,0,0,0,0,0,0,0,0,0,0,0,64,255,255,255,255,128,0,0,0,0,0,0,0,0,0,0,0,0,0,0,0,0,0,0,0,0,0,0,191,255,255,255,191,0,0,0,0,0,0,0,0,0,0,0,0,0,0,0,0,0,0,0,0,0,0,0,255,255,255,255,128,0,0,0,0,0,0,0,0,0,0,0,0,0,0,0,0,0,0,0,0,0,0,0,255,255,255,255,64,0,0,0,0,0,0,0,0,0,0,0,0,0,0,0,0,0,0,0,0,0,0,128,255,255,255,128,0,0,0,0,0,0,0,0,0,0,0,0,0,0,0,0,0,0,0,0,0,0,0,255,255,255,255,0,0,0,0,0,0,0,0,0,0,0,0,0,0,0,0,0,0,0,0,0,0,0,128,255,255,255,191,0,0,0,0,0,0,0,0,0,0,0,0,0,0,0,0,0,0,0,0,0,0,0,128,255,255,255,64,0,0,0,0,0,0,0,0,0,0,0,0,0,0,0,0,0,0,0,0,0,0,0,64,255,255,191,0,0,0,0,0,0,0,0,0,0,0,0,0,0,0,0,0,0,0,0,0,0,0,0,0,128,191,64,0,0,0,0,0,0,0,0,0,0,0,0,0,0,0,0,0,0,0,0,0,0,0,0,0,0,0,0,0,0,0,0,0,0,0,0,0,0,0,0,0,0,0,0,0,0,0,0,0,0,0,0,0,0,0,0,0,0,0,0,0,0,0,0,0,0,0,0,0,0,0,0,0,0,0,0,0,0,0,0,0,0,0,0,0,0,0,0,0,0,0,0,0,0,0,0,0,0,0
3,0,0,0,0,0,0,0,0,0,0,0,0,0,0,0,0,0,0,0,0,0,0,0,0,0,0,0,0,0,0,0,0,0,0,0,0,0,0,0,0,0,0,0,0,0,0,0,0,0,0,0,0,0,0,0,0,0,0,0,0,0,0,0,0,0,0,0,0,0,0,0,0,0,0,0,0,0,0,0,0,0,0,0,0,0,0,0,0,0,0,0,0,0,0,0,0,0,0,0,0,0,0,0,0,0,0,0,0,0,0,0,0,0,0,0,0,0,0,0,0,0,0,0,0,0,0,0,0,0,0,0,0,0,0,0,0,0,0,0,0,0,0,0,0,0,0,0,0,0,47,93,163,202,254,255,254,241,156,21,0,0,0,0,0,0,0,0,0,0,0,0,0,0,0,0,24,152,247,253,253,253,253,254,253,253,253,240,20,0,0,0,0,0,0,0,0,0,0,0,0,0,0,64,213,253,243,197,127,88,36,36,36,114,226,253,91,0,0,0,0,0,0,0,0,0,0,0,0,0,0,128,253,181,39,0,0,0,0,0,0,0,199,253,91,0,0,0,0,0,0,0,0,0,0,0,0,0,0,49,162,136,0,0,0,0,0,0,0,14,218,253,91,0,0,0,0,0,0,0,0,0,0,0,0,0,0,0,0,0,0,0,0,0,0,0,16,228,254,228,0,0,0,0,0,0,0,0,0,0,0,0,0,0,0,0,0,0,0,0,0,0,0,16,194,253,249,63,0,0,0,0,0,0,0,0,0,0,0,0,0,0,0,0,0,0,0,0,0,3,37,228,253,240,60,0,0,0,0,0,0,0,0,0,0,0,0,0,0,0,0,0,0,0,0,4,32,151,253,254,253,253,210,103,0,0,0,0,0,0,0,0,0,0,0,0,0,0,0,0,0,0,27,158,253,253,253,254,168,240,253,253,98,0,0,0,0,0,0,0,0,0,0,0,0,0,0,0,0,85,222,254,254,248,84,0,0,14,134,254,255,76,0,0,0,0,0,0,0,0,0,0,0,0,0,0,0,181,254,241,185,36,0,0,0,0,2,134,254,192,0,0,0,0,0,0,0,0,0,0,0,0,0,0,0,58,101,28,0,0,0,0,0,0,0,13,254,245,44,0,0,0,0,0,0,0,0,0,0,0,0,0,0,0,0,0,0,0,0,0,0,0,0,7,254,253,120,0,0,0,0,0,0,0,0,0,0,0,0,0,0,0,0,0,0,0,0,0,0,0,0,124,254,253,36,0,0,0,0,0,0,0,0,0,0,0,0,0,0,0,0,0,0,0,0,0,0,63,150,254,255,140,0,0,0,0,0,0,0,0,0,0,0,0,0,0,0,0,0,0,0,0,0,36,158,250,253,253,115,8,0,0,0,0,0,0,0,0,0,0,0,0,0,0,0,0,0,34,37,76,159,241,253,247,177,62,0,0,0,0,0,0,0,0,0,0,0,0,0,0,0,0,0,14,135,249,253,253,253,235,150,59,0,0,0,0,0,0,0,0,0,0,0,0,0,0,0,0,0,0,14,232,254,253,253,214,98,0,0,0,0,0,0,0,0,0,0,0,0,0,0,0,0,0,0,0,0,0,0,0,0,0,0,0,0,0,0,0,0,0,0,0,0,0,0,0,0,0,0,0,0,0,0,0,0,0,0,0,0,0,0,0,0,0,0,0,0,0,0,0,0,0,0,0,0,0,0,0,0,0,0,0,0,0,0,0,0,0,0,0,0,0,0,0,0,0,0,0,0,0,0,0,0,0,0
8,0,0,0,0,0,0,0,0,0,0,0,0,0,0,0,0,0,0,0,0,0,0,0,0,0,0,0,0,0,0,0,0,0,0,0,0,0,0,0,0,0,0,0,0,0,0,0,0,0,0,0,0,0,0,0,0,0,0,0,0,0,0,0,0,0,0,0,0,0,0,0,0,0,0,0,0,0,0,0,0,0,0,0,0,0,0,0,0,0,0,0,0,0,0,0,0,0,0,0,0,0,0,0,0,0,0,0,0,0,0,0,0,0,0,0,0,0,0,0,0,0,0,0,0,0,0,38,204,254,244,92,0,0,0,0,0,0,0,0,0,0,0,0,0,0,0,0,0,0,0,0,0,0,6,231,254,254,254,242,61,0,0,0,0,0,0,0,0,0,0,0,0,0,0,0,0,0,0,0,0,0,204,254,204,121,230,254,157,0,0,0,0,0,0,0,0,0,0,0,0,0,0,0,0,0,0,0,0,95,252,237,17,30,241,254,204,0,0,0,0,0,0,0,0,0,0,0,0,0,0,0,0,0,0,0,0,222,254,85,0,121,254,254,204,0,0,0,0,0,0,0,0,0,0,0,0,0,0,0,0,0,0,0,35,246,254,0,0,189,254,254,204,0,0,0,0,0,0,0,0,0,0,0,0,0,0,0,0,0,0,0,66,254,208,0,0,143,254,254,186,0,0,0,0,0,0,0,0,0,0,0,0,0,0,0,0,0,0,0,161,254,77,0,0,33,254,254,102,0,0,0,0,0,0,0,0,0,0,0,0,0,0,0,0,0,0,0,230,254,8,0,5,171,254,215,3,0,0,0,0,0,0,0,0,0,0,0,0,0,0,0,0,0,0,38,245,206,30,0,97,254,254,107,0,0,0,0,0,0,0,0,0,0,0,0,0,0,0,0,0,0,0,58,254,254,255,175,254,254,134,0,0,0,0,0,0,0,0,0,0,0,0,0,0,0,0,0,0,0,0,17,226,254,254,254,254,197,0,0,0,0,0,0,0,0,0,0,0,0,0,0,0,0,0,0,0,0,0,0,24,244,254,254,254,95,0,0,0,0,0,0,0,0,0,0,0,0,0,0,0,0,0,0,0,0,0,8,170,254,254,254,254,147,0,0,0,0,0,0,0,0,0,0,0,0,0,0,0,0,0,0,0,0,8,169,254,254,200,122,254,160,0,0,0,0,0,0,0,0,0,0,0,0,0,0,0,0,0,0,0,0,134,254,254,157,17,91,254,229,0,0,0,0,0,0,0,0,0,0,0,0,0,0,0,0,0,0,0,23,236,254,107,2,0,128,254,184,0,0,0,0,0,0,0,0,0,0,0,0,0,0,0,0,0,0,0,163,254,132,3,20,145,254,244,35,0,0,0,0,0,0,0,0,0,0,0,0,0,0,0,0,0,0,0,205,254,124,148,238,254,252,89,0,0,0,0,0,0,0,0,0,0,0,0,0,0,0,0,0,0,0,0,205,254,254,254,254,254,61,0,0,0,0,0,0,0,0,0,0,0,0,0,0,0,0,0,0,0,0,0,0,0,0,0,0,0,0,0,0,0,0,0,0,0,0,0,0,0,0,0,0,0,0,0,0,0,0,0,0,0,0,0,0,0,0,0,0,0,0,0,0,0,0,0,0,0,0,0,0,0,0,0,0,0,0,0,0,0,0,0,0,0,0,0,0,0,0,0,0,0,0,0,0,0,0,0,0,0,0,0,0,0,0,0,0,0,0,0,0,0,0,0,0,0,0,0,0,0,0,0,0,0,0,0
5,0,0,0,0,0,0,0,0,0,0,0,0,0,0,0,0,0,0,0,0,0,0,0,0,0,0,0,0,0,0,0,0,0,0,0,0,0,0,0,0,0,0,0,0,0,0,0,0,0,0,0,0,0,0,0,0,0,0,0,0,0,0,0,0,0,0,0,0,0,0,0,0,0,0,0,0,0,0,0,0,0,0,0,0,0,0,0,0,0,0,0,0,0,0,0,0,0,0,0,0,0,0,0,0,0,0,0,0,0,0,0,0,0,0,0,0,0,0,0,0,0,0,0,0,0,0,0,0,0,0,0,0,0,0,0,0,0,0,0,0,0,0,0,0,0,0,0,0,0,0,0,0,0,0,0,0,0,29,104,178,153,129,10,0,0,0,0,0,0,0,0,0,0,0,0,0,0,0,0,0,0,0,13,57,157,253,252,252,252,253,159,0,0,0,0,0,0,0,0,0,0,0,0,0,0,0,0,154,197,198,209,252,252,253,252,252,252,244,81,0,0,0,0,0,0,0,0,0,0,0,0,0,0,0,51,246,252,253,252,252,252,253,252,252,202,75,0,0,0,0,0,0,0,0,0,0,0,0,0,0,0,92,253,253,253,176,113,113,113,114,88,0,0,0,0,0,0,0,0,0,0,0,0,0,0,0,0,0,0,141,252,252,252,38,0,0,0,0,0,0,0,0,0,0,0,0,0,0,0,0,0,0,0,0,0,0,0,94,224,252,252,89,0,0,0,0,0,0,0,0,0,0,0,0,0,0,0,0,0,0,0,0,0,0,0,0,44,228,252,226,88,0,0,0,0,0,0,0,0,0,0,0,0,0,0,0,0,0,0,0,0,0,0,0,0,38,213,255,228,44,0,0,0,0,0,0,0,0,0,0,0,0,0,0,0,0,0,0,0,0,0,0,0,0,0,178,252,224,44,0,0,0,0,0,0,0,0,0,0,0,0,0,0,0,0,0,0,0,0,0,0,0,0,44,224,252,228,0,0,0,0,0,0,0,0,0,0,0,0,0,0,0,0,0,0,0,0,0,0,0,0,0,69,252,252,101,0,0,0,0,0,0,0,0,0,0,0,0,0,0,0,0,0,0,0,0,0,0,0,0,57,253,253,114,0,0,0,0,0,0,0,0,0,0,0,0,0,0,0,0,0,0,0,0,0,0,0,0,57,252,252,88,0,0,0,0,0,0,0,0,0,0,0,0,0,0,0,0,0,0,0,0,0,0,0,0,57,252,252,0,0,0,0,0,0,0,0,0,0,0,0,0,0,0,0,0,26,200,225,51,0,0,0,0,107,252,252,0,0,0,0,0,0,0,0,0,0,0,0,0,0,0,0,0,51,235,253,129,22,0,0,29,216,253,140,0,0,0,0,0,0,0,0,0,0,0,0,0,0,0,0,0,0,66,246,253,234,169,169,216,252,252,65,0,0,0,0,0,0,0,0,0,0,0,0,0,0,0,0,0,0,0,100,216,252,252,252,253,252,186,6,0,0,0,0,0,0,0,0,0,0,0,0,0,0,0,0,0,0,0,0,16,103,139,240,140,115,19,0,0,0,0,0,0,0,0,0,0,0,0,0,0,0,0,0,0,0,0,0,0,0,0,0,0,0,0,0,0,0,0,0,0,0,0,0,0,0,0,0,0,0,0,0,0,0,0,0,0,0,0,0,0,0,0,0,0,0,0,0,0,0,0,0,0,0,0,0,0,0,0,0,0,0,0,0,0,0,0,0,0,0,0,0,0,0,0,0,0,0,0,0,0,0,0
5,0,0,0,0,0,0,0,0,0,0,0,0,0,0,0,0,0,0,0,0,0,0,0,0,0,0,0,0,0,0,0,0,0,0,0,0,0,0,0,0,0,0,0,0,0,0,0,0,0,0,0,0,0,0,0,0,0,0,0,0,0,0,0,0,0,0,0,0,0,0,0,0,0,0,0,0,0,0,0,0,0,0,0,0,0,0,0,0,0,0,0,0,0,0,0,0,0,0,0,0,0,0,0,0,0,0,0,0,0,0,0,0,0,0,0,0,0,0,0,0,0,0,0,0,0,0,0,0,0,0,0,0,0,0,0,0,0,0,0,0,0,0,0,0,0,0,0,0,0,0,0,0,0,0,0,43,43,139,218,165,131,11,0,0,0,0,0,0,0,0,0,0,0,0,0,0,0,0,15,164,190,190,190,253,252,252,252,252,253,142,0,0,0,0,0,0,0,0,0,0,0,0,0,0,0,0,96,252,252,252,252,232,231,178,126,38,188,110,0,0,0,0,0,0,0,0,0,0,0,0,0,0,0,0,218,252,167,84,84,0,0,0,0,0,0,0,0,0,0,0,0,0,0,0,0,0,0,0,0,0,0,0,253,252,38,0,0,0,0,0,0,0,0,0,0,0,0,0,0,0,0,0,0,0,0,0,0,0,0,107,255,253,21,0,0,0,0,0,0,0,0,0,0,0,0,0,0,0,0,0,0,0,0,0,0,0,0,185,253,153,5,0,0,0,0,0,0,0,0,0,0,0,0,0,0,0,0,0,0,0,0,0,0,0,32,232,253,79,22,92,127,128,48,11,0,0,0,0,0,0,0,0,0,0,0,0,0,0,0,0,0,0,64,252,253,252,252,252,252,253,252,210,83,0,0,0,0,0,0,0,0,0,0,0,0,0,0,0,0,0,64,252,253,252,244,147,147,147,226,252,215,18,0,0,0,0,0,0,0,0,0,0,0,0,0,0,0,0,64,253,247,131,9,0,0,0,0,171,253,209,0,0,0,0,0,0,0,0,0,0,0,0,0,0,0,0,43,168,97,0,0,0,0,0,0,41,224,252,36,0,0,0,0,0,0,0,0,0,0,0,0,0,0,0,0,0,0,0,0,0,0,0,0,0,117,252,115,0,0,0,0,0,0,0,0,0,0,0,0,0,0,0,0,0,0,0,0,0,0,0,0,0,64,252,140,0,0,0,0,0,0,0,0,0,0,0,0,0,0,0,0,0,0,0,0,0,0,0,0,0,108,252,106,0,0,0,0,0,0,0,0,0,0,0,0,0,0,0,0,0,0,0,0,0,0,0,0,0,170,253,107,0,0,0,0,0,0,0,0,0,0,0,0,0,0,0,84,111,0,0,0,0,0,0,0,52,232,252,27,0,0,0,0,0,0,0,0,0,0,0,0,0,0,0,117,244,128,48,22,22,22,0,52,190,252,244,0,0,0,0,0,0,0,0,0,0,0,0,0,0,0,0,21,128,253,252,252,252,252,170,232,252,236,111,0,0,0,0,0,0,0,0,0,0,0,0,0,0,0,0,0,0,42,121,200,252,252,253,252,199,111,0,0,0,0,0,0,0,0,0,0,0,0,0,0,0,0,0,0,0,0,0,0,0,0,0,0,0,0,0,0,0,0,0,0,0,0,0,0,0,0,0,0,0,0,0,0,0,0,0,0,0,0,0,0,0,0,0,0,0,0,0,0,0,0,0,0,0,0,0,0,0,0,0,0,0,0,0,0,0,0,0,0,0,0,0,0,0,0,0,0,0,0,0
0,0,0,0,0,0,0,0,0,0,0,0,0,0,0,0,0,0,0,0,0,0,0,0,0,0,0,0,0,0,0,0,0,0,0,0,0,0,0,0,0,0,0,0,0,0,0,0,0,0,0,0,0,0,0,0,0,0,0,0,0,0,0,0,0,0,0,0,0,0,0,0,0,0,0,0,0,0,0,0,0,0,0,0,0,0,0,0,0,0,0,0,0,0,0,0,0,0,0,0,0,0,0,0,0,0,0,0,0,0,0,0,0,0,0,0,0,0,0,0,0,0,0,0,0,0,0,0,0,0,0,97,254,235,0,0,0,0,0,0,0,0,0,0,0,0,0,0,0,0,0,0,0,0,0,0,0,82,137,251,253,243,51,0,0,0,0,0,0,0,0,0,0,0,0,0,0,0,0,0,0,0,0,0,108,250,253,253,253,253,234,0,0,0,0,0,0,0,0,0,0,0,0,0,0,0,0,0,0,0,0,109,248,253,253,253,253,253,246,48,0,0,0,0,0,0,0,0,0,0,0,0,0,0,0,0,0,0,176,247,253,253,253,190,216,253,253,117,0,0,0,0,0,0,0,0,0,0,0,0,0,0,0,0,29,128,246,253,253,189,75,12,110,253,253,163,0,0,0,0,0,0,0,0,0,0,0,0,0,0,0,29,204,253,253,253,236,52,0,0,18,219,253,247,0,0,0,0,0,0,0,0,0,0,0,0,0,0,29,204,253,253,253,205,36,0,0,0,0,150,253,247,0,0,0,0,0,0,0,0,0,0,0,0,0,28,204,253,253,253,164,40,0,0,0,0,0,150,253,142,0,0,0,0,0,0,0,0,0,0,0,0,0,131,253,253,253,235,43,0,0,0,0,0,0,150,253,117,0,0,0,0,0,0,0,0,0,0,0,0,109,247,253,253,195,46,0,0,0,0,0,0,50,227,253,117,0,0,0,0,0,0,0,0,0,0,0,0,235,253,253,236,72,0,0,0,0,0,0,0,156,253,250,93,0,0,0,0,0,0,0,0,0,0,0,101,248,253,253,78,0,0,0,0,0,0,8,63,224,253,217,0,0,0,0,0,0,0,0,0,0,0,79,249,253,253,192,13,0,0,0,0,0,0,60,253,253,240,37,0,0,0,0,0,0,0,0,0,0,0,201,253,253,241,74,0,0,0,0,8,33,124,223,253,233,136,0,0,0,0,0,0,0,0,0,0,0,0,248,253,253,142,0,0,0,8,27,146,253,253,253,236,87,0,0,0,0,0,0,0,0,0,0,0,0,0,248,253,253,35,8,20,128,179,253,253,253,240,213,37,0,0,0,0,0,0,0,0,0,0,0,0,0,0,248,253,253,211,183,253,253,253,253,243,146,34,0,0,0,0,0,0,0,0,0,0,0,0,0,0,0,0,245,253,253,253,253,253,251,247,146,30,0,0,0,0,0,0,0,0,0,0,0,0,0,0,0,0,0,0,58,180,253,253,253,142,85,0,0,0,0,0,0,0,0,0,0,0,0,0,0,0,0,0,0,0,0,0,0,0,0,0,0,0,0,0,0,0,0,0,0,0,0,0,0,0,0,0,0,0,0,0,0,0,0,0,0,0,0,0,0,0,0,0,0,0,0,0,0,0,0,0,0,0,0,0,0,0,0,0,0,0,0,0,0,0,0,0,0,0,0,0,0,0,0,0,0,0,0,0,0,0,0,0,0,0,0,0,0,0,0,0,0,0,0,0,0,0,0,0,0,0,0,0,0,0,0,0,0,0,0,0,0,0,0
2,0,0,0,0,0,0,0,0,0,0,0,0,0,0,0,0,0,0,0,0,0,0,0,0,0,0,0,0,0,0,0,0,0,0,0,0,0,0,0,0,0,0,0,0,0,0,0,0,0,0,0,0,0,0,0,0,0,0,0,0,0,0,0,0,0,0,0,0,0,0,0,0,0,0,0,0,0,0,0,0,0,0,0,0,0,0,0,0,0,0,0,0,0,0,0,0,0,0,0,0,0,0,0,0,0,0,0,0,0,0,0,0,0,0,0,0,0,0,0,0,0,0,0,0,0,0,0,13,61,154,204,254,254,254,92,0,0,0,0,0,0,0,0,0,0,0,0,0,0,0,0,0,4,30,112,220,253,253,253,253,253,253,165,0,0,0,0,0,0,0,0,0,0,0,0,0,0,0,0,91,198,253,253,253,250,188,139,140,253,253,45,0,0,0,0,0,0,0,0,0,0,0,0,0,0,0,0,139,246,174,133,111,32,0,2,172,253,246,9,0,0,0,0,0,0,0,0,0,0,0,0,0,0,0,0,44,50,0,0,0,0,0,94,253,253,134,0,0,0,0,0,0,0,0,0,0,0,0,0,0,0,0,0,0,0,0,0,0,0,48,230,253,210,7,0,0,0,0,0,0,0,0,0,0,0,0,0,0,0,0,0,0,0,0,0,0,6,198,253,227,40,0,0,0,0,0,0,0,0,0,0,0,0,0,0,0,0,0,0,0,0,0,0,0,164,253,224,39,0,0,0,0,0,0,0,0,0,0,0,0,0,0,0,0,0,0,0,0,0,0,0,84,244,253,92,0,0,0,0,0,0,0,0,0,0,0,0,0,0,0,0,0,0,0,0,0,0,0,84,252,253,127,1,0,0,0,0,0,0,0,0,0,0,0,0,0,0,0,0,0,0,0,0,0,0,84,244,253,198,17,0,0,0,0,0,0,0,0,0,0,0,0,0,0,0,0,0,0,0,0,0,0,84,252,252,170,15,0,0,0,0,0,0,0,0,0,0,0,0,0,0,0,0,0,0,0,0,0,0,80,244,253,197,0,0,0,0,0,0,0,0,0,0,0,0,0,0,0,0,0,0,0,0,0,0,9,142,216,253,192,17,0,0,0,35,48,0,0,0,0,0,0,0,0,0,0,0,0,0,0,0,0,18,209,253,253,197,14,11,88,130,224,239,244,154,0,0,0,0,0,0,0,0,0,0,0,0,0,0,15,230,253,253,238,98,178,210,253,253,253,253,253,218,0,0,0,0,0,0,0,0,0,0,0,0,0,49,223,253,253,253,253,253,253,253,253,224,152,70,90,103,0,0,0,0,0,0,0,0,0,0,0,0,83,231,253,253,253,253,253,253,200,162,64,10,0,0,0,0,0,0,0,0,0,0,0,0,0,0,0,54,248,253,253,253,253,221,193,72,4,0,0,0,0,0,0,0,0,0,0,0,0,0,0,0,0,0,0,34,236,228,153,153,64,15,0,0,0,0,0,0,0,0,0,0,0,0,0,0,0,0,0,0,0,0,0,0,0,0,0,0,0,0,0,0,0,0,0,0,0,0,0,0,0,0,0,0,0,0,0,0,0,0,0,0,0,0,0,0,0,0,0,0,0,0,0,0,0,0,0,0,0,0,0,0,0,0,0,0,0,0,0,0,0,0,0,0,0,0,0,0,0,0,0,0,0,0,0,0,0,0,0,0,0,0,0,0,0,0,0,0,0,0,0,0,0,0,0,0,0,0,0,0,0,0,0,0,0,0,0,0,0,0,0
4,0,0,0,0,0,0,0,0,0,0,0,0,0,0,0,0,0,0,0,0,0,0,0,0,0,0,0,0,0,0,0,0,0,0,0,0,0,0,0,0,0,0,0,0,0,0,0,0,0,0,0,0,0,0,0,0,0,0,0,0,0,0,0,0,0,0,0,0,0,0,0,0,0,0,0,0,0,0,0,0,0,0,0,0,0,0,0,0,0,0,0,0,0,0,0,0,0,0,0,0,0,0,0,0,0,0,0,0,0,0,0,0,0,0,0,0,0,0,0,0,0,0,0,0,0,0,0,0,0,0,0,0,0,0,0,0,0,0,0,0,0,0,0,0,0,0,0,0,0,0,0,0,0,0,0,0,0,0,0,0,0,0,0,0,0,0,0,0,0,0,0,0,0,0,0,0,0,0,0,0,0,0,0,0,79,216,165,16,0,0,0,0,0,0,0,0,0,0,0,0,0,0,0,0,0,0,0,0,0,0,0,0,216,252,170,9,0,0,0,0,0,0,0,0,0,0,0,0,0,82,197,59,0,0,0,0,0,0,0,0,253,252,56,0,0,0,0,0,0,0,0,0,0,0,0,0,0,169,252,240,0,0,0,0,0,0,0,51,253,252,56,0,0,0,0,0,0,0,0,0,0,0,0,0,29,253,253,28,0,0,0,0,0,0,0,101,255,253,56,0,0,0,0,0,0,0,0,0,0,0,0,0,29,252,252,28,0,0,0,0,0,0,0,0,253,252,56,0,0,0,0,0,0,0,0,0,0,0,0,0,29,252,252,28,0,0,0,0,0,0,0,0,253,252,56,0,0,0,0,0,0,0,0,0,0,0,0,0,16,215,252,228,114,113,113,113,114,113,113,113,253,252,56,0,0,0,0,0,0,0,0,0,0,0,0,0,0,101,235,253,254,253,253,253,254,253,253,253,254,253,56,0,0,0,0,0,0,0,0,0,0,0,0,0,0,0,28,133,197,196,196,96,84,84,84,184,253,252,56,0,0,0,0,0,0,0,0,0,0,0,0,0,0,0,0,0,0,0,0,0,0,0,0,0,165,252,143,0,0,0,0,0,0,0,0,0,0,0,0,0,0,0,0,0,0,0,0,0,0,0,0,0,141,252,243,25,0,0,0,0,0,0,0,0,0,0,0,0,0,0,0,0,0,0,0,0,0,0,0,0,79,253,253,40,0,0,0,0,0,0,0,0,0,0,0,0,0,0,0,0,0,0,0,0,0,0,0,0,10,196,252,165,0,0,0,0,0,0,0,0,0,0,0,0,0,0,0,0,0,0,0,0,0,0,0,0,0,82,252,252,89,0,0,0,0,0,0,0,0,0,0,0,0,0,0,0,0,0,0,0,0,0,0,0,0,32,228,252,113,0,0,0,0,0,0,0,0,0,0,0,0,0,0,0,0,0,0,0,0,0,0,0,0,0,38,238,242,110,0,0,0,0,0,0,0,0,0,0,0,0,0,0,0,0,0,0,0,0,0,0,0,0,0,175,253,234,63,0,0,0,0,0,0,0,0,0,0,0,0,0,0,0,0,0,0,0,0,0,0,0,0,0,165,252,234,22,0,0,0,0,0,0,0,0,0,0,0,0,0,0,0,0,0,0,0,0,0,0,0,0,28,90,190,15,0,0,0,0,0,0,0,0,0,0,0,0,0,0,0,0,0,0,0,0,0,0,0,0,0,0,0,0,0,0,0,0,0,0,0,0,0,0,0,0,0,0,0,0,0,0,0,0,0,0,0,0,0,0,0,0,0,0,0,0
4,0,0,0,0,0,0,0,0,0,0,0,0,0,0,0,0,0,0,0,0,0,0,0,0,0,0,0,0,0,0,0,0,0,0,0,0,0,0,0,0,0,0,0,0,0,0,0,0,0,0,0,0,0,0,0,0,0,0,0,0,0,0,0,0,0,0,0,0,0,0,0,0,0,0,0,0,0,0,0,0,0,0,0,0,0,0,0,0,0,0,0,0,0,0,0,0,0,0,0,0,0,0,0,0,0,0,0,0,0,0,0,0,0,0,0,0,0,0,0,0,0,0,0,0,0,0,0,0,0,0,0,41,255,36,0,0,0,0,0,0,0,0,0,0,0,0,0,0,0,0,0,0,0,0,0,151,161,6,0,205,201,8,0,0,0,0,0,0,0,0,0,0,0,0,0,0,0,0,0,0,0,0,0,249,253,15,12,232,87,0,0,0,0,0,0,0,0,0,0,0,0,0,0,0,0,0,0,0,0,0,0,249,188,4,79,253,83,0,0,0,0,0,0,0,0,0,0,0,0,0,0,0,0,0,0,0,0,6,192,232,39,4,181,234,7,0,0,0,0,0,0,0,0,0,0,0,0,0,0,0,0,0,0,0,2,152,253,139,0,32,253,160,0,0,0,0,0,0,0,0,0,0,0,0,0,0,0,0,0,0,0,4,64,253,200,15,0,38,253,81,0,0,0,0,0,0,0,0,0,0,0,0,0,0,0,0,0,0,0,89,253,241,39,0,0,135,253,25,0,0,0,0,0,0,0,0,0,0,0,0,0,0,0,0,0,2,104,239,245,33,0,0,2,223,252,25,0,0,0,0,0,0,0,0,0,0,0,0,0,0,0,0,0,136,253,194,16,0,0,0,89,253,175,0,0,0,0,0,0,0,0,0,0,0,0,0,0,0,0,0,144,238,200,18,0,0,0,0,128,253,93,0,0,0,0,0,0,0,0,0,0,0,0,0,0,0,6,76,245,253,69,42,42,42,42,59,227,223,2,0,0,0,0,0,0,0,0,0,0,0,0,0,0,0,116,253,253,253,253,253,253,253,253,253,253,246,118,9,0,0,0,0,0,0,0,0,0,0,0,0,0,0,225,253,237,192,119,119,119,119,119,251,253,228,253,240,169,32,0,0,0,0,0,0,0,0,0,0,0,0,40,72,36,0,0,0,0,0,31,251,190,13,104,182,253,139,0,0,0,0,0,0,0,0,0,0,0,0,0,0,0,0,0,0,0,0,192,253,115,0,0,3,25,14,0,0,0,0,0,0,0,0,0,0,0,0,0,0,0,0,0,0,0,36,237,198,20,0,0,0,0,0,0,0,0,0,0,0,0,0,0,0,0,0,0,0,0,0,0,0,1,145,253,109,0,0,0,0,0,0,0,0,0,0,0,0,0,0,0,0,0,0,0,0,0,0,0,0,6,253,253,43,0,0,0,0,0,0,0,0,0,0,0,0,0,0,0,0,0,0,0,0,0,0,0,0,6,253,130,1,0,0,0,0,0,0,0,0,0,0,0,0,0,0,0,0,0,0,0,0,0,0,0,0,0,0,0,0,0,0,0,0,0,0,0,0,0,0,0,0,0,0,0,0,0,0,0,0,0,0,0,0,0,0,0,0,0,0,0,0,0,0,0,0,0,0,0,0,0,0,0,0,0,0,0,0,0,0,0,0,0,0,0,0,0,0,0,0,0,0,0,0,0,0,0,0,0,0,0,0,0,0,0,0,0,0,0,0,0,0,0,0,0,0,0,0,0,0,0,0,0,0,0,0
7,0,0,0,0,0,0,0,0,0,0,0,0,0,0,0,0,0,0,0,0,0,0,0,0,0,0,0,0,0,0,0,0,0,0,0,0,0,0,0,0,0,0,0,0,0,0,0,0,0,0,0,0,0,0,0,0,0,0,0,0,0,0,0,0,0,0,0,0,0,0,0,0,0,0,0,0,0,0,0,0,0,0,0,0,0,0,0,0,0,0,0,0,0,0,0,0,0,0,0,0,0,0,0,0,0,0,0,0,0,0,0,0,0,0,0,0,0,0,0,0,0,0,0,0,0,0,0,0,0,0,0,0,0,0,0,0,0,0,0,0,0,0,0,0,0,0,0,0,0,0,0,0,0,0,0,0,0,0,0,0,0,0,0,0,0,0,0,0,0,0,0,0,0,0,0,0,0,0,0,0,0,0,0,0,0,0,0,0,0,0,0,0,0,0,0,0,0,0,0,0,0,0,0,0,0,0,0,0,0,0,0,0,0,0,0,0,0,0,0,0,0,0,0,0,0,0,0,0,0,0,0,35,79,90,47,47,111,191,212,255,242,150,35,0,0,0,0,0,0,0,0,0,0,0,0,0,0,0,0,172,253,253,253,253,253,253,253,253,253,253,129,0,0,0,0,0,0,0,0,0,0,0,0,0,0,0,0,59,114,205,217,172,114,114,12,10,139,253,129,0,0,0,0,0,0,0,0,0,0,0,0,0,0,0,0,0,0,0,0,0,0,0,0,0,135,253,129,0,0,0,0,0,0,0,0,0,0,0,0,0,0,0,0,0,0,0,0,0,0,0,0,0,145,253,171,0,0,0,0,0,0,0,0,0,0,0,0,0,0,0,0,0,0,0,0,0,0,0,0,0,239,253,129,0,0,0,0,0,0,0,0,0,0,0,0,0,0,0,0,0,0,0,0,0,0,0,0,42,246,217,26,0,0,0,0,0,0,0,0,0,0,0,0,0,0,0,0,0,0,0,0,0,0,0,0,156,253,175,0,0,0,0,0,0,0,0,0,0,0,0,0,0,0,0,0,0,0,0,0,0,0,0,0,192,253,89,0,0,0,0,0,0,0,0,0,0,0,0,0,0,0,0,0,0,0,0,0,0,0,0,26,230,253,72,0,0,0,0,0,0,0,0,0,0,0,0,0,0,0,0,0,0,0,0,0,0,0,0,42,253,188,15,0,0,0,0,0,0,0,0,0,0,0,0,0,0,0,0,0,0,0,0,0,0,0,0,161,253,119,0,0,0,0,0,0,0,0,0,0,0,0,0,0,0,0,0,0,0,0,0,0,0,0,0,249,253,40,0,0,0,0,0,0,0,0,0,0,0,0,0,0,0,0,0,0,0,0,0,0,0,0,13,250,206,7,0,0,0,0,0,0,0,0,0,0,0,0,0,0,0,0,0,0,0,0,0,0,0,0,130,253,133,0,0,0,0,0,0,0,0,0,0,0,0,0,0,0,0,0,0,0,0,0,0,0,0,0,202,250,57,0,0,0,0,0,0,0,0,0,0,0,0,0,0,0,0,0,0,0,0,0,0,0,0,0,202,223,17,0,0,0,0,0,0,0,0,0,0,0,0,0,0,0,0,0,0,0,0,0,0,0,0,22,223,218,9,0,0,0,0,0,0,0,0,0,0,0,0,0,0,0,0,0,0,0,0,0,0,0,0,0,136,212,0,0,0,0,0,0,0,0,0,0,0,0,0,0,0,0,0,0,0,0,0,0,0,0,0,0,18,140,26,0,0,0,0,0,0,0,0,0,0,0,0
2,0,0,0,0,0,0,0,0,0,0,0,0,0,0,0,0,0,0,0,0,0,0,0,0,0,0,0,0,0,0,0,0,0,0,0,0,0,0,0,0,0,0,0,0,0,0,0,0,0,0,0,0,0,0,0,0,0,0,0,0,0,0,0,0,0,0,0,0,0,0,0,0,0,0,0,0,0,0,0,0,0,0,0,0,0,0,0,0,0,0,0,0,0,0,0,0,0,0,0,0,0,0,0,0,0,0,0,0,0,0,0,0,0,0,0,0,0,0,0,0,0,0,0,0,0,0,0,0,72,144,216,216,42,0,0,0,0,0,0,0,0,0,0,0,0,0,0,0,0,0,0,0,0,59,178,177,240,253,253,253,242,0,0,0,0,0,0,0,0,0,0,0,0,0,0,0,0,0,0,18,100,185,254,253,253,158,104,230,247,44,0,0,0,0,0,0,0,0,0,0,0,0,0,0,0,0,0,55,253,253,252,173,10,1,104,253,242,0,0,0,0,0,0,0,0,0,0,0,0,0,0,0,0,0,80,219,253,229,77,0,0,5,147,253,145,0,0,0,0,0,0,0,0,0,0,0,0,0,0,0,0,0,160,253,226,94,0,0,0,52,215,222,63,0,0,0,0,0,0,0,0,0,0,0,0,0,0,0,0,0,126,242,72,0,0,0,5,186,253,160,0,0,0,0,0,0,0,0,0,0,0,0,0,0,0,0,0,0,0,0,0,0,0,0,167,253,220,22,0,0,0,0,0,0,0,0,0,0,0,0,0,0,0,0,0,0,0,0,0,0,0,84,242,247,90,0,0,0,0,0,0,0,0,0,0,0,0,0,0,0,0,0,0,0,0,0,0,0,78,244,253,134,0,0,0,0,0,0,0,0,0,0,0,0,0,0,0,0,0,0,0,0,0,0,0,0,207,254,241,9,0,0,0,0,0,0,0,0,0,0,0,0,0,0,0,0,0,0,0,0,0,31,177,177,254,207,47,0,0,0,0,0,0,0,0,0,0,0,0,0,0,0,0,0,0,0,0,0,0,25,225,253,241,114,0,0,0,0,0,0,0,0,0,0,0,0,0,0,0,0,0,0,0,0,0,0,11,159,253,253,163,0,0,0,0,0,0,0,0,0,0,0,0,0,0,0,0,0,0,0,0,0,0,0,194,253,253,253,142,17,0,0,0,0,51,22,0,0,0,0,0,0,0,0,0,0,0,0,0,0,0,156,249,253,253,253,240,44,0,86,161,199,240,22,0,0,0,0,0,0,0,0,0,0,0,0,0,16,146,249,253,223,50,224,254,239,232,253,253,206,78,0,0,0,0,0,0,0,0,0,0,0,0,0,0,200,253,253,223,0,0,134,255,253,253,253,200,22,0,0,0,0,0,0,0,0,0,0,0,0,0,0,75,251,253,154,34,0,0,0,128,176,176,70,23,0,0,0,0,0,0,0,0,0,0,0,0,0,0,0,57,239,143,31,0,0,0,0,0,0,0,0,0,0,0,0,0,0,0,0,0,0,0,0,0,0,0,0,0,0,0,0,0,0,0,0,0,0,0,0,0,0,0,0,0,0,0,0,0,0,0,0,0,0,0,0,0,0,0,0,0,0,0,0,0,0,0,0,0,0,0,0,0,0,0,0,0,0,0,0,0,0,0,0,0,0,0,0,0,0,0,0,0,0,0,0,0,0,0,0,0,0,0,0,0,0,0,0,0,0,0,0,0,0,0,0,0,0,0,0,0,0,0,0,0,0,0,0,0,0,0,0,0,0
2,0,0,0,0,0,0,0,0,0,0,0,0,0,0,0,0,0,0,0,0,0,0,0,0,0,0,0,0,0,0,0,0,0,0,0,0,0,0,0,0,0,0,0,0,0,0,0,0,0,0,0,0,0,0,0,0,0,0,0,0,0,0,0,0,0,0,0,0,0,0,0,0,0,0,0,0,0,0,0,0,0,0,0,0,0,0,0,0,0,0,0,0,0,0,0,0,29,85,255,253,86,28,0,0,0,0,0,0,0,0,0,0,0,0,0,0,0,0,0,0,0,0,0,0,197,251,253,251,253,196,0,0,0,0,0,0,0,0,0,0,0,0,0,0,0,0,0,0,0,0,0,169,255,253,226,225,254,253,169,0,0,0,0,0,0,0,0,0,0,0,0,0,0,0,0,0,0,0,57,224,253,251,56,56,253,251,168,0,0,0,0,0,0,0,0,0,0,0,0,0,0,0,0,0,0,0,255,253,226,56,0,0,254,253,169,0,0,0,0,0,0,0,0,0,0,0,0,0,0,0,0,0,0,0,253,251,168,0,0,0,139,251,225,56,0,0,0,0,0,0,0,0,0,0,0,0,0,0,0,0,0,114,255,253,169,0,29,85,254,253,226,56,0,0,0,0,0,0,0,0,0,0,0,0,0,0,0,0,0,0,253,251,168,0,197,251,253,251,168,0,0,0,0,0,0,0,0,0,0,0,0,0,0,0,0,0,0,0,198,253,254,253,254,253,254,253,169,0,0,0,0,0,0,0,0,0,0,0,0,0,0,0,0,0,0,0,85,251,253,251,253,251,253,251,168,0,0,0,0,0,0,0,0,0,0,0,0,0,0,0,0,0,0,0,85,253,254,253,254,253,254,253,169,0,0,0,0,0,0,0,0,0,0,0,0,0,0,0,0,0,0,0,197,251,253,251,253,251,253,251,168,0,0,0,0,0,0,0,0,0,0,0,0,0,0,0,0,0,29,197,254,253,226,168,198,253,254,253,169,0,0,0,0,0,0,0,0,0,0,0,0,0,0,0,0,0,85,251,253,251,168,0,85,251,253,251,168,0,0,0,0,0,0,0,0,0,0,0,0,0,0,0,0,0,254,253,226,168,0,0,254,253,254,253,254,139,0,0,0,0,0,0,0,0,0,0,0,0,0,0,0,0,253,251,168,0,57,168,253,251,253,251,253,251,114,0,0,0,0,0,0,0,0,0,0,0,0,0,0,0,254,253,198,85,254,253,254,253,226,225,254,253,254,139,57,0,0,0,0,0,0,0,0,0,0,0,0,0,253,251,253,251,253,251,253,251,56,56,253,251,253,251,168,0,0,0,0,0,0,0,0,0,0,0,0,0,198,253,254,253,254,253,169,56,0,0,85,253,254,253,226,56,0,0,0,0,0,0,0,0,0,0,0,0,85,251,253,251,253,138,0,0,0,0,28,83,253,251,168,0,0,0,0,0,0,0,0,0,0,0,0,0,0,0,0,0,0,0,0,0,0,0,0,0,0,0,0,0,0,0,0,0,0,0,0,0,0,0,0,0,0,0,0,0,0,0,0,0,0,0,0,0,0,0,0,0,0,0,0,0,0,0,0,0,0,0,0,0,0,0,0,0,0,0,0,0,0,0,0,0,0,0,0,0,0,0,0,0,0,0,0,0,0,0,0,0,0,0,0,0,0,0,0,0,0,0,0,0,0,0,0,0,0,0,0,0,0,0,0,0,0,0,0,0,0,0,0,0,0,0,0,0,0,0,0,0,0,0,0,0,0,0,0,0
3,0,0,0,0,0,0,0,0,0,0,0,0,0,0,0,0,0,0,0,0,0,0,0,0,0,0,0,0,0,0,0,0,0,0,0,0,0,0,0,0,0,0,0,0,0,0,0,0,0,0,0,0,0,0,0,0,0,0,0,0,0,0,0,0,0,0,0,0,0,0,0,0,0,0,0,0,0,0,0,0,0,0,0,0,0,0,0,0,0,0,0,0,0,0,0,0,0,0,0,0,0,0,0,0,0,0,0,0,0,0,0,0,0,0,0,0,0,0,0,0,0,0,20,121,197,253,255,253,90,0,0,0,0,0,0,0,0,0,0,0,0,0,0,0,0,0,0,0,0,51,242,252,252,252,253,252,247,37,0,0,0,0,0,0,0,0,0,0,0,0,0,0,0,0,0,0,0,6,118,158,82,97,90,198,252,158,0,0,0,0,0,0,0,0,0,0,0,0,0,0,0,0,0,0,0,0,0,0,0,0,0,107,252,172,0,0,0,0,0,0,0,0,0,0,0,0,0,0,0,0,0,0,0,0,0,0,0,0,0,212,252,172,0,0,0,0,0,0,0,0,0,0,0,0,0,0,0,0,0,0,0,0,0,0,0,0,26,242,252,74,0,0,0,0,0,0,0,0,0,0,0,0,0,0,0,0,0,0,0,0,0,0,0,0,211,252,252,39,0,0,0,0,0,0,0,0,0,0,0,0,0,0,0,0,0,0,0,0,0,0,0,0,253,252,242,35,0,0,0,0,0,0,0,0,0,0,0,0,0,0,0,0,0,0,0,0,0,0,0,78,253,252,82,0,0,0,0,0,0,0,0,0,0,0,0,0,0,0,0,0,0,0,0,0,0,0,0,133,253,252,26,0,0,0,0,0,0,0,0,0,0,0,0,0,0,0,0,0,0,0,0,0,0,0,0,71,255,253,90,0,0,0,0,0,0,0,0,0,0,0,0,0,0,0,0,0,0,0,0,0,0,0,0,0,253,252,158,0,0,0,0,0,0,0,0,0,0,0,0,0,0,0,0,0,0,0,0,0,0,0,0,0,90,247,242,35,0,0,0,0,0,0,0,0,0,0,0,0,0,0,0,0,0,0,0,0,0,0,0,0,0,128,252,219,87,0,0,0,0,0,0,0,0,0,0,0,0,0,0,0,0,0,0,0,0,0,0,0,0,23,232,252,185,0,0,0,0,0,0,0,0,0,0,0,0,0,0,0,0,0,0,0,0,0,0,0,0,108,245,252,185,0,0,0,0,0,0,0,0,0,0,0,0,0,0,0,0,0,0,9,34,0,0,22,174,248,252,239,156,0,0,0,0,0,0,0,0,0,0,0,0,0,0,0,0,0,0,138,237,90,160,208,253,252,242,84,0,0,0,0,0,0,0,0,0,0,0,0,0,0,0,0,0,0,0,186,252,252,252,252,253,183,67,0,0,0,0,0,0,0,0,0,0,0,0,0,0,0,0,0,0,0,0,89,210,252,252,252,120,6,0,0,0,0,0,0,0,0,0,0,0,0,0,0,0,0,0,0,0,0,0,0,0,0,0,0,0,0,0,0,0,0,0,0,0,0,0,0,0,0,0,0,0,0,0,0,0,0,0,0,0,0,0,0,0,0,0,0,0,0,0,0,0,0,0,0,0,0,0,0,0,0,0,0,0,0,0,0,0,0,0,0,0,0,0,0,0,0,0,0,0,0,0,0,0,0,0,0,0,0,0,0,0,0,0,0,0,0,0,0,0,0,0,0,0,0,0,0,0,0,0,0,0,0
9,0,0,0,0,0,0,0,0,0,0,0,0,0,0,0,0,0,0,0,0,0,0,0,0,0,0,0,0,0,0,0,0,0,0,0,0,0,0,0,0,0,0,0,0,0,0,0,0,0,0,0,0,0,0,0,0,0,0,0,0,0,0,0,0,0,0,0,0,0,0,0,0,0,0,0,0,0,0,0,0,0,0,0,0,0,0,0,0,0,0,0,0,0,0,0,0,0,0,0,0,0,0,0,0,0,0,0,0,0,0,0,0,0,0,0,0,0,0,0,0,0,0,0,0,0,0,0,0,0,0,0,0,0,0,0,0,0,0,0,0,0,0,0,0,0,0,0,0,0,0,0,0,0,0,0,0,0,0,0,0,0,0,0,0,0,0,0,0,0,0,0,0,0,0,0,0,0,0,0,19,149,232,157,149,18,0,0,0,0,0,0,0,0,0,0,0,0,0,0,0,0,0,0,0,0,0,17,197,250,196,197,234,191,17,0,0,0,0,0,0,0,0,0,0,0,0,0,0,0,0,0,0,0,0,118,254,146,0,0,0,85,81,0,0,0,0,0,0,0,0,0,0,0,0,0,0,0,0,0,0,0,0,170,241,23,0,0,0,0,0,0,0,0,0,0,0,0,0,0,0,0,0,0,0,0,0,0,0,0,0,215,175,0,0,0,0,0,0,0,0,0,0,0,0,0,0,0,0,0,0,0,0,0,0,0,0,0,37,240,176,0,0,0,5,59,28,0,0,0,0,0,0,0,0,0,0,0,0,0,0,0,0,0,0,0,9,221,242,72,20,119,203,254,117,0,0,0,0,0,0,0,0,0,0,0,0,0,0,0,0,0,0,0,0,118,254,254,254,255,254,254,117,0,0,0,0,0,0,0,0,0,0,0,0,0,0,0,0,0,0,0,0,2,19,110,117,19,128,254,117,0,0,0,0,0,0,0,0,0,0,0,0,0,0,0,0,0,0,0,0,0,0,0,0,0,155,254,117,0,0,0,0,0,0,0,0,0,0,0,0,0,0,0,0,0,0,0,0,0,0,0,0,0,216,254,19,0,0,0,0,0,0,0,0,0,0,0,0,0,0,0,0,0,0,0,0,0,0,0,0,0,215,254,19,0,0,0,0,0,0,0,0,0,0,0,0,0,0,0,0,0,0,0,0,0,0,0,0,0,215,254,19,0,0,0,0,0,0,0,0,0,0,0,0,0,0,0,0,0,0,0,0,0,0,0,0,0,215,254,19,0,0,0,0,0,0,0,0,0,0,0,0,0,0,0,0,0,0,0,0,0,0,0,0,0,215,193,5,0,0,0,0,0,0,0,0,0,0,0,0,0,0,0,0,0,0,0,0,0,0,0,0,37,240,116,0,0,0,0,0,0,0,0,0,0,0,0,0,0,0,0,0,0,0,0,0,0,0,0,0,59,254,123,0,0,0,0,0,0,0,0,0,0,0,0,0,0,0,0,0,0,0,0,0,0,0,0,0,59,254,175,0,0,0,0,0,0,0,0,0,0,0,0,0,0,0,0,0,0,0,0,0,0,0,0,0,5,218,248,86,0,0,0,0,0,0,0,0,0,0,0,0,0,0,0,0,0,0,0,0,0,0,0,0,0,103,254,102,0,0,0,0,0,0,0,0,0,0,0,0,0,0,0,0,0,0,0,0,0,0,0,0,0,0,0,0,0,0,0,0,0,0,0,0,0,0,0,0,0,0,0,0,0,0,0,0,0,0,0,0,0,0,0,0,0,0,0,0,0,0,0,0,0,0
9,0,0,0,0,0,0,0,0,0,0,0,0,0,0,0,0,0,0,0,0,0,0,0,0,0,0,0,0,0,0,0,0,0,0,0,0,0,0,0,0,0,0,0,0,0,0,0,0,0,0,0,0,0,0,0,0,0,0,0,0,0,0,0,0,0,0,0,0,0,0,0,0,0,0,0,0,0,0,0,0,0,0,0,0,0,0,0,0,0,0,0,0,0,0,0,0,0,0,0,0,0,0,0,0,0,0,0,0,0,0,0,0,0,0,0,0,0,0,0,0,0,0,0,0,0,0,0,0,0,0,0,0,0,0,0,0,0,0,0,0,0,0,0,0,0,0,0,0,0,0,0,0,0,0,0,0,0,0,0,0,0,0,0,0,0,0,0,0,0,0,0,0,0,0,0,0,0,0,0,15,112,159,255,254,254,191,36,0,0,0,0,0,0,0,0,0,0,0,0,0,0,0,0,0,21,80,166,228,253,253,254,253,253,253,220,24,0,0,0,0,0,0,0,0,0,0,0,0,0,0,0,35,221,253,253,247,163,80,56,56,60,215,253,120,0,0,0,0,0,0,0,0,0,0,0,0,0,0,63,225,253,247,146,34,0,0,0,0,0,138,253,140,0,0,0,0,0,0,0,0,0,0,0,0,0,21,228,253,174,34,0,0,0,0,0,0,2,184,209,45,0,11,25,0,0,0,0,0,0,0,0,0,0,115,253,212,28,0,0,0,0,0,0,0,2,47,4,0,7,176,207,0,0,0,0,0,0,0,0,0,0,198,253,84,0,0,0,0,0,0,0,0,0,0,0,0,117,253,224,0,0,0,0,0,0,0,0,0,0,225,253,156,4,0,0,0,0,0,0,0,0,0,0,96,250,253,203,0,0,0,0,0,0,0,0,0,0,65,253,253,166,79,0,0,0,0,0,0,23,92,174,246,253,194,19,0,0,0,0,0,0,0,0,0,0,10,176,253,253,248,188,167,95,95,119,188,238,253,253,253,253,68,0,0,0,0,0,0,0,0,0,0,0,0,0,91,224,254,254,254,254,254,255,254,251,232,254,254,144,0,0,0,0,0,0,0,0,0,0,0,0,0,0,0,16,70,122,66,73,122,28,28,27,169,253,236,9,0,0,0,0,0,0,0,0,0,0,0,0,0,0,0,0,0,0,0,0,0,0,0,8,234,253,160,0,0,0,0,0,0,0,0,0,0,0,0,0,0,0,0,0,0,0,0,0,0,0,0,73,253,253,78,0,0,0,0,0,0,0,0,0,0,0,0,0,0,0,0,0,0,0,0,0,0,0,21,221,253,244,38,0,0,0,0,0,0,0,0,0,0,0,0,0,0,0,0,0,0,0,0,0,0,0,38,253,253,199,0,0,0,0,0,0,0,0,0,0,0,0,0,0,0,0,0,0,0,0,0,0,0,0,38,253,253,159,47,0,0,0,0,0,0,0,0,0,0,0,0,0,0,0,0,0,0,0,0,0,0,0,128,253,253,242,109,0,0,0,0,0,0,0,0,0,0,0,0,0,0,0,0,0,0,0,0,0,0,0,212,253,253,160,0,0,0,0,0,0,0,0,0,0,0,0,0,0,0,0,0,0,0,0,0,0,0,0,107,232,190,36,0,0,0,0,0,0,0,0,0,0,0,0,0,0,0,0,0,0,0,0,0,0,0,0,0,0,0,0,0,0,0,0,0,0,0,0,0,0,0,0,0,0,0,0,0,0,0,0,0,0,0,0,0,0,0,0,0,0,0,0,0,0,0,0,0
3,0,0,0,0,0,0,0,0,0,0,0,0,0,0,0,0,0,0,0,0,0,0,0,0,0,0,0,0,0,0,0,0,0,0,0,0,0,0,0,0,0,0,0,0,0,0,0,0,0,0,0,0,0,0,0,0,0,0,0,0,0,0,0,0,0,0,0,0,0,0,0,0,0,0,0,0,0,0,0,0,0,0,0,0,0,0,0,0,0,0,0,0,0,0,0,0,0,0,0,0,0,0,0,0,0,0,0,0,0,0,0,0,0,0,0,0,0,0,0,0,0,0,0,0,0,0,0,0,0,0,0,0,0,0,0,0,0,0,0,0,0,0,0,0,0,0,2,36,161,219,132,132,132,132,70,13,5,0,0,0,0,0,0,0,0,0,0,0,0,0,0,0,0,0,106,252,252,252,252,252,252,252,253,252,185,122,19,0,0,0,0,0,0,0,0,0,0,0,0,0,0,16,216,252,226,181,96,96,205,216,219,252,252,252,229,55,0,0,0,0,0,0,0,0,0,0,0,0,0,8,188,243,58,0,0,0,0,0,4,84,158,236,252,228,32,0,0,0,0,0,0,0,0,0,0,0,0,0,120,155,0,0,0,0,0,0,0,0,0,83,252,252,48,0,0,0,0,0,0,0,0,0,0,0,0,0,0,0,0,0,0,0,0,0,0,0,0,49,252,252,48,0,0,0,0,0,0,0,0,0,0,0,0,0,0,0,0,0,0,0,0,0,0,0,53,174,252,228,32,0,0,0,0,0,0,0,0,0,0,0,0,0,0,0,0,0,0,0,0,47,103,217,239,252,229,54,0,0,0,0,0,0,0,0,0,0,0,0,0,0,16,109,109,109,109,155,229,240,253,252,252,179,52,0,0,0,0,0,0,0,0,0,0,0,0,0,0,0,151,252,252,252,252,252,252,252,253,252,103,4,0,0,0,0,0,0,0,0,0,0,0,0,0,0,0,0,150,249,253,253,253,253,253,253,255,253,236,110,13,3,0,0,0,0,0,0,0,0,0,0,0,0,0,0,0,73,108,108,108,108,108,108,114,228,243,252,252,135,5,0,0,0,0,0,0,0,0,0,0,0,0,0,0,0,0,0,0,0,0,0,0,0,60,119,224,252,134,6,0,0,0,0,0,0,0,0,0,0,0,0,0,0,0,0,0,0,0,0,0,0,0,0,49,241,252,116,0,0,0,0,0,0,0,0,0,0,0,0,0,0,0,0,0,0,0,0,0,0,0,0,0,164,252,225,17,0,0,0,0,0,0,0,0,0,0,0,0,0,0,0,0,0,0,0,0,0,0,0,0,108,252,252,23,0,0,0,0,0,0,0,0,0,0,0,0,0,0,25,182,102,8,0,0,0,53,85,171,241,252,220,16,0,0,0,0,0,0,0,0,0,0,0,0,0,0,73,252,252,220,217,218,217,239,252,252,252,220,39,0,0,0,0,0,0,0,0,0,0,0,0,0,0,0,7,157,252,252,252,253,252,252,252,226,110,16,0,0,0,0,0,0,0,0,0,0,0,0,0,0,0,0,0,4,58,131,131,138,183,131,51,9,0,0,0,0,0,0,0,0,0,0,0,0,0,0,0,0,0,0,0,0,0,0,0,0,0,0,0,0,0,0,0,0,0,0,0,0,0,0,0,0,0,0,0,0,0,0,0,0,0,0,0,0,0,0,0,0,0,0,0,0,0,0,0,0,0,0,0,0,0,0,0,0,0,0,0,0,0,0,0,0,0,0,0,0,0,0,0,0,0,0,0,0,0
3,0,0,0,0,0,0,0,0,0,0,0,0,0,0,0,0,0,0,0,0,0,0,0,0,0,0,0,0,0,0,0,0,0,0,0,0,0,0,0,0,0,0,0,0,0,0,0,0,0,0,0,0,0,0,0,0,0,0,0,0,0,0,0,0,0,0,0,0,0,0,0,0,0,0,0,0,0,0,0,0,0,0,0,0,0,0,0,0,0,0,0,0,0,0,0,0,0,0,0,0,0,0,0,0,0,0,0,0,0,0,0,0,0,0,0,0,0,0,0,0,0,0,7,210,253,205,78,0,0,0,0,0,0,0,0,0,0,0,0,0,0,0,0,0,0,0,0,0,0,0,89,252,252,252,229,49,0,0,0,0,0,0,0,0,0,0,0,0,0,0,0,0,0,0,0,0,0,0,213,252,252,252,253,212,17,0,0,0,0,0,0,0,0,0,0,0,0,0,0,0,0,0,0,0,0,0,67,230,230,249,253,252,201,6,0,0,0,0,0,0,0,0,0,0,0,0,0,0,0,0,0,0,0,0,0,0,0,125,253,252,252,35,0,0,0,0,0,0,0,0,0,0,0,0,0,0,0,0,0,0,0,0,0,0,0,0,128,252,252,121,0,0,0,0,0,0,0,0,0,0,0,0,0,0,0,0,0,0,0,0,0,27,122,69,32,249,252,126,0,0,0,0,0,0,0,0,0,0,0,0,0,0,0,0,0,0,0,0,7,214,252,209,20,176,252,211,0,0,0,0,0,0,0,0,0,0,0,0,0,0,0,0,0,0,0,0,12,252,252,252,216,233,252,121,0,0,0,0,0,0,0,0,0,0,0,0,0,0,0,0,0,0,0,0,12,252,252,252,253,252,252,121,0,0,0,0,0,0,0,0,0,0,0,0,0,0,0,0,0,0,0,0,12,253,253,253,255,253,253,107,0,0,0,0,0,0,0,0,0,0,0,0,0,0,0,0,0,0,0,0,4,96,235,252,253,252,183,3,0,0,0,0,0,0,0,0,0,0,0,0,0,0,0,0,0,0,0,0,0,0,32,92,210,252,192,4,0,0,0,0,0,0,0,0,0,0,0,0,0,0,0,0,0,0,0,0,0,0,0,0,86,252,252,10,0,0,0,0,0,0,0,0,0,0,0,0,0,0,0,0,0,0,0,0,0,54,165,46,34,252,252,35,0,0,0,0,0,0,0,0,0,0,0,0,0,0,0,0,0,0,0,0,9,231,252,229,72,252,252,121,0,0,0,0,0,0,0,0,0,0,0,0,0,0,0,0,0,0,0,0,12,252,252,252,244,252,252,121,0,0,0,0,0,0,0,0,0,0,0,0,0,0,0,0,0,0,0,0,12,252,252,252,253,252,252,102,0,0,0,0,0,0,0,0,0,0,0,0,0,0,0,0,0,0,0,0,12,252,252,252,253,252,179,3,0,0,0,0,0,0,0,0,0,0,0,0,0,0,0,0,0,0,0,0,2,33,66,238,253,252,58,0,0,0,0,0,0,0,0,0,0,0,0,0,0,0,0,0,0,0,0,0,0,0,0,0,0,0,0,0,0,0,0,0,0,0,0,0,0,0,0,0,0,0,0,0,0,0,0,0,0,0,0,0,0,0,0,0,0,0,0,0,0,0,0,0,0,0,0,0,0,0,0,0,0,0,0,0,0,0,0,0,0,0,0,0,0,0,0,0,0,0,0,0,0,0,0,0,0,0,0,0,0,0,0,0,0,0,0,0,0,0,0,0,0,0,0,0,0,0,0,0,0,0
3,0,0,0,0,0,0,0,0,0,0,0,0,0,0,0,0,0,0,0,0,0,0,0,0,0,0,0,0,0,0,0,0,0,0,0,0,0,0,0,0,0,0,0,0,0,0,0,0,0,0,0,0,0,0,0,0,0,0,0,0,0,0,0,0,0,0,0,0,0,0,0,0,0,0,0,0,0,0,0,0,0,0,0,0,0,0,0,0,0,0,0,0,0,0,0,0,0,0,0,0,0,0,0,0,0,0,0,0,0,0,0,0,0,0,0,0,0,0,0,0,0,0,0,0,0,0,0,0,0,0,0,0,0,0,0,0,0,0,0,0,0,0,0,0,0,0,0,197,216,97,59,18,0,0,0,0,0,0,0,0,0,0,0,0,0,0,0,0,0,0,0,0,0,0,0,189,253,254,253,226,214,214,155,118,118,118,80,8,0,0,0,0,0,0,0,0,0,0,0,0,0,0,0,42,152,254,253,253,253,253,254,253,253,253,253,98,0,0,0,0,0,0,0,0,0,0,0,0,0,0,0,0,0,19,19,19,110,117,117,117,173,253,253,98,0,0,0,0,0,0,0,0,0,0,0,0,0,0,0,0,0,0,0,0,0,0,0,53,235,253,215,23,0,0,0,0,0,0,0,0,0,0,0,0,0,0,0,0,0,0,0,0,0,23,141,254,254,184,23,0,0,0,0,0,0,0,0,0,0,0,0,0,0,0,0,0,0,0,0,14,73,207,254,253,253,128,42,0,0,0,0,0,0,0,0,0,0,0,0,0,0,0,0,0,0,19,161,229,253,253,254,253,253,253,253,68,0,0,0,0,0,0,0,0,0,0,0,0,0,0,0,0,0,239,253,225,213,138,95,19,19,34,221,219,36,0,0,0,0,0,0,0,0,0,0,0,0,0,0,0,0,119,147,18,0,0,0,0,0,0,157,254,135,0,0,0,0,0,0,0,0,0,0,0,0,0,0,0,0,0,0,0,0,0,0,0,0,0,38,255,136,0,0,0,0,0,0,0,0,0,0,0,0,0,0,0,0,0,0,0,0,0,0,0,0,0,8,254,173,0,0,0,0,0,0,0,0,0,0,0,0,0,0,0,0,0,0,0,0,0,0,0,0,0,98,254,173,0,0,0,0,0,0,0,0,0,0,0,0,0,0,0,0,0,0,0,0,0,0,0,0,0,150,254,135,0,0,0,0,0,0,0,0,0,0,0,0,0,0,0,0,0,0,0,76,0,0,0,0,0,195,254,135,0,0,0,0,0,0,0,0,0,0,0,0,0,0,0,0,0,58,224,207,23,0,0,0,62,254,255,39,0,0,0,0,0,0,0,0,0,0,0,0,0,0,0,0,140,247,253,71,0,0,2,20,221,253,158,6,0,0,0,0,0,0,0,0,0,0,0,0,0,0,0,0,254,253,168,6,0,49,129,253,253,192,30,0,0,0,0,0,0,0,0,0,0,0,0,0,0,0,0,0,254,253,105,107,234,246,250,213,146,5,0,0,0,0,0,0,0,0,0,0,0,0,0,0,0,0,0,0,140,253,253,253,177,133,54,0,0,0,0,0,0,0,0,0,0,0,0,0,0,0,0,0,0,0,0,0,0,0,0,0,0,0,0,0,0,0,0,0,0,0,0,0,0,0,0,0,0,0,0,0,0,0,0,0,0,0,0,0,0,0,0,0,0,0,0,0,0,0,0,0,0,0,0,0,0,0,0,0,0,0,0,0,0,0,0,0,0,0,0,0,0,0,0,0,0,0,0,0,0,0,0
2,0,0,0,0,0,0,0,0,0,0,0,0,0,0,0,0,0,0,0,0,0,0,0,0,0,0,0,0,0,0,0,0,0,0,0,0,0,0,0,0,0,0,0,0,0,0,0,0,0,0,0,0,0,0,0,0,0,0,0,0,0,0,0,0,0,0,0,0,0,0,0,0,0,0,0,0,0,0,0,0,0,0,0,0,0,0,0,0,0,0,0,0,0,0,0,0,0,0,0,0,0,0,0,0,0,0,0,0,0,0,0,0,0,0,0,0,0,0,1,38,120,197,254,254,254,255,255,245,121,8,0,0,0,0,0,0,0,0,0,0,0,0,0,0,0,23,172,253,253,253,253,253,253,253,253,253,253,110,36,0,0,0,0,0,0,0,0,0,0,0,0,0,20,202,253,253,253,253,253,253,253,253,253,253,253,253,225,87,4,0,0,0,0,0,0,0,0,0,0,0,146,253,253,253,253,253,245,210,210,210,226,253,253,253,253,253,212,3,0,0,0,0,0,0,0,0,0,0,146,253,253,253,193,76,52,0,0,0,24,74,191,253,253,253,253,177,24,0,0,0,0,0,0,0,0,0,146,253,253,233,34,0,0,0,0,0,0,0,7,202,253,253,253,253,126,0,0,0,0,0,0,0,0,0,72,219,252,124,0,0,0,0,0,0,0,0,0,0,176,253,253,253,196,8,0,0,0,0,0,0,0,0,0,18,58,0,0,0,0,0,0,0,0,0,0,0,53,253,253,253,253,37,0,0,0,0,0,0,0,0,0,0,0,0,0,0,4,54,125,125,164,123,17,4,3,173,253,253,253,37,0,0,0,0,0,0,0,0,0,0,0,0,41,151,180,253,253,253,253,253,253,138,32,151,253,253,238,30,0,0,0,0,0,0,0,0,0,0,5,200,240,253,253,253,253,253,253,253,253,253,231,253,253,253,143,0,0,0,0,0,0,0,0,0,0,7,165,253,253,253,253,253,253,253,253,253,253,253,253,253,253,253,75,0,0,0,0,0,0,0,0,0,0,76,253,253,253,253,253,208,194,125,86,146,253,253,253,253,253,253,75,0,0,0,0,0,0,0,0,0,0,76,253,253,253,208,135,12,0,0,0,64,253,253,253,253,253,253,117,0,0,0,0,0,0,0,0,0,0,76,253,253,253,134,0,0,0,18,67,242,253,253,253,253,253,253,221,32,0,0,0,0,0,0,0,0,0,76,253,253,253,211,66,66,119,225,253,253,253,253,253,253,253,253,253,145,0,0,0,0,0,0,0,0,0,13,183,253,253,253,253,253,253,253,253,253,253,253,198,177,253,253,253,145,0,0,0,0,0,0,0,0,0,0,8,253,253,253,253,253,253,253,253,253,232,179,7,29,113,205,113,19,0,0,0,0,0,0,0,0,0,0,2,94,236,253,253,253,253,253,253,208,26,0,0,0,0,0,0,0,0,0,0,0,0,0,0,0,0,0,0,0,28,134,212,253,154,123,37,18,0,0,0,0,0,0,0,0,0,0,0,0,0,0,0,0,0,0,0,0,0,0,0,0,0,0,0,0,0,0,0,0,0,0,0,0,0,0,0,0,0,0,0,0,0,0,0,0,0,0,0,0,0,0,0,0,0,0,0,0,0,0,0,0,0,0,0,0,0,0,0,0,0,0,0,0,0,0,0,0,0,0,0,0,0,0,0,0,0,0,0,0,0,0,0,0,0,0,0,0,0,0,0,0,0,0,0,0,0,0,0,0,0,0,0,0,0,0,0,0,0,0,0,0
3,0,0,0,0,0,0,0,0,0,0,0,0,0,0,0,0,0,0,0,0,0,0,0,0,0,0,0,0,0,0,0,0,0,0,0,0,0,0,0,0,0,0,0,0,0,0,0,0,0,0,0,0,0,0,0,0,0,0,0,0,0,0,0,0,0,0,0,0,0,0,0,0,0,0,0,0,0,0,0,0,0,0,0,0,0,0,0,0,0,0,0,0,0,0,0,0,0,0,0,0,0,0,0,0,0,0,0,0,0,0,0,0,0,0,0,0,0,0,0,0,0,0,0,0,79,255,255,199,75,8,0,0,0,0,0,0,0,0,0,0,0,0,0,0,0,0,0,0,0,0,0,0,42,226,253,253,253,110,3,0,0,0,0,0,0,0,0,0,0,0,0,0,0,0,0,0,0,0,0,0,0,44,139,149,248,252,212,39,0,0,0,0,0,0,0,0,0,0,0,0,0,0,0,0,0,0,0,0,0,0,0,0,0,125,252,199,8,0,0,0,0,0,0,0,0,0,0,0,0,0,0,0,0,0,0,0,0,0,0,0,0,0,162,253,43,0,0,0,0,0,0,0,0,0,0,0,0,0,0,0,0,0,0,0,0,0,0,0,0,46,237,251,41,0,0,0,0,0,0,0,0,0,0,0,0,0,0,0,0,0,0,0,0,0,0,0,0,119,253,167,0,0,0,0,0,0,0,0,0,0,0,0,0,0,0,0,0,0,0,0,0,0,0,17,195,242,233,19,0,0,0,0,0,0,0,0,0,0,0,0,0,0,0,0,0,0,31,125,125,125,125,228,253,198,23,0,0,0,0,0,0,0,0,0,0,0,0,0,0,0,0,0,0,7,219,253,253,253,253,253,192,18,0,0,0,0,0,0,0,0,0,0,0,0,0,0,0,0,0,0,0,11,253,253,253,253,253,253,193,18,0,0,0,0,0,0,0,0,0,0,0,0,0,0,0,0,0,0,0,1,83,207,178,101,16,174,253,104,0,0,0,0,0,0,0,0,0,0,0,0,0,0,0,0,0,0,0,0,0,0,0,0,0,8,197,179,3,0,0,0,0,0,0,0,0,0,0,0,0,0,0,0,0,0,0,0,0,0,0,0,0,0,168,253,98,0,0,0,0,0,0,0,0,0,0,0,0,0,0,0,0,0,0,0,0,0,0,0,0,24,213,253,119,0,0,0,0,0,0,0,0,0,0,0,0,0,0,0,0,0,0,0,0,0,0,0,91,214,253,253,45,0,0,0,0,0,0,0,0,0,0,0,0,0,0,0,0,0,0,0,0,0,0,90,245,253,253,128,2,0,0,0,0,0,0,0,0,0,0,0,0,0,0,0,0,149,214,141,141,141,240,252,253,251,124,1,0,0,0,0,0,0,0,0,0,0,0,0,0,0,0,0,0,122,253,253,253,253,253,253,228,75,0,0,0,0,0,0,0,0,0,0,0,0,0,0,0,0,0,0,0,7,119,196,253,216,145,123,24,0,0,0,0,0,0,0,0,0,0,0,0,0,0,0,0,0,0,0,0,0,0,0,0,0,0,0,0,0,0,0,0,0,0,0,0,0,0,0,0,0,0,0,0,0,0,0,0,0,0,0,0,0,0,0,0,0,0,0,0,0,0,0,0,0,0,0,0,0,0,0,0,0,0,0,0,0,0,0,0,0,0,0,0,0,0,0,0,0,0,0,0,0,0,0,0,0,0,0,0,0,0,0,0,0,0,0,0,0,0,0,0,0,0,0,0,0,0,0,0,0,0,0,0,0
9,0,0,0,0,0,0,0,0,0,0,0,0,0,0,0,0,0,0,0,0,0,0,0,0,0,0,0,0,0,0,0,0,0,0,0,0,0,0,0,0,0,0,0,0,0,0,0,0,0,0,0,0,0,0,0,0,0,0,0,0,0,0,0,0,0,0,0,0,0,0,0,0,0,0,0,0,0,0,0,0,0,0,0,0,0,0,0,0,0,0,0,0,0,0,0,0,0,0,0,0,0,0,0,0,0,0,0,0,0,0,0,0,0,0,0,0,0,0,0,0,0,0,0,57,132,132,249,63,0,0,0,0,0,0,0,0,0,0,0,0,0,0,0,0,0,0,0,0,0,0,9,220,252,252,253,242,67,0,0,0,0,0,0,0,0,0,0,0,0,0,0,0,0,0,0,0,0,11,166,252,252,252,253,252,216,0,0,0,0,0,0,0,0,0,0,0,0,0,0,0,0,0,0,0,0,96,252,252,252,148,92,252,240,169,48,0,0,0,0,0,0,0,0,0,0,0,0,0,0,0,0,0,15,207,252,252,88,4,4,175,252,252,72,0,0,0,0,0,0,0,0,0,0,0,0,0,0,0,0,0,61,252,252,252,23,0,0,145,252,252,72,0,0,0,0,0,0,0,0,0,0,0,0,0,0,0,0,0,12,163,252,252,100,4,0,39,220,252,132,20,0,0,0,0,0,0,0,0,0,0,0,0,0,0,0,0,0,73,252,252,252,58,0,0,157,252,252,106,0,0,0,0,0,0,0,0,0,0,0,0,0,0,0,0,0,7,209,252,252,241,167,109,198,252,252,211,21,0,0,0,0,0,0,0,0,0,0,0,0,0,0,0,0,0,50,235,252,252,253,252,252,252,252,252,48,0,0,0,0,0,0,0,0,0,0,0,0,0,0,0,0,0,0,47,230,241,255,253,253,253,253,253,48,0,0,0,0,0,0,0,0,0,0,0,0,0,0,0,0,0,0,0,0,0,114,230,252,252,252,245,43,0,0,0,0,0,0,0,0,0,0,0,0,0,0,0,0,0,0,0,0,0,0,25,252,252,197,69,0,0,0,0,0,0,0,0,0,0,0,0,0,0,0,0,0,0,0,0,0,0,0,25,252,252,72,0,0,0,0,0,0,0,0,0,0,0,0,0,0,0,0,0,0,0,0,0,0,0,3,136,252,217,21,0,0,0,0,0,0,0,0,0,0,0,0,0,0,0,0,129,164,52,0,0,0,0,105,252,252,227,35,0,0,0,0,0,0,0,0,0,0,0,0,0,0,0,0,169,252,239,108,12,0,81,231,252,252,163,0,0,0,0,0,0,0,0,0,0,0,0,0,0,0,0,0,123,252,252,252,222,217,251,253,252,238,52,0,0,0,0,0,0,0,0,0,0,0,0,0,0,0,0,0,5,135,252,252,252,252,252,253,242,66,0,0,0,0,0,0,0,0,0,0,0,0,0,0,0,0,0,0,0,3,104,230,252,252,136,132,62,0,0,0,0,0,0,0,0,0,0,0,0,0,0,0,0,0,0,0,0,0,0,0,0,0,0,0,0,0,0,0,0,0,0,0,0,0,0,0,0,0,0,0,0,0,0,0,0,0,0,0,0,0,0,0,0,0,0,0,0,0,0,0,0,0,0,0,0,0,0,0,0,0,0,0,0,0,0,0,0,0,0,0,0,0,0,0,0,0,0,0,0,0,0,0,0,0,0,0,0,0,0,0,0,0,0,0,0,0,0,0,0,0,0,0,0,0,0,0,0,0,0,0,0
2,0,0,0,0,0,0,0,0,0,0,0,0,0,0,0,0,0,0,0,0,0,0,0,0,0,0,0,0,0,0,0,0,0,0,0,0,0,0,0,0,0,0,0,0,0,0,0,0,0,0,0,0,0,0,0,0,0,0,0,0,0,0,0,0,0,0,0,0,0,0,0,0,0,0,0,0,0,0,0,0,0,0,0,0,0,0,0,0,0,0,0,0,0,0,0,0,0,0,0,0,0,0,0,0,0,0,0,0,0,0,0,0,0,0,0,0,0,0,0,0,0,0,0,0,0,0,0,0,0,0,0,0,0,0,0,0,0,0,0,0,0,0,0,0,0,0,0,0,0,0,0,5,47,47,47,26,0,0,0,0,0,0,0,0,0,0,0,0,0,0,0,0,0,0,0,0,0,24,191,212,253,254,253,232,174,51,0,0,0,0,0,0,0,0,0,0,0,0,0,0,0,0,0,85,184,254,253,253,253,254,253,253,253,235,17,0,0,0,0,0,0,0,0,0,0,0,0,0,0,0,114,237,254,254,216,142,59,0,0,85,235,254,115,0,0,0,0,0,0,0,0,0,0,0,0,0,0,55,243,248,139,56,11,0,0,0,0,0,118,254,115,0,0,0,0,0,0,0,0,0,0,0,0,0,0,220,147,58,0,0,0,0,0,0,0,3,191,254,115,0,0,0,0,0,0,0,0,0,0,0,0,0,0,19,6,0,0,0,0,0,0,0,0,24,253,254,48,0,0,0,0,0,0,0,0,0,0,0,0,0,0,0,0,0,0,0,0,0,0,0,0,83,254,236,17,0,0,0,0,0,0,0,0,0,0,0,0,0,0,0,0,0,0,0,0,0,0,0,9,208,253,167,0,0,0,0,0,0,0,0,0,0,0,0,0,0,0,0,0,0,0,0,0,0,0,7,99,253,244,51,0,0,0,0,0,0,0,0,0,0,0,0,0,0,0,0,0,0,0,0,0,0,0,104,253,253,128,0,0,0,0,0,0,0,0,0,0,0,0,0,0,0,0,0,0,0,0,0,0,7,136,254,254,146,0,0,0,0,0,0,0,0,0,0,0,0,0,0,0,0,0,0,0,0,0,0,60,182,253,254,177,4,0,0,0,0,0,0,0,0,0,0,0,0,0,0,0,0,0,0,0,0,9,108,249,253,244,113,4,0,0,0,0,0,0,0,0,0,17,0,0,0,0,0,0,0,0,0,0,9,184,254,253,253,194,93,142,184,184,185,151,109,93,93,93,168,234,0,0,0,0,0,0,0,0,0,0,24,254,254,254,254,254,254,254,254,254,254,254,254,254,255,254,247,118,0,0,0,0,0,0,0,0,0,0,3,124,207,206,173,206,182,115,115,115,115,115,115,115,115,64,21,0,0,0,0,0,0,0,0,0,0,0,0,0,0,0,0,0,0,0,0,0,0,0,0,0,0,0,0,0,0,0,0,0,0,0,0,0,0,0,0,0,0,0,0,0,0,0,0,0,0,0,0,0,0,0,0,0,0,0,0,0,0,0,0,0,0,0,0,0,0,0,0,0,0,0,0,0,0,0,0,0,0,0,0,0,0,0,0,0,0,0,0,0,0,0,0,0,0,0,0,0,0,0,0,0,0,0,0,0,0,0,0,0,0,0,0,0,0,0,0,0,0,0,0,0,0,0,0,0,0,0,0,0,0,0,0,0,0,0,0,0,0,0,0,0,0,0,0,0,0,0,0,0,0,0,0,0,0,0,0,0,0,0,0,0,0,0,0,0,0,0,0
8,0,0,0,0,0,0,0,0,0,0,0,0,0,0,0,0,0,0,0,0,0,0,0,0,0,0,0,0,0,0,0,0,0,0,0,0,0,0,0,0,0,0,0,0,0,0,0,0,0,0,0,0,0,0,0,0,0,0,0,0,0,0,0,0,0,0,0,0,0,0,0,0,0,0,0,0,0,0,0,0,0,0,0,0,0,0,0,0,0,0,0,0,0,0,0,0,0,0,0,0,0,0,0,0,0,0,0,0,0,0,0,0,0,0,0,0,0,0,0,0,0,0,0,0,5,7,101,167,254,254,254,254,254,200,9,0,0,0,0,0,0,0,0,0,0,0,0,0,0,0,3,98,219,253,253,253,253,253,253,253,253,253,135,0,0,0,0,0,0,0,0,0,0,0,0,0,0,3,120,253,253,253,253,253,253,253,253,253,253,253,135,0,0,0,0,0,0,0,0,0,0,0,0,0,0,38,253,253,253,253,234,192,213,253,253,253,253,253,135,0,0,0,0,0,0,0,0,0,0,0,0,0,0,114,253,253,219,99,24,10,103,253,253,253,253,240,58,0,0,0,0,0,0,0,0,0,0,0,0,0,0,161,253,253,233,62,29,161,253,253,253,253,253,124,0,0,0,0,0,0,0,0,0,0,0,0,0,0,0,73,239,253,253,232,233,253,253,253,237,210,98,6,0,0,0,0,0,0,0,0,0,0,0,0,0,0,0,0,75,238,253,253,253,253,253,169,51,0,0,0,0,0,0,0,0,0,0,0,0,0,0,0,0,0,0,0,0,174,253,253,253,253,196,13,0,0,0,0,0,0,0,0,0,0,0,0,0,0,0,0,0,0,0,10,144,232,253,253,253,253,232,32,0,0,0,0,0,0,0,0,0,0,0,0,0,0,0,0,0,0,0,71,253,253,253,253,253,253,253,160,10,0,0,0,0,0,0,0,0,0,0,0,0,0,0,0,0,0,61,233,253,253,173,55,169,253,253,253,73,0,0,0,0,0,0,0,0,0,0,0,0,0,0,0,0,60,234,253,253,173,15,0,14,169,253,253,160,0,0,0,0,0,0,0,0,0,0,0,0,0,0,0,16,236,253,253,174,14,0,0,0,13,170,253,238,68,0,0,0,0,0,0,0,0,0,0,0,0,0,5,166,253,253,176,13,0,0,0,0,0,52,238,253,239,21,0,0,0,0,0,0,0,0,0,0,0,0,62,253,253,253,93,0,0,0,0,0,0,0,211,253,253,24,0,0,0,0,0,0,0,0,0,0,0,0,136,253,253,253,238,230,205,106,136,230,230,230,249,253,253,24,0,0,0,0,0,0,0,0,0,0,0,0,82,253,253,253,253,253,253,253,253,253,253,253,253,253,209,14,0,0,0,0,0,0,0,0,0,0,0,0,7,202,253,253,253,253,253,253,253,253,253,253,253,210,22,0,0,0,0,0,0,0,0,0,0,0,0,0,0,3,18,205,253,253,253,253,253,253,253,253,150,21,0,0,0,0,0,0,0,0,0,0,0,0,0,0,0,0,0,0,0,0,0,0,0,0,0,0,0,0,0,0,0,0,0,0,0,0,0,0,0,0,0,0,0,0,0,0,0,0,0,0,0,0,0,0,0,0,0,0,0,0,0,0,0,0,0,0,0,0,0,0,0,0,0,0,0,0,0,0,0,0,0,0,0,0,0,0,0,0,0,0,0,0,0,0,0,0,0,0,0,0,0,0,0,0,0,0,0,0,0,0,0,0,0,0,0,0,0,0,0,0,0
4,0,0,0,0,0,0,0,0,0,0,0,0,0,0,0,0,0,0,0,0,0,0,0,0,0,0,0,0,0,0,0,0,0,0,0,0,0,0,0,0,0,0,0,0,0,0,0,0,0,0,0,0,0,0,0,0,0,0,0,0,0,0,0,0,0,0,0,0,0,0,0,0,0,0,0,0,0,0,0,0,0,0,0,0,0,0,0,0,0,0,0,0,0,0,0,0,0,0,0,0,0,0,0,0,0,0,0,0,0,0,0,0,0,0,0,0,0,0,0,0,0,0,0,0,0,0,0,0,0,0,0,0,0,0,0,0,0,0,0,0,0,0,0,0,0,0,0,0,0,0,0,0,0,0,0,0,35,234,181,0,0,0,0,0,0,0,0,0,0,0,0,0,0,0,0,0,0,0,0,0,0,0,0,7,164,253,246,137,0,0,0,0,0,0,0,0,0,0,0,0,0,0,100,114,78,0,0,0,0,0,0,22,253,253,253,216,19,0,0,0,0,0,0,0,0,0,0,0,0,0,222,253,221,35,0,0,0,0,0,87,253,253,253,188,0,0,0,0,0,0,0,0,0,0,0,0,0,92,199,253,253,215,0,0,0,0,0,211,253,253,253,154,0,0,0,0,0,0,0,0,0,0,0,0,35,246,253,253,253,238,0,0,0,0,0,192,253,253,253,81,0,0,0,0,0,0,0,0,0,0,0,0,38,253,253,253,253,134,0,0,0,0,0,238,253,253,253,81,0,0,0,0,0,0,0,0,0,0,0,0,76,253,253,253,253,221,154,195,195,195,195,250,253,253,253,118,36,179,26,0,0,0,0,0,0,0,0,0,153,253,253,253,253,253,253,253,253,253,253,253,253,253,253,248,241,253,209,26,0,0,0,0,0,0,0,0,254,253,253,253,253,253,253,253,253,253,253,253,253,253,253,253,253,253,253,145,0,0,0,0,0,0,0,0,129,253,253,253,253,253,253,253,253,253,253,253,253,253,253,253,253,253,253,145,0,0,0,0,0,0,0,0,3,172,239,124,158,84,83,207,252,244,244,253,253,253,253,253,209,78,124,25,0,0,0,0,0,0,0,0,0,0,37,0,0,0,0,0,79,50,111,253,253,253,253,238,194,4,0,0,0,0,0,0,0,0,0,0,0,0,0,0,0,0,0,0,0,0,180,253,253,253,253,147,0,0,0,0,0,0,0,0,0,0,0,0,0,0,0,0,0,0,0,0,0,0,97,253,253,253,253,81,0,0,0,0,0,0,0,0,0,0,0,0,0,0,0,0,0,0,0,0,0,0,69,250,253,253,253,81,0,0,0,0,0,0,0,0,0,0,0,0,0,0,0,0,0,0,0,0,0,0,38,244,253,253,231,14,0,0,0,0,0,0,0,0,0,0,0,0,0,0,0,0,0,0,0,0,0,0,93,253,253,253,60,0,0,0,0,0,0,0,0,0,0,0,0,0,0,0,0,0,0,0,0,0,0,0,93,253,253,185,3,0,0,0,0,0,0,0,0,0,0,0,0,0,0,0,0,0,0,0,0,0,0,0,53,247,228,90,0,0,0,0,0,0,0,0,0,0,0,0,0,0,0,0,0,0,0,0,0,0,0,0,0,0,0,0,0,0,0,0,0,0,0,0,0,0,0,0,0,0,0,0,0,0,0,0,0,0,0,0,0,0,0,0,0,0,0,0,0,0,0,0,0,0,0,0,0,0,0,0,0,0,0,0,0,0,0,0,0,0,0,0,0,0,0,0,0,0,0,0,0,0
0,0,0,0,0,0,0,0,0,0,0,0,0,0,0,0,0,0,0,0,0,0,0,0,0,0,0,0,0,0,0,0,0,0,0,0,0,0,0,0,0,0,0,0,0,0,0,0,0,0,0,0,0,0,0,0,0,0,0,0,0,0,0,0,0,0,0,0,0,0,0,0,0,0,0,0,0,0,0,0,0,0,0,0,0,0,0,0,0,0,0,0,0,0,0,0,0,0,0,0,0,0,0,0,0,0,0,0,0,0,0,0,0,0,0,0,0,0,0,0,0,0,0,0,0,0,0,0,0,0,0,0,0,0,0,0,0,0,0,0,0,0,0,0,0,0,0,0,0,0,0,33,231,230,149,38,0,0,0,0,0,0,0,0,0,0,0,0,0,0,0,0,0,0,0,0,0,0,59,237,254,254,254,243,79,0,0,0,0,0,0,0,0,0,0,0,0,0,0,0,0,0,0,0,0,62,242,255,237,227,254,254,251,245,245,189,67,19,0,0,0,0,0,0,0,0,0,0,0,0,0,0,27,237,254,196,94,204,254,254,254,254,254,254,254,213,28,0,0,0,0,0,0,0,0,0,0,0,0,0,91,254,230,38,173,254,254,228,228,24,20,76,199,252,213,29,0,0,0,0,0,0,0,0,0,0,0,0,171,254,52,0,224,237,93,0,0,0,0,0,0,128,254,170,0,0,0,0,0,0,0,0,0,0,0,45,250,254,20,0,126,95,0,0,0,0,0,0,0,3,182,253,82,0,0,0,0,0,0,0,0,0,0,95,254,234,15,0,0,0,0,0,0,0,0,0,0,6,192,254,94,0,0,0,0,0,0,0,0,0,0,95,254,171,0,0,0,0,0,0,0,0,0,0,0,21,254,250,53,0,0,0,0,0,0,0,0,0,0,95,254,171,0,0,0,0,0,0,0,0,0,0,0,86,254,180,0,0,0,0,0,0,0,0,0,0,0,95,254,171,0,0,0,0,0,0,0,0,0,0,0,208,254,140,0,0,0,0,0,0,0,0,0,0,0,95,254,171,0,0,0,0,0,0,0,0,0,0,45,244,254,81,0,0,0,0,0,0,0,0,0,0,0,23,247,234,16,0,0,0,0,0,0,0,0,11,182,254,167,9,0,0,0,0,0,0,0,0,0,0,0,0,92,254,131,0,0,0,0,0,0,0,0,19,195,254,181,0,0,0,0,0,0,0,0,0,0,0,0,0,11,207,247,56,0,0,0,0,0,0,0,210,254,254,113,0,0,0,0,0,0,0,0,0,0,0,0,0,0,129,253,177,3,0,0,0,0,4,136,253,254,184,9,0,0,0,0,0,0,0,0,0,0,0,0,0,0,0,207,254,128,0,0,0,0,113,254,254,206,53,0,0,0,0,0,0,0,0,0,0,0,0,0,0,0,0,72,215,252,193,113,75,155,239,254,232,40,0,0,0,0,0,0,0,0,0,0,0,0,0,0,0,0,0,0,57,224,254,254,254,254,245,161,6,0,0,0,0,0,0,0,0,0,0,0,0,0,0,0,0,0,0,0,0,29,150,238,254,214,83,0,0,0,0,0,0,0,0,0,0,0,0,0,0,0,0,0,0,0,0,0,0,0,0,0,0,0,0,0,0,0,0,0,0,0,0,0,0,0,0,0,0,0,0,0,0,0,0,0,0,0,0,0,0,0,0,0,0,0,0,0,0,0,0,0,0,0,0,0,0,0,0,0,0,0,0,0,0,0,0,0,0,0,0,0,0,0,0,0,0,0,0,0,0,0
1,0,0,0,0,0,0,0,0,0,0,0,0,0,0,0,0,0,0,0,0,0,0,0,0,0,0,0,0,0,0,0,0,0,0,0,0,0,0,0,0,0,0,0,0,0,0,0,0,0,0,0,0,0,0,0,0,0,0,0,0,0,0,0,0,0,0,0,0,0,0,0,0,0,0,0,0,0,0,0,0,0,0,0,0,0,0,0,0,0,0,0,0,0,0,0,0,0,0,0,0,0,0,0,0,0,0,0,0,0,0,0,0,0,0,0,0,0,0,0,0,0,0,0,0,0,0,0,0,0,0,0,0,0,0,0,0,0,0,0,0,0,0,0,0,0,0,0,0,0,0,0,0,0,0,0,58,247,204,19,0,0,0,0,0,0,0,0,0,0,0,0,0,0,0,0,0,0,0,0,0,0,0,0,121,252,252,39,0,0,0,0,0,0,0,0,0,0,0,0,0,0,0,0,0,0,0,0,0,0,0,0,121,252,168,4,0,0,0,0,0,0,0,0,0,0,0,0,0,0,0,0,0,0,0,0,0,0,0,0,162,252,158,0,0,0,0,0,0,0,0,0,0,0,0,0,0,0,0,0,0,0,0,0,0,0,0,36,253,252,53,0,0,0,0,0,0,0,0,0,0,0,0,0,0,0,0,0,0,0,0,0,0,0,10,221,253,252,26,0,0,0,0,0,0,0,0,0,0,0,0,0,0,0,0,0,0,0,0,0,0,0,14,252,253,252,26,0,0,0,0,0,0,0,0,0,0,0,0,0,0,0,0,0,0,0,0,0,0,0,28,252,253,184,10,0,0,0,0,0,0,0,0,0,0,0,0,0,0,0,0,0,0,0,0,0,0,0,146,252,253,145,0,0,0,0,0,0,0,0,0,0,0,0,0,0,0,0,0,0,0,0,0,0,0,0,146,252,253,75,0,0,0,0,0,0,0,0,0,0,0,0,0,0,0,0,0,0,0,0,0,0,0,0,147,253,255,13,0,0,0,0,0,0,0,0,0,0,0,0,0,0,0,0,0,0,0,0,0,0,0,0,146,252,139,1,0,0,0,0,0,0,0,0,0,0,0,0,0,0,0,0,0,0,0,0,0,0,0,74,241,252,133,0,0,0,0,0,0,0,0,0,0,0,0,0,0,0,0,0,0,0,0,0,0,0,0,160,252,252,21,0,0,0,0,0,0,0,0,0,0,0,0,0,0,0,0,0,0,0,0,0,0,0,0,160,252,252,0,0,0,0,0,0,0,0,0,0,0,0,0,0,0,0,0,0,0,0,0,0,0,0,0,160,252,252,0,0,0,0,0,0,0,0,0,0,0,0,0,0,0,0,0,0,0,0,0,0,0,0,0,160,252,252,0,0,0,0,0,0,0,0,0,0,0,0,0,0,0,0,0,0,0,0,0,0,0,0,5,169,252,167,0,0,0,0,0,0,0,0,0,0,0,0,0,0,0,0,0,0,0,0,0,0,0,0,38,247,251,113,0,0,0,0,0,0,0,0,0,0,0,0,0,0,0,0,0,0,0,0,0,0,0,0,0,160,238,0,0,0,0,0,0,0,0,0,0,0,0,0,0,0,0,0,0,0,0,0,0,0,0,0,0,0,0,0,0,0,0,0,0,0,0,0,0,0,0,0,0,0,0,0,0,0,0,0,0,0,0,0,0,0,0,0,0,0,0,0,0,0,0,0,0,0,0,0,0,0,0,0,0,0,0,0,0,0,0,0,0,0,0,0,0,0,0,0,0,0,0,0,0,0,0,0,0
0,0,0,0,0,0,0,0,0,0,0,0,0,0,0,0,0,0,0,0,0,0,0,0,0,0,0,0,0,0,0,0,0,0,0,0,0,0,0,0,0,0,0,0,0,0,0,0,0,0,0,0,0,0,0,0,0,0,0,0,0,0,0,0,0,0,0,0,0,0,0,0,0,0,0,0,0,0,0,0,0,0,0,0,0,0,0,0,0,0,0,0,0,0,0,0,0,0,0,0,0,0,0,0,0,0,0,0,0,0,0,0,0,0,0,0,0,0,0,0,0,0,0,0,0,0,0,0,0,0,0,0,0,0,0,0,0,0,0,0,0,0,0,0,0,0,0,0,15,138,253,253,255,180,138,138,86,11,0,0,0,0,0,0,0,0,0,0,0,0,0,0,0,0,0,0,161,252,252,252,253,252,252,252,252,203,140,13,0,0,0,0,0,0,0,0,0,0,0,0,0,0,0,0,161,252,252,252,247,110,69,69,205,253,252,202,142,38,0,0,0,0,0,0,0,0,0,0,0,0,0,0,161,252,252,252,135,0,0,0,21,56,160,227,252,232,85,0,0,0,0,0,0,0,0,0,0,0,0,0,161,252,252,200,11,0,0,0,0,0,0,17,158,252,251,84,0,0,0,0,0,0,0,0,0,0,0,0,162,253,253,128,0,0,0,0,0,0,0,0,0,0,233,253,131,0,0,0,0,0,0,0,0,0,0,0,161,252,252,22,0,0,0,0,0,0,0,0,0,0,9,194,183,0,0,0,0,0,0,0,0,0,0,0,161,252,252,22,0,0,0,0,0,0,0,0,0,0,0,161,234,33,0,0,0,0,0,0,0,0,0,0,161,252,252,22,0,0,0,0,0,0,0,0,0,0,0,67,252,88,0,0,0,0,0,0,0,0,0,0,161,252,168,2,0,0,0,0,0,0,0,0,0,0,0,47,252,160,0,0,0,0,0,0,0,0,0,0,162,253,211,13,0,0,0,0,0,0,0,0,0,0,0,162,253,46,0,0,0,0,0,0,0,0,0,0,161,252,252,22,0,0,0,0,0,0,0,0,0,0,5,178,240,37,0,0,0,0,0,0,0,0,0,0,78,252,252,22,0,0,0,0,0,0,0,0,0,0,55,252,183,0,0,0,0,0,0,0,0,0,0,0,9,154,252,158,0,0,0,0,0,0,0,0,0,0,180,252,141,0,0,0,0,0,0,0,0,0,0,0,0,70,252,252,158,0,0,0,0,0,0,0,0,53,253,252,69,0,0,0,0,0,0,0,0,0,0,0,0,0,136,251,255,211,7,0,0,0,0,0,9,128,255,196,0,0,0,0,0,0,0,0,0,0,0,0,0,0,0,135,253,252,154,30,0,0,0,34,122,252,228,75,0,0,0,0,0,0,0,0,0,0,0,0,0,0,0,0,131,227,252,227,184,185,184,234,252,252,32,0,0,0,0,0,0,0,0,0,0,0,0,0,0,0,0,0,0,50,160,236,252,253,252,252,252,116,0,0,0,0,0,0,0,0,0,0,0,0,0,0,0,0,0,0,0,0,0,19,128,201,252,168,43,2,0,0,0,0,0,0,0,0,0,0,0,0,0,0,0,0,0,0,0,0,0,0,0,0,0,0,0,0,0,0,0,0,0,0,0,0,0,0,0,0,0,0,0,0,0,0,0,0,0,0,0,0,0,0,0,0,0,0,0,0,0,0,0,0,0,0,0,0,0,0,0,0,0,0,0,0,0,0,0,0,0,0,0,0,0,0,0,0,0,0,0
7,0,0,0,0,0,0,0,0,0,0,0,0,0,0,0,0,0,0,0,0,0,0,0,0,0,0,0,0,0,0,0,0,0,0,0,0,0,0,0,0,0,0,0,0,0,0,0,0,0,0,0,0,0,0,0,0,0,0,0,0,0,0,0,0,0,0,0,0,0,0,0,0,0,0,0,0,0,0,0,0,0,0,0,0,0,0,0,0,0,0,0,0,0,0,0,0,0,0,0,0,0,0,0,0,0,0,0,0,0,0,0,0,0,0,0,0,0,0,0,0,0,0,0,0,0,0,0,0,0,0,0,0,0,0,0,0,0,0,0,0,0,0,0,0,0,0,0,0,0,0,0,0,0,0,0,0,0,0,0,0,0,0,0,0,0,0,0,0,0,0,0,0,0,0,0,0,0,0,0,0,0,0,0,0,0,0,0,0,0,0,0,0,0,0,0,0,0,0,0,0,45,193,93,0,0,0,0,0,0,0,0,0,0,0,0,0,0,0,0,0,0,0,0,0,0,0,0,0,149,254,250,216,92,51,3,0,0,0,0,0,0,0,0,0,0,0,0,0,0,0,0,0,0,0,0,0,194,254,254,254,252,235,215,214,214,214,214,214,214,214,214,214,105,0,0,0,0,0,0,0,0,0,0,0,76,199,241,254,254,254,254,254,254,254,254,254,254,254,254,254,245,103,0,0,0,0,0,0,0,0,0,0,0,0,194,254,254,254,239,220,220,220,220,221,254,254,254,254,249,128,0,0,0,0,0,0,0,0,0,0,0,0,109,250,254,254,144,0,0,0,0,3,103,164,254,254,213,0,0,0,0,0,0,0,0,0,0,0,0,0,0,173,254,254,201,14,0,0,0,0,0,104,254,254,213,0,0,0,0,0,0,0,0,0,0,0,0,0,0,38,254,254,146,1,0,0,0,0,0,104,254,254,213,0,0,0,0,0,0,0,0,0,0,0,0,0,0,4,110,94,15,0,0,0,0,0,0,152,254,254,164,0,0,0,0,0,0,0,0,0,0,0,0,0,0,0,0,0,0,0,0,0,0,0,0,242,254,254,75,0,0,0,0,0,0,0,0,0,0,0,0,0,0,0,0,0,0,0,0,0,0,0,0,242,254,243,61,0,0,0,0,0,0,0,0,0,0,0,0,0,0,0,0,0,0,0,0,0,0,0,14,243,254,192,0,0,0,0,0,0,0,0,0,0,0,0,0,0,0,0,0,0,0,0,0,0,0,0,125,254,254,188,0,0,0,0,0,0,0,0,0,0,0,0,0,0,0,0,0,0,0,0,0,0,0,4,188,254,254,55,0,0,0,0,0,0,0,0,0,0,0,0,0,0,0,0,0,0,0,0,0,0,0,7,254,254,254,55,0,0,0,0,0,0,0,0,0,0,0,0,0,0,0,0,0,0,0,0,0,0,0,7,254,254,254,55,0,0,0,0,0,0,0,0,0,0,0,0,0,0,0,0,0,0,0,0,0,0,0,7,254,254,254,55,0,0,0,0,0,0,0,0,0,0,0,0,0,0,0,0,0,0,0,0,0,0,0,7,254,254,254,55,0,0,0,0,0,0,0,0,0,0,0,0,0,0,0,0,0,0,0,0,0,0,0,7,254,254,254,55,0,0,0,0,0,0,0,0,0,0,0,0,0,0,0,0,0,0,0,0,0,0,0,7,254,254,254,55,0,0,0,0,0,0,0,0,0,0,0,0,0,0,0,0,0,0,0,0,0,0,0,0,0,0,0,0,0,0,0,0,0,0,0,0
9,0,0,0,0,0,0,0,0,0,0,0,0,0,0,0,0,0,0,0,0,0,0,0,0,0,0,0,0,0,0,0,0,0,0,0,0,0,0,0,0,0,0,0,0,0,0,0,0,0,0,0,0,0,0,0,0,0,0,0,0,0,0,0,0,0,0,0,0,0,0,0,0,0,0,0,0,0,0,0,0,0,0,0,0,0,0,0,0,0,0,0,0,0,0,0,0,0,0,0,0,0,0,0,0,0,0,0,0,0,0,0,0,0,0,0,0,0,0,0,0,0,0,0,0,0,0,0,0,0,0,0,0,0,0,0,0,0,0,0,0,0,0,0,0,0,0,0,0,0,0,15,24,66,138,149,253,253,117,13,0,0,0,0,0,0,0,0,0,0,0,0,0,0,0,0,0,0,47,178,252,252,252,228,236,252,252,158,22,0,0,0,0,0,0,0,0,0,0,0,0,0,0,0,26,122,253,252,233,183,79,32,65,234,252,252,116,0,0,0,0,0,0,0,0,0,0,0,0,0,0,68,203,252,253,120,33,0,0,0,0,90,252,252,210,0,0,0,0,0,0,0,0,0,0,0,0,0,0,184,252,252,128,8,0,0,0,0,0,70,252,252,230,0,0,0,0,0,0,0,0,0,0,0,0,3,118,253,253,75,0,0,0,0,0,0,0,70,253,253,179,0,0,0,0,0,0,0,0,0,0,0,0,24,252,252,193,8,0,0,0,0,0,0,0,70,252,252,234,47,13,0,0,0,0,0,0,0,0,0,0,24,252,252,160,0,0,0,0,0,0,0,13,172,252,252,253,252,202,118,0,0,0,0,0,0,0,0,0,24,252,252,160,0,0,0,0,0,0,0,89,252,252,252,253,252,252,119,0,0,0,0,0,0,0,0,0,24,252,252,202,11,0,0,0,0,0,74,244,252,252,252,253,252,221,25,0,0,0,0,0,0,0,0,0,11,193,253,253,201,76,9,0,0,0,128,249,247,253,253,255,253,122,0,0,0,0,0,0,0,0,0,0,0,17,188,252,252,253,194,129,47,99,118,236,228,252,252,253,244,56,0,0,0,0,0,0,0,0,0,0,0,0,19,111,215,253,252,252,252,252,253,252,252,252,252,253,206,0,0,0,0,0,0,0,0,0,0,0,0,0,0,0,21,98,119,160,160,160,161,177,252,252,252,253,164,0,0,0,0,0,0,0,0,0,0,0,0,0,0,0,0,0,0,0,0,0,0,47,252,252,252,243,50,0,0,0,0,0,0,0,0,0,0,0,0,0,0,0,0,0,0,0,0,0,0,47,253,253,253,231,0,0,0,0,0,0,0,0,0,0,0,0,0,0,0,0,0,0,0,0,0,0,0,47,252,252,252,230,0,0,0,0,0,0,0,0,0,0,0,0,0,0,0,0,0,0,0,0,0,0,0,47,252,252,252,230,0,0,0,0,0,0,0,0,0,0,0,0,0,0,0,0,0,0,0,0,0,0,0,47,252,252,252,230,0,0,0,0,0,0,0,0,0,0,0,0,0,0,0,0,0,0,0,0,0,0,0,26,221,252,252,178,0,0,0,0,0,0,0,0,0,0,0,0,0,0,0,0,0,0,0,0,0,0,0,0,0,0,0,0,0,0,0,0,0,0,0,0,0,0,0,0,0,0,0,0,0,0,0,0,0,0,0,0,0,0,0,0,0,0,0,0,0,0,0,0,0,0,0,0,0,0,0,0,0,0,0,0,0,0,0,0,0,0,0,0,0,0,0,0,0,0,0,0
4,0,0,0,0,0,0,0,0,0,0,0,0,0,0,0,0,0,0,0,0,0,0,0,0,0,0,0,0,0,0,0,0,0,0,0,0,0,0,0,0,0,0,0,0,0,0,0,0,0,0,0,0,0,0,0,0,0,0,0,0,0,0,0,0,0,0,0,0,0,0,0,0,0,0,0,0,0,0,0,0,0,0,0,0,0,0,0,0,0,0,0,0,0,0,0,0,0,0,0,0,0,0,0,0,0,55,251,215,0,0,0,0,0,0,0,0,0,0,0,0,0,0,0,0,0,0,0,0,0,0,0,0,2,175,254,253,0,0,0,0,0,0,0,0,0,0,0,0,0,0,0,0,0,0,0,0,0,0,0,0,100,254,254,189,0,0,0,0,0,0,0,0,0,0,0,0,0,0,0,0,0,0,0,0,0,0,0,38,230,254,250,103,0,0,0,0,0,0,0,0,0,0,0,0,0,0,0,0,0,0,0,0,0,0,0,148,254,254,179,0,0,0,0,0,0,0,0,0,0,0,0,0,0,0,0,0,0,0,0,0,0,0,74,247,254,207,14,0,0,0,0,0,0,0,0,0,0,0,0,0,0,89,84,0,0,0,0,0,0,0,197,253,254,92,0,0,0,0,0,0,0,0,0,0,0,0,0,0,87,252,249,14,0,0,0,0,0,39,240,253,127,4,0,0,0,0,0,0,0,0,0,0,0,0,0,53,235,254,222,9,0,0,0,0,12,211,254,224,36,0,0,0,0,0,0,0,0,0,0,0,0,0,0,179,253,248,135,0,0,0,0,0,75,253,249,62,0,0,0,0,0,0,0,0,0,0,0,0,0,0,94,247,253,222,0,0,0,0,0,25,211,253,107,0,0,0,0,0,0,0,0,0,0,0,0,0,0,30,221,254,206,46,0,0,0,0,2,145,254,186,11,0,0,0,0,0,0,0,0,0,0,0,0,0,37,214,253,246,64,0,0,0,0,0,96,254,247,46,0,0,0,0,0,0,0,0,0,0,0,0,0,0,255,253,253,253,196,169,98,70,70,43,218,253,211,0,0,0,0,0,0,0,0,0,0,0,0,0,0,0,190,239,254,254,254,254,254,254,254,242,254,224,32,0,0,0,0,0,0,0,0,0,0,0,0,0,0,0,0,33,138,205,173,246,253,253,253,253,252,94,0,0,0,0,0,0,0,0,0,0,0,0,0,0,0,0,0,0,0,8,0,18,53,193,254,254,195,0,0,0,0,0,0,0,0,0,0,0,0,0,0,0,0,0,0,0,0,0,0,0,0,214,254,254,75,0,0,0,0,0,0,0,0,0,0,0,0,0,0,0,0,0,0,0,0,0,0,6,151,253,254,148,2,0,0,0,0,64,145,110,20,0,0,0,0,0,0,0,0,0,0,0,0,0,0,19,153,153,153,24,0,0,0,0,0,110,153,153,106,0,0,0,0,0,0,0,0,0,0,0,0,0,0,0,0,0,0,0,0,0,0,0,0,0,0,0,0,0,0,0,0,0,0,0,0,0,0,0,0,0,0,0,0,0,0,0,0,0,0,0,0,0,0,0,0,0,0,0,0,0,0,0,0,0,0,0,0,0,0,0,0,0,0,0,0,0,0,0,0,0,0,0,0,0,0,0,0,0,0,0,0,0,0,0,0,0,0,0,0,0,0,0,0,0,0,0,0,0,0,0,0,0,0,0,0,0,0,0,0,0,0,0,0,0,0,0,0,0,0,0,0,0,0,0,0,0,0,0,0,0,0,0,0,0
4,0,0,0,0,0,0,0,0,0,0,0,0,0,0,0,0,0,0,0,0,0,0,0,0,0,0,0,0,0,0,0,0,0,0,0,0,0,0,0,0,0,0,0,0,0,0,0,0,0,0,0,0,0,0,0,0,0,0,0,0,0,0,0,0,0,0,0,0,0,0,0,0,0,0,0,0,0,0,0,0,0,0,0,0,0,0,0,0,0,0,0,0,0,0,0,0,0,0,0,0,0,0,0,0,0,0,0,0,0,0,0,0,0,0,0,0,0,0,0,0,0,0,0,0,0,0,0,0,0,0,0,0,0,0,0,0,0,0,0,0,0,0,0,0,0,0,0,0,0,0,0,0,0,0,0,0,0,36,212,185,0,0,0,0,0,0,0,0,0,0,0,0,0,0,0,0,0,0,0,0,0,0,0,142,243,149,254,155,0,0,0,0,0,0,0,0,0,0,0,0,0,0,0,0,0,0,0,0,0,12,156,253,174,133,254,155,0,0,0,0,0,0,0,0,0,0,0,0,0,0,0,0,0,0,0,0,12,156,254,183,26,195,254,131,0,0,0,0,0,0,0,0,0,0,0,0,0,0,0,0,0,0,0,13,156,254,182,27,47,251,244,28,0,0,0,0,0,0,0,0,0,0,0,0,0,0,0,0,0,0,13,185,254,169,11,0,113,254,157,0,0,0,0,0,0,0,0,0,0,0,0,0,0,0,0,0,0,13,185,254,211,28,0,0,190,254,131,0,0,0,0,0,0,0,0,0,0,0,0,0,0,0,0,0,0,209,254,195,15,0,0,75,248,243,30,0,0,0,0,0,0,0,0,0,0,0,0,0,0,0,0,13,207,251,254,161,134,122,48,172,254,158,0,0,0,0,0,0,0,0,0,0,0,0,0,0,0,0,12,185,254,254,254,254,254,254,254,254,254,231,125,44,28,0,0,0,0,0,0,0,0,0,0,0,0,25,156,254,245,196,83,43,43,86,129,200,254,241,254,254,239,179,0,0,0,0,0,0,0,0,0,0,23,202,254,234,138,0,0,0,0,0,17,210,251,102,47,115,220,218,28,0,0,0,0,0,0,0,0,10,234,254,254,93,0,0,0,0,0,0,82,254,228,0,0,0,0,0,0,0,0,0,0,0,0,0,0,112,254,247,123,4,0,0,0,0,0,0,65,254,199,0,0,0,0,0,0,0,0,0,0,0,0,0,0,20,145,46,0,0,0,0,0,0,0,0,94,254,169,0,0,0,0,0,0,0,0,0,0,0,0,0,0,0,0,0,0,0,0,0,0,0,0,0,158,254,164,0,0,0,0,0,0,0,0,0,0,0,0,0,0,0,0,0,0,0,0,0,0,0,0,14,171,254,113,0,0,0,0,0,0,0,0,0,0,0,0,0,0,0,0,0,0,0,0,0,0,0,0,61,241,254,110,0,0,0,0,0,0,0,0,0,0,0,0,0,0,0,0,0,0,0,0,0,0,0,0,67,255,254,55,0,0,0,0,0,0,0,0,0,0,0,0,0,0,0,0,0,0,0,0,0,0,0,0,67,254,195,0,0,0,0,0,0,0,0,0,0,0,0,0,0,0,0,0,0,0,0,0,0,0,0,0,0,0,0,0,0,0,0,0,0,0,0,0,0,0,0,0,0,0,0,0,0,0,0,0,0,0,0,0,0,0,0,0,0,0,0,0,0,0,0,0,0,0,0,0,0,0,0,0,0,0,0,0,0,0,0,0,0,0,0,0,0,0,0,0,0,0,0,0,0,0,0
7,0,0,0,0,0,0,0,0,0,0,0,0,0,0,0,0,0,0,0,0,0,0,0,0,0,0,0,0,0,0,0,0,0,0,0,0,0,0,0,0,0,0,0,0,0,0,0,0,0,0,0,0,0,0,0,0,0,0,0,0,0,0,0,0,0,0,0,0,0,0,0,0,0,0,0,0,0,0,0,0,0,0,0,0,0,0,0,0,0,0,0,0,0,0,0,0,0,0,0,0,0,0,0,0,0,0,0,0,0,0,0,0,0,0,0,0,0,0,0,0,0,0,0,0,0,0,0,0,0,0,0,0,0,0,0,0,0,0,0,0,0,0,0,0,0,0,0,0,0,0,0,0,0,0,0,0,0,0,0,0,0,0,0,0,0,0,0,0,0,0,0,0,0,0,0,0,0,0,0,0,0,0,0,0,0,0,0,0,0,0,0,0,0,0,0,0,0,0,0,0,0,0,0,0,0,0,0,0,0,0,0,0,0,0,0,82,156,156,156,59,0,0,0,0,0,0,0,0,0,0,0,0,0,0,0,0,0,16,20,28,118,42,193,255,254,254,254,186,0,0,0,0,0,0,0,0,0,0,0,0,0,19,161,176,176,236,254,254,254,254,254,224,254,254,241,40,0,0,0,0,0,0,0,0,0,0,0,0,0,97,254,241,245,214,155,117,49,19,19,209,254,241,69,0,0,0,0,0,0,0,0,0,0,0,0,0,0,37,239,175,45,0,0,0,0,16,173,254,246,70,0,0,0,0,0,0,0,0,0,0,0,0,0,0,0,0,91,60,0,0,0,0,49,209,254,242,68,0,0,0,0,0,0,0,0,0,0,0,0,0,0,0,0,0,0,0,0,0,0,17,159,254,208,30,0,0,0,0,0,0,0,0,0,0,0,0,0,0,0,0,0,0,0,0,0,0,49,197,254,241,70,0,0,0,0,0,0,0,0,0,0,0,0,0,0,0,0,0,0,0,0,0,0,69,209,254,211,23,0,0,0,0,0,0,0,0,0,0,0,0,0,0,0,0,0,0,0,0,0,0,107,240,254,163,40,0,0,0,0,0,0,0,0,0,0,0,0,0,0,0,0,0,0,0,0,0,5,90,247,254,174,0,0,0,0,0,0,0,0,0,0,0,0,0,0,0,0,0,0,0,0,0,0,0,73,254,254,201,15,0,0,0,0,0,0,0,0,0,0,0,0,0,0,0,0,0,0,0,0,0,0,110,242,254,158,18,0,0,0,0,0,0,0,0,0,0,0,0,0,0,0,0,0,0,0,0,0,22,137,247,254,158,16,0,0,0,0,0,0,0,0,0,0,0,0,0,0,0,0,0,0,0,0,0,31,123,254,232,148,18,0,0,0,0,0,0,0,0,0,0,0,0,0,0,0,0,0,0,0,0,0,0,139,254,254,114,0,0,0,0,0,0,0,0,0,0,0,0,0,0,0,0,0,0,0,0,0,0,0,108,242,250,83,0,0,0,0,0,0,0,0,0,0,0,0,0,0,0,0,0,0,0,0,0,0,0,110,242,254,146,0,0,0,0,0,0,0,0,0,0,0,0,0,0,0,0,0,0,0,0,0,0,0,0,172,254,166,9,0,0,0,0,0,0,0,0,0,0,0,0,0,0,0,0,0,0,0,0,0,0,0,0,59,58,18,0,0,0,0,0,0,0,0,0,0,0,0,0,0,0,0,0,0,0,0,0,0,0,0,0,0,0,0,0,0,0,0,0,0,0,0,0,0,0,0,0,0,0,0,0,0,0,0,0
4,0,0,0,0,0,0,0,0,0,0,0,0,0,0,0,0,0,0,0,0,0,0,0,0,0,0,0,0,0,0,0,0,0,0,0,0,0,0,0,0,0,0,0,0,0,0,0,0,0,0,0,0,0,0,0,0,0,0,0,0,0,0,0,0,0,0,0,0,0,0,0,0,0,0,0,0,0,0,0,0,0,0,0,0,0,0,0,0,0,0,0,0,0,0,0,0,0,0,0,0,0,0,0,0,0,0,0,0,0,0,0,0,0,0,0,0,0,0,0,0,0,0,0,0,0,0,0,0,0,0,0,0,0,0,0,0,0,0,0,0,0,0,0,0,0,0,0,0,0,0,0,0,0,0,0,0,0,0,0,0,0,0,0,0,0,0,0,0,0,0,0,0,0,0,0,0,0,0,0,0,0,0,0,0,0,0,0,0,0,0,2,163,109,0,0,0,0,0,0,0,0,0,0,0,0,0,0,0,0,0,0,0,0,0,0,0,0,0,56,231,231,0,0,0,0,0,0,0,0,0,0,0,0,0,0,0,40,15,0,0,0,0,0,0,0,39,235,254,68,0,0,0,0,0,0,0,0,0,0,0,0,0,0,53,228,134,0,0,0,0,0,0,57,224,253,124,2,0,0,0,0,0,0,0,0,0,0,0,0,0,25,222,254,90,0,0,0,0,0,16,233,254,157,0,0,0,0,0,0,0,0,0,0,0,0,0,0,55,222,252,101,6,0,0,0,0,42,223,254,158,10,0,0,0,0,0,0,0,0,0,0,0,0,0,25,237,254,171,0,0,0,0,0,0,212,254,196,9,0,0,0,0,0,0,0,0,0,0,0,0,0,69,233,254,245,114,13,0,0,0,7,183,254,198,10,0,0,0,0,0,0,0,0,0,0,0,0,3,103,253,254,254,254,254,227,91,7,0,100,254,242,52,0,0,0,0,0,0,0,0,0,0,0,0,0,140,254,254,232,171,143,197,254,254,232,226,254,254,229,169,127,11,0,0,0,0,0,0,0,0,0,0,0,242,254,167,10,0,0,3,107,143,219,254,255,198,103,34,18,0,0,0,0,0,0,0,0,0,0,0,0,124,100,1,0,0,0,0,0,26,228,254,139,5,0,0,0,0,0,0,0,0,0,0,0,0,0,0,0,0,0,0,0,0,0,0,14,207,254,154,1,0,0,0,0,0,0,0,0,0,0,0,0,0,0,0,0,0,0,0,0,0,0,2,158,254,221,26,0,0,0,0,0,0,0,0,0,0,0,0,0,0,0,0,0,0,0,0,0,0,0,110,254,238,47,0,0,0,0,0,0,0,0,0,0,0,0,0,0,0,0,0,0,0,0,0,0,0,46,248,254,114,0,0,0,0,0,0,0,0,0,0,0,0,0,0,0,0,0,0,0,0,0,0,0,3,178,254,245,35,0,0,0,0,0,0,0,0,0,0,0,0,0,0,0,0,0,0,0,0,0,0,0,110,165,165,68,0,0,0,0,0,0,0,0,0,0,0,0,0,0,0,0,0,0,0,0,0,0,0,0,0,0,0,0,0,0,0,0,0,0,0,0,0,0,0,0,0,0,0,0,0,0,0,0,0,0,0,0,0,0,0,0,0,0,0,0,0,0,0,0,0,0,0,0,0,0,0,0,0,0,0,0,0,0,0,0,0,0,0,0,0,0,0,0,0,0,0,0,0,0,0,0,0,0,0,0,0,0,0,0,0,0,0,0,0,0,0,0,0,0,0,0,0,0,0,0,0,0,0,0,0,0,0
3,0,0,0,0,0,0,0,0,0,0,0,0,0,0,0,0,0,0,0,0,0,0,0,0,0,0,0,0,0,0,0,0,0,0,0,0,0,0,0,0,0,0,0,0,0,0,0,0,0,0,0,0,0,0,0,0,0,0,0,0,0,0,0,0,0,0,0,0,0,0,0,0,0,0,0,0,0,0,0,0,0,0,0,0,0,0,0,0,0,0,0,0,0,0,0,0,0,0,0,0,0,0,0,0,0,0,0,0,0,0,0,0,0,0,0,0,0,0,0,0,0,0,0,0,0,0,0,0,0,0,0,0,0,0,0,0,0,0,0,0,0,0,0,0,0,0,0,0,0,0,0,0,0,0,0,0,0,0,0,0,0,0,0,0,0,0,0,0,0,0,0,0,0,0,0,0,29,170,255,255,255,255,198,114,0,0,0,0,0,0,0,0,0,0,0,0,0,0,0,0,0,0,0,0,198,255,170,29,29,141,226,255,86,0,0,0,0,0,0,0,0,0,0,0,0,0,0,0,0,0,0,114,255,114,0,0,0,0,29,226,255,57,0,0,0,0,0,0,0,0,0,0,0,0,0,0,0,0,0,0,29,0,0,0,0,0,0,86,255,170,0,0,0,0,0,0,0,0,0,0,0,0,0,0,0,0,0,0,0,0,0,0,0,0,0,0,170,255,57,0,0,0,0,0,0,0,0,0,0,0,0,0,0,0,0,0,0,0,0,0,0,0,0,0,170,255,86,0,0,0,0,0,0,0,0,0,0,0,0,0,0,0,0,0,0,0,0,0,0,0,0,0,226,226,0,0,0,0,0,0,0,0,0,0,0,0,0,0,0,0,0,0,0,0,0,0,0,0,29,198,226,29,0,0,0,0,0,0,0,0,0,0,0,0,0,0,0,0,0,0,0,114,255,226,255,198,255,255,114,0,0,0,0,0,0,0,0,0,0,0,0,0,0,0,0,0,0,0,0,114,226,255,198,170,198,255,198,29,0,0,0,0,0,0,0,0,0,0,0,0,0,0,0,0,0,0,0,0,0,0,0,0,0,29,198,226,29,0,0,0,0,0,0,0,0,0,0,0,0,0,0,0,0,0,0,0,0,0,0,0,0,0,29,255,86,0,0,0,0,0,0,0,0,0,0,0,0,0,0,0,0,0,0,0,0,0,0,0,0,0,0,255,141,0,0,0,0,0,0,0,0,0,0,0,0,0,0,0,0,0,0,0,0,0,0,0,0,0,57,255,86,0,0,0,0,0,0,0,0,0,0,0,0,0,0,0,0,0,0,0,0,0,0,0,0,0,170,255,57,0,0,0,0,0,0,0,0,0,0,0,0,0,0,0,0,0,0,0,0,0,0,0,0,29,226,198,0,0,0,0,0,0,0,0,0,0,0,0,0,0,0,0,0,0,0,0,0,0,0,0,0,141,255,57,0,0,0,0,0,0,0,0,0,0,0,0,0,0,0,0,0,0,0,0,0,0,0,0,86,255,141,0,0,0,0,0,0,0,0,0,0,0,0,0,0,0,0,0,0,0,0,0,0,0,29,141,255,141,29,0,0,0,0,0,0,0,0,0,0,0,0,0,0,0,0,0,0,0,0,0,0,114,226,198,114,0,0,0,0,0,0,0,0,0,0,0,0,0,0,0,0,0,0,0,0,0,0,0,0,0,0,0,0,0,0,0,0,0,0,0,0,0,0,0,0,0,0,0,0,0,0,0,0,0,0,0,0,0,0,0,0,0,0,0,0,0,0,0,0,0,0,0,0,0
6,0,0,0,0,0,0,0,0,0,0,0,0,0,0,0,0,0,0,0,0,0,0,0,0,0,0,0,0,0,0,0,0,0,0,0,0,0,0,0,0,0,0,0,0,0,0,0,0,0,0,0,0,0,0,0,0,0,0,0,0,0,0,0,0,0,0,0,0,0,0,0,0,0,0,0,0,0,0,0,0,0,0,0,0,0,0,0,0,0,0,0,0,0,0,0,0,0,0,0,0,52,170,254,183,155,38,0,0,0,0,0,0,0,0,0,0,0,0,0,0,0,0,0,0,0,0,0,108,240,253,253,253,253,80,0,0,0,0,0,0,0,0,0,0,0,0,0,0,0,0,0,0,0,5,94,254,253,253,253,253,233,50,0,0,0,0,0,0,0,0,0,0,0,0,0,0,0,0,0,0,0,128,253,254,253,253,253,196,31,0,0,0,0,0,0,0,0,0,0,0,0,0,0,0,0,0,0,11,152,231,253,254,253,253,232,67,0,0,0,0,0,0,0,0,0,0,0,0,0,0,0,0,0,0,12,156,253,253,253,254,253,233,66,0,0,0,0,0,0,0,0,0,0,0,0,0,0,0,0,0,0,0,145,253,253,253,253,254,236,64,0,0,0,0,0,0,0,0,0,0,0,0,0,0,0,0,0,0,0,57,229,253,253,253,253,242,130,0,0,0,0,0,0,0,0,0,0,0,0,0,0,0,0,0,0,0,47,231,253,253,253,253,253,57,0,0,0,0,0,0,0,0,0,0,0,0,0,0,0,0,0,0,0,0,151,253,253,253,253,253,182,0,0,0,0,0,0,0,0,0,0,0,0,0,0,0,0,0,0,0,0,229,254,254,254,254,254,177,0,0,0,0,103,156,155,102,0,0,0,0,0,0,0,0,0,0,0,0,46,238,253,253,253,253,228,6,0,0,159,241,251,253,253,251,227,45,0,0,0,0,0,0,0,0,0,0,157,253,253,253,253,238,72,55,94,229,252,253,253,253,253,253,253,155,0,0,0,0,0,0,0,0,0,0,241,253,253,253,253,247,214,237,253,254,253,253,253,253,253,253,253,240,0,0,0,0,0,0,0,0,0,0,241,253,253,253,253,253,253,253,253,254,253,253,253,253,253,253,253,133,0,0,0,0,0,0,0,0,0,0,241,253,253,253,253,253,253,253,253,254,253,253,253,253,253,253,205,28,0,0,0,0,0,0,0,0,0,0,132,249,253,253,253,253,253,253,253,255,253,253,253,253,245,122,29,0,0,0,0,0,0,0,0,0,0,0,0,213,253,253,253,253,253,253,253,255,253,253,253,196,74,0,0,0,0,0,0,0,0,0,0,0,0,0,0,40,223,253,253,253,253,253,253,255,247,240,127,22,0,0,0,0,0,0,0,0,0,0,0,0,0,0,0,0,38,120,147,253,253,246,120,121,69,0,0,0,0,0,0,0,0,0,0,0,0,0,0,0,0,0,0,0,0,0,0,0,0,0,0,0,0,0,0,0,0,0,0,0,0,0,0,0,0,0,0,0,0,0,0,0,0,0,0,0,0,0,0,0,0,0,0,0,0,0,0,0,0,0,0,0,0,0,0,0,0,0,0,0,0,0,0,0,0,0,0,0,0,0,0,0,0,0,0,0,0,0,0,0,0,0,0,0,0,0,0,0,0,0,0,0,0,0,0,0,0,0,0,0,0,0,0,0,0,0,0,0,0,0,0,0,0,0,0,0,0,0,0,0,0,0,0,0,0,0,0,0,0,0,0,0,0,0,0,0
7,0,0,0,0,0,0,0,0,0,0,0,0,0,0,0,0,0,0,0,0,0,0,0,0,0,0,0,0,0,0,0,0,0,0,0,0,0,0,0,0,0,0,0,0,0,0,0,0,0,0,0,0,0,0,0,0,0,0,0,0,0,0,0,0,0,0,0,0,0,0,0,0,0,0,0,0,0,0,0,0,0,0,0,0,0,0,0,0,0,0,0,0,0,0,0,0,0,0,0,0,0,0,0,0,0,0,0,0,0,0,0,0,0,0,0,0,0,0,0,0,0,0,0,0,0,0,0,0,0,0,0,0,0,0,0,0,0,0,0,0,0,0,0,0,0,0,0,0,0,0,0,0,0,0,0,0,0,0,0,0,0,0,0,0,0,0,0,0,0,0,0,0,0,0,0,0,0,0,0,0,0,0,0,0,0,0,0,0,0,0,0,0,0,0,0,0,0,0,0,0,0,0,0,0,0,0,131,160,195,160,160,67,57,0,0,0,0,0,0,0,0,0,0,0,0,0,0,0,0,0,0,0,0,43,249,227,216,216,244,254,249,226,226,122,7,0,0,0,0,0,0,0,0,0,0,0,0,0,0,0,0,46,174,72,0,0,42,56,139,154,254,254,47,0,0,0,0,0,0,0,0,0,0,0,0,0,0,0,0,0,0,0,0,0,0,0,0,38,254,194,16,0,0,0,0,0,0,0,0,0,0,0,0,0,0,0,0,0,0,0,0,0,0,0,39,222,240,22,0,0,0,0,0,0,0,0,0,0,0,0,0,0,0,0,0,0,0,0,0,0,0,30,221,249,64,0,0,0,0,0,0,0,0,0,0,0,0,0,0,0,0,0,0,0,0,0,0,0,0,164,241,93,0,0,0,0,0,0,0,0,0,0,0,0,0,0,0,0,0,0,0,0,0,0,0,7,161,255,160,0,0,0,0,0,0,0,0,0,0,0,0,0,0,0,0,0,0,0,0,0,0,0,0,74,254,212,28,0,0,0,0,0,0,0,0,0,0,0,0,0,0,0,0,0,0,0,0,0,0,0,22,206,254,60,0,0,0,0,0,0,0,0,0,0,0,0,0,0,0,0,0,0,0,0,0,0,0,0,176,254,135,0,0,0,0,0,0,0,0,0,0,0,0,0,0,0,0,0,0,0,0,0,0,0,0,59,249,214,8,0,0,0,0,0,0,0,0,0,0,0,0,0,0,0,0,0,0,0,0,0,0,0,0,179,251,92,0,0,0,0,0,0,0,0,0,0,0,0,0,0,0,0,0,0,0,0,0,0,0,0,13,229,169,0,0,0,0,0,0,0,0,0,0,0,0,0,0,0,0,0,0,0,0,0,0,0,0,0,159,254,86,0,0,0,0,0,0,0,0,0,0,0,0,0,0,0,0,0,0,0,0,0,0,0,0,0,207,209,5,0,0,0,0,0,0,0,0,0,0,0,0,0,0,0,0,0,0,0,0,0,0,0,0,34,240,75,0,0,0,0,0,0,0,0,0,0,0,0,0,0,0,0,0,0,0,0,0,0,0,0,0,69,254,75,0,0,0,0,0,0,0,0,0,0,0,0,0,0,0,0,0,0,0,0,0,0,0,0,0,141,237,11,0,0,0,0,0,0,0,0,0,0,0,0,0,0,0,0,0,0,0,0,0,0,0,0,0,72,164,0,0,0,0,0,0,0,0,0,0,0,0,0,0,0,0,0,0,0,0,0,0,0,0,0,0,0,0,0,0,0,0,0,0,0,0,0,0,0,0,0,0,0,0,0
6,0,0,0,0,0,0,0,0,0,0,0,0,0,0,0,0,0,0,0,0,0,0,0,0,0,0,0,0,0,0,0,0,0,0,0,0,0,0,0,0,0,0,0,0,0,0,0,0,0,0,0,0,0,0,0,0,0,0,0,0,0,0,0,0,0,0,0,0,0,0,0,0,0,0,0,0,0,0,0,0,0,0,0,0,0,0,0,0,0,0,0,0,0,0,0,0,0,0,0,0,0,0,0,94,255,182,0,0,0,0,0,0,0,0,0,0,0,0,0,0,0,0,0,0,0,0,0,0,0,0,74,246,254,129,0,0,0,0,0,0,0,0,0,0,0,0,0,0,0,0,0,0,0,0,0,0,24,141,245,254,250,120,0,0,0,0,0,0,0,0,0,0,0,0,0,0,0,0,0,0,0,0,0,24,208,254,254,223,86,0,0,0,0,0,0,0,0,0,0,0,0,0,0,0,0,0,0,0,0,4,76,221,254,254,216,37,0,0,0,0,0,0,0,0,0,0,0,0,0,0,0,0,0,0,0,0,4,87,254,254,249,165,7,0,0,0,0,0,0,0,0,0,0,0,0,0,0,0,0,0,0,0,0,0,108,254,254,254,129,0,0,0,0,0,0,0,0,0,0,0,0,0,0,0,0,0,0,0,0,0,4,44,225,254,248,135,8,0,0,0,0,0,0,0,0,0,0,0,0,0,0,0,0,0,0,0,0,0,78,254,254,223,84,0,0,0,0,0,0,0,0,0,0,0,0,0,0,0,0,0,0,0,0,0,0,31,243,254,223,40,0,0,0,0,0,0,0,0,0,0,0,0,0,0,0,0,0,0,0,0,0,0,9,208,254,229,23,38,24,0,25,92,129,129,41,0,0,0,0,0,0,0,0,0,0,0,0,0,0,3,146,254,254,185,172,247,236,217,236,254,254,254,244,143,3,0,0,0,0,0,0,0,0,0,0,0,0,5,207,254,254,254,254,254,254,254,254,254,223,231,254,254,173,2,0,0,0,0,0,0,0,0,0,0,0,133,254,254,254,254,246,183,99,56,29,29,13,37,196,254,187,1,0,0,0,0,0,0,0,0,0,0,3,198,254,254,254,216,94,0,0,0,0,0,0,0,150,254,130,0,0,0,0,0,0,0,0,0,0,0,1,185,254,254,159,12,0,0,0,0,0,0,0,17,205,254,46,0,0,0,0,0,0,0,0,0,0,0,8,249,254,240,22,0,0,0,0,0,0,0,17,171,254,164,1,0,0,0,0,0,0,0,0,0,0,0,4,130,254,254,209,122,66,0,0,0,0,66,226,254,234,16,0,0,0,0,0,0,0,0,0,0,0,0,0,1,79,254,254,254,253,246,246,246,246,253,235,127,13,0,0,0,0,0,0,0,0,0,0,0,0,0,0,0,1,11,96,170,198,237,254,254,210,126,12,0,0,0,0,0,0,0,0,0,0,0,0,0,0,0,0,0,0,0,0,0,0,0,0,0,0,0,0,0,0,0,0,0,0,0,0,0,0,0,0,0,0,0,0,0,0,0,0,0,0,0,0,0,0,0,0,0,0,0,0,0,0,0,0,0,0,0,0,0,0,0,0,0,0,0,0,0,0,0,0,0,0,0,0,0,0,0,0,0,0,0,0,0,0,0,0,0,0,0,0,0,0,0,0,0,0,0,0,0,0,0,0,0,0,0,0,0,0,0,0,0,0,0,0,0,0,0,0,0,0,0,0,0,0,0,0,0,0,0,0,0,0,0,0,0,0,0,0,0
0,0,0,0,0,0,0,0,0,0,0,0,0,0,0,0,0,0,0,0,0,0,0,0,0,0,0,0,0,0,0,0,0,0,0,0,0,0,0,0,0,0,0,0,0,0,0,0,0,0,0,0,0,0,0,0,0,0,0,0,0,0,0,0,0,0,0,0,0,0,0,0,0,0,0,0,0,0,0,0,0,0,0,0,0,0,0,0,0,0,0,0,0,0,0,0,0,0,0,0,0,0,0,0,0,0,0,0,0,0,0,0,0,0,0,0,0,0,0,0,0,0,0,0,0,0,0,7,204,153,26,0,0,0,0,0,0,0,0,0,0,0,0,0,0,0,0,0,0,0,0,0,0,0,0,131,252,252,225,0,0,0,0,0,0,0,0,0,0,0,0,0,0,0,0,0,0,0,0,0,0,0,23,234,252,252,187,0,0,0,0,0,0,0,0,0,0,0,0,0,0,0,0,0,0,0,0,0,0,0,179,252,177,28,13,0,0,0,0,0,0,0,0,0,0,0,0,0,0,0,0,0,0,0,0,0,0,13,255,253,253,253,79,10,0,0,0,0,0,0,0,0,0,0,0,0,0,0,0,0,0,0,0,0,0,138,253,214,122,246,253,109,0,0,0,0,0,0,0,0,0,0,0,0,0,0,0,0,0,0,0,0,0,225,253,109,0,100,253,215,19,0,0,0,0,0,0,0,0,0,0,0,0,0,0,0,0,0,0,0,0,225,241,47,0,0,253,252,56,0,0,0,0,0,0,0,0,0,0,0,0,0,0,0,0,0,0,0,147,253,214,0,0,0,254,203,7,0,0,0,0,0,0,0,0,0,0,0,0,0,0,0,0,0,0,13,209,252,113,0,0,0,253,252,56,0,0,0,0,0,0,0,0,0,0,0,0,0,0,0,0,0,0,107,252,252,113,0,0,0,253,252,106,0,0,0,0,0,0,0,0,0,0,0,0,0,0,0,0,0,0,157,252,252,63,0,0,0,253,252,56,0,0,0,0,0,0,0,0,0,0,0,0,0,0,0,0,0,0,170,253,253,0,0,0,13,254,247,50,0,0,0,0,0,0,0,0,0,0,0,0,0,0,0,0,0,0,169,252,252,0,0,0,113,253,196,0,0,0,0,0,0,0,0,0,0,0,0,0,0,0,0,0,0,0,169,252,252,0,0,0,200,253,196,0,0,0,0,0,0,0,0,0,0,0,0,0,0,0,0,0,0,0,169,252,252,0,0,126,249,253,96,0,0,0,0,0,0,0,0,0,0,0,0,0,0,0,0,0,0,0,108,253,190,0,45,229,253,214,0,0,0,0,0,0,0,0,0,0,0,0,0,0,0,0,0,0,0,0,57,252,139,70,225,252,227,38,0,0,0,0,0,0,0,0,0,0,0,0,0,0,0,0,0,0,0,0,13,171,228,253,252,252,139,0,0,0,0,0,0,0,0,0,0,0,0,0,0,0,0,0,0,0,0,0,0,47,190,190,215,214,28,0,0,0,0,0,0,0,0,0,0,0,0,0,0,0,0,0,0,0,0,0,0,0,0,0,0,0,0,0,0,0,0,0,0,0,0,0,0,0,0,0,0,0,0,0,0,0,0,0,0,0,0,0,0,0,0,0,0,0,0,0,0,0,0,0,0,0,0,0,0,0,0,0,0,0,0,0,0,0,0,0,0,0,0,0,0,0,0,0,0,0,0,0,0,0,0,0,0,0,0,0,0,0,0,0,0,0,0,0,0,0,0,0,0,0,0,0,0,0,0,0,0,0
8,0,0,0,0,0,0,0,0,0,0,0,0,0,0,0,0,0,0,0,0,0,0,0,0,0,0,0,0,0,0,0,0,0,0,0,0,0,0,0,0,0,0,0,0,0,0,0,0,0,0,0,0,0,0,0,0,0,0,0,0,0,0,0,0,0,0,0,0,0,0,0,0,0,0,0,0,0,0,0,0,0,0,0,0,0,0,0,0,0,0,0,0,0,0,0,0,0,0,0,0,0,0,0,0,0,0,0,0,0,0,0,0,0,0,0,0,0,0,0,0,0,0,0,0,0,0,0,0,0,0,0,0,0,0,0,0,0,0,0,0,0,0,0,0,0,0,0,0,0,0,0,0,15,108,180,253,255,253,253,211,86,0,0,0,0,0,0,0,0,0,0,0,0,0,0,0,0,0,0,36,219,252,252,252,253,252,252,252,252,151,17,0,0,0,0,0,0,0,0,0,0,0,0,0,0,0,116,222,252,252,227,215,253,252,252,185,69,184,67,0,0,0,0,0,0,0,0,0,0,0,0,0,0,0,230,253,214,45,29,21,65,252,252,160,0,0,0,0,0,0,0,0,0,0,0,0,0,0,0,0,0,0,230,253,102,0,0,0,76,252,252,56,0,0,0,0,0,0,0,0,0,0,0,0,0,0,0,0,0,0,168,255,207,0,0,11,202,253,122,0,0,0,0,0,0,0,0,0,0,0,0,0,0,0,0,0,0,0,42,232,236,65,0,136,253,252,69,0,0,0,0,0,0,0,0,0,0,0,0,0,0,0,0,0,0,0,0,107,252,234,101,246,253,187,19,0,0,0,0,0,0,0,0,0,0,0,0,0,0,0,0,0,0,0,0,5,177,252,232,252,234,17,0,0,0,0,0,0,0,0,0,0,0,0,0,0,0,0,0,0,0,0,0,0,57,252,252,252,178,0,0,0,0,0,0,0,0,0,0,0,0,0,0,0,0,0,0,0,0,0,0,3,118,253,253,148,0,0,0,0,0,0,0,0,0,0,0,0,0,0,0,0,0,0,0,0,0,0,0,97,252,252,252,252,95,0,0,0,0,0,0,0,0,0,0,0,0,0,0,0,0,0,0,0,0,0,0,170,252,202,130,215,237,25,0,0,0,0,0,0,0,0,0,0,0,0,0,0,0,0,0,0,0,0,43,253,214,13,0,116,253,133,0,0,0,0,0,0,0,0,0,0,0,0,0,0,0,0,0,0,0,0,220,253,153,0,0,11,201,227,32,0,0,0,0,0,0,0,0,0,0,0,0,0,0,0,0,0,0,9,233,231,0,0,0,0,139,253,69,0,0,0,0,0,0,0,0,0,0,0,0,0,0,0,0,0,0,93,252,157,0,0,0,22,212,252,69,0,0,0,0,0,0,0,0,0,0,0,0,0,0,0,0,0,0,93,252,206,70,70,164,215,253,240,50,0,0,0,0,0,0,0,0,0,0,0,0,0,0,0,0,0,0,59,244,253,252,252,252,252,245,79,0,0,0,0,0,0,0,0,0,0,0,0,0,0,0,0,0,0,0,0,126,190,158,252,252,147,73,0,0,0,0,0,0,0,0,0,0,0,0,0,0,0,0,0,0,0,0,0,0,0,0,0,0,0,0,0,0,0,0,0,0,0,0,0,0,0,0,0,0,0,0,0,0,0,0,0,0,0,0,0,0,0,0,0,0,0,0,0,0,0,0,0,0,0,0,0,0,0,0,0,0,0,0,0,0,0,0,0,0,0,0,0,0,0,0,0,0,0,0,0,0,0
9,0,0,0,0,0,0,0,0,0,0,0,0,0,0,0,0,0,0,0,0,0,0,0,0,0,0,0,0,0,0,0,0,0,0,0,0,0,0,0,0,0,0,0,0,0,0,0,0,0,0,0,0,0,0,0,0,0,0,0,0,0,0,0,0,0,0,0,0,0,0,0,0,0,0,0,0,0,0,0,0,0,0,0,0,0,0,0,0,0,0,0,0,0,0,0,0,0,0,0,0,0,0,0,0,0,0,0,0,0,0,0,0,0,0,0,0,0,0,0,0,0,0,0,0,0,0,0,0,0,0,0,0,0,0,0,0,0,0,0,0,0,0,0,0,0,0,0,0,0,0,0,0,0,0,0,0,0,0,0,0,0,0,0,0,0,0,0,0,0,0,0,0,0,0,0,0,0,0,0,0,0,0,0,0,0,0,0,0,0,0,0,0,0,0,0,0,0,0,0,0,0,0,0,0,0,0,0,0,0,53,190,255,185,0,0,0,0,0,0,0,0,0,0,0,0,0,0,0,0,0,0,0,0,0,0,8,68,210,200,250,198,0,0,0,0,0,0,0,0,0,0,0,0,0,0,0,0,0,0,0,0,0,28,178,244,49,96,224,44,0,0,0,0,0,0,0,0,0,0,0,0,0,0,0,0,0,0,0,0,6,166,251,232,136,120,23,29,110,38,0,0,0,0,0,0,0,0,0,0,0,0,0,0,0,0,0,0,203,254,120,0,0,0,20,231,254,228,0,0,0,0,0,0,0,0,0,0,0,0,0,0,0,0,0,0,164,200,0,0,0,21,242,254,255,137,0,0,0,0,0,0,0,0,0,0,0,0,0,0,0,0,0,0,144,230,101,94,210,242,183,64,254,72,0,0,0,0,0,0,0,0,0,0,0,0,0,0,0,0,0,0,37,186,254,251,185,101,3,50,254,72,0,0,0,0,0,0,0,0,0,0,0,0,0,0,0,0,0,0,0,12,54,50,0,0,0,166,254,72,0,0,0,0,0,0,0,0,0,0,0,0,0,0,0,0,0,0,0,0,0,0,0,0,0,218,241,21,0,0,0,0,0,0,0,0,0,0,0,0,0,0,0,0,0,0,0,0,0,0,0,0,16,229,210,0,0,0,0,0,0,0,0,0,0,0,0,0,0,0,0,0,0,0,0,0,0,0,0,0,75,254,93,0,0,0,0,0,0,0,0,0,0,0,0,0,0,0,0,0,0,0,0,0,0,0,0,0,191,248,47,0,0,0,0,0,0,0,0,0,0,0,0,0,0,0,0,0,0,0,0,0,0,0,0,6,238,211,0,0,0,0,0,0,0,0,0,0,0,0,0,0,0,0,0,0,0,0,0,0,0,0,0,73,254,127,0,0,0,0,0,0,0,0,0,0,0,0,0,0,0,0,0,0,0,0,0,0,0,0,0,74,255,36,0,0,0,0,0,0,0,0,0,0,0,0,0,0,0,0,0,0,0,0,0,0,0,0,0,73,254,36,0,0,0,0,0,0,0,0,0,0,0,0,0,0,0,0,0,0,0,0,0,0,0,0,0,63,251,49,0,0,0,0,0,0,0,0,0,0,0,0,0,0,0,0,0,0,0,0,0,0,0,0,0,0,230,168,4,0,0,0,0,0,0,0,0,0,0,0,0,0,0,0,0,0,0,0,0,0,0,0,0,0,61,195,35,0,0,0,0,0,0,0,0,0,0,0,0,0,0,0,0,0,0,0,0,0,0,0,0,0,0,0,0,0,0,0,0,0,0,0,0,0,0
5,0,0,0,0,0,0,0,0,0,0,0,0,0,0,0,0,0,0,0,0,0,0,0,0,0,0,0,0,0,0,0,0,0,0,0,0,0,0,0,0,0,0,0,0,0,0,0,0,0,0,0,0,0,0,0,0,0,0,0,0,0,0,0,0,0,0,0,0,0,0,0,0,0,0,0,0,0,0,0,0,0,0,0,0,0,0,0,0,0,0,0,0,0,0,0,0,0,0,0,0,0,0,0,0,0,0,0,0,0,0,0,0,0,0,0,0,0,0,0,0,0,0,0,0,0,0,0,0,0,0,0,0,0,0,0,0,0,0,0,0,0,0,0,0,0,0,0,0,0,0,0,0,0,0,0,0,0,0,0,0,0,0,0,0,0,0,0,0,0,0,0,0,0,0,0,0,0,0,0,0,0,0,0,0,0,0,0,0,31,142,119,38,1,0,63,0,0,0,0,0,0,0,0,0,0,0,0,0,0,0,26,12,76,76,123,147,240,253,253,253,185,184,181,0,0,0,0,0,0,0,0,0,0,0,0,0,0,22,208,227,253,253,253,253,253,253,253,253,248,171,81,0,0,0,0,0,0,0,0,0,0,0,0,0,0,49,253,253,253,253,253,253,253,230,210,121,2,0,0,0,0,0,0,0,0,0,0,0,0,0,14,82,44,34,235,253,253,253,246,172,85,30,0,0,0,0,0,0,0,0,0,0,0,0,0,0,0,3,188,253,237,46,21,126,65,27,24,0,0,0,0,0,0,0,0,0,0,0,0,0,0,0,0,0,0,94,253,253,247,37,0,0,0,0,0,0,0,0,0,0,0,0,0,0,0,0,0,0,0,0,0,0,96,246,253,253,159,0,0,0,0,0,0,0,0,0,0,0,0,0,0,0,0,0,0,0,0,0,0,187,248,253,253,253,239,55,0,0,0,0,0,0,0,0,0,0,0,0,0,0,0,0,0,0,0,0,0,254,253,253,253,253,253,215,13,0,0,0,0,0,0,0,0,0,0,0,0,0,0,0,0,0,0,0,0,254,253,253,238,191,253,253,144,0,0,0,0,0,0,0,0,0,0,0,0,0,0,0,0,0,0,0,0,78,124,122,13,5,229,253,241,18,0,0,0,0,0,0,0,0,0,0,0,0,0,0,0,0,0,0,0,0,0,0,0,0,181,253,167,0,0,0,0,0,0,0,0,0,0,0,0,0,0,0,0,0,0,0,0,0,0,0,0,0,227,253,237,17,0,0,0,0,0,0,0,0,0,0,0,0,0,0,0,0,0,0,0,0,0,0,0,21,230,253,170,1,0,0,0,0,0,0,0,0,0,0,0,0,0,0,0,0,0,0,0,0,0,106,173,233,253,253,93,0,0,0,0,0,0,0,0,0,0,0,0,0,0,0,0,0,0,0,0,0,64,248,253,253,253,169,10,0,0,0,0,0,0,0,0,0,0,0,0,0,0,0,0,0,0,0,0,0,76,253,253,253,169,2,0,0,0,0,0,0,0,0,0,0,0,0,0,0,0,0,0,0,0,0,0,0,23,201,241,103,8,0,0,0,0,0,0,0,0,0,0,0,0,0,0,0,0,0,0,0,0,0,0,0,0,17,31,0,0,0,0,0,0,0,0,0,0,0,0,0,0,0,0,0,0,0,0,0,0,0,0,0,0,0,0,0,0,0,0,0,0,0,0,0,0,0,0,0,0,0,0,0,0,0,0,0,0,0,0,0,0,0,0,0,0,0,0,0,0,0,0,0,0,0,0,0,0,0,0,0
8,0,0,0,0,0,0,0,0,0,0,0,0,0,0,0,0,0,0,0,0,0,0,0,0,0,0,0,0,0,0,0,0,0,0,0,0,0,0,0,0,0,0,0,0,0,0,0,0,0,0,0,0,0,0,0,0,0,0,0,0,0,0,0,0,0,0,0,0,0,0,0,0,0,0,0,0,0,0,0,0,0,0,0,0,0,0,0,0,0,0,0,0,0,0,0,0,0,0,0,0,0,0,0,0,0,0,0,0,0,0,0,0,0,0,0,0,0,0,0,0,0,0,0,0,0,0,0,0,0,0,0,0,0,0,0,0,0,0,0,0,0,0,0,0,0,0,0,0,0,0,0,0,0,0,18,148,227,253,145,0,61,69,4,0,0,0,0,0,0,0,0,0,0,0,0,0,0,0,0,0,0,48,216,253,252,122,47,36,253,252,21,0,0,0,0,0,0,0,0,0,0,0,0,107,211,79,0,0,20,202,252,250,73,2,6,206,232,47,2,0,0,0,0,0,0,0,0,0,0,0,0,0,0,0,0,0,127,252,252,115,0,0,91,252,211,0,0,0,0,0,0,0,0,0,0,0,0,0,0,0,0,0,0,0,171,252,252,0,0,62,239,252,124,0,0,0,0,0,0,0,0,0,0,0,0,0,0,0,0,0,0,0,233,253,236,0,0,145,253,236,0,0,0,0,0,0,0,0,0,0,0,0,0,0,0,0,0,0,0,0,232,252,147,0,100,247,252,112,0,0,0,0,0,0,0,0,0,0,0,0,0,0,0,0,0,0,0,0,179,252,244,4,195,252,185,4,0,0,0,0,0,0,0,0,0,0,0,0,0,0,0,0,0,0,0,0,153,252,252,183,252,252,196,28,0,0,0,0,0,0,0,0,0,0,0,0,0,0,0,0,0,0,0,0,188,252,252,253,252,252,199,7,0,0,0,0,0,0,0,0,0,0,0,0,0,0,0,0,0,0,0,0,22,253,253,255,186,97,0,0,0,0,0,0,0,0,0,0,0,0,0,0,0,0,0,0,0,0,0,0,57,252,252,253,63,0,0,0,0,0,0,0,0,0,0,0,0,0,0,0,0,0,0,0,0,0,0,52,234,252,252,253,72,0,0,0,0,0,0,0,0,0,0,0,0,0,0,0,0,0,0,0,0,0,100,232,252,236,215,253,189,6,0,0,0,0,0,0,0,0,0,0,0,0,0,0,0,0,0,0,0,0,236,252,244,66,18,253,252,21,0,0,0,0,0,0,0,0,0,0,0,0,0,0,0,0,0,0,0,62,254,253,109,0,0,255,253,127,0,0,0,0,0,0,0,0,0,0,0,0,0,0,0,0,0,0,0,141,253,189,5,0,0,253,252,126,0,0,0,0,0,0,0,0,0,0,0,0,0,0,0,0,0,0,0,158,253,175,20,0,62,253,252,29,0,0,0,0,0,0,0,0,0,0,0,0,0,0,0,0,0,0,0,80,253,252,245,169,239,253,169,7,0,0,0,0,0,0,0,0,0,0,0,0,0,0,0,0,0,0,0,0,104,226,252,252,252,174,11,0,0,0,0,0,0,0,0,0,0,0,0,0,0,0,0,0,0,0,0,0,0,0,0,0,0,0,0,0,0,0,0,0,0,0,0,0,0,0,0,0,0,0,0,0,0,0,0,0,0,0,0,0,0,0,0,0,0,0,0,0,0,0,0,0,0,0,0,0,0,0,0,0,0,0,0,0,0,0,0,0,0,0,0,0,0,0,0,0,0,0,0,0,0,0
4,0,0,0,0,0,0,0,0,0,0,0,0,0,0,0,0,0,0,0,0,0,0,0,0,0,0,0,0,0,0,0,0,0,0,0,0,0,0,0,0,0,0,0,0,0,0,0,0,0,0,0,0,0,0,0,0,0,0,0,0,0,0,0,0,0,0,0,0,0,0,0,0,0,0,0,0,0,0,0,0,0,0,0,0,0,0,0,0,0,0,0,0,0,0,0,0,0,0,0,0,0,0,0,0,0,0,0,0,0,0,0,0,0,0,0,0,0,0,0,0,0,0,0,0,0,0,0,0,0,0,0,0,0,0,0,0,0,0,0,0,0,0,0,0,0,0,0,0,0,0,0,0,51,243,179,0,0,0,0,0,0,0,0,0,0,0,0,0,0,0,0,0,0,0,0,0,0,0,0,0,166,252,241,42,13,47,5,0,0,0,0,0,0,0,0,0,0,0,0,0,0,0,0,0,0,0,0,51,240,252,199,0,101,252,137,0,0,0,0,0,0,0,0,0,0,0,0,0,0,0,0,0,0,0,0,164,252,252,21,0,184,252,210,0,0,0,0,0,0,0,0,0,0,0,0,0,0,0,0,0,0,0,22,215,252,200,0,22,215,252,85,0,0,0,0,0,0,0,0,0,0,0,0,0,0,0,0,0,0,3,118,253,253,128,0,57,253,253,23,0,0,0,0,0,0,0,0,0,0,0,0,0,0,0,0,0,0,24,252,252,193,8,0,161,252,252,22,0,0,0,0,0,0,0,0,0,0,0,0,0,0,0,0,0,0,55,252,252,128,0,7,186,252,252,86,0,0,0,0,0,0,0,0,0,0,0,0,0,0,0,0,0,0,180,252,252,121,93,212,252,252,252,252,95,0,0,0,0,0,0,0,0,0,0,0,0,0,0,0,0,53,253,252,252,252,252,253,252,252,252,252,116,0,0,0,0,0,0,0,0,0,0,0,0,0,0,0,0,106,255,253,253,253,253,255,253,253,253,232,0,0,0,0,0,0,0,0,0,0,0,0,0,0,0,0,0,0,154,185,175,112,92,159,252,252,252,22,0,0,0,0,0,0,0,0,0,0,0,0,0,0,0,0,0,0,0,0,0,0,0,24,252,252,252,22,0,0,0,0,0,0,0,0,0,0,0,0,0,0,0,0,0,0,0,0,0,0,0,118,252,252,218,14,0,0,0,0,0,0,0,0,0,0,0,0,0,0,0,0,0,0,0,0,0,0,0,191,252,252,160,0,0,0,0,0,0,0,0,0,0,0,0,0,0,0,0,0,0,0,0,0,0,0,0,255,253,253,46,0,0,0,0,0,0,0,0,0,0,0,0,0,0,0,0,0,0,0,0,0,0,0,0,253,252,252,45,0,0,0,0,0,0,0,0,0,0,0,0,0,0,0,0,0,0,0,0,0,0,0,0,253,252,202,13,0,0,0,0,0,0,0,0,0,0,0,0,0,0,0,0,0,0,0,0,0,0,0,0,253,252,215,21,0,0,0,0,0,0,0,0,0,0,0,0,0,0,0,0,0,0,0,0,0,0,0,0,148,252,130,0,0,0,0,0,0,0,0,0,0,0,0,0,0,0,0,0,0,0,0,0,0,0,0,0,0,0,0,0,0,0,0,0,0,0,0,0,0,0,0,0,0,0,0,0,0,0,0,0,0,0,0,0,0,0,0,0,0,0,0,0,0,0,0,0,0,0,0,0,0,0,0,0,0,0,0,0,0,0,0,0,0,0,0,0,0,0,0,0,0,0,0,0,0,0
3,0,0,0,0,0,0,0,0,0,0,0,0,0,0,0,0,0,0,0,0,0,0,0,0,0,0,0,0,0,0,0,0,0,0,0,0,0,0,0,0,0,0,0,0,0,0,0,0,0,0,0,0,0,0,0,0,0,0,0,0,0,0,0,0,0,0,0,0,0,0,0,0,0,0,0,0,0,0,0,0,0,0,0,0,0,0,0,0,0,0,0,0,0,0,0,0,0,0,0,0,0,0,0,0,0,0,0,0,0,0,0,0,0,0,0,0,0,0,0,0,0,0,0,0,0,0,0,0,0,0,0,0,0,0,0,0,0,0,0,0,0,0,0,0,0,0,0,0,0,0,0,0,0,0,0,0,0,0,0,0,0,0,0,0,0,0,0,0,0,0,0,0,0,0,0,0,0,0,0,60,187,250,232,83,0,0,0,0,0,0,0,0,0,0,0,0,0,0,0,0,0,0,0,0,0,0,85,237,225,152,231,249,0,0,0,0,0,0,0,0,0,0,0,0,0,0,0,0,0,0,0,0,0,26,232,227,18,0,125,250,41,0,0,0,0,0,0,0,0,0,0,0,0,0,0,0,0,0,0,0,0,138,254,64,0,0,0,204,87,0,0,0,0,0,0,0,0,0,0,0,0,0,0,0,0,0,0,0,70,249,137,0,0,0,27,240,68,0,0,0,0,0,0,0,0,0,0,0,0,0,0,0,0,0,0,1,227,231,25,0,0,0,148,254,23,0,0,0,0,0,0,0,0,0,0,0,0,0,0,0,0,0,0,1,249,152,0,0,0,16,205,190,0,0,0,0,0,0,0,0,0,0,0,0,0,0,0,0,0,0,0,0,132,80,0,0,0,138,254,64,0,0,0,0,0,0,0,0,0,0,0,0,0,0,0,0,0,0,0,0,64,9,0,0,97,250,254,200,124,17,0,0,0,0,0,0,0,0,0,0,0,0,0,0,0,0,0,0,0,5,98,206,255,240,179,188,236,179,5,0,0,0,0,0,0,0,0,0,0,0,0,0,0,0,0,0,0,138,254,254,219,43,0,0,43,248,120,0,0,0,0,0,0,0,0,0,0,0,0,0,0,0,0,0,0,238,254,181,27,0,0,0,0,147,250,41,0,0,0,0,0,0,0,0,0,0,0,0,0,0,0,0,0,28,28,0,0,0,0,0,0,37,239,51,0,0,0,0,0,0,0,0,0,0,0,0,0,0,0,0,0,0,0,0,0,0,0,0,0,0,221,96,0,0,0,0,0,0,0,0,0,0,0,0,0,0,0,0,0,0,0,0,0,0,0,0,0,0,202,159,0,0,0,0,0,0,0,0,0,0,0,0,0,0,0,0,0,0,0,0,0,0,0,0,0,28,247,131,0,0,0,0,0,0,0,0,0,0,0,0,0,0,0,0,0,0,0,0,0,0,0,0,0,134,251,59,0,0,0,0,0,0,0,0,0,0,0,0,0,0,0,0,0,0,0,0,0,0,0,0,57,240,164,0,0,0,0,0,0,0,0,0,0,0,0,0,0,0,0,0,0,0,0,0,0,0,0,50,227,229,23,0,0,0,0,0,0,0,0,0,0,0,0,0,0,0,0,0,0,0,0,0,0,10,131,244,205,39,0,0,0,0,0,0,0,0,0,0,0,0,0,0,0,0,0,0,0,0,0,0,0,0,0,0,0,0,0,0,0,0,0,0,0,0,0,0,0,0,0,0,0,0,0,0,0,0,0,0,0,0,0,0,0,0,0,0,0,0,0,0,0,0,0,0
2,0,0,0,0,0,0,0,0,0,0,0,0,0,0,0,0,0,0,0,0,0,0,0,0,0,0,0,0,0,0,0,0,0,0,0,0,0,0,0,0,0,0,0,0,0,0,0,0,0,0,0,0,0,0,0,0,0,0,0,0,0,0,0,0,0,0,0,0,0,0,0,0,0,0,0,0,0,0,0,0,0,0,0,0,0,0,0,0,0,0,0,0,0,0,0,0,0,0,97,125,125,38,0,0,0,0,0,0,0,0,0,0,0,0,0,0,0,0,0,0,0,0,0,0,98,222,252,253,253,226,100,0,0,0,0,0,0,0,0,0,0,0,0,0,0,0,0,0,0,0,41,222,251,222,199,142,222,253,251,143,0,0,0,0,0,0,0,0,0,0,0,0,0,0,0,0,0,0,212,218,149,40,10,0,14,128,253,234,40,0,0,0,0,0,0,0,0,0,0,0,0,0,0,0,0,0,69,104,0,0,0,0,0,29,221,253,214,0,0,0,0,0,0,0,0,0,0,0,0,0,0,0,0,0,0,0,0,0,0,0,0,0,169,253,227,0,0,0,0,0,0,0,0,0,0,0,0,0,0,0,0,0,0,0,0,0,0,0,0,0,169,253,227,0,0,0,0,0,0,0,0,0,0,0,0,0,0,0,0,0,0,0,0,0,0,0,0,0,169,253,187,0,0,0,0,0,0,0,0,0,0,0,0,0,0,0,0,0,0,0,0,0,0,0,0,13,193,253,97,0,0,0,0,0,0,0,0,0,0,0,0,0,0,0,0,0,0,0,0,0,0,0,0,46,253,253,97,0,0,0,0,0,0,0,0,0,0,0,0,29,120,65,35,0,0,0,0,0,0,0,0,46,253,253,97,0,0,0,0,0,0,0,0,0,0,0,0,151,253,253,224,183,50,0,0,0,0,0,0,73,253,203,27,0,0,0,0,0,0,0,0,0,0,0,0,255,148,78,198,249,225,176,136,46,11,0,37,230,253,91,0,0,0,0,0,0,0,0,0,0,0,0,0,254,6,0,0,76,198,227,253,253,188,169,187,253,253,91,0,0,0,0,0,0,0,0,0,0,0,0,0,254,6,0,0,0,0,31,130,220,246,253,253,253,253,112,30,0,0,0,0,0,0,0,0,0,0,0,0,255,99,2,0,0,0,0,0,0,128,253,253,253,253,253,243,156,150,26,0,0,0,0,0,0,0,0,0,177,253,98,12,0,0,0,17,57,230,253,212,104,190,234,166,235,253,251,83,0,0,0,0,0,0,0,0,54,237,253,208,143,143,143,234,253,253,213,31,0,0,0,0,9,110,114,173,0,0,0,0,0,0,0,0,0,0,111,237,247,247,247,247,210,117,30,0,0,0,0,0,0,0,0,0,0,0,0,0,0,0,0,0,0,0,0,0,0,0,0,0,0,0,0,0,0,0,0,0,0,0,0,0,0,0,0,0,0,0,0,0,0,0,0,0,0,0,0,0,0,0,0,0,0,0,0,0,0,0,0,0,0,0,0,0,0,0,0,0,0,0,0,0,0,0,0,0,0,0,0,0,0,0,0,0,0,0,0,0,0,0,0,0,0,0,0,0,0,0,0,0,0,0,0,0,0,0,0,0,0,0,0,0,0,0,0,0,0,0,0,0,0,0,0,0,0,0,0,0,0,0,0,0,0,0,0,0,0,0,0,0,0,0,0,0,0,0,0,0,0,0,0,0,0,0,0,0,0,0,0,0,0,0,0,0,0,0,0,0,0,0,0,0,0,0,0
7,0,0,0,0,0,0,0,0,0,0,0,0,0,0,0,0,0,0,0,0,0,0,0,0,0,0,0,0,0,0,0,0,0,0,0,0,0,0,0,0,0,0,0,0,0,0,0,0,0,0,0,0,0,0,0,0,0,0,0,0,0,0,0,0,0,0,0,0,0,0,0,0,0,0,0,0,0,0,0,0,0,0,0,0,0,0,0,0,0,0,0,0,0,0,0,0,0,0,0,0,0,0,0,0,0,0,0,0,0,0,0,0,0,0,0,0,0,0,0,0,0,0,0,0,0,0,0,0,0,0,0,0,0,0,0,0,0,0,0,0,0,0,0,0,0,0,0,0,0,0,0,0,0,0,0,0,0,0,0,0,0,0,0,0,0,0,0,0,0,0,0,0,0,0,0,0,0,0,0,0,0,0,0,0,0,0,0,0,0,0,0,0,0,0,0,0,0,0,0,0,0,0,0,0,0,0,0,0,0,0,0,0,0,0,0,0,0,0,0,0,0,0,0,0,0,0,0,0,0,0,0,0,0,0,64,191,255,255,255,255,255,255,255,191,64,0,0,0,0,0,0,0,0,0,0,0,0,0,0,0,0,64,255,255,255,255,191,255,255,255,255,255,255,0,0,0,0,0,0,0,0,0,0,0,0,0,0,0,64,255,255,255,64,0,0,0,0,0,191,255,128,0,0,0,0,0,0,0,0,0,0,0,0,0,0,0,64,255,255,64,0,0,0,0,0,128,255,255,128,0,0,0,0,0,0,0,0,0,0,0,0,0,0,0,0,0,0,0,0,0,0,0,0,191,255,255,0,0,0,0,0,0,0,0,0,0,0,0,0,0,0,0,0,0,0,0,0,0,0,0,0,255,255,64,0,0,0,0,0,0,0,0,0,0,0,0,0,0,0,0,0,0,0,0,0,0,0,0,191,255,255,0,0,0,0,0,0,0,0,0,0,0,0,0,0,0,0,0,0,0,0,0,0,0,0,0,255,255,64,0,0,0,0,0,0,0,0,0,0,0,0,0,0,0,0,0,0,0,0,0,0,0,0,128,255,128,0,0,0,0,0,0,0,0,0,0,0,0,0,0,0,0,0,0,0,0,0,0,0,0,128,255,255,0,0,0,0,0,0,0,0,0,0,0,0,0,0,0,0,0,0,0,0,0,0,0,0,0,128,255,64,0,0,0,0,0,0,0,0,0,0,0,0,0,0,0,0,0,0,0,0,0,0,0,0,0,255,255,0,0,0,0,0,0,0,0,0,0,0,0,0,0,0,0,0,0,0,0,0,0,0,0,0,255,255,191,0,0,0,0,0,0,0,0,0,0,0,0,0,0,0,0,0,0,0,0,0,0,0,0,64,255,191,0,0,0,0,0,0,0,0,0,0,0,0,0,0,0,0,0,0,0,0,0,0,0,0,0,191,255,128,0,0,0,0,0,0,0,0,0,0,0,0,0,0,0,0,0,0,0,0,0,0,0,0,128,255,191,0,0,0,0,0,0,0,0,0,0,0,0,0,0,0,0,0,0,0,0,0,0,0,0,128,255,191,0,0,0,0,0,0,0,0,0,0,0,0,0,0,0,0,0,0,0,0,0,0,0,0,0,255,255,0,0,0,0,0,0,0,0,0,0,0,0,0,0,0,0,0,0,0,0,0,0,0,0,0,64,255,128,0,0,0,0,0,0,0,0,0,0,0,0,0,0,0,0,0,0,0,0,0,0,0,0,0,128,255,64,0,0,0,0,0,0,0,0,0,0,0,0,0,0,0,0
4,0,0,0,0,0,0,0,0,0,0,0,0,0,0,0,0,0,0,0,0,0,0,0,0,0,0,0,0,0,0,0,0,0,0,0,0,0,0,0,0,0,0,0,0,0,0,0,0,0,0,0,0,0,0,0,0,0,0,0,0,0,0,0,0,0,0,0,0,0,0,0,0,0,0,0,0,0,0,0,0,0,0,0,0,0,0,0,0,0,0,0,0,0,0,0,0,0,0,0,0,0,0,0,0,0,0,0,0,0,0,0,0,0,0,0,0,0,0,0,0,0,0,0,0,0,0,0,0,0,0,0,0,0,0,0,0,0,0,0,0,0,0,0,0,0,0,0,0,0,0,0,0,0,0,0,0,0,0,0,0,0,0,0,0,0,0,0,0,0,0,0,0,0,0,0,0,0,0,0,0,30,4,0,0,0,0,99,228,0,0,0,0,0,0,0,0,0,0,0,0,0,0,0,0,0,0,0,69,238,100,0,0,0,0,99,235,25,0,0,0,0,0,0,0,0,0,0,0,0,0,0,0,0,0,0,158,254,129,0,0,0,2,147,231,10,0,0,0,0,0,0,0,0,0,0,0,0,0,0,0,0,0,2,174,254,112,0,0,0,60,254,227,0,0,0,0,0,0,0,0,0,0,0,0,0,0,0,0,0,0,46,254,189,6,0,0,0,60,254,192,0,0,0,0,0,0,0,0,0,0,0,0,0,0,0,0,0,0,171,254,167,0,0,0,0,112,254,68,0,0,0,0,0,0,0,0,0,0,0,0,0,0,0,0,0,72,245,245,89,0,0,0,5,185,236,8,0,0,0,0,0,0,0,0,0,0,0,0,0,0,0,0,0,190,254,123,0,0,0,0,106,254,156,0,0,0,0,0,0,0,0,0,0,0,0,0,0,0,0,0,0,190,254,153,11,0,0,0,184,251,101,0,0,0,0,0,0,0,0,0,0,0,0,0,0,0,0,0,0,121,254,254,223,37,0,20,243,195,0,0,0,0,0,0,0,0,0,0,0,0,0,0,0,0,0,0,0,18,105,219,254,221,93,198,254,109,0,0,0,0,0,0,0,0,0,0,0,0,0,0,0,0,0,0,0,0,0,10,100,179,254,254,254,87,0,0,0,0,0,0,0,0,0,0,0,0,0,0,0,0,0,0,0,0,0,0,0,6,123,254,240,30,0,0,0,0,0,0,0,0,0,0,0,0,0,0,0,0,0,0,0,0,0,0,0,7,178,254,144,0,0,0,0,0,0,0,0,0,0,0,0,0,0,0,0,0,0,0,0,0,0,0,0,17,254,254,20,0,0,0,0,0,0,0,0,0,0,0,0,0,0,0,0,0,0,0,0,0,0,0,0,17,255,191,5,0,0,0,0,0,0,0,0,0,0,0,0,0,0,0,0,0,0,0,0,0,0,0,0,61,254,72,0,0,0,0,0,0,0,0,0,0,0,0,0,0,0,0,0,0,0,0,0,0,0,0,49,243,248,47,0,0,0,0,0,0,0,0,0,0,0,0,0,0,0,0,0,0,0,0,0,0,0,0,88,254,124,0,0,0,0,0,0,0,0,0,0,0,0,0,0,0,0,0,0,0,0,0,0,0,0,0,88,248,53,0,0,0,0,0,0,0,0,0,0,0,0,0,0,0,0,0,0,0,0,0,0,0,0,0,0,0,0,0,0,0,0,0,0,0,0,0,0,0,0,0,0,0,0,0,0,0,0,0,0,0,0,0,0,0,0,0,0,0,0,0,0,0,0,0,0,0,0,0
3,0,0,0,0,0,0,0,0,0,0,0,0,0,0,0,0,0,0,0,0,0,0,0,0,0,0,0,0,0,0,0,0,0,0,0,0,0,0,0,0,0,0,0,0,0,0,0,0,0,0,0,0,0,0,0,0,0,0,0,0,0,0,0,0,0,0,0,0,0,0,0,0,0,0,0,0,0,0,0,0,0,0,0,0,0,0,0,0,0,0,0,0,0,0,0,0,0,0,0,0,0,0,0,0,0,0,0,0,0,0,0,0,0,0,0,0,0,0,0,0,0,0,0,0,0,0,0,0,0,0,0,0,0,0,0,0,0,0,0,0,0,0,0,0,0,0,0,0,16,118,188,254,254,254,254,255,254,254,254,255,221,35,0,0,0,0,0,0,0,0,0,0,0,0,0,0,161,253,253,253,253,253,253,253,253,253,253,253,253,127,0,0,0,0,0,0,0,0,0,0,0,0,0,0,172,253,253,253,253,253,253,253,210,177,249,253,253,212,0,0,0,0,0,0,0,0,0,0,0,0,0,0,142,253,225,198,198,161,61,61,27,0,241,253,253,243,73,0,0,0,0,0,0,0,0,0,0,0,0,0,12,82,40,0,0,0,0,0,0,17,242,253,253,248,83,0,0,0,0,0,0,0,0,0,0,0,0,0,0,0,0,0,0,0,0,0,8,131,253,253,253,204,0,0,0,0,0,0,0,0,0,0,0,0,0,0,0,0,0,0,0,0,0,15,200,253,253,253,253,75,0,0,0,0,0,0,0,0,0,0,0,0,0,0,0,0,0,0,0,0,108,248,253,253,253,253,133,2,0,0,0,0,0,0,0,0,0,0,0,0,0,0,0,0,0,0,0,185,246,253,253,253,253,130,6,0,0,0,0,0,0,0,0,0,0,0,0,0,0,0,0,0,0,0,0,206,253,253,253,219,54,7,0,0,0,0,0,0,0,0,0,0,0,0,0,0,0,0,0,0,0,0,0,206,253,253,253,129,0,0,0,0,0,0,0,0,0,0,0,0,0,0,0,0,0,0,0,0,0,0,0,206,253,253,253,143,2,0,0,0,0,0,0,0,0,0,0,0,0,0,0,0,0,0,0,0,0,0,0,128,253,253,253,253,13,0,0,0,0,0,0,0,0,0,0,0,0,0,0,0,0,0,0,0,0,0,0,69,253,253,253,253,13,0,0,0,0,0,0,0,0,0,0,0,0,0,0,40,144,241,147,104,51,45,104,219,253,253,250,83,1,0,0,0,0,0,0,0,0,0,0,0,0,0,0,216,253,253,253,253,236,234,253,253,253,253,127,0,0,0,0,0,0,0,0,0,0,0,0,0,0,0,0,200,253,253,253,253,253,253,253,253,253,238,50,0,0,0,0,0,0,0,0,0,0,0,0,0,0,0,0,29,116,221,231,253,253,253,253,253,253,253,211,179,32,0,0,0,0,0,0,0,0,0,0,0,0,0,0,0,0,21,44,96,96,155,240,253,253,253,253,253,139,0,0,0,0,0,0,0,0,0,0,0,0,0,0,0,0,0,0,0,0,0,41,116,216,253,253,186,6,0,0,0,0,0,0,0,0,0,0,0,0,0,0,0,0,0,0,0,0,0,0,0,0,0,0,0,0,0,0,0,0,0,0,0,0,0,0,0,0,0,0,0,0,0,0,0,0,0,0,0,0,0,0,0,0,0,0,0,0,0,0,0,0,0,0,0,0,0,0,0,0,0,0,0,0,0,0,0,0,0,0,0,0,0,0,0,0,0,0,0,0,0
1,0,0,0,0,0,0,0,0,0,0,0,0,0,0,0,0,0,0,0,0,0,0,0,0,0,0,0,0,0,0,0,0,0,0,0,0,0,0,0,0,0,0,0,0,0,0,0,0,0,0,0,0,0,0,0,0,0,0,0,0,0,0,0,0,0,0,0,0,0,0,0,0,0,0,0,0,0,0,0,0,0,0,0,0,0,0,0,0,0,0,0,0,0,0,0,0,0,0,0,0,0,0,0,0,0,0,0,0,0,0,0,0,0,0,0,0,0,0,0,0,0,0,0,0,0,0,0,0,0,0,0,0,0,0,0,0,0,0,0,0,0,0,0,0,0,0,0,0,0,0,0,0,218,254,255,76,0,0,0,0,0,0,0,0,0,0,0,0,0,0,0,0,0,0,0,0,0,0,0,79,235,253,253,215,0,0,0,0,0,0,0,0,0,0,0,0,0,0,0,0,0,0,0,0,0,0,0,151,253,253,253,215,0,0,0,0,0,0,0,0,0,0,0,0,0,0,0,0,0,0,0,0,0,0,0,151,253,253,253,215,0,0,0,0,0,0,0,0,0,0,0,0,0,0,0,0,0,0,0,0,0,0,0,151,253,253,253,215,0,0,0,0,0,0,0,0,0,0,0,0,0,0,0,0,0,0,0,0,0,0,0,151,253,253,253,215,0,0,0,0,0,0,0,0,0,0,0,0,0,0,0,0,0,0,0,0,0,0,0,151,253,253,253,215,0,0,0,0,0,0,0,0,0,0,0,0,0,0,0,0,0,0,0,0,0,0,0,151,253,253,253,237,90,0,0,0,0,0,0,0,0,0,0,0,0,0,0,0,0,0,0,0,0,0,0,151,253,253,253,253,149,0,0,0,0,0,0,0,0,0,0,0,0,0,0,0,0,0,0,0,0,0,0,151,253,253,253,253,149,0,0,0,0,0,0,0,0,0,0,0,0,0,0,0,0,0,0,0,0,0,0,151,253,253,253,253,149,0,0,0,0,0,0,0,0,0,0,0,0,0,0,0,0,0,0,0,0,0,0,128,247,253,253,253,149,0,0,0,0,0,0,0,0,0,0,0,0,0,0,0,0,0,0,0,0,0,0,0,217,253,253,253,149,0,0,0,0,0,0,0,0,0,0,0,0,0,0,0,0,0,0,0,0,0,0,0,217,253,253,253,149,0,0,0,0,0,0,0,0,0,0,0,0,0,0,0,0,0,0,0,0,0,0,0,217,253,253,253,149,0,0,0,0,0,0,0,0,0,0,0,0,0,0,0,0,0,0,0,0,0,0,0,217,253,253,253,149,0,0,0,0,0,0,0,0,0,0,0,0,0,0,0,0,0,0,0,0,0,0,0,217,253,253,253,149,0,0,0,0,0,0,0,0,0,0,0,0,0,0,0,0,0,0,0,0,0,0,0,217,253,253,253,149,0,0,0,0,0,0,0,0,0,0,0,0,0,0,0,0,0,0,0,0,0,0,0,126,253,253,253,149,0,0,0,0,0,0,0,0,0,0,0,0,0,0,0,0,0,0,0,0,0,0,0,29,253,253,224,38,0,0,0,0,0,0,0,0,0,0,0,0,0,0,0,0,0,0,0,0,0,0,0,0,0,0,0,0,0,0,0,0,0,0,0,0,0,0,0,0,0,0,0,0,0,0,0,0,0,0,0,0,0,0,0,0,0,0,0,0,0,0,0,0,0,0,0,0,0,0,0,0,0,0,0,0,0,0,0,0,0,0,0,0,0,0,0,0,0,0,0,0,0,0,0
5,0,0,0,0,0,0,0,0,0,0,0,0,0,0,0,0,0,0,0,0,0,0,0,0,0,0,0,0,0,0,0,0,0,0,0,0,0,0,0,0,0,0,0,0,0,0,0,0,0,0,0,0,0,0,0,0,0,0,0,0,0,0,0,0,0,0,0,0,0,0,0,0,0,0,0,0,0,0,0,0,0,0,0,0,0,0,0,0,0,0,0,0,0,0,0,0,0,0,0,0,0,0,0,0,0,0,0,0,0,0,0,0,0,0,0,0,0,0,0,0,0,0,0,0,0,0,0,0,0,0,0,0,0,0,0,0,0,0,0,0,0,0,0,0,0,0,0,0,0,0,0,0,64,249,186,7,11,0,0,0,0,0,0,0,0,0,0,0,0,0,0,0,0,0,0,0,0,0,0,68,243,253,254,202,238,145,145,111,17,0,0,0,0,0,0,0,0,0,0,0,0,0,0,0,0,0,53,240,253,253,254,253,253,253,253,253,221,22,0,0,0,0,0,0,0,0,0,0,0,0,0,0,0,0,109,253,253,253,254,253,253,253,253,253,253,36,0,0,0,0,0,0,0,0,0,0,0,0,0,0,0,82,240,253,253,253,254,253,253,242,193,101,72,10,0,0,0,0,0,0,0,0,0,0,0,0,0,0,0,194,253,253,253,253,216,112,60,49,0,0,0,0,0,0,0,0,0,0,0,0,0,0,0,0,0,0,50,242,253,253,253,253,224,85,85,29,0,0,0,0,0,0,0,0,0,0,0,0,0,0,0,0,0,0,108,253,253,253,253,253,254,253,253,230,131,23,0,0,0,0,0,0,0,0,0,0,0,0,0,0,0,0,129,253,253,253,253,253,254,253,253,253,253,60,0,0,0,0,0,0,0,0,0,0,0,0,0,0,0,0,3,104,173,253,253,253,254,253,253,253,253,245,104,0,0,0,0,0,0,0,0,0,0,0,0,0,0,0,0,0,0,0,0,117,128,242,250,255,254,254,169,0,0,0,0,0,0,0,0,0,0,0,0,0,0,0,0,0,0,0,0,0,0,0,85,245,253,253,168,0,0,0,0,0,0,0,0,0,0,0,0,0,0,0,0,0,0,0,0,0,0,0,6,182,253,253,168,0,0,0,0,0,0,0,0,0,0,0,0,0,0,0,0,0,0,0,0,0,0,0,118,253,253,239,79,0,0,0,0,0,0,0,0,0,0,0,0,0,0,0,0,0,0,0,0,0,3,73,226,253,253,151,0,0,0,0,0,0,0,0,0,0,0,0,0,0,0,0,0,0,0,0,32,73,198,253,253,253,236,43,0,0,0,0,0,0,0,0,0,0,0,0,0,0,53,86,86,86,86,189,226,253,254,253,253,214,37,0,0,0,0,0,0,0,0,0,0,0,0,0,0,0,157,253,253,253,253,253,253,253,254,253,193,69,0,0,0,0,0,0,0,0,0,0,0,0,0,0,0,0,157,253,253,253,253,253,253,253,254,191,55,0,0,0,0,0,0,0,0,0,0,0,0,0,0,0,0,0,7,35,132,167,253,253,143,132,11,5,0,0,0,0,0,0,0,0,0,0,0,0,0,0,0,0,0,0,0,0,0,0,0,0,0,0,0,0,0,0,0,0,0,0,0,0,0,0,0,0,0,0,0,0,0,0,0,0,0,0,0,0,0,0,0,0,0,0,0,0,0,0,0,0,0,0,0,0,0,0,0,0,0,0,0,0,0,0,0,0,0,0,0,0,0,0,0,0,0,0,0,0,0,0,0,0
4,0,0,0,0,0,0,0,0,0,0,0,0,0,0,0,0,0,0,0,0,0,0,0,0,0,0,0,0,0,0,0,0,0,0,0,0,0,0,0,0,0,0,0,0,0,0,0,0,0,0,0,0,0,0,0,0,0,0,0,0,0,0,0,0,0,0,0,0,0,0,0,0,0,0,0,0,0,0,0,0,0,0,0,0,0,0,0,0,0,0,0,0,0,0,0,0,0,0,0,0,0,0,0,0,0,0,0,0,0,0,0,0,0,0,0,0,0,0,0,0,0,0,0,0,0,0,0,0,0,0,0,202,254,7,0,0,0,0,0,0,0,0,0,0,0,0,0,0,0,0,0,0,0,0,0,0,0,0,32,251,230,4,0,0,0,0,0,0,0,0,0,0,0,0,0,0,0,0,0,0,0,0,0,0,0,0,35,254,190,0,0,0,0,0,0,0,0,0,0,0,0,0,0,0,0,0,0,0,93,24,0,0,0,0,87,254,124,0,0,0,0,0,0,0,0,0,0,0,0,0,0,0,0,0,0,38,245,67,0,0,0,0,178,254,58,0,0,0,0,0,0,0,0,0,0,0,0,0,0,0,0,0,0,155,254,48,0,0,0,0,241,201,8,0,0,0,0,0,0,0,0,0,0,0,0,0,0,0,0,0,49,252,221,11,0,0,0,79,251,136,0,0,0,0,0,0,0,0,0,0,0,0,0,0,0,0,0,0,140,254,98,0,0,0,17,234,239,21,0,0,0,0,0,0,0,0,0,0,0,0,0,0,0,0,0,18,248,234,25,0,0,0,137,254,217,3,0,0,0,0,0,0,0,0,0,0,0,0,0,0,0,0,0,176,254,126,0,0,0,15,222,254,185,72,0,0,0,0,0,0,0,0,0,0,0,0,0,0,0,0,71,245,209,2,0,0,0,141,254,254,239,19,0,0,0,0,0,0,0,0,0,0,0,0,0,0,0,29,222,254,215,48,28,13,79,252,254,218,62,0,0,0,0,0,0,0,0,0,0,0,0,0,0,0,1,164,254,248,254,254,254,232,243,254,130,10,0,0,0,0,0,0,0,0,0,0,0,0,0,0,0,0,41,254,246,30,97,141,199,210,254,199,10,0,0,0,0,0,0,0,0,0,0,0,0,0,0,0,0,0,67,254,145,0,0,0,0,203,255,129,0,0,0,0,0,0,0,0,0,0,0,0,0,0,0,0,0,0,1,87,15,0,0,0,13,235,239,23,0,0,0,0,0,0,0,0,0,0,0,0,0,0,0,0,0,0,0,0,0,0,0,0,75,254,171,0,0,0,0,0,0,0,0,0,0,0,0,0,0,0,0,0,0,0,0,0,0,0,0,0,138,254,79,0,0,0,0,0,0,0,0,0,0,0,0,0,0,0,0,0,0,0,0,0,0,0,0,0,182,254,0,0,0,0,0,0,0,0,0,0,0,0,0,0,0,0,0,0,0,0,0,0,0,0,0,0,190,198,0,0,0,0,0,0,0,0,0,0,0,0,0,0,0,0,0,0,0,0,0,0,0,0,0,0,0,0,0,0,0,0,0,0,0,0,0,0,0,0,0,0,0,0,0,0,0,0,0,0,0,0,0,0,0,0,0,0,0,0,0,0,0,0,0,0,0,0,0,0,0,0,0,0,0,0,0,0,0,0,0,0,0,0,0,0,0,0,0,0,0,0,0,0,0,0,0,0,0,0,0,0,0,0,0,0,0,0,0,0,0,0,0,0,0,0,0,0,0,0,0,0,0,0,0,0
2,0,0,0,0,0,0,0,0,0,0,0,0,0,0,0,0,0,0,0,0,0,0,0,0,0,0,0,0,0,0,0,0,0,0,0,0,0,0,0,0,0,0,0,0,0,0,0,0,0,0,0,0,0,0,0,0,0,0,0,0,0,0,0,0,0,0,0,0,0,0,0,0,0,0,0,0,0,0,0,0,0,0,0,0,0,0,0,0,0,0,0,0,0,0,0,0,0,0,0,0,0,0,0,0,0,0,0,0,0,0,0,0,0,0,0,0,0,0,0,15,4,0,0,0,0,0,0,0,0,0,0,0,0,0,0,0,0,0,0,0,0,0,0,0,0,0,0,85,195,120,50,0,0,0,0,0,0,0,0,0,0,0,0,0,0,0,0,0,0,0,0,0,0,0,0,78,251,252,244,233,232,135,101,13,0,0,0,0,0,0,0,0,0,0,0,0,0,0,0,0,0,0,0,0,206,252,252,253,252,252,252,217,170,90,6,0,0,0,0,0,0,0,0,0,0,0,0,0,0,0,0,0,21,113,147,253,252,252,252,252,253,252,152,0,0,0,0,0,0,0,0,0,0,0,0,0,0,0,0,0,0,0,0,0,36,9,71,167,255,253,253,102,0,0,0,0,0,0,0,0,0,0,0,0,0,0,0,0,0,0,0,0,0,0,0,27,81,196,252,210,14,0,0,0,0,0,0,0,0,0,0,0,0,0,0,0,0,0,0,0,0,0,0,0,0,85,252,247,38,0,0,0,0,0,0,0,0,0,0,0,0,0,0,0,0,0,0,0,0,0,0,0,0,155,252,189,0,0,0,0,0,0,0,0,0,0,0,0,0,0,0,0,0,0,0,0,0,0,0,0,36,242,252,101,0,0,0,0,45,89,0,0,0,0,0,0,0,0,0,0,0,0,0,0,0,0,0,62,210,253,232,0,0,36,68,156,225,79,0,0,0,0,0,0,0,0,0,0,0,0,0,0,0,0,84,216,253,252,117,22,128,243,237,245,56,0,0,0,0,0,0,0,0,0,0,0,0,0,0,0,16,128,246,252,253,252,234,237,252,223,47,19,0,0,0,0,0,0,0,0,0,0,0,0,0,0,0,55,232,252,252,252,253,252,252,236,145,35,0,0,0,0,0,0,0,0,0,0,0,0,0,0,0,0,132,236,252,252,252,252,253,252,103,31,0,0,0,0,0,0,0,0,0,0,0,0,0,0,0,32,139,218,253,255,253,253,253,253,194,71,0,0,0,0,0,0,0,0,0,0,0,0,0,0,0,0,68,237,252,252,252,253,252,252,196,80,0,0,0,0,0,0,0,0,0,0,0,0,0,0,0,0,0,0,192,252,252,252,244,170,126,29,7,0,0,0,0,0,0,0,0,0,0,0,0,0,0,0,0,0,0,0,111,189,189,119,49,0,0,0,0,0,0,0,0,0,0,0,0,0,0,0,0,0,0,0,0,0,0,0,0,0,0,0,0,0,0,0,0,0,0,0,0,0,0,0,0,0,0,0,0,0,0,0,0,0,0,0,0,0,0,0,0,0,0,0,0,0,0,0,0,0,0,0,0,0,0,0,0,0,0,0,0,0,0,0,0,0,0,0,0,0,0,0,0,0,0,0,0,0,0,0,0,0,0,0,0,0,0,0,0,0,0,0,0,0,0,0,0,0,0,0,0,0,0,0,0,0,0,0,0,0,0,0,0,0,0,0,0,0,0,0,0,0,0,0,0,0,0,0,0,0,0,0,0,0,0,0,0,0,0,0,0,0
4,0,0,0,0,0,0,0,0,0,0,0,0,0,0,0,0,0,0,0,0,0,0,0,0,0,0,0,0,0,0,0,0,0,0,0,0,0,0,0,0,0,0,0,0,0,0,0,0,0,0,0,0,0,0,0,0,0,0,0,0,0,0,0,0,0,0,0,0,0,0,0,0,0,0,0,0,0,0,0,0,0,0,0,0,0,0,0,0,0,0,0,0,0,0,0,0,0,0,0,0,0,0,0,0,0,0,0,0,0,0,0,0,0,0,0,0,0,0,0,0,0,0,0,0,0,0,0,0,0,0,0,0,0,0,0,0,0,0,0,0,0,0,0,0,0,0,0,0,0,0,0,0,172,138,0,0,0,0,0,39,231,207,18,0,0,0,0,0,0,0,0,0,0,0,0,0,0,0,0,68,242,252,12,0,0,0,0,73,252,252,143,0,0,0,0,0,0,0,0,0,0,0,0,0,0,0,13,222,252,252,121,0,0,0,0,90,252,252,143,0,0,0,0,0,0,0,0,0,0,0,0,0,0,0,108,252,252,252,98,0,0,0,12,204,252,252,121,0,0,0,0,0,0,0,0,0,0,0,0,0,0,53,239,252,252,223,0,0,0,0,147,252,252,229,18,0,0,0,0,0,0,0,0,0,0,0,0,0,0,165,252,252,252,98,0,0,0,0,181,252,252,122,0,0,0,0,0,0,0,0,0,0,0,0,0,0,50,241,252,252,164,3,0,0,0,40,239,252,252,36,0,0,0,0,0,0,0,0,0,0,0,0,0,0,164,252,252,252,98,0,0,0,0,152,252,252,252,82,0,0,0,0,0,0,0,0,0,0,0,0,0,96,246,252,252,113,3,0,0,63,127,244,252,252,252,197,10,0,0,0,0,0,0,0,0,0,0,0,18,209,252,252,252,139,172,241,242,247,252,252,252,252,252,252,23,0,0,0,0,0,0,0,0,0,0,19,150,253,253,253,253,253,253,253,255,253,253,253,253,253,243,195,11,0,0,0,0,0,0,0,0,0,0,145,252,252,252,252,252,252,252,252,253,252,252,252,252,199,21,0,0,0,0,0,0,0,0,0,0,0,0,67,238,252,252,252,252,252,219,158,104,252,252,252,243,51,0,0,0,0,0,0,0,0,0,0,0,0,0,0,52,164,204,169,84,84,8,0,59,252,252,252,112,0,0,0,0,0,0,0,0,0,0,0,0,0,0,0,0,0,0,0,0,0,27,61,253,252,252,252,158,0,0,0,0,0,0,0,0,0,0,0,0,0,0,0,0,0,0,0,0,0,109,252,253,252,252,238,80,0,0,0,0,0,0,0,0,0,0,0,0,0,0,0,0,0,0,0,0,0,109,252,253,252,240,135,0,0,0,0,0,0,0,0,0,0,0,0,0,0,0,0,0,0,0,0,0,0,109,252,253,252,216,0,0,0,0,0,0,0,0,0,0,0,0,0,0,0,0,0,0,0,0,0,0,0,109,252,253,252,216,0,0,0,0,0,0,0,0,0,0,0,0,0,0,0,0,0,0,0,0,0,0,0,57,131,253,252,158,0,0,0,0,0,0,0,0,0,0,0,0,0,0,0,0,0,0,0,0,0,0,0,0,0,0,0,0,0,0,0,0,0,0,0,0,0,0,0,0,0,0,0,0,0,0,0,0,0,0,0,0,0,0,0,0,0,0,0,0,0,0,0,0,0,0,0,0,0,0,0,0,0,0,0,0,0,0,0,0,0,0,0,0,0,0,0,0,0,0,0,0,0,0,0
7,0,0,0,0,0,0,0,0,0,0,0,0,0,0,0,0,0,0,0,0,0,0,0,0,0,0,0,0,0,0,0,0,0,0,0,0,0,0,0,0,0,0,0,0,0,0,0,0,0,0,0,0,0,0,0,0,0,0,0,0,0,0,0,0,0,0,0,0,0,0,0,0,0,0,0,0,0,0,0,0,0,0,0,0,0,0,0,0,0,0,0,0,0,0,0,0,0,0,0,0,0,0,0,0,0,0,0,0,0,0,0,0,0,0,0,0,0,0,0,0,0,0,0,0,0,0,0,0,0,0,0,0,0,0,0,0,0,0,0,0,0,0,0,0,0,0,0,0,0,0,0,0,0,0,0,0,0,0,0,0,0,0,0,0,0,0,0,0,0,0,0,0,0,0,0,0,0,0,0,0,0,0,0,0,0,0,0,0,0,0,0,0,0,0,0,0,0,0,0,0,0,0,0,0,0,0,0,19,72,123,155,211,243,168,177,255,208,0,0,0,0,0,0,0,0,0,0,0,0,0,0,0,22,151,250,251,252,254,254,254,254,254,254,254,236,0,0,0,0,0,0,0,0,0,0,0,0,0,0,0,70,254,254,212,180,61,8,51,36,55,33,254,236,0,0,0,0,0,0,0,0,0,0,0,0,0,0,0,4,42,71,6,0,0,0,0,0,0,26,254,236,0,0,0,0,0,0,0,0,0,0,0,0,0,0,0,0,0,0,0,0,0,0,0,0,8,172,254,133,0,0,0,0,0,0,0,0,0,0,0,0,0,0,0,0,0,0,0,0,0,0,0,9,171,254,213,6,0,0,0,0,0,0,0,0,0,0,0,0,0,0,0,0,0,0,0,0,0,0,0,103,254,239,35,0,0,0,0,0,0,0,0,0,0,0,0,0,0,0,0,0,0,0,0,0,0,0,39,232,254,76,0,0,0,0,0,0,0,0,0,0,0,0,0,0,0,0,0,0,0,0,0,0,0,9,208,254,195,8,0,0,0,0,0,0,0,0,0,0,0,0,0,0,0,0,0,0,0,0,0,0,0,103,254,210,8,0,0,0,0,0,0,0,0,0,0,0,0,0,0,0,0,0,0,0,0,0,0,0,53,247,234,39,0,0,0,0,0,0,0,0,0,0,0,0,0,0,0,0,0,0,0,0,0,0,0,0,175,254,228,16,0,0,0,0,0,0,0,0,0,0,0,0,0,0,0,0,0,0,0,0,0,0,0,92,247,248,73,0,0,0,0,0,0,0,0,0,0,0,0,0,0,0,0,0,0,0,0,0,0,0,6,227,254,172,0,0,0,0,0,0,0,0,0,0,0,0,0,0,0,0,0,0,0,0,0,0,0,0,159,254,250,56,0,0,0,0,0,0,0,0,0,0,0,0,0,0,0,0,0,0,0,0,0,0,0,25,239,254,107,0,0,0,0,0,0,0,0,0,0,0,0,0,0,0,0,0,0,0,0,0,0,0,0,186,254,148,10,0,0,0,0,0,0,0,0,0,0,0,0,0,0,0,0,0,0,0,0,0,0,0,82,248,230,19,0,0,0,0,0,0,0,0,0,0,0,0,0,0,0,0,0,0,0,0,0,0,0,25,243,254,52,0,0,0,0,0,0,0,0,0,0,0,0,0,0,0,0,0,0,0,0,0,0,0,0,46,248,183,9,0,0,0,0,0,0,0,0,0,0,0,0,0,0,0,0,0,0,0,0,0,0,0,0,0,0,0,0,0,0,0,0,0,0,0,0,0,0,0,0,0,0,0,0
7,0,0,0,0,0,0,0,0,0,0,0,0,0,0,0,0,0,0,0,0,0,0,0,0,0,0,0,0,0,0,0,0,0,0,0,0,0,0,0,0,0,0,0,0,0,0,0,0,0,0,0,0,0,0,0,0,0,0,0,0,0,0,0,0,0,0,0,0,0,0,0,0,0,0,0,0,0,0,0,0,0,0,0,0,0,0,0,0,0,0,0,0,0,0,0,0,0,0,0,0,0,0,0,0,0,0,0,0,0,0,0,0,0,0,0,0,0,0,0,0,0,0,0,0,0,0,0,0,0,0,0,0,0,0,0,0,0,0,0,0,0,0,0,0,0,0,0,0,0,0,0,0,0,0,0,0,0,0,0,0,0,0,0,0,0,0,0,0,0,0,0,0,0,0,0,0,0,0,0,0,0,0,0,0,0,0,0,0,0,0,0,0,0,0,0,0,0,0,0,0,0,0,0,0,0,0,0,0,0,0,0,0,0,0,0,0,0,0,0,0,0,0,0,0,0,0,0,0,0,0,5,47,47,47,134,150,150,150,229,255,148,5,0,0,0,0,0,0,0,0,0,0,0,0,0,0,14,170,203,253,253,253,253,253,253,253,253,253,253,64,0,0,0,0,0,0,0,0,0,0,0,0,0,0,37,253,253,253,221,217,215,114,114,114,114,114,214,129,0,0,0,0,0,0,0,0,0,0,0,0,0,0,25,232,177,140,8,0,0,0,0,0,0,0,182,129,0,0,0,0,0,0,0,0,0,0,0,0,0,0,0,15,2,0,0,0,0,0,0,0,0,0,182,235,43,0,0,0,0,0,0,0,0,0,0,0,0,0,0,0,0,0,0,0,0,0,0,0,0,0,182,253,83,0,0,0,0,0,0,0,0,0,0,0,0,0,0,0,0,0,0,0,0,0,0,0,0,0,182,253,83,0,0,0,0,0,0,0,0,0,0,0,0,0,0,0,0,0,0,0,0,0,0,0,0,0,182,253,150,0,0,0,0,0,0,0,0,0,0,0,0,0,0,0,0,0,0,0,0,0,0,0,0,0,182,253,99,0,0,0,0,0,0,0,0,0,0,0,0,0,0,0,0,0,0,0,0,0,0,0,0,0,182,253,83,0,0,0,0,0,0,0,0,0,0,0,0,0,0,0,0,0,0,0,0,0,0,0,0,0,182,253,83,0,0,0,0,0,0,0,0,0,0,0,0,0,0,0,0,0,0,0,0,0,0,0,0,0,182,253,83,0,0,0,0,0,0,0,0,0,0,0,0,0,0,0,0,0,0,0,0,0,0,0,0,0,182,253,83,0,0,0,0,0,0,0,0,0,0,0,0,0,0,0,0,0,0,0,0,0,0,0,0,0,182,253,83,0,0,0,0,0,0,0,0,0,0,0,0,0,0,0,0,0,0,0,0,0,0,0,0,0,182,253,83,0,0,0,0,0,0,0,0,0,0,0,0,0,0,0,0,0,0,0,0,0,0,0,0,29,246,235,9,0,0,0,0,0,0,0,0,0,0,0,0,0,0,0,0,0,0,0,0,0,0,0,0,32,253,205,0,0,0,0,0,0,0,0,0,0,0,0,0,0,0,0,0,0,0,0,0,0,0,0,0,79,253,129,0,0,0,0,0,0,0,0,0,0,0,0,0,0,0,0,0,0,0,0,0,0,0,0,0,112,253,129,0,0,0,0,0,0,0,0,0,0,0,0,0,0,0,0,0,0,0,0,0,0,0,0,0,19,192,77,0,0,0,0,0,0,0,0,0,0
9,0,0,0,0,0,0,0,0,0,0,0,0,0,0,0,0,0,0,0,0,0,0,0,0,0,0,0,0,0,0,0,0,0,0,0,0,0,0,0,0,0,0,0,0,0,0,0,0,0,0,0,0,0,0,0,0,0,0,0,0,0,0,0,0,0,0,0,0,0,0,0,0,0,0,0,0,0,0,0,0,0,0,0,0,0,0,0,0,0,0,0,0,0,0,0,0,0,0,0,0,0,0,0,0,0,0,0,0,0,0,0,0,0,0,0,0,0,0,0,0,0,0,0,0,0,0,0,0,0,0,0,0,0,0,0,0,0,0,0,0,0,0,0,0,0,0,0,0,0,0,0,0,0,0,0,0,0,0,0,0,0,0,0,0,0,0,0,0,0,0,0,0,0,0,0,0,0,0,0,0,0,0,0,0,0,0,0,0,0,0,0,0,0,0,0,0,0,0,0,0,0,0,0,0,0,0,0,0,0,0,0,0,59,139,223,237,54,0,0,0,0,0,0,0,0,0,0,0,0,0,0,0,0,0,0,0,0,0,0,192,251,254,254,254,106,0,0,0,0,0,0,0,0,0,0,0,0,0,0,0,0,0,0,0,0,19,174,254,249,170,219,254,103,0,0,0,0,0,0,0,0,0,0,0,0,0,0,0,0,0,0,29,38,241,254,235,51,3,194,254,103,0,0,0,0,0,0,0,0,0,0,0,0,0,0,0,0,0,8,51,233,254,201,14,0,45,254,254,245,42,0,0,0,0,0,0,0,0,0,0,0,0,0,0,0,0,2,167,254,216,30,12,83,209,254,254,154,14,0,0,0,0,0,0,0,0,0,0,0,0,0,0,0,0,54,254,232,96,155,227,254,254,254,153,14,0,0,0,0,0,0,0,0,0,0,0,0,0,0,0,0,0,166,254,254,254,254,254,254,251,197,18,0,0,0,0,0,0,0,0,0,0,0,0,0,0,0,0,0,0,117,254,254,240,236,254,254,223,0,0,0,0,0,0,0,0,0,0,0,0,0,0,0,0,0,0,0,0,5,101,66,34,129,254,240,36,0,0,0,0,0,0,0,0,0,0,0,0,0,0,0,0,0,0,0,0,0,0,0,54,255,238,91,0,0,0,0,0,0,0,0,0,0,0,0,0,0,0,0,0,0,0,0,0,0,0,9,177,254,199,11,0,0,0,0,0,0,0,0,0,0,0,0,0,0,0,0,0,0,0,0,0,0,4,100,254,211,21,0,0,0,0,0,0,0,0,0,0,0,0,0,0,0,0,0,0,0,0,0,0,0,114,254,235,22,0,0,0,0,0,0,0,0,0,0,0,0,0,0,0,0,0,0,0,0,0,0,0,64,221,243,125,25,0,0,0,0,0,0,0,0,0,0,0,0,0,0,0,0,0,0,0,0,0,0,4,194,254,155,0,0,0,0,0,0,0,0,0,0,0,0,0,0,0,0,0,0,0,0,0,0,0,0,114,254,225,34,0,0,0,0,0,0,0,0,0,0,0,0,0,0,0,0,0,0,0,0,0,0,0,0,197,249,97,0,0,0,0,0,0,0,0,0,0,0,0,0,0,0,0,0,0,0,0,0,0,0,0,76,246,104,0,0,0,0,0,0,0,0,0,0,0,0,0,0,0,0,0,0,0,0,0,0,0,0,0,134,171,0,0,0,0,0,0,0,0,0,0,0,0,0,0,0,0,0,0,0,0,0,0,0,0,0,0,0,0,0,0,0,0,0,0,0,0,0,0,0,0,0,0,0,0,0,0
6,0,0,0,0,0,0,0,0,0,0,0,0,0,0,0,0,0,0,0,0,0,0,0,0,0,0,0,0,0,0,0,0,0,0,0,0,0,0,0,0,0,0,0,0,0,0,0,0,0,0,0,0,0,0,0,0,0,0,0,0,0,0,0,0,0,0,0,0,0,0,0,0,0,0,0,0,0,0,0,0,0,0,0,0,0,0,0,0,0,0,0,0,0,0,0,0,0,0,0,0,0,0,15,200,255,151,0,0,0,0,0,0,0,0,0,0,0,0,0,0,0,0,0,0,0,0,0,0,0,18,190,253,253,150,0,0,0,0,0,0,0,0,0,0,0,0,0,0,0,0,0,0,0,0,0,0,59,193,253,237,186,37,0,0,0,0,0,0,0,0,0,0,0,0,0,0,0,0,0,0,0,0,0,35,197,253,218,9,0,0,0,0,0,0,0,0,0,0,0,0,0,0,0,0,0,0,0,0,0,0,18,217,253,209,13,0,0,0,0,0,0,0,0,0,0,0,0,0,0,0,0,0,0,0,0,0,0,13,194,253,183,20,0,0,0,0,0,0,0,0,0,0,0,0,0,0,0,0,0,0,0,0,0,0,0,192,253,215,54,0,0,0,0,0,0,0,0,0,0,0,0,0,0,0,0,0,0,0,0,0,0,0,67,249,235,35,0,0,0,0,0,0,0,0,0,0,0,0,0,0,0,0,0,0,0,0,0,0,0,78,215,252,140,0,0,0,0,0,0,0,0,0,0,0,0,0,0,0,0,0,0,0,0,0,0,0,7,219,253,214,0,0,0,0,0,0,0,0,0,0,0,0,0,0,0,0,0,0,0,0,0,0,0,0,136,253,222,36,0,0,0,0,0,0,0,0,0,0,0,0,0,0,0,0,0,0,0,0,0,0,0,52,241,249,107,0,0,18,22,22,14,0,0,0,0,0,0,0,0,0,0,0,0,0,0,0,0,0,29,232,253,133,46,60,129,235,253,253,220,32,0,0,0,0,0,0,0,0,0,0,0,0,0,0,0,0,86,253,253,224,242,253,253,253,245,179,253,206,0,0,0,0,0,0,0,0,0,0,0,0,0,0,0,1,162,253,253,227,119,112,10,10,9,72,253,168,0,0,0,0,0,0,0,0,0,0,0,0,0,0,0,6,253,253,253,177,0,0,0,0,90,226,228,42,0,0,0,0,0,0,0,0,0,0,0,0,0,0,0,6,253,253,65,17,0,0,0,82,180,229,47,0,0,0,0,0,0,0,0,0,0,0,0,0,0,0,0,5,240,253,148,33,33,40,164,253,227,40,0,0,0,0,0,0,0,0,0,0,0,0,0,0,0,0,0,0,76,253,253,253,253,253,253,198,43,0,0,0,0,0,0,0,0,0,0,0,0,0,0,0,0,0,0,0,7,119,242,253,253,200,123,8,0,0,0,0,0,0,0,0,0,0,0,0,0,0,0,0,0,0,0,0,0,0,0,0,0,0,0,0,0,0,0,0,0,0,0,0,0,0,0,0,0,0,0,0,0,0,0,0,0,0,0,0,0,0,0,0,0,0,0,0,0,0,0,0,0,0,0,0,0,0,0,0,0,0,0,0,0,0,0,0,0,0,0,0,0,0,0,0,0,0,0,0,0,0,0,0,0,0,0,0,0,0,0,0,0,0,0,0,0,0,0,0,0,0,0,0,0,0,0,0,0,0,0,0,0,0,0,0,0,0,0,0,0,0,0,0,0,0,0,0,0,0,0,0,0,0,0,0,0,0,0,0
7,0,0,0,0,0,0,0,0,0,0,0,0,0,0,0,0,0,0,0,0,0,0,0,0,0,0,0,0,0,0,0,0,0,0,0,0,0,0,0,0,0,0,0,0,0,0,0,0,0,0,0,0,0,0,0,0,0,0,0,0,0,0,0,0,0,0,0,0,0,0,0,0,0,0,0,0,0,0,0,0,0,0,0,0,0,0,0,0,0,0,0,0,0,0,0,0,0,0,0,0,0,0,0,0,0,0,0,0,0,0,0,0,0,0,0,0,0,0,0,0,0,0,0,0,0,0,0,0,0,0,0,0,0,0,0,0,0,0,0,0,0,0,0,0,0,0,0,0,0,0,0,0,0,0,0,0,0,0,0,0,0,0,0,0,0,0,0,0,0,0,0,0,0,0,0,0,0,0,13,186,254,254,255,126,41,0,0,0,0,0,0,0,0,0,0,0,0,0,0,0,0,0,0,0,0,5,114,253,253,253,254,253,241,69,0,0,0,0,0,0,0,0,0,0,0,0,0,0,0,0,0,0,0,59,253,253,180,174,223,253,253,213,0,0,0,0,0,0,0,0,0,0,0,0,0,0,0,0,0,0,0,59,253,222,12,0,12,164,253,213,0,0,0,0,0,0,0,0,0,0,0,0,0,0,0,0,0,0,0,59,253,222,12,0,0,118,253,213,0,0,0,0,0,0,0,0,0,0,0,0,0,0,0,0,0,0,0,59,254,254,19,0,0,215,254,192,0,0,0,0,0,0,0,0,0,0,0,0,0,0,0,0,0,0,0,59,253,253,19,0,28,232,253,71,0,0,0,0,0,0,0,0,0,0,0,0,0,0,0,0,0,0,0,59,253,253,19,0,127,253,228,13,0,0,0,0,0,0,0,0,0,0,0,0,0,0,0,0,0,0,0,27,199,213,16,0,156,253,174,0,0,0,0,0,0,0,0,0,0,0,0,0,0,0,0,0,0,0,0,0,0,0,0,0,231,253,174,0,0,0,0,0,0,0,0,0,0,0,0,0,0,0,0,0,0,0,0,0,0,0,0,0,156,254,175,0,0,0,0,0,0,0,0,0,0,0,0,0,0,0,0,0,0,0,0,0,0,0,0,8,239,253,167,0,0,0,0,0,0,0,0,0,0,0,0,0,0,0,0,0,0,0,0,0,0,0,0,98,254,247,54,0,0,0,0,0,0,0,0,0,0,0,0,0,0,0,0,0,0,0,0,0,0,0,0,113,254,233,0,0,0,0,0,0,0,0,0,0,0,0,0,0,0,0,0,0,0,0,0,0,0,0,0,195,254,195,0,0,0,0,0,0,0,0,0,0,0,0,0,0,0,0,0,0,0,0,0,0,0,0,25,231,255,136,0,0,0,0,0,0,0,0,0,0,0,0,0,0,0,0,0,0,0,0,0,0,0,0,40,253,254,135,0,0,0,0,0,0,0,0,0,0,0,0,0,0,0,0,0,0,0,0,0,0,0,0,40,253,254,106,0,0,0,0,0,0,0,0,0,0,0,0,0,0,0,0,0,0,0,0,0,0,0,0,40,253,254,114,0,0,0,0,0,0,0,0,0,0,0,0,0,0,0,0,0,0,0,0,0,0,0,0,24,230,208,9,0,0,0,0,0,0,0,0,0,0,0,0,0,0,0,0,0,0,0,0,0,0,0,0,0,0,0,0,0,0,0,0,0,0,0,0,0,0,0,0,0,0,0,0,0,0,0,0,0,0,0,0,0,0,0,0,0,0,0,0,0,0,0,0,0,0,0,0
0,0,0,0,0,0,0,0,0,0,0,0,0,0,0,0,0,0,0,0,0,0,0,0,0,0,0,0,0,0,0,0,0,0,0,0,0,0,0,0,0,0,0,0,0,0,0,0,0,0,0,0,0,0,0,0,0,0,0,0,0,0,0,0,0,0,0,0,0,0,0,0,0,0,0,0,0,0,0,0,0,0,0,0,0,0,0,0,0,0,0,0,0,0,0,0,0,0,0,0,0,0,0,0,0,0,0,0,0,0,0,0,0,0,0,0,0,0,0,0,0,0,0,0,0,0,0,0,0,0,0,0,0,0,0,0,0,0,0,0,0,0,0,0,0,0,0,0,0,0,0,0,0,0,0,0,26,125,212,239,206,246,55,0,0,0,0,0,0,0,0,0,0,0,0,0,0,0,0,0,0,0,31,119,214,255,254,254,255,255,111,0,0,0,0,0,0,0,0,0,0,0,0,0,0,0,0,0,0,32,216,254,254,254,254,254,254,254,168,0,0,0,0,0,0,0,0,0,0,0,0,0,0,0,0,0,87,215,254,254,254,254,238,163,254,254,241,0,0,0,0,0,0,0,0,0,0,0,0,0,0,0,0,34,227,254,254,254,234,156,65,33,254,254,241,0,0,0,0,0,0,0,0,0,0,0,0,0,0,0,81,234,254,254,231,65,26,0,0,33,254,254,253,103,0,0,0,0,0,0,0,0,0,0,0,0,0,0,136,254,254,193,29,0,0,0,0,33,254,254,199,18,0,0,0,0,0,0,0,0,0,0,0,0,0,72,233,254,189,59,0,0,0,0,0,33,254,254,178,0,0,0,0,0,0,0,0,0,0,0,0,0,30,237,254,230,33,0,0,0,0,0,0,71,254,254,215,0,0,0,0,0,0,0,0,0,0,0,0,29,211,254,231,169,24,0,0,0,0,0,11,187,255,255,207,0,0,0,0,0,0,0,0,0,0,0,0,112,254,254,132,0,0,0,0,0,0,0,40,254,254,254,111,0,0,0,0,0,0,0,0,0,0,0,0,206,254,207,26,0,0,0,0,0,0,0,134,254,254,213,31,0,0,0,0,0,0,0,0,0,0,0,173,251,212,21,0,0,0,0,0,0,37,177,229,254,250,86,0,0,0,0,0,0,0,0,0,0,0,0,249,197,9,0,0,0,0,0,0,30,151,254,254,232,76,0,0,0,0,0,0,0,0,0,0,0,0,0,249,254,19,0,0,0,0,10,33,198,254,254,249,126,0,0,0,0,0,0,0,0,0,0,0,0,0,0,249,254,19,0,0,9,27,158,255,254,254,250,126,0,0,0,0,0,0,0,0,0,0,0,0,0,0,0,249,254,37,20,20,166,254,254,255,240,208,86,0,0,0,0,0,0,0,0,0,0,0,0,0,0,0,0,249,254,254,254,254,254,254,254,254,65,0,0,0,0,0,0,0,0,0,0,0,0,0,0,0,0,0,0,175,254,254,254,254,254,254,253,214,30,0,0,0,0,0,0,0,0,0,0,0,0,0,0,0,0,0,0,0,118,177,254,254,254,146,89,0,0,0,0,0,0,0,0,0,0,0,0,0,0,0,0,0,0,0,0,0,0,0,0,0,0,0,0,0,0,0,0,0,0,0,0,0,0,0,0,0,0,0,0,0,0,0,0,0,0,0,0,0,0,0,0,0,0,0,0,0,0,0,0,0,0,0,0,0,0,0,0,0,0,0,0,0,0,0,0,0,0,0,0,0,0,0,0,0,0,0,0,0,0,0,0,0,0,0
5,0,0,0,0,0,0,0,0,0,0,0,0,0,0,0,0,0,0,0,0,0,0,0,0,0,0,0,0,0,0,0,0,0,0,0,0,0,0,0,0,0,0,0,0,0,0,0,0,0,0,0,0,0,0,0,0,0,0,0,0,0,0,0,0,0,0,0,0,0,0,0,0,0,0,0,0,0,0,0,0,0,0,0,0,0,0,0,0,0,0,0,0,0,0,0,0,0,0,0,0,0,0,0,0,0,0,0,0,0,0,0,0,0,0,0,0,0,0,0,0,0,0,0,0,0,0,0,0,0,0,0,0,0,0,0,0,0,0,0,0,0,0,0,0,0,0,0,0,0,0,0,0,0,0,0,0,0,0,0,0,0,0,0,0,0,0,0,0,0,0,0,0,0,0,0,0,0,0,0,0,0,0,0,0,0,0,0,0,0,0,0,0,0,0,0,0,0,0,0,0,0,0,0,0,0,0,0,0,0,0,0,0,0,0,0,0,0,0,0,85,175,175,0,0,0,0,0,0,0,0,0,0,0,0,0,0,0,0,0,0,0,0,0,0,31,100,219,247,253,237,0,0,0,0,0,0,0,0,0,0,0,0,0,0,0,0,0,0,0,0,31,188,239,254,253,222,140,36,0,0,0,0,0,0,0,0,0,0,0,0,0,0,0,0,47,231,255,254,254,254,208,196,105,0,0,0,0,0,0,0,0,0,0,0,0,0,0,0,0,0,2,118,235,237,254,243,165,46,9,0,0,0,0,0,0,0,0,0,0,0,0,0,0,0,0,0,0,19,167,253,157,18,78,42,0,0,0,0,0,0,0,0,0,0,0,0,0,0,0,0,0,0,0,0,31,239,253,253,79,0,0,0,0,0,0,0,0,0,0,0,0,0,0,0,0,0,0,0,0,0,0,31,239,254,253,253,206,23,0,0,0,0,0,0,0,0,0,0,0,0,0,0,0,0,0,0,0,0,0,16,173,173,98,206,254,155,0,0,0,0,0,0,0,0,0,0,0,0,0,0,0,0,0,0,0,0,0,0,0,0,0,130,253,200,0,0,0,0,0,0,0,0,0,0,0,0,0,0,0,0,0,0,0,0,0,0,0,0,0,24,240,253,0,0,0,0,0,0,0,0,0,0,0,0,0,0,0,0,0,0,100,74,0,0,0,0,0,88,251,162,0,0,0,0,0,0,0,0,0,0,0,0,0,0,0,0,0,0,254,135,0,0,0,0,46,205,253,155,0,0,0,0,0,0,0,0,0,0,0,0,0,0,0,0,0,0,255,208,127,59,59,156,239,254,207,23,0,0,0,0,0,0,0,0,0,0,0,0,0,0,0,0,0,0,122,233,247,253,253,254,236,135,18,0,0,0,0,0,0,0,0,0,0,0,0,0,0,0,0,0,0,0,0,0,54,129,174,116,12,0,0,0,0,0,0,0,0,0,0,0,0,0,0,0,0,0,0,0,0,0,0,0,0,0,0,0,0,0,0,0,0,0,0,0,0,0,0,0,0,0,0,0,0,0,0,0,0,0,0,0,0,0,0,0,0,0,0,0,0,0,0,0,0,0,0,0,0,0,0,0,0,0,0,0,0,0,0,0,0,0,0,0,0,0,0,0,0,0,0,0,0,0,0,0,0,0,0,0,0,0,0,0,0,0,0,0,0,0,0,0,0,0,0,0,0,0,0,0,0,0,0,0,0,0,0,0,0,0,0,0,0,0,0,0,0,0,0,0,0,0,0,0,0,0,0,0,0,0,0,0,0,0,0,0
4,0,0,0,0,0,0,0,0,0,0,0,0,0,0,0,0,0,0,0,0,0,0,0,0,0,0,0,0,0,0,0,0,0,0,0,0,0,0,0,0,0,0,0,0,0,0,0,0,0,0,0,0,0,0,0,0,0,0,0,0,0,0,0,0,0,0,0,0,0,0,0,0,0,0,0,0,0,0,0,0,0,0,0,0,0,0,0,0,0,0,0,0,0,0,0,0,0,0,0,0,0,0,0,0,0,0,0,0,0,0,0,0,0,0,0,0,0,0,0,0,0,0,0,0,0,0,0,0,0,0,6,164,254,82,0,0,0,0,0,0,0,0,0,0,0,0,0,0,0,0,0,0,0,0,0,0,0,0,217,253,253,202,7,0,0,0,0,0,0,0,0,0,0,0,0,0,0,0,0,0,0,0,0,0,0,0,217,253,236,235,11,0,0,0,0,0,0,0,0,0,0,0,0,0,0,0,0,0,0,0,0,0,0,9,221,253,24,0,0,0,0,0,0,0,0,0,0,0,0,0,0,0,0,0,0,0,16,0,0,0,0,163,253,253,24,0,0,0,0,0,0,0,0,0,0,0,0,0,0,0,0,0,7,62,198,33,0,0,52,238,253,239,21,0,0,0,0,0,0,0,0,0,0,0,0,0,0,0,0,0,44,253,116,0,0,0,103,253,253,154,0,0,0,0,0,0,0,0,0,0,0,0,0,0,0,0,0,32,145,253,74,0,0,15,214,253,253,69,0,0,0,0,0,0,0,0,0,0,0,0,0,0,0,0,7,182,253,253,74,0,0,103,253,253,187,9,0,0,0,0,0,0,0,0,0,0,0,0,0,0,0,7,86,253,253,217,20,0,0,199,253,253,69,0,26,5,0,0,0,0,0,0,0,0,0,0,0,0,0,25,253,253,242,89,0,0,19,213,253,230,27,76,218,112,0,0,0,0,0,0,0,0,0,0,0,0,6,153,253,253,223,75,75,75,183,253,253,192,121,220,253,45,0,0,0,0,0,0,0,0,0,0,0,0,120,253,253,253,253,253,253,253,253,253,253,253,253,253,168,4,0,0,0,0,0,0,0,0,0,0,0,11,235,253,253,253,253,253,253,253,253,253,253,253,179,118,25,0,0,0,0,0,0,0,0,0,0,0,0,8,213,244,160,82,37,37,190,253,253,226,60,37,6,0,0,0,0,0,0,0,0,0,0,0,0,0,0,0,17,27,0,0,0,0,180,253,253,70,0,0,0,0,0,0,0,0,0,0,0,0,0,0,0,0,0,0,0,0,0,0,0,21,210,253,225,32,0,0,0,0,0,0,0,0,0,0,0,0,0,0,0,0,0,0,0,0,0,0,0,105,253,253,185,0,0,0,0,0,0,0,0,0,0,0,0,0,0,0,0,0,0,0,0,0,0,0,42,250,253,224,39,0,0,0,0,0,0,0,0,0,0,0,0,0,0,0,0,0,0,0,0,0,0,0,44,253,253,191,0,0,0,0,0,0,0,0,0,0,0,0,0,0,0,0,0,0,0,0,0,0,0,0,0,0,0,0,0,0,0,0,0,0,0,0,0,0,0,0,0,0,0,0,0,0,0,0,0,0,0,0,0,0,0,0,0,0,0,0,0,0,0,0,0,0,0,0,0,0,0,0,0,0,0,0,0,0,0,0,0,0,0,0,0,0,0,0,0,0,0,0,0,0,0,0,0,0,0,0,0,0,0,0,0,0,0,0,0,0,0,0,0,0,0,0,0,0,0,0,0,0,0,0,0,0
7,0,0,0,0,0,0,0,0,0,0,0,0,0,0,0,0,0,0,0,0,0,0,0,0,0,0,0,0,0,0,0,0,0,0,0,0,0,0,0,0,0,0,0,0,0,0,0,0,0,0,0,0,0,0,0,0,0,0,0,0,0,0,0,0,0,0,0,0,0,0,0,0,0,0,0,0,0,0,0,0,0,0,0,0,0,0,0,0,0,0,0,0,0,0,0,0,0,0,0,0,0,0,0,0,0,0,0,0,0,0,0,0,0,0,0,0,0,0,0,0,0,0,0,0,0,0,0,0,0,0,0,0,0,0,0,0,0,0,0,0,0,0,0,0,0,0,0,0,0,0,0,0,0,0,0,0,0,0,0,0,0,0,0,0,0,0,0,0,0,0,0,0,0,0,0,0,19,136,245,69,0,0,0,0,0,0,57,70,51,0,0,0,0,0,0,0,0,0,0,0,0,0,0,0,136,253,253,211,0,0,0,0,106,222,249,253,197,5,0,0,0,0,0,0,0,0,0,0,0,0,11,125,254,253,253,253,91,24,66,182,254,253,253,253,197,4,0,0,0,0,0,0,0,0,0,0,0,0,116,253,254,168,202,253,254,253,253,253,254,151,220,253,184,0,0,0,0,0,0,0,0,0,0,0,0,0,85,184,102,0,9,185,254,254,247,184,34,106,254,254,68,0,0,0,0,0,0,0,0,0,0,0,0,0,0,0,0,0,0,9,82,115,37,0,38,235,253,168,0,0,0,0,0,0,0,0,0,0,0,0,0,0,0,0,0,0,0,0,0,0,0,0,153,253,234,54,0,0,0,0,0,0,0,0,0,0,0,0,0,0,0,0,0,0,0,0,0,0,0,102,254,253,104,0,0,0,0,0,0,0,0,0,0,0,0,0,0,0,0,0,0,0,0,0,0,0,7,204,254,148,0,0,0,0,0,0,0,0,0,0,0,0,0,0,0,0,0,0,0,0,0,0,0,0,191,253,241,60,0,0,0,0,0,0,0,0,0,0,0,0,0,0,0,0,0,0,0,0,0,0,0,89,245,253,101,0,0,0,0,0,0,0,0,0,0,0,0,0,0,0,0,0,0,0,0,0,0,0,0,230,253,151,0,0,0,0,0,0,0,0,0,0,0,0,0,0,0,0,0,0,0,0,0,0,0,0,153,254,239,25,0,0,0,0,0,0,0,0,0,0,0,0,0,0,0,0,0,0,0,0,0,0,0,17,254,253,96,0,0,0,0,0,0,0,0,0,0,0,0,0,0,0,0,0,0,0,0,0,0,0,3,174,254,232,25,0,0,0,0,0,0,0,0,0,0,0,0,0,0,0,0,0,0,0,0,0,0,0,57,253,254,106,0,0,0,0,0,0,0,0,0,0,0,0,0,0,0,0,0,0,0,0,0,0,0,0,141,254,255,86,187,136,0,0,0,0,0,0,0,0,0,0,0,0,0,0,0,0,0,0,0,0,0,0,207,253,254,253,198,6,0,0,0,0,0,0,0,0,0,0,0,0,0,0,0,0,0,0,0,0,0,0,207,253,254,223,25,0,0,0,0,0,0,0,0,0,0,0,0,0,0,0,0,0,0,0,0,0,0,0,174,253,195,40,0,0,0,0,0,0,0,0,0,0,0,0,0,0,0,0,0,0,0,0,0,0,0,0,0,0,0,0,0,0,0,0,0,0,0,0,0,0,0,0,0,0,0,0,0,0,0,0,0,0,0,0,0,0,0,0,0,0,0,0,0,0,0,0,0,0,0,0,0,0
6,0,0,0,0,0,0,0,0,0,0,0,0,0,0,0,0,0,0,0,0,0,0,0,0,0,0,0,0,0,0,0,0,0,0,0,0,0,0,0,0,0,0,0,0,0,0,0,0,0,0,0,0,0,0,0,0,0,0,0,0,0,0,0,0,0,0,0,0,0,0,0,32,227,255,23,0,0,0,0,0,0,0,0,0,0,0,0,0,0,0,0,0,0,0,0,0,0,0,6,141,253,240,20,0,0,0,0,0,0,0,0,0,0,0,0,0,0,0,0,0,0,0,0,0,0,0,122,253,253,133,0,0,0,0,0,0,0,0,0,0,0,0,0,0,0,0,0,0,0,0,0,0,0,51,230,253,253,41,0,0,0,0,0,0,0,0,0,0,0,0,0,0,0,0,0,0,0,0,0,0,5,233,253,253,149,8,0,0,0,0,0,0,0,0,0,0,0,0,0,0,0,0,0,0,0,0,0,0,161,253,253,201,7,0,0,0,0,0,0,0,0,0,0,0,0,0,0,0,0,0,0,0,0,0,0,103,253,253,230,44,0,0,0,0,0,0,0,0,0,0,0,0,0,0,0,0,0,0,0,0,0,0,61,189,253,251,85,0,0,0,0,0,0,0,0,0,0,0,0,0,0,0,0,0,0,0,0,0,0,0,207,253,252,137,0,0,0,0,0,0,0,0,0,0,0,0,0,0,0,0,0,0,0,0,0,0,0,78,239,253,220,0,0,0,0,0,0,0,0,0,0,0,0,0,0,0,0,0,0,0,0,0,0,0,42,239,253,253,38,0,0,0,0,0,0,0,0,0,0,0,0,0,0,0,0,0,0,0,0,0,0,0,54,253,253,164,2,0,0,0,0,0,0,0,0,0,0,0,0,0,0,0,0,0,0,0,0,0,0,0,161,253,253,147,0,0,0,0,0,95,220,231,217,113,84,0,0,0,0,0,0,0,0,0,0,0,0,2,175,253,253,31,0,0,8,123,249,253,253,253,253,253,252,117,2,0,0,0,0,0,0,0,0,0,0,32,244,253,253,29,0,17,171,253,253,228,117,106,106,202,253,253,35,0,0,0,0,0,0,0,0,0,0,0,171,253,253,51,4,215,253,242,170,14,0,0,42,223,253,177,12,0,0,0,0,0,0,0,0,0,0,0,87,253,253,174,126,253,253,164,0,0,0,40,224,253,176,15,0,0,0,0,0,0,0,0,0,0,0,0,36,194,253,253,253,253,253,134,84,182,146,228,253,199,48,0,0,0,0,0,0,0,0,0,0,0,0,0,0,43,235,253,253,253,253,253,253,253,253,249,139,12,0,0,0,0,0,0,0,0,0,0,0,0,0,0,0,0,56,185,142,253,234,218,253,154,135,74,0,0,0,0,0,0,0,0,0,0,0,0,0,0,0,0,0,0,0,0,0,0,0,0,0,0,0,0,0,0,0,0,0,0,0,0,0,0,0,0,0,0,0,0,0,0,0,0,0,0,0,0,0,0,0,0,0,0,0,0,0,0,0,0,0,0,0,0,0,0,0,0,0,0,0,0,0,0,0,0,0,0,0,0,0,0,0,0,0,0,0,0,0,0,0,0,0,0,0,0,0,0,0,0,0,0,0,0,0,0,0,0,0,0,0,0,0,0,0,0,0,0,0,0,0,0,0,0,0,0,0,0,0,0,0,0,0,0,0,0,0,0,0,0,0,0,0,0,0,0,0,0,0,0,0,0,0,0,0,0,0,0,0,0,0,0,0,0,0,0,0,0,0,0,0,0
6,0,0,0,0,0,0,0,0,0,0,0,0,0,0,0,0,0,0,0,0,0,0,0,0,0,0,0,0,0,0,0,0,0,0,0,0,0,0,0,0,0,0,0,0,0,0,0,0,0,0,0,0,0,0,0,0,0,0,0,0,0,0,0,0,0,0,0,0,0,0,0,0,0,0,0,0,0,0,0,0,0,0,0,0,0,0,0,0,0,0,0,0,0,0,0,0,0,0,0,0,60,144,129,67,37,0,0,0,0,0,0,0,0,0,0,0,0,0,0,0,0,0,0,0,0,0,0,85,242,254,254,254,140,0,0,0,0,0,0,0,0,0,0,0,0,0,0,0,0,0,0,0,0,171,199,234,254,254,254,254,140,0,0,0,0,0,0,0,0,0,0,0,0,0,0,0,0,0,0,26,77,229,254,254,186,210,254,254,140,0,0,0,0,0,0,0,0,0,0,0,0,0,0,0,0,0,11,180,254,254,254,164,12,47,208,122,63,0,0,0,0,0,0,0,0,0,0,0,0,0,0,0,0,11,37,254,254,252,164,17,0,0,31,4,0,0,0,0,0,0,0,0,0,0,0,0,0,0,0,0,0,142,254,254,254,226,0,0,0,0,0,0,0,0,0,0,0,0,0,0,0,0,0,0,0,0,0,0,46,209,254,254,254,226,0,0,0,0,0,0,0,0,0,0,0,0,0,0,0,0,0,0,0,0,0,2,97,254,254,254,237,60,0,0,0,0,0,0,0,0,0,0,0,0,0,0,0,0,0,0,0,0,0,10,254,254,254,223,65,0,0,0,0,0,0,0,0,0,0,0,0,0,0,0,0,0,0,0,0,0,0,130,254,254,254,169,0,0,0,0,0,67,161,161,90,0,0,0,0,0,0,0,0,0,0,0,0,0,0,199,254,254,237,18,0,5,110,228,228,239,254,254,243,94,2,0,0,0,0,0,0,0,0,0,0,0,0,199,254,254,235,0,0,107,254,254,254,254,254,254,254,254,86,0,0,0,0,0,0,0,0,0,0,0,0,199,254,254,109,58,171,243,254,254,254,254,254,254,254,254,197,0,0,0,0,0,0,0,0,0,0,0,0,199,254,254,240,243,254,254,254,254,219,254,254,254,254,254,21,0,0,0,0,0,0,0,0,0,0,0,0,199,254,254,254,254,254,254,254,254,149,254,254,254,203,140,5,0,0,0,0,0,0,0,0,0,0,0,0,199,254,254,254,254,254,254,254,254,254,254,254,254,140,0,0,0,0,0,0,0,0,0,0,0,0,0,0,157,254,254,254,254,254,254,254,254,254,254,89,8,5,0,0,0,0,0,0,0,0,0,0,0,0,0,0,5,168,254,254,254,254,254,254,254,236,131,44,0,0,0,0,0,0,0,0,0,0,0,0,0,0,0,0,0,20,65,79,254,254,254,183,65,56,0,0,0,0,0,0,0,0,0,0,0,0,0,0,0,0,0,0,0,0,0,0,0,0,0,0,0,0,0,0,0,0,0,0,0,0,0,0,0,0,0,0,0,0,0,0,0,0,0,0,0,0,0,0,0,0,0,0,0,0,0,0,0,0,0,0,0,0,0,0,0,0,0,0,0,0,0,0,0,0,0,0,0,0,0,0,0,0,0,0,0,0,0,0,0,0,0,0,0,0,0,0,0,0,0,0,0,0,0,0,0,0,0,0,0,0,0,0,0,0,0,0,0,0,0,0,0,0,0,0,0,0,0,0,0,0,0,0,0,0,0,0,0,0,0,0,0,0,0,0,0
2,0,0,0,0,0,0,0,0,0,0,0,0,0,0,0,0,0,0,0,0,0,0,0,0,0,0,0,0,0,0,0,0,0,0,0,0,0,0,0,0,0,0,0,0,0,0,0,0,0,0,0,0,0,0,0,0,0,0,0,0,0,0,0,0,0,0,0,0,0,0,0,0,0,0,0,0,0,0,0,0,0,0,0,0,0,0,0,0,0,0,0,0,0,0,0,0,8,67,102,209,254,255,149,13,0,0,0,0,0,0,0,0,0,0,0,0,0,0,0,0,0,0,0,9,167,254,244,254,238,241,254,182,12,0,0,0,0,0,0,0,0,0,0,0,0,0,0,0,0,0,0,34,238,254,189,66,33,38,128,254,183,4,0,0,0,0,0,0,0,0,0,0,0,0,0,0,0,0,0,0,217,254,95,0,0,0,16,223,254,9,0,0,0,0,0,0,0,0,0,0,0,0,0,0,0,0,0,0,217,254,183,16,0,0,0,190,254,97,0,0,0,0,0,0,0,0,0,0,0,0,0,0,0,0,0,33,92,47,47,5,0,0,0,114,254,110,0,0,0,0,0,0,0,0,0,0,0,0,0,0,0,0,0,198,25,0,0,0,0,0,0,144,254,165,0,0,0,0,0,0,0,0,0,0,0,0,0,0,0,0,51,117,0,0,0,0,0,0,11,218,254,103,0,0,0,0,0,0,0,0,0,0,0,0,0,0,0,17,146,2,0,0,0,0,0,0,48,254,254,23,0,0,0,0,0,0,0,0,0,0,0,0,0,0,0,76,20,0,0,0,0,0,0,0,83,254,222,6,0,0,0,0,0,0,0,0,0,0,0,0,0,0,30,153,67,3,0,0,0,0,0,0,142,254,145,0,0,0,0,0,0,0,0,0,0,0,0,0,69,195,231,254,254,227,181,63,15,0,0,40,235,244,36,0,0,0,0,0,0,0,0,0,0,0,0,107,241,254,234,150,150,171,252,254,195,54,1,152,254,231,0,0,0,0,0,0,0,0,0,0,0,0,45,244,254,231,111,0,0,0,83,234,255,241,173,254,254,113,0,0,0,0,0,0,0,0,0,0,0,0,67,247,133,44,0,0,0,0,0,14,184,254,254,254,210,4,0,0,0,0,0,0,0,0,0,0,0,0,67,216,0,0,0,0,0,0,0,0,49,243,254,254,227,28,0,0,0,0,0,0,0,0,0,0,0,0,67,242,71,0,0,0,0,0,0,64,227,254,250,225,254,213,57,0,0,0,0,0,0,0,0,0,0,0,52,226,211,72,0,22,19,57,147,251,254,224,85,6,114,243,251,245,147,0,0,0,0,0,0,0,0,0,0,34,170,243,217,230,229,254,254,232,166,28,0,0,0,38,131,131,47,0,0,0,0,0,0,0,0,0,0,0,3,94,247,247,191,162,114,17,0,0,0,0,0,0,0,0,0,0,0,0,0,0,0,0,0,0,0,0,0,0,0,0,0,0,0,0,0,0,0,0,0,0,0,0,0,0,0,0,0,0,0,0,0,0,0,0,0,0,0,0,0,0,0,0,0,0,0,0,0,0,0,0,0,0,0,0,0,0,0,0,0,0,0,0,0,0,0,0,0,0,0,0,0,0,0,0,0,0,0,0,0,0,0,0,0,0,0,0,0,0,0,0,0,0,0,0,0,0,0,0,0,0,0,0,0,0,0,0,0,0,0,0,0,0,0,0,0,0,0,0,0,0,0,0,0,0,0,0,0,0,0,0,0,0,0,0,0,0,0,0,0,0
0,0,0,0,0,0,0,0,0,0,0,0,0,0,0,0,0,0,0,0,0,0,0,0,0,0,0,0,0,0,0,0,0,0,0,0,0,0,0,0,0,0,0,0,0,0,0,0,0,0,0,0,0,0,0,0,0,0,0,0,0,0,0,0,0,0,0,0,0,0,0,0,0,0,0,0,0,0,0,0,0,0,0,0,0,0,0,0,0,0,0,0,0,0,0,0,0,0,0,0,0,0,0,0,0,0,0,0,0,0,0,0,0,0,0,0,0,0,0,0,0,0,0,0,0,0,0,255,255,191,0,0,0,0,0,0,0,0,0,0,0,0,0,0,0,0,0,0,0,0,0,0,0,0,0,255,255,255,128,0,0,0,0,0,0,0,0,0,0,0,0,0,0,0,0,0,0,0,0,0,0,0,128,255,255,255,255,128,0,0,0,0,0,0,0,0,0,0,0,0,0,0,0,0,0,0,0,0,0,191,255,255,255,255,255,255,64,0,0,0,0,0,0,0,0,0,0,0,0,0,0,0,0,0,0,0,128,255,255,191,0,0,64,255,191,0,0,0,0,0,0,0,0,0,0,0,0,0,0,0,0,0,0,0,255,255,191,0,0,0,0,191,255,191,0,0,0,0,0,0,0,0,0,0,0,0,0,0,0,0,0,255,255,255,0,0,0,0,0,64,255,255,128,0,0,0,0,0,0,0,0,0,0,0,0,0,0,0,64,255,255,64,0,0,0,0,0,0,191,255,191,0,0,0,0,0,0,0,0,0,0,0,0,0,0,0,191,255,64,0,0,0,0,0,0,0,0,255,255,0,0,0,0,0,0,0,0,0,0,0,0,0,0,64,255,128,0,0,0,0,0,0,0,0,0,128,255,0,0,0,0,0,0,0,0,0,0,0,0,0,0,191,255,0,0,0,0,0,0,0,0,0,0,128,255,0,0,0,0,0,0,0,0,0,0,0,0,0,0,255,191,0,0,0,0,0,0,0,0,0,0,128,255,0,0,0,0,0,0,0,0,0,0,0,0,0,191,255,64,0,0,0,0,0,0,0,0,0,0,128,255,0,0,0,0,0,0,0,0,0,0,0,0,0,255,128,0,0,0,0,0,0,0,0,0,0,0,191,255,0,128,64,0,0,0,0,0,0,0,0,64,64,255,128,0,0,0,0,0,0,0,0,0,0,128,255,128,0,255,128,0,0,0,0,0,0,0,0,0,128,255,0,0,0,0,0,0,0,0,0,64,128,255,191,0,0,128,64,0,0,0,0,0,0,0,0,0,128,255,191,64,0,0,0,0,0,0,0,128,255,255,64,0,0,0,0,0,0,0,0,0,0,0,0,0,64,255,255,255,128,128,128,128,191,191,255,255,128,0,0,0,0,0,0,0,0,0,0,0,0,0,0,0,0,191,255,255,255,255,255,255,255,255,191,64,0,0,0,0,0,0,0,0,0,0,0,0,0,0,0,0,0,0,64,255,255,255,255,255,191,64,0,0,0,0,0,0,0,0,0,0,0,0,0,0,0,0,0,0,0,0,0,0,0,0,0,0,0,0,0,0,0,0,0,0,0,0,0,0,0,0,0,0,0,0,0,0,0,0,0,0,0,0,0,0,0,0,0,0,0,0,0,0,0,0,0,0,0,0,0,0,0,0,0,0,0,0,0,0,0,0,0,0,0,0,0,0,0,0,0,0,0,0,0,0,0,0,0,0,0,0,0,0,0,0,0,0,0,0,0,0,0,0,0,0,0,0,0,0,0,0,0,0,0,0
0,0,0,0,0,0,0,0,0,0,0,0,0,0,0,0,0,0,0,0,0,0,0,0,0,0,0,0,0,0,0,0,0,0,0,0,0,0,0,0,0,0,0,0,0,0,0,0,0,0,0,0,0,0,0,0,0,0,0,0,0,0,0,0,0,0,0,0,0,0,0,0,0,0,0,0,0,0,0,0,0,0,0,0,0,0,0,0,0,0,0,0,0,0,0,0,0,0,0,0,0,0,0,0,0,0,0,0,0,0,0,0,0,0,0,0,0,0,0,0,0,0,1,83,148,254,230,102,2,101,130,130,88,1,0,0,0,0,0,0,0,0,0,0,0,0,0,0,0,0,31,253,253,251,249,191,60,241,251,253,253,153,17,0,0,0,0,0,0,0,0,0,0,0,0,0,0,20,208,253,241,133,101,68,0,0,87,111,220,253,108,2,0,0,0,0,0,0,0,0,0,0,0,0,2,153,253,235,38,0,0,0,0,0,0,0,79,238,253,97,0,0,0,0,0,0,0,0,0,0,0,0,13,253,250,134,0,0,0,0,0,0,0,0,0,37,235,160,3,0,0,0,0,0,0,0,0,0,0,0,92,253,149,0,0,0,0,0,0,0,0,0,0,0,205,253,114,2,0,0,0,0,0,0,0,0,0,26,214,253,105,0,0,0,0,0,0,0,0,0,0,0,34,238,253,12,0,0,0,0,0,0,0,0,0,130,253,250,85,0,0,0,0,0,0,0,0,0,0,0,0,144,253,36,0,0,0,0,0,0,0,0,0,130,253,235,0,0,0,0,0,0,0,0,0,0,0,0,0,106,253,135,0,0,0,0,0,0,0,0,0,130,253,235,0,0,0,0,0,0,0,0,0,0,0,0,0,106,253,222,4,0,0,0,0,0,0,0,0,130,253,140,0,0,0,0,0,0,0,0,0,0,0,0,0,139,253,221,4,0,0,0,0,0,0,0,0,130,253,111,0,0,0,0,0,0,0,0,0,0,0,0,30,237,253,100,0,0,0,0,0,0,0,0,0,130,253,211,0,0,0,0,0,0,0,0,0,0,0,0,200,253,253,12,0,0,0,0,0,0,0,0,0,88,253,241,36,0,0,0,0,0,0,0,0,0,0,0,223,253,160,2,0,0,0,0,0,0,0,0,0,7,253,253,150,0,0,0,0,0,0,0,0,0,0,186,249,214,29,0,0,0,0,0,0,0,0,0,0,4,207,253,228,0,0,0,0,0,0,0,0,32,142,249,165,18,0,0,0,0,0,0,0,0,0,0,0,0,25,253,251,140,0,0,0,0,0,29,106,152,253,214,30,0,0,0,0,0,0,0,0,0,0,0,0,0,1,150,253,251,157,93,0,25,142,241,253,253,215,29,0,0,0,0,0,0,0,0,0,0,0,0,0,0,0,16,205,253,253,251,242,245,253,253,218,96,8,0,0,0,0,0,0,0,0,0,0,0,0,0,0,0,0,0,3,82,208,253,253,226,129,96,4,0,0,0,0,0,0,0,0,0,0,0,0,0,0,0,0,0,0,0,0,0,0,0,0,0,0,0,0,0,0,0,0,0,0,0,0,0,0,0,0,0,0,0,0,0,0,0,0,0,0,0,0,0,0,0,0,0,0,0,0,0,0,0,0,0,0,0,0,0,0,0,0,0,0,0,0,0,0,0,0,0,0,0,0,0,0,0,0,0,0,0,0,0,0,0,0,0,0,0,0,0,0,0,0,0,0,0,0,0,0,0,0,0,0,0,0,0,0,0,0,0,0
4,0,0,0,0,0,0,0,0,0,0,0,0,0,0,0,0,0,0,0,0,0,0,0,0,0,0,0,0,0,0,0,0,0,0,0,0,0,0,0,0,0,0,0,0,0,0,0,0,0,0,0,0,0,0,0,0,0,0,0,0,0,0,0,0,0,0,0,0,0,0,0,0,0,0,0,0,0,0,0,0,0,0,0,0,0,0,0,0,0,0,0,0,0,0,0,0,0,0,0,0,0,0,0,0,0,0,0,0,0,0,0,0,0,0,0,0,0,0,0,0,0,0,0,0,0,0,0,0,0,0,0,0,0,0,0,0,0,0,0,0,0,0,0,0,0,0,0,0,0,0,0,0,0,0,0,0,0,48,235,0,0,0,0,0,0,0,0,0,0,0,0,0,0,0,0,0,0,0,0,0,0,0,0,0,0,97,234,0,0,0,0,0,0,0,0,0,0,0,0,0,0,0,0,0,0,0,4,0,0,0,0,0,3,215,234,0,0,0,0,0,0,0,0,0,0,0,0,0,0,0,0,0,0,26,197,25,0,0,0,0,76,253,206,0,0,0,0,0,0,0,0,0,0,0,0,0,0,0,0,0,0,137,253,37,0,0,0,0,76,253,140,0,0,0,0,0,0,0,0,0,0,0,0,0,0,0,0,0,16,239,248,34,0,0,0,0,152,253,133,0,0,0,0,0,0,0,0,0,0,0,0,0,0,0,0,0,51,253,196,0,0,0,0,7,228,253,47,0,0,0,0,0,0,0,0,0,0,0,0,0,0,0,0,0,168,253,140,0,0,0,0,10,253,225,19,0,0,0,0,0,0,0,0,0,0,0,0,0,0,0,0,51,246,253,175,112,29,29,4,55,253,246,139,36,0,0,0,0,0,0,0,0,0,0,0,0,0,0,28,217,253,253,253,253,253,254,195,214,253,253,239,20,0,0,0,0,0,0,0,0,0,0,0,0,0,0,135,254,242,95,116,188,188,255,254,254,254,241,70,0,0,0,0,0,0,0,0,0,0,0,0,0,0,0,110,197,43,0,0,0,0,28,28,168,253,123,0,0,0,0,0,0,0,0,0,0,0,0,0,0,0,0,0,0,0,0,0,0,0,0,0,194,253,77,0,0,0,0,0,0,0,0,0,0,0,0,0,0,0,0,0,0,0,0,0,0,0,0,0,104,253,112,0,0,0,0,0,0,0,0,0,0,0,0,0,0,0,0,0,0,0,0,0,0,0,0,0,121,253,112,0,0,0,0,0,0,0,0,0,0,0,0,0,0,0,0,0,0,0,0,0,0,0,0,0,197,253,112,0,0,0,0,0,0,0,0,0,0,0,0,0,0,0,0,0,0,0,0,0,0,0,0,0,197,253,112,0,0,0,0,0,0,0,0,0,0,0,0,0,0,0,0,0,0,0,0,0,0,0,0,0,141,253,178,11,0,0,0,0,0,0,0,0,0,0,0,0,0,0,0,0,0,0,0,0,0,0,0,0,104,253,230,24,0,0,0,0,0,0,0,0,0,0,0,0,0,0,0,0,0,0,0,0,0,0,0,0,31,221,136,0,0,0,0,0,0,0,0,0,0,0,0,0,0,0,0,0,0,0,0,0,0,0,0,0,0,0,0,0,0,0,0,0,0,0,0,0,0,0,0,0,0,0,0,0,0,0,0,0,0,0,0,0,0,0,0,0,0,0,0,0,0,0,0,0,0,0,0,0,0,0,0,0,0,0,0,0,0,0,0,0,0,0,0,0,0,0,0,0,0,0,0,0,0
0,0,0,0,0,0,0,0,0,0,0,0,0,0,0,0,0,0,0,0,0,0,0,0,0,0,0,0,0,0,0,0,0,0,0,0,0,0,0,0,0,0,0,0,0,0,0,0,0,0,0,0,0,0,0,0,0,0,0,0,0,0,0,0,0,0,0,0,0,0,0,0,0,0,0,0,0,0,0,0,0,0,0,0,0,0,0,0,0,0,0,0,0,0,0,0,0,0,0,0,0,0,0,0,0,0,0,0,0,0,0,0,0,0,0,0,0,0,0,0,0,0,0,0,10,79,92,191,141,141,13,0,0,0,0,0,0,0,0,0,0,0,0,0,0,0,0,0,0,0,0,0,110,252,253,214,196,221,194,19,0,0,0,0,0,0,0,0,0,0,0,0,0,0,0,0,0,0,0,19,215,252,231,19,0,25,253,122,0,0,0,0,0,0,0,0,0,0,0,0,0,0,0,0,0,0,0,107,252,252,25,0,0,0,203,246,50,0,0,0,0,0,0,0,0,0,0,0,0,0,0,0,0,0,0,170,253,190,0,0,0,0,13,207,168,0,0,0,0,0,0,0,0,0,0,0,0,0,0,0,0,0,7,187,252,65,0,0,0,0,0,169,168,0,0,0,0,0,0,0,0,0,0,0,0,0,0,0,0,0,66,252,186,6,0,0,0,0,0,131,196,10,0,0,0,0,0,0,0,0,0,0,0,0,0,0,0,0,191,252,118,0,0,0,0,0,0,57,252,78,0,0,0,0,0,0,0,0,0,0,0,0,0,0,0,0,255,253,56,0,0,0,0,0,0,0,198,140,0,0,0,0,0,0,0,0,0,0,0,0,0,0,0,0,253,252,56,0,0,0,0,0,0,0,197,139,0,0,0,0,0,0,0,0,0,0,0,0,0,0,0,0,253,252,56,0,0,0,0,0,0,0,197,177,0,0,0,0,0,0,0,0,0,0,0,0,0,0,0,0,253,252,56,0,0,0,0,0,0,0,197,252,0,0,0,0,0,0,0,0,0,0,0,0,0,0,0,0,242,253,69,0,0,0,0,0,0,32,229,140,0,0,0,0,0,0,0,0,0,0,0,0,0,0,0,0,116,252,168,0,0,0,0,0,0,131,252,115,0,0,0,0,0,0,0,0,0,0,0,0,0,0,0,0,29,252,168,0,0,0,0,0,10,197,224,19,0,0,0,0,0,0,0,0,0,0,0,0,0,0,0,0,16,215,243,75,0,0,0,0,128,252,118,0,0,0,0,0,0,0,0,0,0,0,0,0,0,0,0,0,0,101,247,253,76,0,0,76,254,222,25,0,0,0,0,0,0,0,0,0,0,0,0,0,0,0,0,0,0,0,104,246,244,94,95,243,247,103,0,0,0,0,0,0,0,0,0,0,0,0,0,0,0,0,0,0,0,0,0,100,253,252,252,252,100,0,0,0,0,0,0,0,0,0,0,0,0,0,0,0,0,0,0,0,0,0,0,0,91,190,190,90,0,0,0,0,0,0,0,0,0,0,0,0,0,0,0,0,0,0,0,0,0,0,0,0,0,0,0,0,0,0,0,0,0,0,0,0,0,0,0,0,0,0,0,0,0,0,0,0,0,0,0,0,0,0,0,0,0,0,0,0,0,0,0,0,0,0,0,0,0,0,0,0,0,0,0,0,0,0,0,0,0,0,0,0,0,0,0,0,0,0,0,0,0,0,0,0,0,0,0,0,0,0,0,0,0,0,0,0,0,0,0,0,0,0,0,0,0,0,0,0,0,0,0
8,0,0,0,0,0,0,0,0,0,0,0,0,0,0,0,0,0,0,0,0,0,0,0,0,0,0,0,0,0,0,0,0,0,0,0,0,0,0,0,0,0,0,0,0,0,0,0,0,0,0,0,0,0,0,0,0,0,0,0,0,0,0,0,0,0,0,0,0,0,0,0,0,0,0,0,0,0,0,0,0,0,0,0,0,0,0,0,0,0,0,0,0,0,0,0,0,0,0,0,0,0,0,0,0,0,0,0,0,0,0,0,0,0,0,0,0,0,0,0,0,0,6,131,215,255,187,140,36,0,0,0,0,0,0,0,0,0,0,0,0,0,0,0,0,0,0,0,0,29,173,254,254,254,254,254,239,163,3,0,0,0,0,0,0,0,0,0,0,0,0,0,0,0,0,0,0,93,254,254,165,119,133,162,237,254,160,0,0,0,0,0,0,0,0,0,0,0,0,0,0,0,0,0,0,248,254,201,4,0,0,0,51,235,253,74,0,0,0,0,0,0,0,0,0,0,0,0,0,0,0,0,0,250,233,25,0,0,0,0,0,173,254,148,0,0,0,0,0,0,0,0,0,0,0,0,0,0,0,0,0,217,238,25,0,0,0,0,0,173,254,148,0,0,0,0,0,0,0,0,0,0,0,0,0,0,0,0,0,133,254,145,2,0,0,0,29,220,254,128,0,0,0,0,0,0,0,0,0,0,0,0,0,0,0,0,0,54,251,254,156,21,14,30,212,254,210,9,0,0,0,0,0,0,0,0,0,0,0,0,0,0,0,0,0,0,119,254,254,159,229,221,254,229,42,0,0,0,0,0,0,0,0,0,0,0,0,0,0,0,0,0,0,0,2,14,209,254,254,254,248,74,0,0,0,0,0,0,0,0,0,0,0,0,0,0,0,0,0,0,0,0,0,0,13,221,254,254,254,239,154,34,0,0,0,0,0,0,0,0,0,0,0,0,0,0,0,0,0,0,0,0,147,254,229,105,210,254,254,250,88,0,0,0,0,0,0,0,0,0,0,0,0,0,0,0,0,0,0,48,250,250,70,0,14,143,250,254,248,91,0,0,0,0,0,0,0,0,0,0,0,0,0,0,0,0,0,163,254,194,0,0,0,0,65,225,254,246,49,0,0,0,0,0,0,0,0,0,0,0,0,0,0,0,0,182,254,75,0,0,0,0,0,7,229,254,180,0,0,0,0,0,0,0,0,0,0,0,0,0,0,0,22,247,254,43,0,0,0,0,0,0,81,254,198,0,0,0,0,0,0,0,0,0,0,0,0,0,0,0,25,254,254,46,0,0,0,0,1,49,213,254,115,0,0,0,0,0,0,0,0,0,0,0,0,0,0,0,9,182,254,247,163,145,68,97,179,254,254,178,21,0,0,0,0,0,0,0,0,0,0,0,0,0,0,0,0,10,213,248,254,254,254,254,254,240,156,12,0,0,0,0,0,0,0,0,0,0,0,0,0,0,0,0,0,0,0,59,157,248,212,194,141,36,0,0,0,0,0,0,0,0,0,0,0,0,0,0,0,0,0,0,0,0,0,0,0,0,0,0,0,0,0,0,0,0,0,0,0,0,0,0,0,0,0,0,0,0,0,0,0,0,0,0,0,0,0,0,0,0,0,0,0,0,0,0,0,0,0,0,0,0,0,0,0,0,0,0,0,0,0,0,0,0,0,0,0,0,0,0,0,0,0,0,0,0,0,0,0,0,0,0,0,0,0,0,0,0,0,0,0,0,0,0,0,0,0,0,0,0,0,0,0,0,0
9,0,0,0,0,0,0,0,0,0,0,0,0,0,0,0,0,0,0,0,0,0,0,0,0,0,0,0,0,0,0,0,0,0,0,0,0,0,0,0,0,0,0,0,0,0,0,0,0,0,0,0,0,0,0,0,0,0,0,0,0,0,0,0,0,0,0,0,0,0,0,0,0,0,0,0,0,0,0,0,0,0,0,0,0,0,0,0,0,0,0,0,0,0,0,0,0,0,0,0,0,0,0,0,0,0,0,0,0,0,0,0,0,0,0,0,0,0,0,0,0,0,0,0,0,0,0,0,0,0,0,0,0,0,0,0,0,0,0,0,0,0,0,0,0,0,0,0,0,0,0,0,0,0,0,0,0,0,0,0,0,0,0,0,0,0,0,0,0,0,0,0,0,0,0,0,0,0,0,128,255,255,255,255,255,128,0,0,0,0,0,0,0,0,0,0,0,0,0,0,0,0,0,0,0,64,255,255,255,255,255,255,255,255,191,0,0,0,0,0,0,0,0,0,0,0,0,0,0,0,0,0,191,255,255,255,255,255,255,255,255,255,255,128,0,0,0,0,0,0,0,0,0,0,0,0,0,0,0,0,255,255,255,255,255,255,128,255,255,255,255,128,0,0,0,0,0,0,0,0,0,0,0,0,0,0,0,128,255,255,255,255,64,0,0,64,191,255,255,191,255,64,0,0,0,0,0,0,0,0,0,0,0,0,0,128,255,255,255,0,0,0,0,0,0,128,191,255,255,255,0,0,0,0,0,0,0,0,0,0,0,0,0,128,255,255,255,0,0,0,0,0,0,128,255,255,255,255,0,0,0,0,0,0,0,0,0,0,0,0,0,128,255,255,255,128,0,0,0,128,255,255,255,255,255,255,0,0,0,0,0,0,0,0,0,0,0,0,0,64,255,255,255,255,255,255,255,255,255,255,255,255,255,128,0,0,0,0,0,0,0,0,0,0,0,0,0,0,255,255,255,255,255,255,255,255,255,255,255,255,255,0,0,0,0,0,0,0,0,0,0,0,0,0,0,0,0,191,255,255,255,255,255,255,255,255,255,255,255,0,0,0,0,0,0,0,0,0,0,0,0,0,0,0,0,0,64,255,255,255,191,191,255,255,255,255,64,0,0,0,0,0,0,0,0,0,0,0,0,0,0,0,0,0,0,0,64,0,0,64,255,255,255,255,0,0,0,0,0,0,0,0,0,0,0,0,0,0,0,0,0,0,0,0,0,0,0,128,255,255,255,255,0,0,0,0,0,0,0,0,0,0,0,0,0,0,0,0,0,0,0,0,0,0,0,255,255,255,255,191,0,0,0,0,0,0,0,0,0,0,0,0,0,0,0,0,0,0,0,0,0,0,128,255,255,255,191,0,0,0,0,0,0,0,0,0,0,0,0,0,0,0,0,0,0,0,0,0,0,0,128,255,255,255,128,0,0,0,0,0,0,0,0,0,0,0,0,0,0,0,0,0,0,0,0,0,0,0,128,255,255,255,128,0,0,0,0,0,0,0,0,0,0,0,0,0,0,0,0,0,0,0,0,0,0,0,128,255,255,255,0,0,0,0,0,0,0,0,0,0,0,0,0,0,0,0,0,0,0,0,0,0,0,0,64,255,255,64,0,0,0,0,0,0,0,0,0,0,0,0,0,0,0,0,0,0,0,0,0,0,0,0,0,0,0,0,0,0,0,0,0,0,0,0,0,0,0,0,0,0,0,0,0,0,0,0,0,0,0,0,0,0,0,0,0,0,0,0,0,0,0,0,0,0,0
4,0,0,0,0,0,0,0,0,0,0,0,0,0,0,0,0,0,0,0,0,0,0,0,0,0,0,0,0,0,0,0,0,0,0,0,0,0,0,0,0,0,0,0,0,0,0,0,0,0,0,0,0,0,0,0,0,0,0,0,0,0,0,0,0,0,0,0,0,0,0,0,0,0,0,0,0,0,0,0,0,0,0,0,0,0,0,0,0,0,0,0,0,0,0,0,0,0,0,0,0,0,0,0,0,0,0,0,0,0,0,0,0,0,0,0,0,0,0,0,0,0,0,0,0,0,0,0,0,0,0,0,0,0,0,0,0,0,0,0,0,0,0,0,0,0,0,0,0,0,0,89,222,253,23,0,0,0,0,0,0,0,0,0,0,0,0,0,0,0,0,0,0,0,0,0,0,0,0,161,252,235,18,0,0,0,0,0,26,38,0,0,0,0,0,0,0,0,0,0,0,0,0,0,0,0,17,228,252,128,0,0,0,0,0,0,222,240,50,0,0,0,0,0,0,0,0,0,0,0,0,0,0,0,108,252,227,29,0,0,0,0,0,0,253,252,69,0,0,0,0,0,0,0,0,0,0,0,0,0,0,0,253,252,183,0,0,0,0,0,0,106,253,210,6,0,0,0,0,0,0,0,0,0,0,0,0,0,0,116,255,218,32,0,0,0,0,0,0,116,255,196,0,0,0,0,0,0,0,0,0,0,0,0,0,0,17,193,249,75,0,0,0,0,0,0,0,136,253,92,0,0,0,0,0,0,0,0,0,0,0,0,0,0,124,252,115,0,0,0,0,0,0,0,57,236,236,25,0,0,0,0,0,0,0,0,0,0,0,0,0,57,244,252,0,0,0,0,0,0,0,26,224,252,230,0,0,0,0,0,0,0,0,0,0,0,0,0,0,174,252,252,158,0,0,0,0,116,189,236,252,252,126,0,0,0,0,0,0,0,0,0,0,0,0,0,0,85,218,253,255,253,201,253,253,255,249,247,253,190,0,0,0,0,0,0,0,0,0,0,0,0,0,0,0,0,76,206,253,252,252,214,206,92,105,228,252,137,0,0,0,0,0,0,0,0,0,0,0,0,0,0,0,0,0,0,69,69,69,13,0,0,47,252,252,137,0,0,0,0,0,0,0,0,0,0,0,0,0,0,0,0,0,0,0,0,0,0,0,0,47,252,252,43,0,0,0,0,0,0,0,0,0,0,0,0,0,0,0,0,0,0,0,0,0,0,0,0,151,252,168,2,0,0,0,0,0,0,0,0,0,0,0,0,0,0,0,0,0,0,0,0,0,0,0,3,170,253,98,0,0,0,0,0,0,0,0,0,0,0,0,0,0,0,0,0,0,0,0,0,0,0,0,24,252,252,45,0,0,0,0,0,0,0,0,0,0,0,0,0,0,0,0,0,0,0,0,0,0,0,0,55,252,252,45,0,0,0,0,0,0,0,0,0,0,0,0,0,0,0,0,0,0,0,0,0,0,0,0,138,252,252,45,0,0,0,0,0,0,0,0,0,0,0,0,0,0,0,0,0,0,0,0,0,0,0,0,138,252,168,25,0,0,0,0,0,0,0,0,0,0,0,0,0,0,0,0,0,0,0,0,0,0,0,0,0,0,0,0,0,0,0,0,0,0,0,0,0,0,0,0,0,0,0,0,0,0,0,0,0,0,0,0,0,0,0,0,0,0,0,0,0,0,0,0,0,0,0,0,0,0,0,0,0,0,0,0,0,0,0,0,0,0,0,0,0,0,0,0,0,0,0,0,0,0
7,0,0,0,0,0,0,0,0,0,0,0,0,0,0,0,0,0,0,0,0,0,0,0,0,0,0,0,0,0,0,0,0,0,0,0,0,0,0,0,0,0,0,0,0,0,0,0,0,0,0,0,0,0,0,0,0,0,0,0,0,0,0,0,0,0,0,0,0,0,0,0,0,0,0,0,0,0,0,0,0,0,0,0,0,0,0,0,0,0,0,0,0,0,0,0,0,0,0,0,0,0,0,0,0,0,0,0,0,0,0,0,0,0,0,0,0,0,0,0,0,0,0,0,0,0,0,0,0,0,0,0,0,0,0,0,0,0,0,0,0,0,0,0,0,0,0,0,0,0,0,0,0,0,0,0,0,0,0,0,0,0,0,0,0,0,0,0,0,0,0,0,0,0,0,0,0,0,0,0,0,0,0,0,0,0,0,0,0,0,0,0,0,0,0,0,0,0,0,0,0,0,0,0,81,34,121,144,211,254,158,159,254,254,196,144,144,42,0,0,0,0,0,0,0,0,0,0,0,0,0,0,243,253,253,253,253,253,253,254,253,253,253,253,253,250,69,0,0,0,0,0,0,0,0,0,0,0,0,0,148,82,44,44,44,44,44,44,44,44,44,116,188,253,190,0,0,0,0,0,0,0,0,0,0,0,0,0,0,0,0,0,0,0,0,0,0,0,0,0,50,244,248,58,0,0,0,0,0,0,0,0,0,0,0,0,0,0,0,0,0,0,0,0,0,0,0,13,125,253,136,0,0,0,0,0,0,0,0,0,0,0,0,0,0,0,0,0,0,0,0,0,0,0,0,95,253,250,65,0,0,0,0,0,0,0,0,0,0,0,0,0,0,0,0,0,0,0,0,0,0,0,79,246,253,88,0,0,0,0,0,0,0,0,0,0,0,0,0,0,0,0,0,0,0,0,0,0,0,37,245,253,180,9,0,0,0,0,0,0,0,0,0,0,0,0,0,0,0,0,0,0,0,0,0,0,84,242,253,178,14,0,0,0,0,0,0,0,0,0,0,0,0,0,0,0,0,0,0,0,0,0,0,30,244,253,186,12,0,0,0,0,0,0,0,0,0,0,0,0,0,0,0,0,0,0,0,0,0,0,15,111,255,241,58,0,0,0,0,0,0,0,0,0,0,0,0,0,0,0,0,0,0,0,0,0,0,0,139,255,253,77,0,0,0,0,0,0,0,0,0,0,0,0,0,0,0,0,0,0,0,0,0,0,0,156,248,254,155,8,0,0,0,0,0,0,0,0,0,0,0,0,0,0,0,0,0,0,0,0,0,6,152,251,244,155,4,0,0,0,0,0,0,0,0,0,0,0,0,0,0,0,0,0,0,0,0,0,0,108,253,253,119,0,0,0,0,0,0,0,0,0,0,0,0,0,0,0,0,0,0,0,0,0,0,0,109,249,253,154,7,0,0,0,0,0,0,0,0,0,0,0,0,0,0,0,0,0,0,0,0,0,16,194,249,243,113,6,0,0,0,0,0,0,0,0,0,0,0,0,0,0,0,0,0,0,0,0,0,18,202,253,238,61,0,0,0,0,0,0,0,0,0,0,0,0,0,0,0,0,0,0,0,0,0,0,21,195,253,203,67,0,0,0,0,0,0,0,0,0,0,0,0,0,0,0,0,0,0,0,0,0,0,0,67,253,186,12,0,0,0,0,0,0,0,0,0,0,0,0,0,0,0,0,0,0,0,0,0,0,0,0,0,0,0,0,0,0,0,0,0,0,0,0,0,0,0,0,0,0,0,0,0,0,0
6,0,0,0,0,0,0,0,0,0,0,0,0,0,0,0,0,0,0,0,0,0,0,0,0,0,0,0,0,0,0,0,0,0,0,0,0,0,0,0,0,0,0,0,191,255,64,0,0,0,0,0,0,0,0,0,0,0,0,0,0,0,0,0,0,0,0,0,0,0,0,191,255,255,0,0,0,0,0,0,0,0,0,0,0,0,0,0,0,0,0,0,0,0,0,0,0,0,64,255,255,191,0,0,0,0,0,0,0,0,0,0,0,0,0,0,0,0,0,0,0,0,0,0,0,64,255,255,191,64,0,0,0,0,0,0,0,0,0,0,0,0,0,0,0,0,0,0,0,0,0,0,0,255,255,255,64,0,0,0,0,0,0,0,0,0,0,0,0,0,0,0,0,0,0,0,0,0,0,0,255,255,255,128,0,0,0,0,0,0,0,0,0,0,0,0,0,0,0,0,0,0,0,0,0,0,0,64,255,255,191,0,0,0,0,0,0,0,0,0,0,0,0,0,0,0,0,0,0,0,0,0,0,0,64,255,255,191,64,0,0,0,0,0,0,0,0,0,0,0,0,0,0,0,0,0,0,0,0,0,0,0,191,255,255,128,0,0,0,0,0,0,0,0,0,0,0,0,0,0,0,0,0,0,0,0,0,0,0,191,255,255,191,0,0,0,0,0,0,0,0,0,0,0,0,0,0,0,0,0,0,0,0,0,0,0,0,255,255,255,0,0,0,0,0,0,0,0,0,0,0,0,0,0,0,0,0,0,0,0,0,0,0,0,128,255,255,191,0,0,0,0,0,0,0,0,0,0,0,0,0,0,0,0,0,0,0,0,0,0,0,0,255,255,255,64,0,0,0,0,0,0,0,128,128,255,128,0,0,0,0,0,0,0,0,0,0,0,0,128,255,255,128,0,0,0,0,0,0,0,191,255,255,255,255,64,0,0,0,0,0,0,0,0,0,0,0,128,255,255,128,0,0,0,0,0,64,255,255,255,255,255,255,191,0,0,0,0,0,0,0,0,0,0,0,64,255,255,128,0,0,0,0,0,191,255,255,191,191,255,255,191,0,0,0,0,0,0,0,0,0,0,0,0,191,255,191,0,0,0,0,128,255,255,255,191,255,255,255,64,0,0,0,0,0,0,0,0,0,0,0,0,128,255,255,255,128,128,128,255,255,255,255,255,255,255,128,0,0,0,0,0,0,0,0,0,0,0,0,0,64,255,255,255,255,255,255,255,255,255,255,255,255,128,0,0,0,0,0,0,0,0,0,0,0,0,0,0,0,0,128,255,255,255,255,255,255,255,128,64,0,0,0,0,0,0,0,0,0,0,0,0,0,0,0,0,0,0,0,0,0,0,0,0,0,0,0,0,0,0,0,0,0,0,0,0,0,0,0,0,0,0,0,0,0,0,0,0,0,0,0,0,0,0,0,0,0,0,0,0,0,0,0,0,0,0,0,0,0,0,0,0,0,0,0,0,0,0,0,0,0,0,0,0,0,0,0,0,0,0,0,0,0,0,0,0,0,0,0,0,0,0,0,0,0,0,0,0,0,0,0,0,0,0,0,0,0,0,0,0,0,0,0,0,0,0,0,0,0,0,0,0,0,0,0,0,0,0,0,0,0,0,0,0,0,0,0,0,0,0,0,0,0,0,0,0,0,0,0,0,0,0,0,0,0,0,0,0,0,0,0,0,0,0,0,0,0,0,0,0,0,0,0,0,0,0,0,0,0,0,0,0,0,0,0,0,0,0,0,0,0,0,0,0,0
4,0,0,0,0,0,0,0,0,0,0,0,0,0,0,0,0,0,0,0,0,0,0,0,0,0,0,0,0,0,0,0,0,0,0,0,0,0,0,0,0,0,0,0,0,0,0,0,0,0,0,0,0,0,0,0,0,0,0,0,0,0,0,0,0,0,0,0,0,0,0,0,0,0,0,0,0,0,0,0,0,0,0,0,0,0,0,0,0,0,0,0,0,0,0,0,0,0,0,0,0,0,0,0,0,0,0,0,0,0,0,0,0,0,0,0,0,0,0,0,0,0,0,0,0,0,0,0,0,0,0,0,0,0,0,0,0,0,0,0,0,0,0,0,0,0,0,0,0,0,0,0,0,0,0,0,0,0,0,0,0,0,17,167,255,210,0,0,0,0,0,0,0,0,0,0,0,0,0,0,0,0,0,141,167,11,0,0,0,41,205,230,103,97,0,0,0,0,0,0,0,0,0,0,0,0,0,0,0,17,194,252,147,5,0,0,33,166,243,110,0,0,0,0,0,0,0,0,0,0,0,0,0,0,0,0,0,100,252,245,27,0,0,0,138,254,187,0,0,0,0,0,0,0,0,0,0,0,0,0,0,0,0,0,55,237,254,86,0,0,0,75,236,193,31,0,0,0,0,0,0,0,0,0,0,0,0,0,0,0,0,23,236,254,131,5,0,0,4,162,254,118,0,0,0,0,0,0,0,0,0,0,0,0,0,0,0,0,0,201,254,195,3,0,0,0,76,254,227,6,0,0,0,0,0,0,0,0,0,0,0,0,0,0,0,0,148,253,223,30,0,0,0,0,132,254,196,72,91,129,161,40,0,0,0,0,0,0,0,0,0,0,15,155,251,220,34,0,0,0,11,143,250,254,254,254,254,203,124,26,0,0,0,0,0,0,0,0,0,0,110,254,206,18,0,15,70,154,229,254,254,221,149,97,31,5,0,0,0,0,0,0,0,0,0,0,0,0,226,254,188,160,210,224,254,254,254,254,123,13,0,0,0,0,0,0,0,0,0,0,0,0,0,0,0,0,241,254,254,254,254,241,179,209,254,203,34,0,0,0,0,0,0,0,0,0,0,0,0,0,0,0,0,27,245,250,237,160,94,23,60,218,237,85,0,0,0,0,0,0,0,0,0,0,0,0,0,0,0,0,0,0,80,9,0,0,0,0,220,254,119,0,0,0,0,0,0,0,0,0,0,0,0,0,0,0,0,0,0,0,0,0,0,0,0,168,253,174,4,0,0,0,0,0,0,0,0,0,0,0,0,0,0,0,0,0,0,0,0,0,0,0,43,219,238,53,0,0,0,0,0,0,0,0,0,0,0,0,0,0,0,0,0,0,0,0,0,0,0,12,221,254,106,0,0,0,0,0,0,0,0,0,0,0,0,0,0,0,0,0,0,0,0,0,0,0,0,167,254,175,18,0,0,0,0,0,0,0,0,0,0,0,0,0,0,0,0,0,0,0,0,0,0,0,2,204,250,48,0,0,0,0,0,0,0,0,0,0,0,0,0,0,0,0,0,0,0,0,0,0,0,0,130,254,150,0,0,0,0,0,0,0,0,0,0,0,0,0,0,0,0,0,0,0,0,0,0,0,0,0,0,0,0,0,0,0,0,0,0,0,0,0,0,0,0,0,0,0,0,0,0,0,0,0,0,0,0,0,0,0,0,0,0,0,0,0,0,0,0,0,0,0,0,0,0,0,0,0,0,0,0,0,0,0,0,0,0,0,0,0,0,0,0,0,0,0,0,0,0,0,0,0,0,0,0
5,0,0,0,0,0,0,0,0,0,0,0,0,0,0,0,0,0,0,0,0,0,0,0,0,0,0,0,0,0,0,0,0,0,0,0,0,0,0,0,0,0,0,0,0,0,0,0,0,0,0,0,0,0,0,0,0,0,0,0,0,0,0,0,0,0,0,0,0,0,0,0,0,0,0,0,0,0,0,0,0,0,0,0,0,0,0,0,0,0,0,0,0,0,0,0,0,0,0,0,0,0,0,0,0,0,0,0,0,0,0,0,0,0,0,0,0,0,0,0,0,0,0,0,0,0,0,0,0,0,0,0,0,0,0,0,0,0,0,0,0,0,0,0,0,0,0,0,0,0,0,0,0,0,0,0,1,5,5,98,171,99,0,0,0,0,0,0,0,0,0,0,0,0,0,0,0,4,3,4,9,75,92,133,189,254,254,254,254,187,0,0,0,0,0,0,0,0,0,0,0,0,0,0,45,209,199,211,254,254,254,254,254,254,254,254,254,151,0,0,0,0,0,0,0,0,0,0,0,0,0,7,233,254,254,254,254,240,225,153,153,137,71,71,71,6,0,0,0,0,0,0,0,0,0,0,0,0,1,112,254,252,171,141,67,14,0,0,0,0,0,0,0,0,0,0,0,0,0,0,0,0,0,0,0,0,13,254,252,159,0,0,12,37,109,149,177,136,109,29,0,0,0,0,0,0,0,0,0,0,0,0,0,0,125,254,231,0,3,74,222,254,254,254,254,254,254,240,175,56,0,0,0,0,0,0,0,0,0,0,0,0,237,254,158,0,71,254,254,227,137,137,137,137,182,250,254,240,177,17,0,0,0,0,0,0,0,0,0,0,254,254,159,104,241,250,169,27,0,0,0,0,0,64,190,254,254,198,16,0,0,0,0,0,0,0,0,0,255,254,239,254,250,163,0,0,0,0,0,0,0,0,12,117,237,254,199,16,0,0,0,0,0,0,0,0,212,254,254,254,175,0,0,0,0,0,0,0,0,0,0,0,85,254,254,103,0,0,0,0,0,0,0,0,56,254,251,137,10,0,0,0,0,0,0,0,0,0,0,0,11,200,254,170,0,0,0,0,0,0,0,0,1,33,31,0,0,0,0,0,0,0,0,0,0,0,0,0,0,86,254,188,0,0,0,0,0,0,0,0,0,0,0,0,0,53,99,0,0,0,0,0,0,0,0,0,0,76,254,207,0,0,0,0,0,0,0,0,0,0,0,0,26,207,223,36,0,0,0,0,0,0,0,0,0,72,251,225,0,0,0,0,0,0,0,0,0,0,0,0,181,254,65,0,0,0,0,0,0,0,0,0,87,242,254,148,0,0,0,0,0,0,0,0,0,0,0,0,188,254,177,89,72,13,0,15,72,72,72,197,253,254,231,8,0,0,0,0,0,0,0,0,0,0,0,0,112,254,254,254,254,244,242,244,254,254,254,254,254,231,41,0,0,0,0,0,0,0,0,0,0,0,0,0,1,71,155,237,254,254,254,254,254,254,254,181,97,10,0,0,0,0,0,0,0,0,0,0,0,0,0,0,0,0,0,3,71,87,87,87,87,41,4,1,0,0,0,0,0,0,0,0,0,0,0,0,0,0,0,0,0,0,0,0,0,0,0,0,0,0,0,0,0,0,0,0,0,0,0,0,0,0,0,0,0,0,0,0,0,0,0,0,0,0,0,0,0,0,0,0,0,0,0,0,0,0,0,0,0,0,0,0,0,0,0,0,0,0,0,0,0,0,0,0,0,0,0,0,0,0,0,0,0,0,0
8,0,0,0,0,0,0,0,0,0,0,0,0,0,0,0,0,0,0,0,0,0,0,0,0,0,0,0,0,0,0,0,0,0,0,0,0,0,0,0,0,0,0,0,0,0,0,0,0,0,0,0,0,0,0,0,0,0,0,0,0,0,0,0,0,0,0,0,0,0,0,0,0,0,0,0,0,0,0,0,0,0,0,0,0,0,0,0,0,0,0,0,0,0,0,0,0,0,0,0,0,0,0,0,0,0,0,0,0,0,0,0,0,0,0,0,0,0,0,0,0,0,0,0,0,0,0,0,76,255,253,253,53,0,0,0,0,0,0,0,0,0,0,0,0,0,0,0,0,0,0,0,0,0,0,19,231,247,208,252,252,26,0,0,0,0,0,0,0,0,0,0,0,0,0,0,0,0,0,0,0,76,0,85,252,100,13,209,252,113,0,0,0,0,0,0,0,0,0,0,0,0,0,0,0,0,0,0,101,250,75,185,202,0,0,97,252,113,0,0,0,0,0,0,0,0,0,0,0,0,0,0,0,0,0,0,0,254,146,85,78,0,32,229,253,51,0,0,0,0,0,0,0,0,0,0,0,0,0,0,0,0,0,0,0,253,208,97,28,7,150,252,227,0,0,0,0,0,0,0,0,0,0,0,0,0,0,0,0,0,0,0,0,216,252,112,44,154,252,224,43,0,0,0,0,0,0,0,0,0,0,0,0,0,0,0,0,0,0,0,0,141,252,205,225,253,202,19,0,0,0,0,0,0,0,0,0,0,0,0,0,0,0,0,0,0,0,0,0,141,253,253,253,176,38,0,0,0,0,0,0,0,0,0,0,0,0,0,0,0,0,0,0,0,0,0,151,216,252,252,252,38,0,0,0,0,0,0,0,0,0,0,0,0,0,0,0,0,0,0,0,0,19,172,246,253,252,252,252,38,0,0,0,0,0,0,0,0,0,0,0,0,0,0,0,0,0,0,0,76,231,252,202,128,53,228,252,113,0,0,0,0,0,0,0,0,0,0,0,0,0,0,0,0,0,0,0,204,247,137,13,0,0,126,250,176,0,0,0,0,0,0,0,0,0,0,0,0,0,0,0,0,0,0,76,253,196,0,0,0,0,0,225,244,56,0,0,0,0,0,0,0,0,0,0,0,0,0,0,0,0,0,113,253,196,0,0,0,0,0,225,253,84,0,0,0,0,0,0,0,0,0,0,0,0,0,0,0,0,0,63,253,196,0,0,0,0,0,225,253,184,0,0,0,0,0,0,0,0,0,0,0,0,0,0,0,0,0,0,129,253,216,28,0,0,0,226,254,197,0,0,0,0,0,0,0,0,0,0,0,0,0,0,0,0,0,0,10,171,252,215,108,57,57,231,253,121,0,0,0,0,0,0,0,0,0,0,0,0,0,0,0,0,0,0,0,38,168,243,253,252,252,252,194,19,0,0,0,0,0,0,0,0,0,0,0,0,0,0,0,0,0,0,0,0,0,25,140,215,252,151,13,0,0,0,0,0,0,0,0,0,0,0,0,0,0,0,0,0,0,0,0,0,0,0,0,0,0,0,0,0,0,0,0,0,0,0,0,0,0,0,0,0,0,0,0,0,0,0,0,0,0,0,0,0,0,0,0,0,0,0,0,0,0,0,0,0,0,0,0,0,0,0,0,0,0,0,0,0,0,0,0,0,0,0,0,0,0,0,0,0,0,0,0,0,0,0,0,0,0,0,0,0,0,0,0,0,0,0,0,0,0,0,0,0,0,0,0,0,0,0,0,0,0,0
7,0,0,0,0,0,0,0,0,0,0,0,0,0,0,0,0,0,0,0,0,0,0,0,0,0,0,0,0,0,0,0,0,0,0,0,0,0,0,0,0,0,0,0,0,0,0,0,0,0,0,0,0,0,0,0,0,0,0,0,0,0,0,0,0,0,0,0,0,0,0,0,0,0,0,0,0,0,0,0,0,0,0,0,0,0,0,0,0,0,0,0,0,0,0,0,0,0,0,0,0,0,0,0,0,0,0,0,0,0,0,0,0,0,0,0,0,0,0,0,0,0,0,0,0,0,0,0,0,0,0,0,0,0,0,0,0,0,0,0,0,0,0,0,0,0,0,0,0,0,0,0,0,0,0,0,0,0,0,0,0,0,0,0,0,0,0,0,0,0,0,0,0,0,0,0,0,0,0,0,0,0,0,0,0,0,0,0,0,0,0,0,0,0,0,0,0,0,0,0,0,0,35,111,0,0,0,0,0,0,0,0,0,0,0,0,0,0,0,0,0,0,0,0,0,0,0,0,0,0,137,158,131,71,77,158,158,158,158,158,140,59,0,0,0,0,0,0,0,0,0,0,0,0,0,0,0,0,161,140,243,254,254,254,232,193,192,111,153,227,47,0,0,0,0,0,0,0,0,0,0,0,0,0,0,0,149,53,22,26,26,26,17,0,0,0,0,123,210,0,0,0,0,0,0,0,0,0,0,0,0,0,0,0,140,77,0,0,0,0,0,0,0,0,0,44,225,9,0,0,0,0,0,0,0,0,0,0,0,0,0,0,73,18,0,0,0,0,0,0,0,0,0,44,254,52,0,0,0,0,0,0,0,0,0,0,0,0,0,0,0,0,0,0,0,0,0,0,0,0,0,44,254,52,0,0,0,0,0,0,0,0,0,0,0,0,0,0,0,0,0,0,0,0,0,0,0,0,0,44,254,52,0,0,0,0,0,0,0,0,0,0,0,0,0,0,0,0,0,0,0,0,0,0,0,0,0,44,254,83,0,0,0,0,0,0,0,0,0,0,0,0,0,0,0,0,0,0,0,0,0,0,0,0,0,44,254,113,0,0,0,0,0,0,0,0,0,0,0,0,0,0,0,0,0,0,0,0,0,0,0,0,0,45,255,140,0,0,0,0,0,0,0,0,0,0,0,0,0,0,0,0,0,0,0,0,0,0,0,0,0,44,254,139,0,0,0,0,0,0,0,0,0,0,0,0,0,0,0,0,0,0,0,0,0,0,0,0,0,44,254,139,0,0,0,0,0,0,0,0,0,0,0,0,0,0,0,0,0,0,0,0,0,0,0,0,0,44,254,110,0,0,0,0,0,0,0,0,0,0,0,0,0,0,0,0,0,0,0,0,0,0,0,0,0,44,254,139,0,0,0,0,0,0,0,0,0,0,0,0,0,0,0,0,0,0,0,0,0,0,0,0,0,44,254,139,0,0,0,0,0,0,0,0,0,0,0,0,0,0,0,0,0,0,0,0,0,0,0,0,0,44,254,139,0,0,0,0,0,0,0,0,0,0,0,0,0,0,0,0,0,0,0,0,0,0,0,0,0,44,254,139,0,0,0,0,0,0,0,0,0,0,0,0,0,0,0,0,0,0,0,0,0,0,0,0,0,43,252,139,0,0,0,0,0,0,0,0,0,0,0,0,0,0,0,0,0,0,0,0,0,0,0,0,0,0,120,139,0,0,0,0,0,0,0,0,0,0,0,0,0,0,0,0,0,0,0,0,0,0,0,0,0,0,0,0,0,0,0,0,0,0,0,0,0
8,0,0,0,0,0,0,0,0,0,0,0,0,0,0,0,0,0,0,0,0,0,0,0,0,0,0,0,0,0,0,0,0,0,0,0,0,0,0,0,0,0,0,0,0,0,0,0,0,0,0,0,0,0,0,0,0,0,0,0,0,0,0,0,0,0,0,0,0,0,0,0,0,0,0,0,0,0,0,0,0,0,0,0,0,0,0,0,0,0,0,0,0,0,0,0,0,0,0,0,0,0,0,0,0,0,0,0,0,0,0,0,0,0,0,0,0,0,0,0,0,0,0,0,36,159,250,213,75,0,0,0,0,0,0,0,0,0,0,0,0,0,0,0,0,0,0,0,0,0,0,49,220,254,254,254,245,147,0,0,0,0,0,0,0,0,0,0,0,0,0,0,0,0,0,0,0,0,0,246,254,254,254,254,254,243,74,0,0,0,0,0,0,0,0,0,0,0,0,0,0,0,0,0,0,6,160,254,254,254,222,222,254,254,249,154,154,35,0,0,0,0,0,0,0,0,0,0,0,0,0,0,0,34,254,254,238,38,53,64,247,254,254,254,254,57,0,0,0,0,0,0,0,0,0,0,0,0,0,0,0,121,254,254,242,27,0,0,105,254,254,254,254,57,0,0,0,0,0,0,0,0,0,0,0,0,0,0,0,65,254,254,254,181,29,24,150,254,254,254,68,2,0,0,0,0,0,0,0,0,0,0,0,0,0,0,0,5,144,254,254,254,230,231,254,254,254,144,4,0,0,0,0,0,0,0,0,0,0,0,0,0,0,0,0,0,0,215,254,254,254,254,254,254,245,0,0,0,0,0,0,0,0,0,0,0,0,0,0,0,0,0,0,0,0,77,254,254,254,254,254,254,208,0,0,0,0,0,0,0,0,0,0,0,0,0,0,0,0,0,0,0,44,232,254,254,254,254,254,254,249,43,0,0,0,0,0,0,0,0,0,0,0,0,0,0,0,0,0,17,232,254,254,254,240,174,254,254,254,231,16,0,0,0,0,0,0,0,0,0,0,0,0,0,0,0,0,130,254,254,254,254,65,8,114,251,254,254,172,10,0,0,0,0,0,0,0,0,0,0,0,0,0,0,25,233,254,254,254,149,3,0,0,156,254,254,254,57,0,0,0,0,0,0,0,0,0,0,0,0,0,0,58,254,254,254,242,26,0,0,0,44,254,254,254,57,0,0,0,0,0,0,0,0,0,0,0,0,0,0,58,254,254,254,253,97,17,0,0,110,254,254,255,57,0,0,0,0,0,0,0,0,0,0,0,0,0,0,13,148,251,254,254,254,222,78,100,250,254,254,148,13,0,0,0,0,0,0,0,0,0,0,0,0,0,0,0,0,31,223,254,254,254,254,254,254,254,254,24,0,0,0,0,0,0,0,0,0,0,0,0,0,0,0,0,0,0,37,205,244,254,254,254,254,237,98,3,0,0,0,0,0,0,0,0,0,0,0,0,0,0,0,0,0,0,0,0,44,208,254,254,201,56,0,0,0,0,0,0,0,0,0,0,0,0,0,0,0,0,0,0,0,0,0,0,0,0,0,0,0,0,0,0,0,0,0,0,0,0,0,0,0,0,0,0,0,0,0,0,0,0,0,0,0,0,0,0,0,0,0,0,0,0,0,0,0,0,0,0,0,0,0,0,0,0,0,0,0,0,0,0,0,0,0,0,0,0,0,0,0,0,0,0,0,0,0,0,0,0,0,0,0,0,0,0,0,0,0,0,0,0,0,0,0,0,0,0,0,0,0,0,0,0,0,0
4,0,0,0,0,0,0,0,0,0,0,0,0,0,0,0,0,0,0,0,0,0,0,0,0,0,0,0,0,0,0,0,0,0,0,0,0,0,0,0,0,0,0,0,0,0,0,0,0,0,0,0,0,0,0,0,0,0,0,0,0,0,0,0,0,0,0,0,0,0,0,0,0,0,0,0,0,0,0,0,0,0,0,0,0,0,0,0,0,0,0,0,0,0,0,0,0,0,0,0,0,0,0,0,0,0,0,0,0,0,0,0,0,0,0,0,0,0,0,0,0,0,0,0,0,0,0,0,0,0,0,0,0,0,0,0,0,0,0,0,0,0,0,0,0,0,0,0,0,0,0,0,0,0,0,0,0,0,0,0,0,0,0,0,0,0,0,0,0,0,0,0,0,0,0,0,55,97,134,9,0,0,0,0,103,254,163,59,0,0,0,0,0,0,0,0,0,0,0,0,0,0,0,37,243,253,254,91,0,0,0,28,232,253,253,238,46,0,0,0,0,0,0,0,0,0,0,0,0,0,0,79,253,253,254,233,0,0,0,59,253,253,253,253,98,0,0,0,0,0,0,0,0,0,0,0,0,0,0,67,250,253,254,248,60,0,0,5,217,253,253,253,98,0,0,0,0,0,0,0,0,0,0,0,0,0,0,31,241,253,254,233,0,0,0,46,244,253,253,253,98,0,0,0,0,0,0,0,0,0,0,0,0,0,0,79,254,254,255,174,0,0,0,59,254,254,254,254,99,0,0,0,0,0,0,0,0,0,0,0,0,0,0,79,253,253,254,143,0,0,0,104,253,253,253,253,142,0,0,0,0,0,0,0,0,0,0,0,0,0,0,79,253,253,254,239,79,79,116,224,253,253,253,253,195,0,0,0,0,0,0,0,0,0,0,0,0,0,0,79,253,253,254,253,253,253,253,254,253,253,253,253,180,0,0,0,0,0,0,0,0,0,0,0,0,0,0,18,200,253,254,253,253,253,253,254,253,253,253,253,173,0,0,0,0,0,0,0,0,0,0,0,0,0,0,0,0,114,255,254,254,254,254,255,249,236,254,254,232,24,0,0,0,0,0,0,0,0,0,0,0,0,0,0,0,0,39,39,107,135,99,114,36,93,253,253,254,46,0,0,0,0,0,0,0,0,0,0,0,0,0,0,0,0,0,0,0,0,0,0,0,79,253,253,254,135,0,0,0,0,0,0,0,0,0,0,0,0,0,0,0,0,0,0,0,0,0,0,0,67,250,253,254,135,0,0,0,0,0,0,0,0,0,0,0,0,0,0,0,0,0,0,0,0,0,0,0,0,234,253,254,135,0,0,0,0,0,0,0,0,0,0,0,0,0,0,0,0,0,0,0,0,0,0,0,0,235,254,255,136,0,0,0,0,0,0,0,0,0,0,0,0,0,0,0,0,0,0,0,0,0,0,0,44,243,253,254,220,6,0,0,0,0,0,0,0,0,0,0,0,0,0,0,0,0,0,0,0,0,0,0,175,253,253,254,253,78,0,0,0,0,0,0,0,0,0,0,0,0,0,0,0,0,0,0,0,0,0,0,86,253,253,254,250,66,0,0,0,0,0,0,0,0,0,0,0,0,0,0,0,0,0,0,0,0,0,0,18,238,253,254,158,0,0,0,0,0,0,0,0,0,0,0,0,0,0,0,0,0,0,0,0,0,0,0,0,0,0,0,0,0,0,0,0,0,0,0,0,0,0,0,0,0,0,0,0,0,0,0,0,0,0,0,0,0,0,0,0,0,0,0,0,0,0,0
4,0,0,0,0,0,0,0,0,0,0,0,0,0,0,0,0,0,0,0,0,0,0,0,0,0,0,0,0,0,0,0,0,0,0,0,0,0,0,0,0,0,0,0,0,0,0,0,0,0,0,0,0,0,0,0,0,0,0,0,0,0,0,0,0,0,0,0,0,0,0,0,0,0,0,0,0,0,0,0,0,0,0,0,0,0,0,0,0,0,0,0,0,0,0,0,0,0,0,0,0,0,0,0,0,0,0,0,0,0,0,0,0,0,0,0,0,0,0,0,0,0,0,0,0,0,0,0,0,0,0,0,0,0,0,0,0,0,0,0,0,0,0,0,0,0,0,0,0,0,58,133,0,0,0,0,0,0,85,242,48,0,0,0,0,0,0,0,0,0,0,0,0,0,0,0,0,0,162,249,16,0,0,0,0,16,250,254,89,0,0,0,0,0,0,0,0,0,0,0,0,0,0,0,0,0,108,254,113,0,0,0,0,114,254,254,89,0,0,0,0,0,0,0,0,0,0,0,0,0,0,0,0,0,140,253,81,0,0,0,0,146,254,254,89,0,0,0,0,0,0,0,0,0,0,0,0,0,0,0,0,32,236,249,0,0,0,0,0,232,254,230,17,0,0,0,0,0,0,0,0,0,0,0,0,0,0,0,0,139,254,249,0,0,0,0,134,252,249,75,0,0,0,0,0,0,0,0,0,0,0,0,0,0,0,0,0,208,254,249,0,0,33,216,253,254,243,0,0,0,0,0,0,0,0,0,0,0,0,0,0,0,0,0,0,208,254,252,142,142,221,254,254,254,243,0,0,0,0,0,0,0,0,0,0,0,0,0,0,0,0,0,0,119,230,254,254,254,254,242,248,254,243,0,0,0,0,0,0,0,0,0,0,0,0,0,0,0,0,0,0,0,33,134,195,195,167,54,214,254,159,0,0,0,0,0,0,0,0,0,0,0,0,0,0,0,0,0,0,0,0,0,0,0,0,60,245,254,124,0,0,0,0,0,0,0,0,0,0,0,0,0,0,0,0,0,0,0,0,0,0,0,0,78,255,254,124,0,0,0,0,0,0,0,0,0,0,0,0,0,0,0,0,0,0,0,0,0,0,0,0,186,254,254,72,0,0,0,0,0,0,0,0,0,0,0,0,0,0,0,0,0,0,0,0,0,0,0,0,196,254,143,1,0,0,0,0,0,0,0,0,0,0,0,0,0,0,0,0,0,0,0,0,0,0,0,7,203,254,141,2,82,0,0,0,0,0,0,0,0,0,0,0,0,0,0,0,0,0,0,0,0,0,0,60,254,254,141,113,225,0,0,0,0,0,0,0,0,0,0,0,0,0,0,0,0,0,0,0,0,0,0,60,254,254,223,250,112,0,0,0,0,0,0,0,0,0,0,0,0,0,0,0,0,0,0,0,0,0,0,60,254,254,254,243,0,0,0,0,0,0,0,0,0,0,0,0,0,0,0,0,0,0,0,0,0,0,0,60,254,254,254,140,0,0,0,0,0,0,0,0,0,0,0,0,0,0,0,0,0,0,0,0,0,0,0,4,109,236,146,11,0,0,0,0,0,0,0,0,0,0,0,0,0,0,0,0,0,0,0,0,0,0,0,0,0,0,0,0,0,0,0,0,0,0,0,0,0,0,0,0,0,0,0,0,0,0,0,0,0,0,0,0,0,0,0,0,0,0,0,0,0,0,0,0,0,0,0,0,0,0,0,0,0,0,0,0,0,0,0,0,0,0,0,0,0,0,0,0,0,0,0,0,0,0
6,0,0,0,0,0,0,0,0,0,0,0,0,0,0,0,0,0,0,0,0,0,0,0,0,0,0,0,0,0,0,0,0,0,0,0,0,0,0,0,0,0,0,0,0,0,0,0,0,0,0,0,0,0,0,0,0,0,0,0,0,0,0,0,0,0,0,0,0,0,0,0,0,0,0,0,0,0,0,0,0,0,0,0,0,0,0,0,0,0,0,0,0,0,0,0,0,93,255,254,137,0,0,0,0,0,0,0,0,0,0,0,0,0,0,0,0,0,0,0,0,0,0,0,0,185,253,253,230,0,0,0,0,0,0,0,0,0,0,0,0,0,0,0,0,0,0,0,0,0,0,0,50,224,253,253,230,0,0,0,0,0,0,0,0,0,0,0,0,0,0,0,0,0,0,0,0,0,0,0,141,253,253,253,173,0,0,0,0,0,0,0,0,0,0,0,0,0,0,0,0,0,0,0,0,0,0,107,250,253,253,241,65,0,0,0,0,0,0,0,0,0,0,0,0,0,0,0,0,0,0,0,0,0,22,201,253,253,253,92,0,0,0,0,0,0,0,0,0,0,0,0,0,0,0,0,0,0,0,0,0,32,204,253,253,253,253,22,0,0,0,0,0,52,0,0,0,0,0,0,0,0,0,0,0,0,0,0,0,93,253,253,253,253,157,6,0,0,0,12,185,226,86,0,0,0,0,0,0,0,0,0,0,0,0,0,0,93,253,253,253,253,123,0,0,0,37,138,253,253,249,76,0,0,0,0,0,0,0,0,0,0,0,0,0,139,253,253,253,225,11,0,69,231,237,253,253,253,253,178,14,0,0,0,0,0,0,0,0,0,0,0,14,247,253,253,253,115,0,162,230,253,253,253,253,253,253,253,45,0,0,0,0,0,0,0,0,0,0,0,146,253,253,253,253,84,124,242,253,253,253,253,253,253,253,253,45,0,0,0,0,0,0,0,0,0,0,0,146,253,253,253,253,235,253,253,253,253,253,253,253,253,253,223,33,0,0,0,0,0,0,0,0,0,0,32,218,253,253,253,253,253,253,253,253,253,253,253,253,253,243,136,0,0,0,0,0,0,0,0,0,0,0,47,253,253,253,253,253,253,253,253,253,253,253,253,253,253,92,0,0,0,0,0,0,0,0,0,0,0,0,47,253,253,253,253,253,253,253,253,253,253,253,253,225,153,14,0,0,0,0,0,0,0,0,0,0,0,0,47,253,253,253,253,253,253,253,253,253,253,251,236,50,0,0,0,0,0,0,0,0,0,0,0,0,0,0,47,253,253,253,253,253,253,253,253,253,253,183,0,0,0,0,0,0,0,0,0,0,0,0,0,0,0,0,9,134,252,253,253,253,253,253,236,185,45,33,0,0,0,0,0,0,0,0,0,0,0,0,0,0,0,0,0,0,97,216,253,253,234,99,69,0,0,0,0,0,0,0,0,0,0,0,0,0,0,0,0,0,0,0,0,0,0,0,0,0,0,0,0,0,0,0,0,0,0,0,0,0,0,0,0,0,0,0,0,0,0,0,0,0,0,0,0,0,0,0,0,0,0,0,0,0,0,0,0,0,0,0,0,0,0,0,0,0,0,0,0,0,0,0,0,0,0,0,0,0,0,0,0,0,0,0,0,0,0,0,0,0,0,0,0,0,0,0,0,0,0,0,0,0,0,0,0,0,0,0,0,0,0,0,0,0,0,0,0,0,0,0,0,0,0,0,0,0,0,0,0,0,0,0,0,0,0,0,0,0,0,0,0,0,0,0,0,0
9,0,0,0,0,0,0,0,0,0,0,0,0,0,0,0,0,0,0,0,0,0,0,0,0,0,0,0,0,0,0,0,0,0,0,0,0,0,0,0,0,0,0,0,0,0,0,0,0,0,0,0,0,0,0,0,0,0,0,0,0,0,0,0,0,0,0,0,0,0,0,0,0,0,0,0,0,0,0,0,0,0,0,0,0,0,0,0,0,0,0,0,0,0,0,0,0,0,0,0,0,0,0,0,0,0,0,0,0,0,0,0,0,0,0,0,0,0,0,0,0,0,0,0,0,0,0,0,0,0,0,0,0,0,0,0,0,0,0,0,0,0,0,0,0,0,0,0,0,0,0,0,0,0,0,0,0,0,0,0,0,0,0,0,0,0,0,0,0,0,0,0,0,0,0,0,0,0,0,0,0,0,0,0,0,19,152,175,242,230,61,0,0,0,0,0,0,0,0,0,0,0,0,0,0,0,0,0,0,0,0,7,124,249,251,153,154,238,225,27,0,0,0,0,0,0,0,0,0,0,0,0,0,0,0,0,0,0,29,179,253,199,84,0,0,48,254,58,0,0,0,0,0,0,0,0,0,0,0,0,0,0,0,0,0,25,242,241,91,2,85,144,12,0,163,5,0,0,0,0,0,0,0,0,0,0,0,0,0,0,0,0,59,242,217,85,0,79,255,242,27,0,0,0,0,0,0,0,0,0,0,0,0,0,0,0,0,0,0,43,244,241,36,0,0,174,254,162,9,0,0,0,0,0,0,0,0,0,0,0,0,0,0,0,0,0,23,197,239,63,0,10,95,250,207,39,0,0,0,0,0,0,0,0,0,0,0,0,0,0,0,0,0,0,146,253,123,0,7,129,253,253,79,0,0,0,0,0,0,0,0,0,0,0,0,0,0,0,0,0,0,115,253,162,17,44,205,231,242,145,0,0,0,0,0,0,0,0,0,0,0,0,0,0,0,0,0,0,19,240,216,49,119,247,198,118,253,61,0,0,0,0,0,0,0,0,0,0,0,0,0,0,0,0,0,0,32,244,251,244,239,146,59,232,185,3,0,0,0,0,0,0,0,0,0,0,0,0,0,0,0,0,0,0,5,163,224,138,51,0,74,253,140,0,0,0,0,0,0,0,0,0,0,0,0,0,0,0,0,0,0,0,0,0,0,0,0,7,158,245,60,0,0,0,0,0,0,0,0,0,0,0,0,0,0,0,0,0,0,0,0,0,0,0,0,18,254,196,0,0,0,0,0,0,0,0,0,0,0,0,0,0,0,0,0,0,0,0,0,0,0,0,0,43,254,172,0,0,0,0,0,0,0,0,0,0,0,0,0,0,0,0,0,0,0,0,0,0,0,0,0,150,254,88,0,0,0,0,0,0,0,0,0,0,0,0,0,0,0,0,0,0,0,0,0,0,0,0,19,241,211,0,0,0,0,0,0,0,0,0,0,0,0,0,0,0,0,0,0,0,0,0,0,0,0,0,58,249,174,0,0,0,0,0,0,0,0,0,0,0,0,0,0,0,0,0,0,0,0,0,0,0,0,10,188,253,115,0,0,0,0,0,0,0,0,0,0,0,0,0,0,0,0,0,0,0,0,0,0,0,0,3,169,229,30,0,0,0,0,0,0,0,0,0,0,0,0,0,0,0,0,0,0,0,0,0,0,0,0,0,0,0,0,0,0,0,0,0,0,0,0,0,0,0,0,0,0,0,0,0,0,0,0,0,0,0,0,0,0,0,0,0,0,0,0,0,0,0,0,0,0,0,0,0,0
2,0,0,0,0,0,0,0,0,0,0,0,0,0,0,0,0,0,0,0,0,0,0,0,0,0,0,0,0,0,0,0,0,0,0,0,0,0,0,0,0,0,0,0,0,0,0,0,0,0,0,0,0,0,0,0,0,0,0,0,0,0,0,0,0,0,0,0,0,0,0,0,0,0,0,0,0,0,0,0,0,0,0,0,0,0,0,0,0,0,0,0,0,0,0,0,0,0,0,0,0,0,0,0,0,0,0,0,0,0,0,0,0,0,0,0,0,0,0,0,0,0,0,0,0,0,0,0,0,16,218,51,0,0,0,0,0,0,0,0,0,0,0,0,0,0,0,0,0,0,0,0,0,0,0,0,0,98,253,51,0,0,0,0,0,0,0,0,0,0,0,0,0,0,0,0,0,0,0,0,0,0,0,0,113,233,253,51,0,0,0,0,0,0,0,0,0,0,0,0,0,0,0,0,0,0,0,0,0,0,5,123,254,253,253,69,0,0,0,0,0,0,0,0,0,0,0,0,0,0,0,0,0,0,0,0,0,7,173,253,254,149,244,87,0,0,0,0,0,0,0,0,0,0,0,0,0,0,0,0,0,0,0,0,0,107,253,253,126,81,253,51,0,0,0,0,0,0,0,0,0,0,0,0,0,0,0,0,0,0,0,0,0,77,205,97,0,125,247,34,0,0,0,0,0,0,0,0,0,0,0,0,0,0,0,0,0,0,0,0,0,0,0,0,14,210,146,0,0,0,0,0,0,0,0,0,0,0,0,0,0,0,0,0,0,0,0,0,0,0,0,0,97,247,45,0,0,0,0,0,0,0,0,0,0,0,0,0,0,0,0,0,0,0,0,0,0,0,0,10,249,147,0,0,0,0,0,0,0,0,0,0,0,0,0,0,0,0,0,0,0,0,0,0,0,0,2,189,237,38,0,0,0,0,0,0,0,0,0,0,0,0,0,0,0,0,0,0,0,0,0,0,0,0,126,253,130,0,0,0,0,0,0,0,0,0,0,0,0,0,0,0,0,0,0,0,0,0,17,141,200,254,254,254,82,0,0,0,0,0,0,0,0,0,0,0,0,0,0,0,0,0,0,0,0,50,206,226,172,253,251,237,205,3,0,0,0,0,0,0,0,0,0,0,0,0,0,0,0,0,0,0,4,211,175,12,191,246,94,95,254,62,0,0,0,0,0,0,0,0,0,0,0,0,0,0,0,0,0,0,69,253,182,203,240,94,0,14,254,151,0,0,0,0,0,0,0,0,0,0,0,0,0,0,0,0,0,0,137,254,254,195,37,0,0,0,255,152,0,0,0,0,0,0,0,0,0,0,0,0,0,0,0,0,0,0,40,85,62,4,0,0,0,0,227,192,41,0,0,0,0,0,0,0,0,0,0,0,0,0,0,0,0,0,0,0,0,0,0,0,0,0,145,253,97,0,0,0,0,0,0,0,0,0,0,0,0,0,0,0,0,0,0,0,0,0,0,0,0,0,83,253,34,0,0,0,0,0,0,0,0,0,0,0,0,0,0,0,0,0,0,0,0,0,0,0,0,0,0,0,0,0,0,0,0,0,0,0,0,0,0,0,0,0,0,0,0,0,0,0,0,0,0,0,0,0,0,0,0,0,0,0,0,0,0,0,0,0,0,0,0,0,0,0,0,0,0,0,0,0,0,0,0,0,0,0,0,0,0,0,0,0,0,0,0,0,0,0,0,0,0,0,0,0,0,0,0,0,0,0,0,0,0,0,0,0,0,0,0,0,0,0,0,0,0
1,0,0,0,0,0,0,0,0,0,0,0,0,0,0,0,0,0,0,0,0,0,0,0,0,0,0,0,0,0,0,0,0,0,0,0,0,0,0,0,0,0,0,0,0,0,0,0,0,0,0,0,0,0,0,0,0,0,0,0,0,0,0,0,0,0,0,0,0,0,0,0,0,0,0,0,0,0,0,0,0,0,0,0,0,0,0,0,0,0,0,0,0,0,0,0,0,0,0,0,0,0,0,0,0,0,0,0,0,0,0,0,0,0,0,0,0,0,0,0,0,0,0,0,0,0,0,0,0,0,0,0,0,0,0,0,0,0,0,0,0,0,0,0,0,0,0,0,0,0,0,0,0,0,0,0,0,0,32,216,253,192,12,0,0,0,0,0,0,0,0,0,0,0,0,0,0,0,0,0,0,0,0,0,0,0,176,243,252,75,3,0,0,0,0,0,0,0,0,0,0,0,0,0,0,0,0,0,0,0,0,0,0,144,240,252,173,31,0,0,0,0,0,0,0,0,0,0,0,0,0,0,0,0,0,0,0,0,0,0,63,193,252,252,173,0,0,0,0,0,0,0,0,0,0,0,0,0,0,0,0,0,0,0,0,0,0,0,141,240,252,236,112,0,0,0,0,0,0,0,0,0,0,0,0,0,0,0,0,0,0,0,0,0,0,63,255,253,253,178,63,0,0,0,0,0,0,0,0,0,0,0,0,0,0,0,0,0,0,0,0,0,0,63,253,252,233,133,0,0,0,0,0,0,0,0,0,0,0,0,0,0,0,0,0,0,0,0,0,0,7,165,253,252,227,47,0,0,0,0,0,0,0,0,0,0,0,0,0,0,0,0,0,0,0,0,0,7,54,252,253,252,180,0,0,0,0,0,0,0,0,0,0,0,0,0,0,0,0,0,0,0,0,0,0,25,205,252,253,252,55,0,0,0,0,0,0,0,0,0,0,0,0,0,0,0,0,0,0,0,0,0,0,57,253,253,255,90,0,0,0,0,0,0,0,0,0,0,0,0,0,0,0,0,0,0,0,0,0,0,0,182,252,252,253,42,0,0,0,0,0,0,0,0,0,0,0,0,0,0,0,0,0,0,0,0,0,0,144,240,252,252,133,6,0,0,0,0,0,0,0,0,0,0,0,0,0,0,0,0,0,0,0,0,0,63,193,252,252,173,0,0,0,0,0,0,0,0,0,0,0,0,0,0,0,0,0,0,0,0,0,0,0,141,240,252,236,112,0,0,0,0,0,0,0,0,0,0,0,0,0,0,0,0,0,0,0,0,0,0,63,255,253,228,126,0,0,0,0,0,0,0,0,0,0,0,0,0,0,0,0,0,0,0,0,0,0,10,178,253,252,180,47,0,0,0,0,0,0,0,0,0,0,0,0,0,0,0,0,0,0,0,0,0,0,13,189,253,252,133,0,0,0,0,0,0,0,0,0,0,0,0,0,0,0,0,0,0,0,0,0,0,0,10,177,253,242,128,0,0,0,0,0,0,0,0,0,0,0,0,0,0,0,0,0,0,0,0,0,0,0,0,63,253,167,0,0,0,0,0,0,0,0,0,0,0,0,0,0,0,0,0,0,0,0,0,0,0,0,0,0,0,0,0,0,0,0,0,0,0,0,0,0,0,0,0,0,0,0,0,0,0,0,0,0,0,0,0,0,0,0,0,0,0,0,0,0,0,0,0,0,0,0,0,0,0,0,0,0,0,0,0,0,0,0,0,0,0,0,0,0,0,0,0,0,0,0,0,0,0,0,0,0,0,0
7,0,0,0,0,0,0,0,0,0,0,0,0,0,0,0,0,0,0,0,0,0,0,0,0,0,0,0,0,0,0,0,0,0,0,0,0,0,0,0,0,0,0,0,0,0,0,0,0,0,0,0,0,0,0,0,0,0,0,0,0,0,0,0,0,0,0,0,0,0,0,0,0,0,0,0,0,0,0,0,0,0,0,0,0,0,0,0,0,0,0,0,0,0,0,0,0,0,0,0,0,0,0,0,0,0,0,0,0,0,0,0,0,0,0,0,0,0,0,0,0,0,0,0,0,0,0,0,0,0,0,0,0,0,0,0,0,0,0,0,0,0,0,0,0,0,0,0,0,0,0,0,0,0,0,0,0,0,0,0,0,0,0,0,0,0,0,0,0,0,0,0,0,0,0,0,0,0,0,5,92,158,254,221,95,5,0,0,0,0,0,0,0,0,0,0,0,0,0,0,0,0,0,0,0,17,136,214,253,251,244,253,253,216,95,8,0,0,0,0,0,0,0,0,0,0,0,0,0,0,0,0,2,109,253,253,253,128,28,149,253,253,253,213,26,0,0,0,0,0,0,0,0,0,0,0,0,0,0,0,25,253,253,253,248,67,0,29,105,205,249,253,212,14,0,0,0,0,0,0,0,0,0,0,0,0,0,0,25,253,253,253,204,0,0,0,0,0,211,253,253,24,0,0,0,0,0,0,0,0,0,0,0,0,0,0,25,253,253,253,204,0,0,0,0,0,211,253,190,9,0,0,0,0,0,0,0,0,0,0,0,0,0,0,9,167,253,246,109,0,0,0,0,75,239,253,154,0,0,0,0,0,0,0,0,0,0,0,0,0,0,0,0,10,80,66,0,0,0,0,0,205,253,253,69,0,0,0,0,0,0,0,0,0,0,0,0,0,0,0,0,0,0,0,0,0,0,0,0,205,253,253,30,0,0,0,0,0,0,0,0,0,0,0,0,0,0,0,0,0,0,0,0,0,0,0,86,240,253,253,30,0,0,0,0,0,0,0,0,0,0,0,0,0,0,0,0,0,0,0,0,0,0,52,240,253,253,149,8,0,0,0,0,0,0,0,0,0,0,0,0,0,0,0,0,0,0,0,0,0,0,165,253,253,185,8,0,0,0,0,0,0,0,0,0,0,0,0,0,0,0,0,0,0,0,0,0,0,90,242,253,253,128,0,0,0,0,0,0,0,0,0,0,0,0,0,0,0,0,0,0,0,0,0,0,0,186,253,253,253,43,0,0,0,0,0,0,0,0,0,0,0,0,0,0,0,0,0,0,0,0,0,0,94,244,253,253,138,7,0,0,0,0,0,0,0,0,0,0,0,0,0,0,0,0,0,0,0,0,0,20,209,253,253,224,30,0,0,0,0,0,0,0,0,0,0,0,0,0,0,0,0,0,0,0,0,0,0,50,253,253,253,128,0,0,0,0,0,0,0,0,0,0,0,0,0,0,0,0,0,0,0,0,0,0,0,165,253,253,223,31,0,0,0,0,0,0,0,0,0,0,0,0,0,0,0,0,0,0,0,0,0,0,0,174,253,253,185,0,0,0,0,0,0,0,0,0,0,0,0,0,0,0,0,0,0,0,0,0,0,0,0,114,253,162,34,0,0,0,0,0,0,0,0,0,0,0,0,0,0,0,0,0,0,0,0,0,0,0,0,0,0,0,0,0,0,0,0,0,0,0,0,0,0,0,0,0,0,0,0,0,0,0,0,0,0,0,0,0,0,0,0,0,0,0,0,0,0,0,0,0,0,0,0,0
0,0,0,0,0,0,0,0,0,0,0,0,0,0,0,0,0,0,0,0,0,0,0,0,0,0,0,0,0,0,0,0,0,0,0,0,0,0,0,0,0,0,0,0,0,0,0,0,0,0,0,0,0,0,0,0,0,0,0,0,0,0,0,0,0,0,0,0,0,0,0,0,0,0,0,0,0,0,0,0,0,0,0,0,0,0,0,0,0,0,0,0,0,0,0,0,0,0,0,0,0,0,0,0,0,0,0,0,0,0,0,0,0,0,0,0,0,0,0,0,0,0,0,0,0,0,0,0,0,0,0,0,0,0,0,0,0,0,0,0,0,0,0,0,0,0,0,0,0,0,0,0,0,0,0,0,0,0,0,0,0,0,0,0,0,0,0,0,0,0,0,0,0,0,0,0,0,0,0,0,0,0,0,0,0,0,0,0,0,0,0,0,0,0,0,0,0,0,0,0,0,0,0,0,0,0,0,0,0,0,0,0,0,0,0,0,0,0,0,0,0,0,0,0,0,0,0,0,0,0,0,0,0,0,0,40,37,0,7,77,137,136,136,136,136,40,6,0,0,0,0,0,0,0,0,0,0,0,0,0,0,16,135,254,233,0,152,215,96,140,155,118,230,254,158,68,0,0,0,0,0,0,0,0,0,0,0,0,19,164,254,114,0,0,235,140,0,0,0,0,0,99,230,254,186,14,0,0,0,0,0,0,0,0,0,70,226,242,121,0,0,0,104,195,38,0,0,0,0,0,33,179,253,140,0,0,0,0,0,0,0,0,41,241,198,43,0,0,0,0,0,0,0,0,0,0,0,0,0,24,209,223,0,0,0,0,0,0,0,0,164,250,66,0,0,0,0,0,0,0,0,0,0,0,0,0,0,0,136,253,0,0,0,0,0,0,0,0,254,158,0,0,0,0,0,0,0,0,0,0,0,0,0,0,0,0,136,215,0,0,0,0,0,0,0,0,255,76,0,0,0,0,0,0,0,0,0,0,0,0,0,0,5,127,246,133,0,0,0,0,0,0,0,0,254,122,0,0,0,0,0,0,0,0,0,0,0,0,0,5,150,247,91,9,0,0,0,0,0,0,0,0,254,165,0,0,0,0,0,0,0,0,0,0,0,13,79,194,216,84,0,0,0,0,0,0,0,0,0,0,111,251,87,0,0,0,0,0,0,16,25,40,107,186,213,117,25,0,0,0,0,0,0,0,0,0,0,0,14,185,235,142,23,0,0,0,91,157,231,207,126,49,0,0,0,0,0,0,0,0,0,0,0,0,0,0,0,0,0,143,195,255,254,254,244,157,76,0,0,0,0,0,0,0,0,0,0,0,0,0,0,0,0,0,0,0,0,0,0,39,39,39,33,0,0,0,0,0,0,0,0,0,0,0,0,0,0,0,0,0,0,0,0,0,0,0,0,0,0,0,0,0,0,0,0,0,0,0,0,0,0,0,0,0,0,0,0,0,0,0,0,0,0,0,0,0,0,0,0,0,0,0,0,0,0,0,0,0,0,0,0,0,0,0,0,0,0,0,0,0,0,0,0,0,0,0,0,0,0,0,0,0,0,0,0,0,0,0,0,0,0,0,0,0,0,0,0,0,0,0,0,0,0,0,0,0,0,0,0,0,0,0,0,0,0,0,0,0,0,0,0,0,0,0,0,0,0,0,0,0,0,0,0,0,0,0,0,0,0,0,0,0,0,0,0,0,0,0,0,0,0,0,0,0,0,0,0,0,0,0,0,0,0,0,0,0,0,0,0,0,0,0,0,0,0
7,0,0,0,0,0,0,0,0,0,0,0,0,0,0,0,0,0,0,0,0,0,0,0,0,0,0,0,0,0,0,0,0,0,0,0,0,0,0,0,0,0,0,0,0,0,0,0,0,0,0,0,0,0,0,0,0,0,0,0,0,0,0,0,0,0,0,0,0,0,0,0,0,0,0,0,0,0,0,0,0,0,0,0,0,0,0,0,0,0,0,0,0,0,0,0,0,0,0,0,0,0,0,0,0,0,0,0,0,0,0,0,0,0,0,0,0,0,0,0,0,0,0,0,0,0,0,0,0,0,0,0,0,0,0,0,0,0,0,0,0,0,0,0,0,0,0,0,0,0,0,0,0,0,0,0,0,0,0,0,0,0,0,0,0,0,0,0,0,0,0,0,0,0,0,0,0,0,0,0,0,0,0,0,0,0,0,0,0,0,0,0,0,0,0,0,0,0,0,0,0,0,0,0,0,0,0,0,0,0,0,0,0,0,0,0,0,0,0,0,0,0,0,0,0,0,0,0,0,0,0,0,0,0,0,0,0,0,0,0,0,0,0,0,0,0,0,0,0,0,0,0,0,0,0,0,0,0,0,0,0,0,0,128,128,255,255,255,255,255,255,128,0,0,0,0,0,0,0,0,0,0,255,191,128,128,128,128,191,255,255,255,255,255,255,255,255,255,255,255,191,0,0,0,0,0,0,0,0,0,128,255,255,255,255,255,255,255,255,255,191,128,128,128,128,128,191,255,255,128,0,0,0,0,0,0,0,0,0,0,128,128,128,128,128,128,128,0,0,0,0,0,0,0,0,128,255,255,0,0,0,0,0,0,0,0,0,0,0,0,0,0,0,0,0,0,0,0,0,0,0,0,0,0,255,255,0,0,0,0,0,0,0,0,0,0,0,0,0,0,0,0,0,0,0,0,0,0,0,0,0,0,255,255,0,0,0,0,0,0,0,0,0,0,0,0,0,0,0,0,0,0,0,0,0,0,0,0,0,0,255,255,0,0,0,0,0,0,0,0,0,0,0,0,0,0,0,0,0,0,0,0,0,0,0,0,0,128,255,255,0,0,0,0,0,0,0,0,0,0,0,0,0,0,0,0,0,0,0,0,0,0,0,0,0,255,255,255,0,0,0,0,0,0,0,0,0,0,0,0,0,0,0,0,0,0,0,0,0,0,0,0,0,255,255,255,0,0,0,0,0,0,0,0,0,0,0,0,0,0,0,0,0,0,0,0,0,0,0,0,0,255,255,128,0,0,0,0,0,0,0,0,0,0,0,0,0,0,0,0,0,0,0,0,0,0,0,0,64,255,255,128,0,0,0,0,0,0,0,0,0,0,0,0,0,0,0,0,0,0,0,0,0,0,0,0,128,255,255,0,0,0,0,0,0,0,0,0,0,0,0,0,0,0,0,0,0,0,0,0,0,0,0,0,191,255,191,0,0,0,0,0,0,0,0,0,0,0,0,0,0,0,0,0,0,0,0,0,0,0,0,64,255,255,128,0,0,0,0,0,0,0,0,0,0,0,0,0,0,0,0,0,0,0,0,0,0,0,0,128,255,255,128,0,0,0,0,0,0,0,0,0,0,0,0,0,0,0,0,0,0,0,0,0,0,0,0,128,255,255,0,0,0,0,0,0,0,0,0,0,0,0,0,0,0,0,0,0,0,0,0,0,0,0,0,0,64,0,0,0,0,0,0,0,0,0,0,0,0,0,0,0,0,0,0,0,0,0,0,0,0,0,0,0,0,0,0,0,0,0,0,0,0,0,0
6,0,0,0,0,0,0,0,0,0,0,0,0,0,0,0,0,0,0,0,0,0,0,0,0,0,0,0,0,0,0,0,0,0,0,0,0,0,0,0,0,0,0,0,0,0,0,0,0,0,0,0,0,0,0,0,0,0,0,0,0,0,0,0,0,0,0,0,0,0,0,0,0,0,0,155,243,53,0,0,0,0,0,0,0,0,0,0,0,0,0,0,0,0,0,0,0,0,0,0,0,30,161,236,137,0,0,0,0,0,0,0,0,0,0,0,0,0,0,0,0,0,0,0,0,0,0,0,38,155,252,252,106,0,0,0,0,0,0,0,0,0,0,0,0,0,0,0,0,0,0,0,0,0,0,43,180,252,227,119,4,0,0,0,0,0,0,0,0,0,0,0,0,0,0,0,0,0,0,0,0,0,0,220,253,252,130,0,0,0,0,0,0,0,0,0,0,0,0,0,0,0,0,0,0,0,0,0,0,81,253,253,242,135,0,0,0,0,0,0,0,0,0,0,0,0,0,0,0,0,0,0,0,0,0,5,120,228,252,210,42,0,0,0,0,0,0,0,0,0,0,0,0,0,0,0,0,0,0,0,0,0,0,138,252,252,153,6,0,0,0,0,0,0,0,0,0,0,0,0,0,0,0,0,0,0,0,0,0,0,136,253,252,153,9,0,0,0,0,0,0,0,0,0,0,0,0,0,0,0,0,0,0,0,0,0,0,189,250,253,157,6,0,0,0,0,0,95,220,231,209,116,21,0,0,0,0,0,0,0,0,0,0,0,81,253,253,221,42,0,0,0,13,24,191,253,253,255,253,253,203,11,0,0,0,0,0,0,0,0,0,9,197,252,231,0,0,0,0,22,159,252,252,235,153,92,121,252,219,15,0,0,0,0,0,0,0,0,7,155,252,227,48,0,0,0,57,205,253,240,183,64,0,7,155,252,227,16,0,0,0,0,0,0,0,0,5,177,252,202,11,0,0,0,207,252,253,164,0,0,0,160,252,252,119,0,0,0,0,0,0,0,0,0,74,244,252,108,0,0,0,168,248,252,128,8,0,43,220,253,252,85,4,0,0,0,0,0,0,0,0,0,24,253,253,161,0,13,118,253,245,178,13,97,222,253,253,242,135,0,0,0,0,0,0,0,0,0,0,0,9,173,252,219,161,212,252,252,219,161,212,252,252,252,210,42,0,0,0,0,0,0,0,0,0,0,0,0,0,34,202,252,252,253,252,252,252,252,253,252,170,69,6,0,0,0,0,0,0,0,0,0,0,0,0,0,0,0,13,173,252,253,252,252,252,252,203,87,13,0,0,0,0,0,0,0,0,0,0,0,0,0,0,0,0,0,0,9,22,96,252,252,252,147,11,0,0,0,0,0,0,0,0,0,0,0,0,0,0,0,0,0,0,0,0,0,0,0,0,0,0,0,0,0,0,0,0,0,0,0,0,0,0,0,0,0,0,0,0,0,0,0,0,0,0,0,0,0,0,0,0,0,0,0,0,0,0,0,0,0,0,0,0,0,0,0,0,0,0,0,0,0,0,0,0,0,0,0,0,0,0,0,0,0,0,0,0,0,0,0,0,0,0,0,0,0,0,0,0,0,0,0,0,0,0,0,0,0,0,0,0,0,0,0,0,0,0,0,0,0,0,0,0,0,0,0,0,0,0,0,0,0,0,0,0,0,0,0,0,0,0,0,0,0,0,0,0,0,0,0,0,0,0,0,0,0,0,0,0,0,0,0,0,0,0,0,0,0,0,0,0,0,0,0,0
8,0,0,0,0,0,0,0,0,0,0,0,0,0,0,0,0,0,0,0,0,0,0,0,0,0,0,0,0,0,0,0,0,0,0,0,0,0,0,0,0,0,0,0,0,0,0,0,0,0,0,0,0,0,0,0,0,0,0,0,0,0,0,0,0,0,0,0,0,0,0,0,0,0,0,0,0,0,0,0,0,0,0,0,0,0,0,0,0,0,0,0,0,0,0,0,0,0,0,0,0,0,0,0,0,0,0,0,0,0,0,0,0,0,0,0,0,0,0,0,0,0,0,0,0,0,0,61,227,253,253,253,80,0,0,0,0,0,0,0,0,0,0,0,0,0,0,0,0,0,0,0,0,0,36,253,252,252,252,252,243,48,0,0,0,0,0,0,0,0,0,0,0,0,0,0,0,0,0,0,0,6,206,253,252,242,237,252,197,145,0,0,0,0,0,0,0,0,0,0,0,0,0,0,0,0,0,0,0,64,252,243,110,42,64,252,176,0,0,0,0,0,0,0,0,0,0,0,0,0,0,0,0,0,0,0,0,152,252,167,0,0,152,252,211,0,0,0,0,0,0,0,0,0,0,0,0,0,0,0,0,0,0,0,0,169,253,107,0,4,183,253,194,0,0,0,0,0,0,0,0,0,0,0,0,0,0,0,0,0,0,0,0,169,252,106,0,101,252,252,27,0,0,0,0,0,0,0,0,0,0,0,0,0,0,0,0,0,0,0,0,117,252,203,52,234,252,190,0,0,0,0,0,0,0,0,0,0,0,0,0,0,0,0,0,0,0,0,0,64,252,239,232,221,119,14,0,0,0,0,0,0,0,0,0,0,0,0,0,0,0,0,0,0,0,0,0,64,252,253,252,82,0,0,0,0,0,0,0,0,0,0,0,0,0,0,0,0,0,0,0,0,0,0,0,82,253,255,204,9,0,0,0,0,0,0,0,0,0,0,0,0,0,0,0,0,0,0,0,0,0,0,131,232,252,253,196,7,0,0,0,0,0,0,0,0,0,0,0,0,0,0,0,0,0,0,0,0,39,206,249,205,126,253,252,29,0,0,0,0,0,0,0,0,0,0,0,0,0,0,0,0,0,0,16,152,253,205,129,0,0,227,252,126,0,0,0,0,0,0,0,0,0,0,0,0,0,0,0,0,0,0,152,252,236,37,0,0,0,104,252,170,0,0,0,0,0,0,0,0,0,0,0,0,0,0,0,0,0,0,152,253,124,0,0,0,0,18,217,253,102,0,0,0,0,0,0,0,0,0,0,0,0,0,0,0,0,0,64,252,243,83,0,0,0,0,190,252,189,0,0,0,0,0,0,0,0,0,0,0,0,0,0,0,0,0,6,109,245,246,179,127,83,22,195,252,189,0,0,0,0,0,0,0,0,0,0,0,0,0,0,0,0,0,0,0,67,189,247,252,252,253,252,252,189,0,0,0,0,0,0,0,0,0,0,0,0,0,0,0,0,0,0,0,0,0,38,68,147,253,252,252,145,0,0,0,0,0,0,0,0,0,0,0,0,0,0,0,0,0,0,0,0,0,0,0,0,0,0,0,0,0,0,0,0,0,0,0,0,0,0,0,0,0,0,0,0,0,0,0,0,0,0,0,0,0,0,0,0,0,0,0,0,0,0,0,0,0,0,0,0,0,0,0,0,0,0,0,0,0,0,0,0,0,0,0,0,0,0,0,0,0,0,0,0,0,0,0,0,0,0,0,0,0,0,0,0,0,0,0,0,0,0,0,0,0,0,0,0,0,0,0,0,0,0
1,0,0,0,0,0,0,0,0,0,0,0,0,0,0,0,0,0,0,0,0,0,0,0,0,0,0,0,0,0,0,0,0,0,0,0,0,0,0,0,0,0,0,0,0,0,0,0,0,0,0,0,0,0,0,0,0,0,0,0,0,0,0,0,0,0,0,0,0,0,0,0,0,0,0,0,0,0,0,0,0,0,0,0,0,0,0,0,0,0,0,0,0,0,0,0,0,0,0,0,0,0,0,0,0,0,0,0,0,0,0,0,0,0,0,0,0,0,0,0,0,0,0,0,0,0,0,0,0,0,0,0,0,0,0,0,0,0,0,0,0,0,0,0,0,0,0,0,0,0,0,0,0,39,228,254,65,0,0,0,0,0,0,0,0,0,0,0,0,0,0,0,0,0,0,0,0,0,0,0,0,79,253,253,192,0,0,0,0,0,0,0,0,0,0,0,0,0,0,0,0,0,0,0,0,0,0,0,0,79,253,253,220,31,0,0,0,0,0,0,0,0,0,0,0,0,0,0,0,0,0,0,0,0,0,0,0,79,253,253,253,71,0,0,0,0,0,0,0,0,0,0,0,0,0,0,0,0,0,0,0,0,0,0,0,8,157,253,253,71,0,0,0,0,0,0,0,0,0,0,0,0,0,0,0,0,0,0,0,0,0,0,0,69,231,253,253,138,0,0,0,0,0,0,0,0,0,0,0,0,0,0,0,0,0,0,0,0,0,0,0,12,210,253,159,11,0,0,0,0,0,0,0,0,0,0,0,0,0,0,0,0,0,0,0,0,0,0,0,0,202,253,171,0,0,0,0,0,0,0,0,0,0,0,0,0,0,0,0,0,0,0,0,0,0,0,0,0,202,253,194,0,0,0,0,0,0,0,0,0,0,0,0,0,0,0,0,0,0,0,0,0,0,0,0,0,168,253,194,0,0,0,0,0,0,0,0,0,0,0,0,0,0,0,0,0,0,0,0,0,0,0,0,0,72,253,208,17,0,0,0,0,0,0,0,0,0,0,0,0,0,0,0,0,0,0,0,0,0,0,0,0,72,253,253,164,0,0,0,0,0,0,0,0,0,0,0,0,0,0,0,0,0,0,0,0,0,0,0,0,72,253,253,201,0,0,0,0,0,0,0,0,0,0,0,0,0,0,0,0,0,0,0,0,0,0,0,0,72,253,253,201,0,0,0,0,0,0,0,0,0,0,0,0,0,0,0,0,0,0,0,0,0,0,0,0,63,246,253,201,0,0,0,0,0,0,0,0,0,0,0,0,0,0,0,0,0,0,0,0,0,0,0,0,38,225,253,201,0,0,0,0,0,0,0,0,0,0,0,0,0,0,0,0,0,0,0,0,0,0,0,0,0,196,253,205,6,0,0,0,0,0,0,0,0,0,0,0,0,0,0,0,0,0,0,0,0,0,0,0,0,196,253,253,78,0,0,0,0,0,0,0,0,0,0,0,0,0,0,0,0,0,0,0,0,0,0,0,0,196,253,225,36,0,0,0,0,0,0,0,0,0,0,0,0,0,0,0,0,0,0,0,0,0,0,0,0,196,253,201,0,0,0,0,0,0,0,0,0,0,0,0,0,0,0,0,0,0,0,0,0,0,0,0,0,0,0,0,0,0,0,0,0,0,0,0,0,0,0,0,0,0,0,0,0,0,0,0,0,0,0,0,0,0,0,0,0,0,0,0,0,0,0,0,0,0,0,0,0,0,0,0,0,0,0,0,0,0,0,0,0,0,0,0,0,0,0,0,0,0,0,0,0,0,0
8,0,0,0,0,0,0,0,0,0,0,0,0,0,0,0,0,0,0,0,0,0,0,0,0,0,0,0,0,0,0,0,0,0,0,0,0,0,0,0,0,0,0,0,0,0,0,0,0,0,0,0,0,0,0,0,0,0,0,0,0,0,0,0,0,0,0,0,0,0,0,0,0,0,0,0,0,0,0,0,0,0,0,0,0,0,0,0,0,0,0,0,0,0,0,0,0,0,0,0,0,0,0,0,0,0,0,0,0,0,0,0,0,0,0,0,0,0,0,0,0,0,0,0,0,0,0,0,0,0,0,0,0,0,0,0,0,0,0,0,0,0,0,0,0,0,0,0,0,0,0,0,0,0,0,0,0,56,180,255,254,224,116,0,0,0,0,0,0,0,0,0,0,0,0,0,0,0,0,0,0,0,0,0,105,233,250,180,120,157,211,5,0,0,0,0,0,0,0,0,0,0,0,0,0,0,0,0,0,0,0,80,250,228,44,0,98,110,194,0,0,0,0,0,0,0,0,0,0,0,0,0,0,0,0,0,0,0,48,247,249,54,34,177,229,254,240,60,0,0,0,0,0,0,0,0,0,0,0,0,0,0,0,0,0,5,159,254,115,102,239,240,91,39,83,46,0,0,0,0,0,0,0,0,0,0,0,0,0,0,0,0,0,0,151,254,189,254,231,58,0,0,0,0,0,0,0,0,0,0,0,0,0,0,0,0,0,0,0,0,0,9,229,254,254,222,47,0,0,0,0,0,0,0,0,0,0,0,0,0,0,0,0,0,0,0,0,0,0,1,198,254,217,55,0,0,0,0,0,0,0,0,0,0,0,0,0,0,0,0,0,0,0,0,0,0,11,102,254,254,115,0,0,0,0,0,0,0,0,0,0,0,0,0,0,0,0,0,0,0,0,0,0,0,87,250,254,254,120,0,0,0,0,0,0,0,0,0,0,0,0,0,0,0,0,0,0,0,0,0,0,93,254,178,49,234,215,28,0,0,0,0,0,0,0,0,0,0,0,0,0,0,0,0,0,0,0,0,18,219,186,20,0,89,254,120,0,0,0,0,0,0,0,0,0,0,0,0,0,0,0,0,0,0,0,0,145,231,16,0,0,75,254,120,0,0,0,0,0,0,0,0,0,0,0,0,0,0,0,0,0,0,0,35,221,80,0,0,0,75,255,120,0,0,0,0,0,0,0,0,0,0,0,0,0,0,0,0,0,0,9,221,187,0,0,0,0,98,254,76,0,0,0,0,0,0,0,0,0,0,0,0,0,0,0,0,0,0,69,254,105,0,0,0,0,137,252,40,0,0,0,0,0,0,0,0,0,0,0,0,0,0,0,0,0,0,90,254,87,0,0,4,130,249,145,0,0,0,0,0,0,0,0,0,0,0,0,0,0,0,0,0,0,0,113,240,21,0,53,188,251,150,5,0,0,0,0,0,0,0,0,0,0,0,0,0,0,0,0,0,0,0,126,240,127,195,243,238,106,0,0,0,0,0,0,0,0,0,0,0,0,0,0,0,0,0,0,0,0,0,73,236,254,246,161,68,0,0,0,0,0,0,0,0,0,0,0,0,0,0,0,0,0,0,0,0,0,0,0,0,0,0,0,0,0,0,0,0,0,0,0,0,0,0,0,0,0,0,0,0,0,0,0,0,0,0,0,0,0,0,0,0,0,0,0,0,0,0,0,0,0,0,0,0,0,0,0,0,0,0,0,0,0,0,0,0,0,0,0,0,0,0,0,0,0,0,0,0,0,0,0,0,0,0,0
8,0,0,0,0,0,0,0,0,0,0,0,0,0,0,0,0,0,0,0,0,0,0,0,0,0,0,0,0,0,0,0,0,0,0,0,0,0,0,0,0,0,0,0,0,0,0,0,0,0,0,0,0,0,0,0,0,0,0,0,0,0,0,0,0,0,0,0,0,0,0,0,0,0,0,0,0,0,0,0,0,0,0,0,0,0,0,0,0,0,0,0,0,0,0,0,0,0,0,0,0,0,0,0,0,0,0,0,0,0,0,0,0,0,0,0,0,0,0,0,0,0,0,0,0,0,0,0,0,0,0,0,0,0,0,0,0,0,0,0,0,0,0,0,0,0,0,0,0,0,0,0,0,0,0,9,38,94,171,254,254,255,254,134,12,0,0,0,0,0,0,0,0,0,0,0,0,0,0,0,0,0,38,160,253,253,253,253,253,253,253,253,75,0,0,0,0,0,0,0,0,0,0,0,0,0,0,0,2,126,237,253,253,241,69,76,238,117,32,32,10,0,0,0,0,0,0,0,0,0,0,0,0,0,0,7,171,253,253,253,152,50,26,182,253,142,0,0,0,0,0,0,0,0,0,0,0,0,0,0,0,0,0,58,253,253,246,94,41,10,162,241,233,48,0,0,0,0,0,0,0,0,0,0,0,0,0,0,0,0,0,58,253,253,96,10,40,128,245,249,78,0,0,0,0,0,0,0,0,0,0,0,0,0,0,0,0,0,0,56,235,253,104,11,134,248,216,60,0,0,0,0,0,0,0,0,0,0,0,0,0,0,0,0,0,0,0,0,111,253,250,207,253,209,82,0,0,0,0,0,0,0,0,0,0,0,0,0,0,0,0,0,0,0,0,0,13,200,253,253,248,70,0,0,0,0,0,0,0,0,0,0,0,0,0,0,0,0,0,0,0,0,0,26,76,232,253,253,161,0,0,0,0,0,0,0,0,0,0,0,0,0,0,0,0,0,0,0,0,0,0,158,253,253,253,253,234,13,0,0,0,0,0,0,0,0,0,0,0,0,0,0,0,0,0,0,0,0,86,252,249,148,132,253,253,230,44,0,0,0,0,0,0,0,0,0,0,0,0,0,0,0,0,0,30,168,232,246,70,0,6,122,253,253,112,0,0,0,0,0,0,0,0,0,0,0,0,0,0,0,0,30,214,253,253,159,0,0,0,11,210,253,219,21,0,0,0,0,0,0,0,0,0,0,0,0,0,0,0,44,240,253,210,59,0,0,0,6,114,253,251,46,0,0,0,0,0,0,0,0,0,0,0,0,0,0,0,104,253,242,82,0,0,0,5,106,253,248,163,16,0,0,0,0,0,0,0,0,0,0,0,0,0,0,0,95,253,228,26,0,0,36,205,253,253,241,37,0,0,0,0,0,0,0,0,0,0,0,0,0,0,0,0,90,240,253,169,141,208,251,253,253,228,17,0,0,0,0,0,0,0,0,0,0,0,0,0,0,0,0,0,23,231,253,253,253,253,253,249,160,16,0,0,0,0,0,0,0,0,0,0,0,0,0,0,0,0,0,0,0,82,163,253,253,253,170,44,0,0,0,0,0,0,0,0,0,0,0,0,0,0,0,0,0,0,0,0,0,0,0,0,0,0,0,0,0,0,0,0,0,0,0,0,0,0,0,0,0,0,0,0,0,0,0,0,0,0,0,0,0,0,0,0,0,0,0,0,0,0,0,0,0,0,0,0,0,0,0,0,0,0,0,0,0,0,0,0,0,0,0,0,0,0,0,0,0,0,0,0,0,0,0,0,0,0
8,0,0,0,0,0,0,0,0,0,0,0,0,0,0,0,0,0,0,0,0,0,0,0,0,0,0,0,0,0,0,0,0,0,0,0,0,0,0,0,0,0,0,0,0,0,0,0,0,0,0,0,0,0,0,0,0,0,0,0,0,0,0,0,0,0,0,0,0,0,0,0,0,0,0,0,0,0,0,0,0,0,0,0,0,0,0,0,0,0,0,0,0,0,0,0,0,0,0,0,0,0,0,0,0,0,0,0,0,0,0,0,0,0,0,0,0,0,0,0,0,0,0,0,0,0,0,0,48,143,143,249,157,22,0,0,0,0,0,0,0,0,0,0,0,0,0,0,0,0,0,0,0,12,67,162,253,252,252,218,229,226,92,0,0,0,0,0,0,0,0,0,0,0,0,0,0,0,0,0,0,25,224,252,240,153,62,21,29,207,232,190,26,0,0,0,0,0,0,0,0,0,0,0,0,0,0,0,1,111,252,233,57,0,0,2,119,250,251,230,60,0,0,0,0,0,0,0,0,0,0,0,0,0,0,0,4,164,252,128,0,0,0,47,252,252,217,0,0,0,0,0,0,0,0,0,0,0,0,0,0,0,0,0,0,45,252,252,87,0,0,219,252,252,93,0,0,0,0,0,0,0,0,0,0,0,0,0,0,0,0,0,0,72,216,252,117,40,213,251,252,119,2,0,0,0,0,0,0,0,0,0,0,0,0,0,0,0,0,0,0,0,64,247,253,252,252,252,151,22,0,0,0,0,0,0,0,0,0,0,0,0,0,0,0,0,0,0,0,0,0,220,253,252,252,168,23,0,0,0,0,0,0,0,0,0,0,0,0,0,0,0,0,0,0,0,0,0,34,186,253,252,209,6,0,0,0,0,0,0,0,0,0,0,0,0,0,0,0,0,0,0,0,0,0,0,140,253,255,253,210,21,0,0,0,0,0,0,0,0,0,0,0,0,0,0,0,0,0,0,0,0,3,133,233,252,253,252,252,44,0,0,0,0,0,0,0,0,0,0,0,0,0,0,0,0,0,0,0,0,194,252,219,56,210,252,209,6,0,0,0,0,0,0,0,0,0,0,0,0,0,0,0,0,0,0,5,147,251,229,87,2,143,252,252,10,0,0,0,0,0,0,0,0,0,0,0,0,0,0,0,0,0,5,146,252,250,115,0,0,143,252,252,10,0,0,0,0,0,0,0,0,0,0,0,0,0,0,0,0,0,100,252,252,117,0,0,39,182,252,179,7,0,0,0,0,0,0,0,0,0,0,0,0,0,0,0,0,96,251,252,248,21,2,93,226,253,249,42,0,0,0,0,0,0,0,0,0,0,0,0,0,0,0,0,12,217,252,252,179,98,171,252,252,209,106,0,0,0,0,0,0,0,0,0,0,0,0,0,0,0,0,0,46,239,252,252,252,252,252,252,89,0,0,0,0,0,0,0,0,0,0,0,0,0,0,0,0,0,0,0,0,161,252,252,252,252,185,61,5,0,0,0,0,0,0,0,0,0,0,0,0,0,0,0,0,0,0,0,0,0,0,0,0,0,0,0,0,0,0,0,0,0,0,0,0,0,0,0,0,0,0,0,0,0,0,0,0,0,0,0,0,0,0,0,0,0,0,0,0,0,0,0,0,0,0,0,0,0,0,0,0,0,0,0,0,0,0,0,0,0,0,0,0,0,0,0,0,0,0,0,0,0,0,0,0,0,0,0,0,0,0,0,0,0,0,0,0,0,0,0,0,0,0,0,0,0,0,0,0,0,0,0,0,0
5,0,0,0,0,0,0,0,0,0,0,0,0,0,0,0,0,0,0,0,0,0,0,0,0,0,0,0,0,0,0,0,0,0,0,0,0,0,0,0,0,0,0,0,0,0,0,0,0,0,0,0,0,0,0,0,0,0,0,0,0,0,0,0,0,0,0,0,0,0,0,0,0,0,0,0,0,0,0,0,0,0,0,0,0,0,0,0,0,0,0,0,0,0,0,0,0,0,0,0,0,0,0,0,0,0,0,0,0,0,0,0,0,0,0,0,0,0,0,0,0,0,0,0,0,0,0,0,19,45,73,48,14,24,75,151,151,109,0,0,0,0,0,0,0,0,0,0,0,0,0,0,0,0,0,20,199,231,254,254,182,216,254,254,233,76,0,0,0,0,0,0,0,0,0,0,0,0,0,0,0,0,0,45,247,249,139,156,114,72,114,67,8,0,0,0,0,0,0,0,0,0,0,0,0,0,0,0,0,0,0,39,241,170,0,0,0,0,0,0,0,0,0,0,0,0,0,0,0,0,0,0,0,0,0,0,0,0,1,158,254,202,0,0,0,0,0,0,0,0,0,0,0,0,0,0,0,0,0,0,0,0,0,0,0,0,150,254,226,78,0,0,0,0,0,0,0,0,0,0,0,0,0,0,0,0,0,0,0,0,0,0,1,110,250,184,92,16,16,8,0,0,0,0,0,0,0,0,0,0,0,0,0,0,0,0,0,0,0,0,110,254,254,219,180,251,254,208,93,7,0,0,0,0,0,0,0,0,0,0,0,0,0,0,0,0,0,62,250,254,252,228,145,145,145,201,254,116,0,0,0,0,0,0,0,0,0,0,0,0,0,0,0,0,0,59,224,202,73,0,0,0,0,13,210,242,34,0,0,0,0,0,0,0,0,0,0,0,0,0,0,0,0,0,21,0,0,0,0,0,0,0,37,230,66,0,0,0,0,0,0,0,0,0,0,0,0,0,0,0,0,0,0,0,0,0,0,0,0,0,0,229,126,0,0,0,0,0,0,0,0,0,0,0,115,123,0,0,0,0,0,0,0,0,0,0,0,0,0,229,83,0,0,0,0,0,0,0,0,0,0,0,250,249,78,0,0,0,0,0,0,0,0,0,0,0,10,230,73,0,0,0,0,0,0,0,0,0,0,0,181,254,244,106,7,0,0,0,0,0,0,0,0,0,153,234,0,0,0,0,0,0,0,0,0,0,0,0,54,234,254,254,221,47,0,0,0,0,0,0,0,3,188,182,0,0,0,0,0,0,0,0,0,0,0,0,0,39,221,254,254,201,41,68,11,0,0,12,105,182,159,42,0,0,0,0,0,0,0,0,0,0,0,0,0,0,35,217,254,254,240,254,225,219,219,225,254,245,84,0,0,0,0,0,0,0,0,0,0,0,0,0,0,0,0,0,139,237,255,254,254,254,254,254,254,15,0,0,0,0,0,0,0,0,0,0,0,0,0,0,0,0,0,0,0,33,89,72,150,150,150,133,46,3,0,0,0,0,0,0,0,0,0,0,0,0,0,0,0,0,0,0,0,0,0,0,0,0,0,0,0,0,0,0,0,0,0,0,0,0,0,0,0,0,0,0,0,0,0,0,0,0,0,0,0,0,0,0,0,0,0,0,0,0,0,0,0,0,0,0,0,0,0,0,0,0,0,0,0,0,0,0,0,0,0,0,0,0,0,0,0,0,0,0,0,0,0,0,0,0,0,0,0,0,0,0,0,0,0,0,0,0,0,0,0,0,0,0,0,0,0,0,0,0,0
1,0,0,0,0,0,0,0,0,0,0,0,0,0,0,0,0,0,0,0,0,0,0,0,0,0,0,0,0,0,0,0,0,0,0,0,0,0,0,0,0,0,0,0,0,0,0,0,0,0,0,0,0,0,0,0,0,0,0,0,0,0,0,0,0,0,0,0,0,0,0,0,0,0,0,0,0,0,0,0,0,0,0,0,0,0,0,0,0,0,0,0,0,0,0,0,0,0,0,0,0,0,0,0,0,0,0,0,0,0,0,0,0,0,0,0,0,0,0,0,0,0,0,0,0,0,0,0,0,206,255,69,0,0,0,0,0,0,0,0,0,0,0,0,0,0,0,0,0,0,0,0,0,0,0,0,0,166,253,107,0,0,0,0,0,0,0,0,0,0,0,0,0,0,0,0,0,0,0,0,0,0,0,0,17,221,98,2,0,0,0,0,0,0,0,0,0,0,0,0,0,0,0,0,0,0,0,0,0,0,0,0,165,253,23,0,0,0,0,0,0,0,0,0,0,0,0,0,0,0,0,0,0,0,0,0,0,0,0,0,195,253,23,0,0,0,0,0,0,0,0,0,0,0,0,0,0,0,0,0,0,0,0,0,0,0,0,53,247,213,14,0,0,0,0,0,0,0,0,0,0,0,0,0,0,0,0,0,0,0,0,0,0,0,0,63,253,158,0,0,0,0,0,0,0,0,0,0,0,0,0,0,0,0,0,0,0,0,0,0,0,0,4,185,253,158,0,0,0,0,0,0,0,0,0,0,0,0,0,0,0,0,0,0,0,0,0,0,0,0,42,253,253,139,0,0,0,0,0,0,0,0,0,0,0,0,0,0,0,0,0,0,0,0,0,0,0,0,42,253,253,41,0,0,0,0,0,0,0,0,0,0,0,0,0,0,0,0,0,0,0,0,0,0,0,0,78,253,194,10,0,0,0,0,0,0,0,0,0,0,0,0,0,0,0,0,0,0,0,0,0,0,0,0,160,253,132,0,0,0,0,0,0,0,0,0,0,0,0,0,0,0,0,0,0,0,0,0,0,0,0,11,201,253,59,0,0,0,0,0,0,0,0,0,0,0,0,0,0,0,0,0,0,0,0,0,0,0,0,85,253,223,29,0,0,0,0,0,0,0,0,0,0,0,0,0,0,0,0,0,0,0,0,0,0,0,0,142,253,180,0,0,0,0,0,0,0,0,0,0,0,0,0,0,0,0,0,0,0,0,0,0,0,0,4,215,253,76,0,0,0,0,0,0,0,0,0,0,0,0,0,0,0,0,0,0,0,0,0,0,0,0,92,253,253,76,0,0,0,0,0,0,0,0,0,0,0,0,0,0,0,0,0,0,0,0,0,0,0,0,218,253,220,16,0,0,0,0,0,0,0,0,0,0,0,0,0,0,0,0,0,0,0,0,0,0,0,0,243,253,228,101,126,0,0,0,0,0,0,0,0,0,0,0,0,0,0,0,0,0,0,0,0,0,0,0,77,253,253,226,39,0,0,0,0,0,0,0,0,0,0,0,0,0,0,0,0,0,0,0,0,0,0,0,0,0,0,0,0,0,0,0,0,0,0,0,0,0,0,0,0,0,0,0,0,0,0,0,0,0,0,0,0,0,0,0,0,0,0,0,0,0,0,0,0,0,0,0,0,0,0,0,0,0,0,0,0,0,0,0,0,0,0,0,0,0,0,0,0,0,0,0,0,0,0,0,0,0,0,0,0,0,0,0,0,0,0,0,0,0,0,0,0,0,0,0,0,0,0,0,0,0,0,0,0
0,0,0,0,0,0,0,0,0,0,0,0,0,0,0,0,0,0,0,0,0,0,0,0,0,0,0,0,0,0,0,0,0,0,0,0,0,0,0,0,0,0,0,0,0,0,0,0,0,0,0,0,0,0,0,0,0,0,0,0,0,0,0,0,0,0,0,0,0,0,0,0,0,0,0,0,0,0,0,0,0,0,0,0,0,0,0,0,0,0,0,0,0,0,0,0,0,0,0,0,0,0,43,230,130,0,0,0,0,0,0,0,0,0,0,0,0,0,0,0,0,0,0,0,0,0,0,52,235,152,0,144,251,132,0,0,0,0,0,0,0,0,0,0,0,0,0,0,0,0,0,0,0,0,50,241,253,159,0,7,194,228,35,0,0,0,0,0,0,0,0,0,0,0,0,0,0,0,0,0,0,5,172,254,253,47,0,0,145,253,93,0,0,0,0,0,0,0,0,0,0,0,0,0,0,0,0,0,0,49,253,254,132,6,0,0,54,253,199,0,0,0,0,0,0,0,0,0,0,0,0,0,0,0,0,0,49,226,253,229,10,0,0,0,43,236,246,79,0,0,0,0,0,0,0,0,0,0,0,0,0,0,0,7,175,253,232,42,0,0,0,0,0,83,253,107,0,0,0,0,0,0,0,0,0,0,0,0,0,0,0,126,253,252,107,0,0,0,0,0,0,41,253,191,0,0,0,0,0,0,0,0,0,0,0,0,0,4,42,220,252,156,0,0,0,0,0,0,0,41,253,240,0,0,0,0,0,0,0,0,0,0,0,0,0,68,253,253,226,0,0,0,0,0,0,0,0,41,253,240,0,0,0,0,0,0,0,0,0,0,0,0,0,131,254,235,49,0,0,0,0,0,0,0,0,105,255,241,0,0,0,0,0,0,0,0,0,0,0,0,91,223,253,86,0,0,0,0,0,0,0,0,52,249,253,113,0,0,0,0,0,0,0,0,0,0,0,35,229,253,155,8,0,0,0,0,0,0,0,0,54,253,253,107,0,0,0,0,0,0,0,0,0,0,35,144,253,196,11,0,0,0,0,0,0,0,0,22,188,253,230,17,0,0,0,0,0,0,0,0,0,0,108,253,253,151,0,0,0,0,0,0,0,0,57,187,253,253,121,0,0,0,0,0,0,0,0,0,0,0,108,253,253,53,0,0,0,0,0,0,52,104,243,253,242,178,25,0,0,0,0,0,0,0,0,0,0,0,178,253,253,53,0,0,5,41,112,175,249,253,240,177,63,0,0,0,0,0,0,0,0,0,0,0,0,0,108,253,253,180,132,120,170,253,253,255,242,177,64,0,0,0,0,0,0,0,0,0,0,0,0,0,0,0,108,253,253,253,253,253,253,252,240,177,62,0,0,0,0,0,0,0,0,0,0,0,0,0,0,0,0,0,51,240,253,253,253,253,168,114,0,0,0,0,0,0,0,0,0,0,0,0,0,0,0,0,0,0,0,0,0,0,0,0,0,0,0,0,0,0,0,0,0,0,0,0,0,0,0,0,0,0,0,0,0,0,0,0,0,0,0,0,0,0,0,0,0,0,0,0,0,0,0,0,0,0,0,0,0,0,0,0,0,0,0,0,0,0,0,0,0,0,0,0,0,0,0,0,0,0,0,0,0,0,0,0,0,0,0,0,0,0,0,0,0,0,0,0,0,0,0,0,0,0,0,0,0,0,0,0,0,0,0,0,0,0,0,0,0,0,0,0,0,0,0,0,0,0,0,0,0,0,0,0,0,0,0,0,0,0,0,0,0,0,0
6,0,0,0,0,0,0,0,0,0,0,0,0,0,0,0,0,0,0,0,0,0,0,0,0,0,0,0,0,0,0,0,0,0,0,0,0,0,0,0,0,0,0,0,0,0,0,0,0,0,0,0,0,0,0,0,0,0,0,0,0,0,0,0,0,0,0,0,0,0,0,0,0,0,0,0,0,0,0,0,0,0,0,0,0,0,0,0,0,0,0,0,0,0,0,25,201,144,0,0,0,0,0,0,0,0,0,0,0,0,0,0,0,0,0,0,0,0,0,0,0,0,36,227,252,231,0,0,0,0,0,0,0,0,0,0,0,0,0,0,0,0,0,0,0,0,0,0,0,0,158,253,252,178,0,0,0,0,0,0,0,0,0,0,0,0,0,0,0,0,0,0,0,0,0,0,0,43,239,253,252,56,0,0,0,0,0,0,0,0,0,0,0,0,0,0,0,0,0,0,0,0,0,0,0,152,252,253,137,4,0,0,0,0,0,0,0,0,0,0,0,0,0,0,0,0,0,0,0,0,0,0,0,169,253,247,53,0,0,0,0,0,0,0,0,0,0,0,0,0,0,0,0,0,0,0,0,0,0,0,96,232,252,211,0,0,0,0,15,85,85,85,14,0,0,0,0,0,0,0,0,0,0,0,0,0,0,0,127,252,252,115,0,20,92,127,237,252,252,252,236,110,6,0,0,0,0,0,0,0,0,0,0,0,0,0,127,252,252,46,143,246,252,252,253,252,252,252,252,253,89,0,0,0,0,0,0,0,0,0,0,0,0,0,127,252,252,219,252,252,252,252,253,252,252,252,252,253,239,17,0,0,0,0,0,0,0,0,0,0,0,0,128,253,253,254,253,253,236,218,107,27,0,0,0,255,253,127,0,0,0,0,0,0,0,0,0,0,0,0,48,252,252,253,252,122,37,11,0,0,0,0,0,253,252,126,0,0,0,0,0,0,0,0,0,0,0,0,20,245,252,253,122,2,0,0,0,0,0,0,54,253,252,126,0,0,0,0,0,0,0,0,0,0,0,0,0,169,252,225,21,0,0,0,0,0,0,16,186,253,252,100,0,0,0,0,0,0,0,0,0,0,0,0,0,81,252,247,53,0,0,0,0,0,9,186,252,253,217,12,0,0,0,0,0,0,0,0,0,0,0,0,0,27,229,254,183,4,0,0,8,123,201,253,253,212,53,0,0,0,0,0,0,0,0,0,0,0,0,0,0,0,131,253,252,142,85,128,201,252,252,252,217,0,0,0,0,0,0,0,0,0,0,0,0,0,0,0,0,0,9,245,252,252,252,252,253,252,252,194,12,0,0,0,0,0,0,0,0,0,0,0,0,0,0,0,0,0,0,49,211,252,252,252,253,252,167,63,0,0,0,0,0,0,0,0,0,0,0,0,0,0,0,0,0,0,0,0,32,191,252,252,236,112,21,0,0,0,0,0,0,0,0,0,0,0,0,0,0,0,0,0,0,0,0,0,0,0,0,0,0,0,0,0,0,0,0,0,0,0,0,0,0,0,0,0,0,0,0,0,0,0,0,0,0,0,0,0,0,0,0,0,0,0,0,0,0,0,0,0,0,0,0,0,0,0,0,0,0,0,0,0,0,0,0,0,0,0,0,0,0,0,0,0,0,0,0,0,0,0,0,0,0,0,0,0,0,0,0,0,0,0,0,0,0,0,0,0,0,0,0,0,0,0,0,0,0,0,0,0,0,0,0,0,0,0,0,0,0,0,0,0,0,0,0,0,0,0,0,0,0,0,0,0,0
0,0,0,0,0,0,0,0,0,0,0,0,0,0,0,0,0,0,0,0,0,0,0,0,0,0,0,0,0,0,0,0,0,0,0,0,0,0,0,0,0,0,0,0,0,0,0,0,0,0,0,0,0,0,0,0,0,0,0,0,0,0,0,0,0,0,0,0,0,0,0,0,0,0,0,0,0,0,0,0,0,0,0,0,0,0,0,0,0,0,0,0,0,0,0,0,0,0,0,0,0,0,0,0,0,0,0,0,0,0,0,0,0,0,0,0,0,0,0,0,0,0,0,0,0,0,0,185,254,254,254,183,155,38,0,0,0,0,0,0,0,0,0,0,0,0,0,0,0,0,0,0,0,6,178,254,253,253,253,253,253,245,156,45,0,0,0,0,0,0,0,0,0,0,0,0,0,0,0,0,60,173,253,254,253,253,253,253,253,253,253,155,0,0,0,0,0,0,0,0,0,0,0,0,0,0,18,102,239,253,253,254,253,181,173,237,253,253,253,247,64,0,0,0,0,0,0,0,0,0,0,0,0,0,90,253,253,253,253,223,129,6,0,42,165,253,253,250,130,0,0,0,0,0,0,0,0,0,0,0,0,79,236,253,253,253,225,35,0,0,0,0,43,236,253,253,225,0,0,0,0,0,0,0,0,0,0,0,77,237,253,253,249,135,38,0,0,0,0,0,59,228,253,244,38,0,0,0,0,0,0,0,0,0,0,10,218,253,253,253,212,0,0,0,0,0,0,0,103,253,253,248,76,0,0,0,0,0,0,0,0,0,6,103,253,253,253,244,88,0,0,0,0,0,0,4,65,253,253,252,114,0,0,0,0,0,0,0,0,0,178,253,253,253,225,38,0,0,0,0,0,0,0,68,253,253,253,240,0,0,0,0,0,0,0,0,0,0,242,254,254,254,201,0,0,0,0,0,0,0,0,32,220,255,255,241,0,0,0,0,0,0,0,0,0,52,246,253,253,253,73,0,0,0,0,0,0,0,35,146,253,253,253,183,0,0,0,0,0,0,0,0,0,191,253,253,253,73,7,0,0,0,0,0,0,0,201,253,253,253,229,11,0,0,0,0,0,0,0,0,0,121,253,253,253,53,0,0,0,0,0,0,35,201,247,253,253,240,84,0,0,0,0,0,0,0,0,0,0,121,253,253,253,158,0,0,0,40,68,131,223,253,253,253,239,156,0,0,0,0,0,0,0,0,0,0,0,96,251,253,253,236,187,187,187,226,253,254,253,253,253,253,101,0,0,0,0,0,0,0,0,0,0,0,0,0,220,253,253,253,253,253,253,253,253,255,253,253,240,177,21,0,0,0,0,0,0,0,0,0,0,0,0,0,97,250,253,253,253,253,253,253,253,255,242,177,64,0,0,0,0,0,0,0,0,0,0,0,0,0,0,0,0,96,148,240,250,253,252,247,240,241,68,0,0,0,0,0,0,0,0,0,0,0,0,0,0,0,0,0,0,0,0,0,89,120,107,64,0,0,0,0,0,0,0,0,0,0,0,0,0,0,0,0,0,0,0,0,0,0,0,0,0,0,0,0,0,0,0,0,0,0,0,0,0,0,0,0,0,0,0,0,0,0,0,0,0,0,0,0,0,0,0,0,0,0,0,0,0,0,0,0,0,0,0,0,0,0,0,0,0,0,0,0,0,0,0,0,0,0,0,0,0,0,0,0,0,0,0,0,0,0,0,0,0,0,0,0,0,0,0,0,0,0,0,0,0,0,0,0,0,0,0,0,0,0,0,0,0,0,0,0,0,0,0
9,0,0,0,0,0,0,0,0,0,0,0,0,0,0,0,0,0,0,0,0,0,0,0,0,0,0,0,0,0,0,0,0,0,0,0,0,0,0,0,0,0,0,0,0,0,0,0,0,0,0,0,0,0,0,0,0,0,0,0,0,0,0,0,0,0,0,0,0,0,0,0,0,0,0,0,0,0,0,0,0,0,0,0,0,0,0,0,0,0,0,0,0,0,0,0,0,0,0,0,0,0,0,0,0,0,0,0,0,0,0,0,0,0,0,0,0,0,0,0,0,0,0,0,0,0,0,0,0,0,0,0,0,0,0,0,0,0,0,0,0,0,0,0,0,0,0,0,0,0,0,0,0,0,0,0,0,0,0,0,0,0,0,0,0,0,0,0,0,0,0,0,0,0,0,0,0,0,0,0,6,96,240,255,254,122,0,0,0,0,0,0,0,0,0,0,0,0,0,0,0,0,0,0,0,0,0,0,129,226,94,63,153,245,28,0,0,0,0,0,0,0,0,0,0,0,0,0,0,0,0,0,0,0,0,180,184,22,0,0,108,250,36,0,0,0,0,0,0,0,0,0,0,0,0,0,0,0,0,0,0,0,85,196,15,0,0,0,111,223,0,0,0,0,0,0,0,0,0,0,0,0,0,0,0,0,0,0,0,0,173,112,0,0,0,0,191,107,0,0,0,0,0,0,0,0,0,0,0,0,0,0,0,0,0,0,0,0,173,143,0,0,0,29,248,76,32,12,0,0,0,0,0,0,0,0,0,0,0,0,0,0,0,0,0,0,21,204,180,170,108,170,253,227,248,89,0,0,0,0,0,0,0,0,0,0,0,0,0,0,0,0,0,0,0,22,153,159,195,254,178,177,238,20,0,0,0,0,0,0,0,0,0,0,0,0,0,0,0,0,0,0,0,0,0,0,96,233,43,232,117,0,0,0,0,0,0,0,0,0,0,0,0,0,0,0,0,0,0,0,0,0,0,0,169,64,76,246,44,0,0,0,0,0,0,0,0,0,0,0,0,0,0,0,0,0,0,0,0,0,0,0,18,0,206,160,0,0,0,0,0,0,0,0,0,0,0,0,0,0,0,0,0,0,0,0,0,0,0,0,0,37,249,86,0,0,0,0,0,0,0,0,0,0,0,0,0,0,0,0,0,0,0,0,0,0,0,0,0,138,228,10,0,0,0,0,0,0,0,0,0,0,0,0,0,0,0,0,0,0,0,0,0,0,0,0,0,190,174,0,0,0,0,0,0,0,0,0,0,0,0,0,0,0,0,0,0,0,0,0,0,0,0,0,18,254,112,0,0,0,0,0,0,0,0,0,0,0,0,0,0,0,0,0,0,0,0,0,0,0,0,0,130,254,31,0,0,0,0,0,0,0,0,0,0,0,0,0,0,0,0,0,0,0,0,0,0,0,0,10,237,207,4,0,0,0,0,0,0,0,0,0,0,0,0,0,0,0,0,0,0,0,0,0,0,0,0,81,253,74,0,0,0,0,0,0,0,0,0,0,0,0,0,0,0,0,0,0,0,0,0,0,0,0,0,147,253,29,0,0,0,0,0,0,0,0,0,0,0,0,0,0,0,0,0,0,0,0,0,0,0,0,0,129,200,0,0,0,0,0,0,0,0,0,0,0,0,0,0,0,0,0,0,0,0,0,0,0,0,0,0,0,0,0,0,0,0,0,0,0,0,0,0,0,0,0,0,0,0,0,0,0,0,0,0,0,0,0,0,0,0,0,0,0,0,0,0,0,0,0,0,0,0,0,0
6,0,0,0,0,0,0,0,0,0,0,0,0,0,0,0,0,0,0,0,0,0,0,0,0,0,0,0,0,0,0,0,0,0,0,0,0,0,0,0,0,0,0,0,0,0,0,0,0,0,0,0,0,0,0,0,0,0,0,0,0,0,0,0,0,0,0,0,0,0,0,29,170,198,57,0,0,0,0,0,0,0,0,0,0,0,0,0,0,0,0,0,0,0,0,0,0,0,29,255,198,86,0,0,0,0,0,0,0,0,0,0,0,0,0,0,0,0,0,0,0,0,0,0,0,29,255,170,0,0,0,0,0,0,0,0,0,0,0,0,0,0,0,0,0,0,0,0,0,0,0,0,0,255,198,0,0,0,0,0,0,0,0,0,0,0,0,0,0,0,0,0,0,0,0,0,0,0,0,0,170,226,0,0,0,0,0,0,0,0,0,0,0,0,0,0,0,0,0,0,0,0,0,0,0,0,0,29,255,57,0,0,0,0,0,0,0,0,0,0,0,0,0,0,0,0,0,0,0,0,0,0,0,0,0,141,226,0,0,0,0,0,0,0,0,0,0,0,0,0,0,0,0,0,0,0,0,0,0,0,0,0,0,255,141,0,0,0,0,0,0,0,0,0,0,0,0,0,0,0,0,0,0,0,0,0,0,0,0,0,57,255,29,0,0,0,0,0,0,0,0,0,0,0,0,0,0,0,0,0,0,0,0,0,0,0,0,0,141,255,0,0,0,0,0,0,0,0,0,0,0,0,0,0,0,0,0,0,0,0,0,0,0,0,0,0,170,198,0,0,0,0,0,0,0,0,0,0,0,0,0,0,0,0,0,0,0,0,0,0,0,0,0,0,226,170,0,0,0,0,29,86,86,141,29,0,0,0,0,0,0,0,0,0,0,0,0,0,0,0,0,0,198,170,0,0,0,114,226,255,170,198,255,86,0,0,0,0,0,0,0,0,0,0,0,0,0,0,0,0,170,198,0,29,226,198,57,0,0,0,198,170,0,0,0,0,0,0,0,0,0,0,0,0,0,0,0,0,86,255,114,255,114,0,0,0,0,0,141,170,0,0,0,0,0,0,0,0,0,0,0,0,0,0,0,0,0,255,255,29,0,0,0,0,0,0,226,198,0,0,0,0,0,0,0,0,0,0,0,0,0,0,0,0,57,255,255,29,0,0,0,0,0,86,255,57,0,0,0,0,0,0,0,0,0,0,0,0,0,0,0,0,0,29,198,255,86,0,0,0,57,255,170,0,0,0,0,0,0,0,0,0,0,0,0,0,0,0,0,0,0,0,0,198,255,170,170,198,255,141,0,0,0,0,0,0,0,0,0,0,0,0,0,0,0,0,0,0,0,0,0,0,86,170,170,226,114,0,0,0,0,0,0,0,0,0,0,0,0,0,0,0,0,0,0,0,0,0,0,0,0,0,0,0,0,0,0,0,0,0,0,0,0,0,0,0,0,0,0,0,0,0,0,0,0,0,0,0,0,0,0,0,0,0,0,0,0,0,0,0,0,0,0,0,0,0,0,0,0,0,0,0,0,0,0,0,0,0,0,0,0,0,0,0,0,0,0,0,0,0,0,0,0,0,0,0,0,0,0,0,0,0,0,0,0,0,0,0,0,0,0,0,0,0,0,0,0,0,0,0,0,0,0,0,0,0,0,0,0,0,0,0,0,0,0,0,0,0,0,0,0,0,0,0,0,0,0,0,0,0,0,0,0,0,0,0,0,0,0,0,0,0,0,0,0,0,0,0,0,0,0,0,0,0,0
4,0,0,0,0,0,0,0,0,0,0,0,0,0,0,0,0,0,0,0,0,0,0,0,0,0,0,0,0,0,0,0,0,0,0,0,0,0,0,0,0,0,0,0,0,0,0,0,0,0,0,0,0,0,0,0,0,0,0,0,0,0,0,0,0,0,0,0,0,0,0,0,0,0,0,0,0,0,0,0,0,0,0,0,0,0,0,0,0,0,0,0,0,0,0,0,0,0,0,0,0,0,0,0,0,0,0,0,0,0,0,0,0,0,0,0,0,0,0,0,0,0,0,0,0,0,0,0,0,0,170,254,220,25,0,0,0,0,0,0,0,0,0,0,0,0,0,0,0,0,0,20,4,0,0,0,0,0,169,253,253,48,0,0,0,0,0,0,0,0,0,0,0,0,0,0,0,0,46,235,111,0,0,0,0,0,169,253,253,48,0,0,0,0,0,0,0,0,0,0,0,0,0,0,0,0,97,253,156,0,0,0,0,0,169,253,204,16,0,0,0,0,0,0,0,0,0,0,0,0,0,0,0,44,236,253,70,0,0,0,0,27,230,253,180,0,0,0,0,0,0,0,0,0,0,0,0,0,0,0,0,96,253,253,36,0,0,0,0,72,253,253,146,0,0,0,0,0,0,0,0,0,0,0,0,0,0,0,0,182,253,253,36,0,0,0,0,157,253,253,60,0,0,0,0,0,0,0,0,0,0,0,0,0,0,0,42,243,253,253,36,0,0,0,21,240,253,201,9,0,0,0,0,0,0,0,0,0,0,0,0,0,0,0,158,253,253,176,4,0,0,0,25,253,253,193,0,0,0,0,0,0,0,0,0,0,0,0,0,0,0,0,169,253,253,209,122,70,0,0,25,253,253,193,0,99,75,0,0,0,0,0,0,0,0,0,0,0,0,0,170,254,254,254,254,254,138,134,145,254,254,225,226,254,157,0,0,0,0,0,0,0,0,0,0,0,0,21,218,253,253,253,253,253,253,254,253,253,253,253,253,245,84,0,0,0,0,0,0,0,0,0,0,0,0,112,253,253,253,126,142,217,252,254,253,253,253,245,217,87,0,0,0,0,0,0,0,0,0,0,0,0,0,77,253,253,181,16,0,0,81,173,253,253,244,99,0,0,0,0,0,0,0,0,0,0,0,0,0,0,0,28,193,164,17,0,0,0,0,133,253,253,119,0,0,0,0,0,0,0,0,0,0,0,0,0,0,0,0,0,0,0,0,0,0,0,0,133,253,253,84,0,0,0,0,0,0,0,0,0,0,0,0,0,0,0,0,0,0,0,0,0,0,0,0,133,253,253,84,0,0,0,0,0,0,0,0,0,0,0,0,0,0,0,0,0,0,0,0,0,0,0,0,180,253,253,84,0,0,0,0,0,0,0,0,0,0,0,0,0,0,0,0,0,0,0,0,0,0,0,0,254,253,253,84,0,0,0,0,0,0,0,0,0,0,0,0,0,0,0,0,0,0,0,0,0,0,0,0,196,253,236,44,0,0,0,0,0,0,0,0,0,0,0,0,0,0,0,0,0,0,0,0,0,0,0,0,0,0,0,0,0,0,0,0,0,0,0,0,0,0,0,0,0,0,0,0,0,0,0,0,0,0,0,0,0,0,0,0,0,0,0,0,0,0,0,0,0,0,0,0,0,0,0,0,0,0,0,0,0,0,0,0,0,0,0,0,0,0,0,0,0,0,0,0,0,0,0,0,0,0,0,0,0,0,0,0,0,0,0,0,0,0,0,0,0,0,0,0,0,0,0,0,0,0
6,0,0,0,0,0,0,0,0,0,0,0,0,0,0,0,0,0,0,0,0,0,0,0,0,0,0,0,0,0,0,0,0,0,0,0,0,0,0,0,0,0,0,0,0,0,0,0,0,0,0,0,0,0,0,0,0,0,0,0,0,0,0,0,0,0,0,0,64,211,0,0,0,0,0,0,0,0,0,0,0,0,0,0,0,0,0,0,0,0,0,0,0,0,0,0,105,210,0,0,0,0,0,0,0,0,0,0,0,0,0,0,0,0,0,0,0,0,0,0,0,0,0,0,159,117,0,0,0,0,0,0,0,0,0,0,0,0,0,0,0,0,0,0,0,0,0,0,0,0,0,0,219,98,0,0,0,0,0,0,0,0,0,0,0,0,0,0,0,0,0,0,0,0,0,0,0,0,0,4,235,106,0,0,0,0,0,0,0,0,0,0,0,0,0,0,0,0,0,0,0,0,0,0,0,0,0,52,252,50,0,0,0,0,0,0,0,0,0,0,0,0,0,0,0,0,0,0,0,0,0,0,0,0,0,74,240,0,0,0,0,0,0,0,0,0,0,0,0,0,0,0,0,0,0,0,0,0,0,0,0,0,0,35,80,0,0,0,0,0,0,0,0,0,0,0,0,0,0,0,0,0,0,0,0,0,0,0,0,0,0,191,53,0,0,0,0,0,0,0,0,0,0,0,0,0,0,0,0,0,0,0,0,0,0,0,0,0,9,224,96,0,0,0,0,16,38,34,0,0,0,0,0,0,0,0,0,0,0,0,0,0,0,0,0,0,19,254,96,0,0,31,154,233,254,251,128,0,0,0,0,0,0,0,0,0,0,0,0,0,0,0,0,0,71,254,23,0,94,233,254,234,249,254,254,70,0,0,0,0,0,0,0,0,0,0,0,0,0,0,0,0,93,254,22,96,250,254,158,15,37,63,254,92,0,0,0,0,0,0,0,0,0,0,0,0,0,0,0,0,65,254,74,252,218,53,2,0,0,107,254,92,0,0,0,0,0,0,0,0,0,0,0,0,0,0,0,0,19,254,254,232,30,0,0,23,156,252,226,24,0,0,0,0,0,0,0,0,0,0,0,0,0,0,0,0,7,219,254,204,25,89,130,243,254,242,66,0,0,0,0,0,0,0,0,0,0,0,0,0,0,0,0,0,0,200,254,254,254,254,254,254,210,40,0,0,0,0,0,0,0,0,0,0,0,0,0,0,0,0,0,0,0,200,254,254,252,236,173,122,25,0,0,0,0,0,0,0,0,0,0,0,0,0,0,0,0,0,0,0,0,133,254,254,177,0,0,0,0,0,0,0,0,0,0,0,0,0,0,0,0,0,0,0,0,0,0,0,0,7,171,254,177,0,0,0,0,0,0,0,0,0,0,0,0,0,0,0,0,0,0,0,0,0,0,0,0,0,0,0,0,0,0,0,0,0,0,0,0,0,0,0,0,0,0,0,0,0,0,0,0,0,0,0,0,0,0,0,0,0,0,0,0,0,0,0,0,0,0,0,0,0,0,0,0,0,0,0,0,0,0,0,0,0,0,0,0,0,0,0,0,0,0,0,0,0,0,0,0,0,0,0,0,0,0,0,0,0,0,0,0,0,0,0,0,0,0,0,0,0,0,0,0,0,0,0,0,0,0,0,0,0,0,0,0,0,0,0,0,0,0,0,0,0,0,0,0,0,0,0,0,0,0,0,0,0,0,0,0,0,0,0,0,0,0,0,0,0,0,0,0,0,0,0,0,0,0,0,0,0,0,0,0,0,0
6,0,0,0,0,0,0,0,0,0,0,0,0,0,0,0,0,0,0,0,0,0,0,0,0,0,0,0,0,0,0,0,0,0,0,0,0,0,0,0,0,0,0,0,0,0,0,0,0,0,0,0,0,0,0,0,0,0,0,0,0,0,0,0,0,0,0,0,0,0,0,0,0,0,0,0,0,0,0,0,0,0,0,0,0,0,0,0,0,0,0,0,0,0,0,0,0,0,0,0,0,0,129,246,164,0,0,0,0,0,0,0,0,0,0,0,0,0,0,0,0,0,0,0,0,0,13,64,215,231,254,254,247,51,0,0,0,0,0,0,0,0,0,0,0,0,0,0,0,0,0,0,0,9,187,254,254,254,206,88,42,0,0,0,0,0,0,0,0,0,0,0,0,0,0,0,0,0,0,0,0,127,254,254,177,94,0,0,0,0,0,0,0,0,0,0,0,0,0,0,0,0,0,0,0,0,0,0,41,229,236,118,0,0,0,0,0,0,0,0,0,0,0,0,0,0,0,0,0,0,0,0,0,0,0,9,174,254,118,0,0,0,0,0,0,0,0,0,0,0,0,0,0,0,0,0,0,0,0,0,0,0,0,13,220,245,0,0,0,0,0,0,0,0,0,0,0,0,0,0,0,0,0,0,0,0,0,0,0,0,0,47,254,128,0,0,0,0,0,0,0,0,0,0,0,0,0,0,0,0,0,0,0,0,0,0,0,0,0,106,240,26,0,0,0,0,0,0,0,0,0,0,0,0,0,0,0,0,0,0,0,0,0,0,0,0,0,156,213,0,0,0,0,0,0,0,0,0,0,0,0,0,0,0,0,0,0,0,0,0,0,0,0,0,58,250,138,0,0,0,0,0,0,0,0,0,0,0,0,0,0,0,0,0,0,0,0,0,0,0,0,0,70,254,138,0,0,0,0,0,0,0,0,0,0,0,0,0,0,0,0,0,0,0,0,0,0,0,0,0,70,254,46,0,0,0,0,0,0,0,0,0,0,0,0,0,0,0,0,0,0,0,0,0,0,0,0,0,104,254,46,0,13,47,215,164,139,30,0,0,0,0,0,0,0,0,0,0,0,0,0,0,0,0,0,0,70,254,54,51,221,237,254,245,254,161,5,0,0,0,0,0,0,0,0,0,0,0,0,0,0,0,0,0,70,254,188,235,254,169,86,44,221,254,46,0,0,0,0,0,0,0,0,0,0,0,0,0,0,0,0,0,70,254,254,254,127,9,0,0,162,254,46,0,0,0,0,0,0,0,0,0,0,0,0,0,0,0,0,0,7,166,254,254,0,0,22,115,246,211,21,0,0,0,0,0,0,0,0,0,0,0,0,0,0,0,0,0,0,26,224,254,209,125,212,254,172,29,0,0,0,0,0,0,0,0,0,0,0,0,0,0,0,0,0,0,0,0,40,195,255,254,211,128,0,0,0,0,0,0,0,0,0,0,0,0,0,0,0,0,0,0,0,0,0,0,0,0,0,0,0,0,0,0,0,0,0,0,0,0,0,0,0,0,0,0,0,0,0,0,0,0,0,0,0,0,0,0,0,0,0,0,0,0,0,0,0,0,0,0,0,0,0,0,0,0,0,0,0,0,0,0,0,0,0,0,0,0,0,0,0,0,0,0,0,0,0,0,0,0,0,0,0,0,0,0,0,0,0,0,0,0,0,0,0,0,0,0,0,0,0,0,0,0,0,0,0,0,0,0,0,0,0,0,0,0,0,0,0,0,0,0,0,0,0,0,0,0,0,0,0,0,0,0,0
3,0,0,0,0,0,0,0,0,0,0,0,0,0,0,0,0,0,0,0,0,0,0,0,0,0,0,0,0,0,0,0,0,0,0,0,0,0,0,0,0,0,0,0,0,0,0,0,0,0,0,0,0,0,0,0,0,0,0,0,0,0,0,0,0,0,0,0,0,0,0,0,0,0,0,0,0,0,0,0,0,0,0,0,0,0,0,0,0,0,0,0,0,0,0,0,0,0,0,0,0,0,0,0,0,0,0,0,0,0,0,0,0,0,0,0,0,0,0,0,0,0,0,0,0,0,0,0,0,0,0,0,0,0,0,0,0,0,0,0,0,0,0,0,0,0,0,0,0,0,0,0,57,86,170,170,255,57,0,0,0,0,0,0,0,0,0,0,0,0,0,0,0,0,0,141,198,170,255,255,255,255,255,255,226,57,0,0,0,0,0,0,0,0,0,0,0,0,0,0,0,0,0,226,255,255,170,170,170,86,226,255,57,0,0,0,0,0,0,0,0,0,0,0,0,0,0,0,0,0,0,0,0,0,0,0,0,141,255,170,0,0,0,0,0,0,0,0,0,0,0,0,0,0,0,0,0,0,0,0,0,0,0,0,29,226,255,29,0,0,0,0,0,0,0,0,0,0,0,0,0,0,0,0,0,0,0,0,0,0,0,0,170,255,114,0,0,0,0,0,0,0,0,0,0,0,0,0,0,0,0,0,0,0,0,0,0,0,0,29,226,255,57,0,57,141,114,57,0,0,0,0,0,0,0,0,0,0,0,0,0,0,0,0,0,0,0,141,255,198,114,226,255,255,255,255,141,0,0,0,0,0,0,0,0,0,0,0,0,0,0,0,0,0,29,255,255,255,255,226,114,86,86,198,255,114,0,0,0,0,0,0,0,0,0,0,0,0,0,0,0,0,170,255,255,255,141,29,0,0,0,29,255,226,29,0,0,0,0,0,0,0,0,0,0,0,0,0,0,29,255,255,255,86,0,0,0,0,0,0,170,255,86,0,0,0,0,0,0,0,0,0,0,0,0,0,0,86,255,255,86,0,0,0,0,0,0,0,57,255,86,0,0,0,0,0,0,0,0,0,0,0,0,0,0,0,86,29,0,0,0,0,0,0,0,0,0,255,170,0,0,0,0,0,0,0,0,0,0,0,0,0,0,0,0,0,0,0,0,0,0,0,0,0,0,255,198,0,0,0,0,0,0,0,0,0,0,0,0,0,0,0,0,86,170,29,0,0,0,0,0,0,0,255,198,0,0,0,0,0,0,0,0,0,0,0,0,0,0,0,0,141,255,86,0,0,0,0,0,0,114,255,86,0,0,0,0,0,0,0,0,0,0,0,0,0,0,0,0,29,255,141,0,0,0,0,0,0,198,226,29,0,0,0,0,0,0,0,0,0,0,0,0,0,0,0,0,0,170,255,86,0,0,0,29,170,255,114,0,0,0,0,0,0,0,0,0,0,0,0,0,0,0,0,0,0,57,226,255,198,170,170,226,255,170,0,0,0,0,0,0,0,0,0,0,0,0,0,0,0,0,0,0,0,0,29,141,226,255,255,198,114,0,0,0,0,0,0,0,0,0,0,0,0,0,0,0,0,0,0,0,0,0,0,0,0,0,0,0,0,0,0,0,0,0,0,0,0,0,0,0,0,0,0,0,0,0,0,0,0,0,0,0,0,0,0,0,0,0,0,0,0,0,0,0,0,0,0,0,0,0,0,0,0,0,0,0,0,0,0,0,0,0,0,0,0,0,0,0,0,0,0,0,0,0
5,0,0,0,0,0,0,0,0,0,0,0,0,0,0,0,0,0,0,0,0,0,0,0,0,0,0,0,0,0,0,0,0,0,0,0,0,0,0,0,0,0,0,0,0,0,0,0,0,0,0,0,0,0,0,0,0,0,0,0,0,0,0,0,0,0,0,0,0,0,0,0,0,0,0,0,0,0,0,0,0,0,0,0,0,0,0,0,0,0,0,0,0,0,0,0,0,0,0,0,0,0,0,0,0,0,0,0,0,0,0,0,0,0,0,0,0,0,0,0,0,0,0,0,0,0,0,0,0,0,0,0,0,0,0,0,0,0,0,0,0,0,0,0,0,0,0,0,0,0,9,89,89,89,89,101,171,171,171,171,171,171,199,227,147,4,0,0,0,0,0,0,0,0,0,0,0,9,233,254,254,254,254,254,254,254,254,254,254,254,254,254,252,61,0,0,0,0,0,0,0,0,0,0,0,4,119,254,249,214,242,230,158,158,158,158,158,158,158,135,53,0,0,0,0,0,0,0,0,0,0,0,0,1,165,254,113,0,0,0,0,0,0,0,0,0,0,0,0,0,0,0,0,0,0,0,0,0,0,0,0,13,254,254,63,0,0,0,0,0,0,0,0,0,0,0,0,0,0,0,0,0,0,0,0,0,0,0,0,13,254,246,36,0,0,0,0,0,0,0,0,0,0,0,0,0,0,0,0,0,0,0,0,0,0,0,0,78,254,234,0,0,0,0,0,0,0,0,0,0,0,0,0,0,0,0,0,0,0,0,0,0,0,0,0,97,254,234,0,4,8,0,0,0,0,0,0,0,0,0,0,0,0,0,0,0,0,0,0,0,0,0,0,164,254,250,205,211,215,205,205,190,122,41,0,0,0,0,0,0,0,0,0,0,0,0,0,0,0,0,5,217,254,254,254,254,254,254,254,254,254,227,70,0,0,0,0,0,0,0,0,0,0,0,0,0,0,0,9,254,254,251,137,42,42,42,55,140,233,254,226,56,0,0,0,0,0,0,0,0,0,0,0,0,0,0,9,254,254,217,0,0,0,0,0,0,36,221,254,179,0,0,0,0,0,0,0,0,0,0,0,0,0,0,82,254,254,132,0,0,0,0,0,0,0,138,254,246,18,0,0,0,0,0,0,0,0,0,0,0,0,0,16,218,201,8,0,0,0,0,0,0,0,64,254,254,95,0,0,0,0,0,0,0,0,0,0,0,0,0,0,10,7,0,0,0,0,0,0,0,0,55,254,254,105,0,0,0,0,0,0,0,0,0,0,0,0,0,0,4,133,227,109,0,0,0,0,0,0,55,254,254,105,0,0,0,0,0,0,0,0,0,0,0,0,0,0,41,254,254,253,55,0,0,0,0,0,78,254,254,105,0,0,0,0,0,0,0,0,0,0,0,0,0,0,13,254,254,238,45,0,0,0,0,15,200,254,215,12,0,0,0,0,0,0,0,0,0,0,0,0,0,0,5,129,254,254,251,247,207,163,163,236,254,254,165,0,0,0,0,0,0,0,0,0,0,0,0,0,0,0,0,1,73,179,254,254,254,254,254,254,254,188,10,0,0,0,0,0,0,0,0,0,0,0,0,0,0,0,0,0,0,0,0,0,0,0,0,0,0,0,0,0,0,0,0,0,0,0,0,0,0,0,0,0,0,0,0,0,0,0,0,0,0,0,0,0,0,0,0,0,0,0,0,0,0,0,0,0,0,0,0,0,0,0,0,0,0,0,0,0,0,0,0,0,0,0,0,0,0,0,0,0,0,0
3,0,0,0,0,0,0,0,0,0,0,0,0,0,0,0,0,0,0,0,0,0,0,0,0,0,0,0,0,0,0,0,0,0,0,0,0,0,0,0,0,0,0,0,0,0,0,0,0,0,0,0,0,0,0,0,0,0,0,0,0,0,0,0,0,0,0,0,0,0,0,0,0,0,0,0,0,0,0,0,0,0,0,0,0,0,0,0,0,0,0,0,0,0,0,0,0,0,0,0,0,0,0,0,0,0,0,0,0,0,0,0,0,0,0,0,0,0,0,0,0,0,0,0,0,55,134,179,254,254,254,254,61,0,0,0,0,0,0,0,0,0,0,0,0,0,0,0,0,0,5,28,185,250,253,249,233,233,244,253,180,0,0,0,0,0,0,0,0,0,0,0,0,0,0,0,0,31,194,253,253,240,174,98,0,0,100,253,165,0,0,0,0,0,0,0,0,0,0,0,0,0,0,0,37,241,254,253,225,68,0,0,0,0,227,253,98,0,0,0,0,0,0,0,0,0,0,0,0,0,0,0,40,253,254,207,48,0,0,0,0,31,241,253,98,0,0,0,0,0,0,0,0,0,0,0,0,0,0,0,0,0,0,0,0,0,0,0,13,224,254,254,99,0,0,0,0,0,0,0,0,0,0,0,0,0,0,0,0,0,0,0,0,0,0,35,203,253,253,200,15,0,0,0,0,0,0,0,0,0,0,0,0,0,0,0,0,0,0,0,0,43,116,224,253,253,253,155,61,0,0,0,0,0,0,0,0,0,0,0,0,0,0,0,22,40,100,144,234,244,253,254,253,253,253,253,249,89,0,0,0,0,0,0,0,0,0,0,0,0,0,61,226,253,254,253,253,253,253,193,155,155,155,230,254,135,0,0,0,0,0,0,0,0,0,0,0,0,0,61,249,254,255,204,195,105,23,0,0,0,0,99,255,136,0,0,0,0,0,0,0,0,0,0,0,0,0,0,89,99,39,6,0,0,0,0,0,0,0,142,254,218,0,0,0,0,0,0,0,0,0,0,0,0,0,0,0,0,0,0,0,0,0,0,0,0,0,195,254,233,0,0,0,0,0,0,0,0,0,0,0,0,0,0,0,0,0,0,0,0,0,0,0,0,0,195,254,218,0,0,0,0,0,0,0,0,0,0,0,0,0,0,0,0,0,0,0,0,0,0,0,0,0,195,254,135,0,0,0,0,0,0,0,0,0,0,0,0,0,0,0,0,14,141,186,238,194,255,254,254,254,254,255,136,0,0,0,0,0,0,0,0,0,0,0,0,0,0,0,0,186,253,239,180,135,171,253,253,253,253,249,50,0,0,0,0,0,0,0,0,0,0,0,0,0,0,0,68,254,253,131,94,175,224,253,253,253,253,195,0,0,0,0,0,0,0,0,0,0,0,0,0,0,0,0,83,254,253,253,253,253,254,250,183,131,244,90,0,0,0,0,0,0,0,0,0,0,0,0,0,0,0,0,0,155,238,253,253,215,133,54,0,0,45,0,0,0,0,0,0,0,0,0,0,0,0,0,0,0,0,0,0,0,0,0,0,0,0,0,0,0,0,0,0,0,0,0,0,0,0,0,0,0,0,0,0,0,0,0,0,0,0,0,0,0,0,0,0,0,0,0,0,0,0,0,0,0,0,0,0,0,0,0,0,0,0,0,0,0,0,0,0,0,0,0,0,0,0,0,0,0,0,0,0,0,0,0,0,0,0,0,0,0,0,0,0,0,0,0,0,0,0,0,0,0,0,0,0,0,0,0,0,0,0,0
7,0,0,0,0,0,0,0,0,0,0,0,0,0,0,0,0,0,0,0,0,0,0,0,0,0,0,0,0,0,0,0,0,0,0,0,0,0,0,0,0,0,0,0,0,0,0,0,0,0,0,0,0,0,0,0,0,0,0,0,0,0,0,0,0,0,0,0,0,0,0,0,0,0,0,0,0,0,0,0,0,0,0,0,0,0,0,0,0,0,0,0,0,0,0,0,0,0,0,0,0,0,0,0,0,0,0,0,0,0,0,0,0,0,0,0,0,0,0,0,0,0,0,0,0,0,0,0,0,0,0,0,0,0,0,0,0,0,0,0,0,0,0,0,0,0,0,0,0,0,0,0,0,0,0,0,0,0,0,0,0,0,0,0,0,0,0,0,0,0,0,0,0,0,0,0,0,0,0,0,0,0,0,0,0,0,0,0,0,0,0,0,0,0,0,0,0,0,0,0,0,0,0,0,0,0,0,0,0,0,0,0,0,0,0,0,0,0,0,0,0,0,0,0,0,0,0,7,144,253,253,253,253,253,253,253,253,255,253,253,253,253,253,253,161,2,0,0,0,0,0,0,0,0,0,11,242,252,252,252,252,252,252,252,252,253,252,252,252,252,252,252,252,45,2,0,0,0,0,0,0,0,0,0,128,252,252,252,252,252,252,252,252,253,252,252,252,252,252,252,252,184,5,0,0,0,0,0,0,0,0,0,20,211,243,204,204,204,204,204,204,230,224,204,204,204,241,252,252,164,3,0,0,0,0,0,0,0,0,0,0,11,58,0,0,0,0,0,0,38,31,0,0,44,235,252,252,174,4,0,0,0,0,0,0,0,0,0,0,0,0,0,0,0,0,0,0,0,0,0,0,44,235,252,252,143,0,0,0,0,0,0,0,0,0,0,0,0,0,0,0,0,0,0,0,0,0,0,0,50,241,252,252,46,0,0,0,0,0,0,0,0,0,0,0,0,0,0,0,0,0,0,0,0,0,0,0,38,229,252,252,70,0,0,0,0,0,0,0,0,0,0,0,0,0,0,0,0,0,0,0,0,0,0,0,55,247,252,252,34,0,0,0,0,0,0,0,0,0,0,0,0,0,0,0,0,0,0,0,0,0,0,0,32,224,252,252,81,0,0,0,0,0,0,0,0,0,0,0,0,0,0,0,0,0,0,0,0,0,0,0,61,253,253,202,11,0,0,0,0,0,0,0,0,0,0,0,0,0,0,0,0,0,0,0,0,0,0,0,32,224,252,202,11,0,0,0,0,0,0,0,0,0,0,0,0,0,0,0,0,0,0,0,0,0,0,0,61,252,252,155,0,0,0,0,0,0,0,0,0,0,0,0,0,0,0,0,0,0,0,0,0,0,0,0,32,224,252,202,11,0,0,0,0,0,0,0,0,0,0,0,0,0,0,0,0,0,0,0,0,0,0,0,61,252,252,155,0,0,0,0,0,0,0,0,0,0,0,0,0,0,0,0,0,0,0,0,0,0,0,0,96,252,252,202,11,0,0,0,0,0,0,0,0,0,0,0,0,0,0,0,0,0,0,0,0,0,0,0,83,252,252,155,0,0,0,0,0,0,0,0,0,0,0,0,0,0,0,0,0,0,0,0,0,0,0,0,32,224,252,202,11,0,0,0,0,0,0,0,0,0,0,0,0,0,0,0,0,0,0,0,0,0,0,0,61,252,252,155,0,0,0,0,0,0,0,0,0,0,0,0,0,0,0,0,0,0,0,0,0,0,0,0,32,224,252,202,11,0,0,0,0,0,0,0
1,0,0,0,0,0,0,0,0,0,0,0,0,0,0,0,0,0,0,0,0,0,0,0,0,0,0,0,0,0,0,0,0,0,0,0,0,0,0,0,0,0,0,0,0,0,0,0,0,0,0,0,0,0,0,0,0,0,0,0,0,0,0,0,0,0,0,0,0,0,0,0,0,0,0,0,0,0,0,0,0,0,0,0,0,0,0,0,0,0,0,0,0,0,0,0,0,0,0,0,0,0,0,0,0,0,0,0,0,0,0,0,0,0,0,0,0,0,0,0,0,0,0,0,0,0,109,209,43,11,0,0,0,0,0,0,0,0,0,0,0,0,0,0,0,0,0,0,0,0,0,0,0,0,64,252,253,98,0,0,0,0,0,0,0,0,0,0,0,0,0,0,0,0,0,0,0,0,0,0,0,0,6,214,253,175,2,0,0,0,0,0,0,0,0,0,0,0,0,0,0,0,0,0,0,0,0,0,0,0,0,211,253,252,21,0,0,0,0,0,0,0,0,0,0,0,0,0,0,0,0,0,0,0,0,0,0,0,0,211,253,252,109,0,0,0,0,0,0,0,0,0,0,0,0,0,0,0,0,0,0,0,0,0,0,0,38,236,254,253,109,0,0,0,0,0,0,0,0,0,0,0,0,0,0,0,0,0,0,0,0,0,0,0,64,252,253,189,5,0,0,0,0,0,0,0,0,0,0,0,0,0,0,0,0,0,0,0,0,0,0,0,117,252,253,168,0,0,0,0,0,0,0,0,0,0,0,0,0,0,0,0,0,0,0,0,0,0,0,15,225,252,253,168,0,0,0,0,0,0,0,0,0,0,0,0,0,0,0,0,0,0,0,0,0,0,0,22,252,252,253,168,0,0,0,0,0,0,0,0,0,0,0,0,0,0,0,0,0,0,0,0,0,0,0,22,253,253,255,168,0,0,0,0,0,0,0,0,0,0,0,0,0,0,0,0,0,0,0,0,0,0,0,101,252,252,253,168,0,0,0,0,0,0,0,0,0,0,0,0,0,0,0,0,0,0,0,0,0,0,0,224,252,252,253,71,0,0,0,0,0,0,0,0,0,0,0,0,0,0,0,0,0,0,0,0,0,0,0,232,252,252,225,21,0,0,0,0,0,0,0,0,0,0,0,0,0,0,0,0,0,0,0,0,0,0,0,232,252,252,124,0,0,0,0,0,0,0,0,0,0,0,0,0,0,0,0,0,0,0,0,0,0,0,0,171,253,253,107,0,0,0,0,0,0,0,0,0,0,0,0,0,0,0,0,0,0,0,0,0,0,0,0,48,252,252,141,0,0,0,0,0,0,0,0,0,0,0,0,0,0,0,0,0,0,0,0,0,0,0,0,2,167,252,250,67,0,0,0,0,0,0,0,0,0,0,0,0,0,0,0,0,0,0,0,0,0,0,0,0,48,242,253,168,0,0,0,0,0,0,0,0,0,0,0,0,0,0,0,0,0,0,0,0,0,0,0,0,0,124,236,54,0,0,0,0,0,0,0,0,0,0,0,0,0,0,0,0,0,0,0,0,0,0,0,0,0,0,0,0,0,0,0,0,0,0,0,0,0,0,0,0,0,0,0,0,0,0,0,0,0,0,0,0,0,0,0,0,0,0,0,0,0,0,0,0,0,0,0,0,0,0,0,0,0,0,0,0,0,0,0,0,0,0,0,0,0,0,0,0,0,0,0,0,0,0,0,0,0,0,0,0,0,0,0,0,0,0,0,0,0,0,0,0,0,0,0,0,0,0,0,0,0,0,0
9,0,0,0,0,0,0,0,0,0,0,0,0,0,0,0,0,0,0,0,0,0,0,0,0,0,0,0,0,0,0,0,0,0,0,0,0,0,0,0,0,0,0,0,0,0,0,0,0,0,0,0,0,0,0,0,0,0,0,0,0,0,0,0,0,0,0,0,0,0,0,0,0,0,0,0,0,0,0,0,0,0,0,0,0,0,0,0,0,0,0,0,0,0,0,0,0,0,0,0,0,0,0,0,0,0,0,0,0,0,0,0,0,0,0,0,0,0,0,0,0,0,0,0,0,0,0,0,0,0,0,0,0,0,0,0,0,0,0,0,0,0,0,0,0,0,0,0,0,0,0,0,0,29,166,253,153,63,0,0,0,0,0,0,0,0,0,0,0,0,0,0,0,0,0,0,0,0,0,0,151,216,252,252,252,207,144,38,0,0,0,0,0,0,0,0,0,0,0,0,0,0,0,0,0,0,0,104,246,253,252,252,252,253,252,234,22,0,0,0,0,0,0,0,0,0,0,0,0,0,0,0,0,0,26,222,252,253,227,228,252,253,252,252,28,0,0,0,0,0,0,0,0,0,0,0,0,0,0,0,0,0,57,253,253,255,178,229,253,255,253,253,28,0,0,0,0,0,0,0,0,0,0,0,0,0,0,0,0,0,57,252,252,253,252,252,252,253,252,252,28,0,0,0,0,0,0,0,0,0,0,0,0,0,0,0,0,0,57,252,252,253,252,252,252,253,252,252,28,0,0,0,0,0,0,0,0,0,0,0,0,0,0,0,0,0,7,153,252,253,252,252,252,253,252,177,3,0,0,0,0,0,0,0,0,0,0,0,0,0,0,0,0,0,0,0,0,163,113,25,176,254,253,168,0,0,0,0,0,0,0,0,0,0,0,0,0,0,0,0,0,0,0,0,0,0,0,0,150,253,252,168,0,0,0,0,0,0,0,0,0,0,0,0,0,0,0,0,0,0,0,0,0,0,0,0,25,253,252,234,22,0,0,0,0,0,0,0,0,0,0,0,0,0,0,0,0,0,0,0,0,0,0,0,0,253,252,252,28,0,0,0,0,0,0,0,0,0,0,0,0,0,0,0,0,0,0,0,0,0,0,0,0,254,253,253,28,0,0,0,0,0,0,0,0,0,0,0,0,0,0,0,0,0,0,0,0,0,0,0,0,228,252,252,53,0,0,0,0,0,0,0,0,0,0,0,0,0,0,0,0,0,0,0,0,0,0,0,0,141,252,252,139,0,0,0,0,0,0,0,0,0,0,0,0,0,0,0,0,126,200,25,0,0,0,0,0,241,252,252,40,0,0,0,0,0,0,0,0,0,0,0,0,0,0,0,0,79,253,216,91,29,29,66,191,254,253,206,13,0,0,0,0,0,0,0,0,0,0,0,0,0,0,0,0,29,252,252,252,253,252,252,252,253,240,81,0,0,0,0,0,0,0,0,0,0,0,0,0,0,0,0,0,7,81,234,252,253,252,252,252,244,81,0,0,0,0,0,0,0,0,0,0,0,0,0,0,0,0,0,0,0,0,110,240,253,252,252,202,25,0,0,0,0,0,0,0,0,0,0,0,0,0,0,0,0,0,0,0,0,0,0,0,0,0,0,0,0,0,0,0,0,0,0,0,0,0,0,0,0,0,0,0,0,0,0,0,0,0,0,0,0,0,0,0,0,0,0,0,0,0,0,0,0,0,0,0,0,0,0,0,0,0,0,0,0,0,0,0,0,0,0,0,0,0,0,0,0,0,0,0,0,0,0,0
8,0,0,0,0,0,0,0,0,0,0,0,0,0,0,0,0,0,0,0,0,0,0,0,0,0,0,0,0,0,0,0,0,0,0,0,0,0,0,0,0,0,0,0,0,0,0,0,0,0,0,0,0,0,0,0,0,0,0,0,0,0,0,0,0,0,0,0,0,0,0,0,0,0,0,0,0,0,0,0,0,0,0,0,0,0,0,0,0,0,0,0,0,0,0,0,0,0,0,0,0,0,0,0,0,0,0,0,0,0,0,0,0,0,0,0,0,0,0,0,0,0,0,0,0,0,0,0,0,0,0,0,0,0,0,0,0,0,0,0,0,0,0,0,0,0,0,0,0,0,0,0,0,0,0,0,0,59,139,159,247,254,222,65,0,0,0,0,0,0,0,0,0,0,0,0,0,0,0,0,0,9,84,131,191,250,253,253,253,253,253,193,14,0,0,0,0,0,0,0,0,0,0,0,0,0,0,5,76,171,253,253,254,248,247,253,253,253,253,30,0,0,0,0,0,0,0,0,0,0,0,0,0,0,42,189,253,253,216,142,85,41,104,253,253,253,196,3,0,0,0,0,0,0,0,0,0,0,0,0,2,111,238,253,237,150,23,0,0,0,11,112,243,253,81,0,0,0,0,0,0,0,0,0,0,0,0,3,132,253,253,195,59,0,0,0,0,0,0,104,249,230,14,0,0,0,0,0,0,0,0,0,0,0,0,38,253,253,188,14,0,0,0,0,0,0,7,228,253,74,0,0,0,0,0,0,0,0,0,0,0,0,0,38,253,253,195,109,17,0,0,0,0,9,168,253,204,19,0,0,0,0,0,0,0,0,0,0,0,0,0,20,170,253,253,253,227,160,123,53,53,176,253,244,30,0,0,0,0,0,0,0,0,0,0,0,0,0,0,0,3,93,176,253,253,253,253,253,254,253,253,233,49,0,0,0,0,0,0,0,0,0,0,0,0,0,0,0,0,0,0,7,95,189,254,254,255,219,239,254,236,54,0,0,0,0,0,0,0,0,0,0,0,0,0,0,0,0,0,31,105,238,253,239,98,14,25,209,253,189,0,0,0,0,0,0,0,0,0,0,0,0,0,0,1,38,155,243,253,188,105,35,0,0,0,165,253,234,0,0,0,0,0,0,0,0,0,0,0,0,0,0,38,253,253,253,168,3,0,0,0,0,0,76,253,234,0,0,0,0,0,0,0,0,0,0,0,0,0,21,221,253,244,88,6,0,0,0,0,0,0,93,253,234,0,0,0,0,0,0,0,0,0,0,0,0,0,38,253,253,60,0,0,0,0,0,0,0,0,169,253,192,0,0,0,0,0,0,0,0,0,0,0,0,0,38,253,253,211,102,25,0,0,0,0,0,7,228,253,109,0,0,0,0,0,0,0,0,0,0,0,0,0,2,86,196,249,253,247,188,150,150,92,57,99,253,253,47,0,0,0,0,0,0,0,0,0,0,0,0,0,0,0,0,87,137,224,224,238,253,254,253,253,253,156,7,0,0,0,0,0,0,0,0,0,0,0,0,0,0,0,0,0,0,0,0,32,100,184,218,176,65,5,0,0,0,0,0,0,0,0,0,0,0,0,0,0,0,0,0,0,0,0,0,0,0,0,0,0,0,0,0,0,0,0,0,0,0,0,0,0,0,0,0,0,0,0,0,0,0,0,0,0,0,0,0,0,0,0,0,0,0,0,0,0,0,0,0,0,0,0,0,0,0,0,0,0,0,0,0,0,0,0,0,0,0,0,0,0,0,0,0,0,0,0
1,0,0,0,0,0,0,0,0,0,0,0,0,0,0,0,0,0,0,0,0,0,0,0,0,0,0,0,0,0,0,0,0,0,0,0,0,0,0,0,0,0,0,0,0,0,0,0,0,0,0,0,0,0,0,0,0,0,0,0,0,0,0,0,0,0,0,0,0,0,0,0,0,0,0,0,0,0,0,0,0,0,0,0,0,0,0,0,0,0,0,0,0,0,0,0,0,0,0,0,0,0,0,0,0,0,0,0,0,0,0,0,0,0,0,0,0,0,0,0,0,0,0,0,0,0,0,0,0,92,255,130,0,0,0,0,0,0,0,0,0,0,0,0,0,0,0,0,0,0,0,0,0,0,0,0,19,198,253,129,0,0,0,0,0,0,0,0,0,0,0,0,0,0,0,0,0,0,0,0,0,0,0,0,49,253,253,129,0,0,0,0,0,0,0,0,0,0,0,0,0,0,0,0,0,0,0,0,0,0,0,0,153,253,248,31,0,0,0,0,0,0,0,0,0,0,0,0,0,0,0,0,0,0,0,0,0,0,0,0,186,253,246,0,0,0,0,0,0,0,0,0,0,0,0,0,0,0,0,0,0,0,0,0,0,0,0,42,226,252,158,0,0,0,0,0,0,0,0,0,0,0,0,0,0,0,0,0,0,0,0,0,0,0,0,140,253,226,0,0,0,0,0,0,0,0,0,0,0,0,0,0,0,0,0,0,0,0,0,0,0,0,39,227,253,226,0,0,0,0,0,0,0,0,0,0,0,0,0,0,0,0,0,0,0,0,0,0,0,0,90,253,253,103,0,0,0,0,0,0,0,0,0,0,0,0,0,0,0,0,0,0,0,0,0,0,0,0,128,253,214,17,0,0,0,0,0,0,0,0,0,0,0,0,0,0,0,0,0,0,0,0,0,0,0,0,227,253,205,0,0,0,0,0,0,0,0,0,0,0,0,0,0,0,0,0,0,0,0,0,0,0,0,0,227,253,116,0,0,0,0,0,0,0,0,0,0,0,0,0,0,0,0,0,0,0,0,0,0,0,0,63,242,253,68,0,0,0,0,0,0,0,0,0,0,0,0,0,0,0,0,0,0,0,0,0,0,0,0,177,253,253,68,0,0,0,0,0,0,0,0,0,0,0,0,0,0,0,0,0,0,0,0,0,0,0,0,248,253,225,41,0,0,0,0,0,0,0,0,0,0,0,0,0,0,0,0,0,0,0,0,0,0,0,0,248,253,184,0,0,0,0,0,0,0,0,0,0,0,0,0,0,0,0,0,0,0,0,0,0,0,0,104,252,253,150,0,0,0,0,0,0,0,0,0,0,0,0,0,0,0,0,0,0,0,0,0,0,0,0,130,253,239,40,0,0,0,0,0,0,0,0,0,0,0,0,0,0,0,0,0,0,0,0,0,0,0,0,130,253,164,0,0,0,0,0,0,0,0,0,0,0,0,0,0,0,0,0,0,0,0,0,0,0,0,0,130,253,164,0,0,0,0,0,0,0,0,0,0,0,0,0,0,0,0,0,0,0,0,0,0,0,0,0,0,0,0,0,0,0,0,0,0,0,0,0,0,0,0,0,0,0,0,0,0,0,0,0,0,0,0,0,0,0,0,0,0,0,0,0,0,0,0,0,0,0,0,0,0,0,0,0,0,0,0,0,0,0,0,0,0,0,0,0,0,0,0,0,0,0,0,0,0,0,0,0,0,0,0,0,0,0,0,0,0,0,0,0,0,0,0,0,0,0,0,0,0,0,0,0,0,0,0,0,0
4,0,0,0,0,0,0,0,0,0,0,0,0,0,0,0,0,0,0,0,0,0,0,0,0,0,0,0,0,0,0,0,0,0,0,0,0,0,0,0,0,0,0,0,0,0,0,0,0,0,0,0,0,0,0,0,0,0,0,0,0,0,0,0,0,0,0,0,0,0,0,0,0,0,0,0,0,0,0,0,0,0,0,0,0,0,0,0,0,0,0,0,0,0,0,0,0,0,0,0,0,0,0,0,0,0,0,0,0,0,0,0,0,0,0,0,0,0,0,0,0,0,0,0,0,0,0,0,0,0,0,0,0,0,0,0,0,0,0,0,0,0,0,0,0,0,0,0,0,0,0,0,0,0,0,0,0,0,0,0,0,0,0,0,0,0,0,0,0,0,0,0,0,0,0,0,0,0,152,254,144,0,0,0,0,0,0,0,221,118,0,0,0,0,0,0,0,0,0,0,0,0,0,0,0,14,190,253,143,0,0,0,0,0,0,96,251,215,29,0,0,0,0,0,0,0,0,0,0,0,0,0,0,76,253,253,143,0,0,0,0,0,0,219,253,253,75,0,0,0,0,0,0,0,0,0,0,0,0,0,0,172,253,253,143,0,0,0,0,0,0,241,253,253,75,0,0,0,0,0,0,0,0,0,0,0,0,0,38,227,253,253,125,0,0,0,0,0,17,242,253,245,65,0,0,0,0,0,0,0,0,0,0,0,0,5,140,253,253,246,6,0,0,0,0,0,125,253,253,191,0,0,0,0,0,0,0,0,0,0,0,0,0,76,253,253,246,60,0,0,0,0,0,75,190,253,253,121,0,0,0,0,0,0,0,0,0,0,0,0,0,76,253,253,245,54,0,0,30,111,111,192,253,253,172,2,0,0,0,0,0,0,0,0,0,0,0,0,0,199,253,253,253,240,227,227,234,253,253,253,253,253,170,0,0,0,0,0,0,0,0,0,0,0,0,0,0,213,253,253,253,253,253,253,253,253,253,253,253,253,59,0,0,0,0,0,0,0,0,0,0,0,0,0,0,173,205,205,208,253,232,205,205,214,253,253,253,177,9,0,0,0,0,0,0,0,0,0,0,0,0,0,0,0,0,0,5,89,50,0,0,49,253,253,253,61,0,0,0,0,0,0,0,0,0,0,0,0,0,0,0,0,0,0,0,0,0,0,0,49,253,253,253,13,0,0,0,0,0,0,0,0,0,0,0,0,0,0,0,0,0,0,0,0,0,0,0,116,253,253,253,13,0,0,0,0,0,0,0,0,0,0,0,0,0,0,0,0,0,0,0,0,0,0,29,213,253,253,135,1,0,0,0,0,0,0,0,0,0,0,0,0,0,0,0,0,0,0,0,0,0,0,69,253,253,251,88,0,0,0,0,0,0,0,0,0,0,0,0,0,0,0,0,0,0,0,0,0,0,0,177,253,253,138,0,0,0,0,0,0,0,0,0,0,0,0,0,0,0,0,0,0,0,0,0,0,0,0,206,253,253,109,0,0,0,0,0,0,0,0,0,0,0,0,0,0,0,0,0,0,0,0,0,0,0,0,206,253,225,41,0,0,0,0,0,0,0,0,0,0,0,0,0,0,0,0,0,0,0,0,0,0,0,0,206,227,41,0,0,0,0,0,0,0,0,0,0,0,0,0,0,0,0,0,0,0,0,0,0,0,0,0,0,0,0,0,0,0,0,0,0,0,0,0,0,0,0,0,0,0,0,0,0,0,0,0,0,0,0,0,0,0,0,0,0,0,0,0,0,0,0,0,0,0,0
0,0,0,0,0,0,0,0,0,0,0,0,0,0,0,0,0,0,0,0,0,0,0,0,0,0,0,0,0,0,0,0,0,0,0,0,0,0,0,0,0,0,0,0,0,0,0,0,0,0,0,0,0,0,0,0,0,0,0,0,0,0,0,0,0,0,0,0,0,0,0,0,0,0,0,0,0,0,0,0,0,0,0,0,0,0,0,0,0,0,0,0,0,0,0,0,0,0,0,0,0,0,0,0,0,0,0,0,0,0,0,0,0,0,0,0,0,0,0,0,0,0,0,0,0,0,0,85,254,255,245,101,76,0,0,0,0,0,0,0,0,0,0,0,0,0,0,0,0,0,0,0,0,0,48,223,253,253,253,253,202,47,27,0,0,0,0,0,0,0,0,0,0,0,0,0,0,0,0,0,0,0,0,177,253,253,253,253,253,253,207,26,0,0,0,0,0,0,0,0,0,0,0,0,0,0,0,0,0,0,226,251,253,185,7,120,253,253,253,45,0,0,0,0,0,0,0,0,0,0,0,0,0,0,0,0,48,193,248,249,214,62,0,28,225,253,253,69,0,0,0,0,0,0,0,0,0,0,0,0,0,0,0,47,222,253,253,230,0,0,0,0,131,253,253,199,0,0,0,0,0,0,0,0,0,0,0,0,0,37,239,244,253,253,128,13,0,0,0,0,207,253,253,54,0,0,0,0,0,0,0,0,0,0,0,0,0,58,253,253,253,157,6,0,0,0,0,0,216,253,253,45,0,0,0,0,0,0,0,0,0,0,0,0,49,224,253,253,237,59,0,0,0,0,0,0,216,253,253,45,0,0,0,0,0,0,0,0,0,0,0,0,234,253,253,227,61,0,0,0,0,0,0,36,227,253,253,45,0,0,0,0,0,0,0,0,0,0,0,103,251,253,253,154,0,0,0,0,0,0,11,212,253,253,243,41,0,0,0,0,0,0,0,0,0,0,0,146,253,253,253,14,0,0,0,0,0,0,16,253,253,253,198,22,0,0,0,0,0,0,0,0,0,0,41,241,253,253,130,2,0,0,0,0,0,0,58,253,253,253,223,33,0,0,0,0,0,0,0,0,0,0,47,253,253,253,115,0,0,0,0,0,0,57,225,253,253,238,48,0,0,0,0,0,0,0,0,0,0,0,47,253,253,235,63,0,0,0,0,11,116,237,253,253,225,50,0,0,0,0,0,0,0,0,0,0,0,0,85,253,253,238,70,21,81,216,216,219,253,253,249,121,29,0,0,0,0,0,0,0,0,0,0,0,0,0,200,253,253,239,162,192,253,253,253,253,253,246,136,0,0,0,0,0,0,0,0,0,0,0,0,0,0,0,200,253,253,253,253,253,253,253,253,253,200,17,0,0,0,0,0,0,0,0,0,0,0,0,0,0,0,0,64,199,252,253,253,253,253,225,199,91,23,0,0,0,0,0,0,0,0,0,0,0,0,0,0,0,0,0,0,0,97,123,253,201,99,48,0,0,0,0,0,0,0,0,0,0,0,0,0,0,0,0,0,0,0,0,0,0,0,0,0,0,0,0,0,0,0,0,0,0,0,0,0,0,0,0,0,0,0,0,0,0,0,0,0,0,0,0,0,0,0,0,0,0,0,0,0,0,0,0,0,0,0,0,0,0,0,0,0,0,0,0,0,0,0,0,0,0,0,0,0,0,0,0,0,0,0,0,0,0,0,0,0,0,0,0,0,0,0,0,0,0,0,0,0,0,0,0,0,0,0,0,0,0,0,0,0,0,0,0,0,0,0
3,0,0,0,0,0,0,0,0,0,0,0,0,0,0,0,0,0,0,0,0,0,0,0,0,0,0,0,0,0,0,0,0,0,0,0,0,0,0,0,0,0,0,0,0,0,0,0,0,0,0,0,0,0,0,0,0,0,0,0,0,0,0,0,0,0,0,0,0,0,0,0,0,0,0,0,0,0,0,0,0,0,0,0,0,0,0,0,0,0,0,0,0,0,0,0,0,0,0,0,0,0,0,0,0,0,0,0,0,0,0,0,0,0,0,0,0,0,0,0,0,0,0,0,0,0,0,0,0,0,0,0,0,0,0,0,0,0,0,0,0,0,0,0,0,0,0,0,0,0,0,0,2,56,116,174,255,244,93,0,0,0,0,0,0,0,0,0,0,0,0,0,0,0,0,0,0,0,0,37,153,253,225,196,113,146,205,0,0,0,0,0,0,0,0,0,0,0,0,0,0,0,0,0,0,0,144,254,207,87,6,0,0,112,205,0,0,0,0,0,0,0,0,0,0,0,0,0,0,0,0,0,12,203,251,81,8,0,0,0,59,236,117,0,0,0,0,0,0,0,0,0,0,0,0,0,0,0,0,0,172,233,50,0,0,0,0,25,170,208,18,0,0,0,0,0,0,0,0,0,0,0,0,0,0,0,0,0,202,214,6,0,0,0,4,116,244,65,0,0,0,0,0,0,0,0,0,0,0,0,0,0,0,0,0,0,47,118,9,0,0,6,113,243,65,0,0,0,0,0,0,0,0,0,0,0,0,0,0,0,0,0,0,0,0,0,0,0,46,175,253,213,128,87,0,0,0,0,0,0,0,0,0,0,0,0,0,0,0,0,0,0,0,0,0,124,245,241,189,189,190,233,222,132,24,0,0,0,0,0,0,0,0,0,0,0,0,0,0,0,0,0,100,254,183,27,0,0,0,12,80,164,239,129,20,0,0,0,0,0,0,0,0,0,0,0,0,0,0,0,25,75,0,0,0,0,0,0,0,0,100,220,209,18,0,0,0,0,0,0,0,0,0,0,0,0,0,0,0,0,0,0,0,0,0,0,0,0,0,29,225,82,0,0,0,0,0,0,0,0,0,0,0,0,0,0,0,0,0,0,0,0,0,0,0,0,0,0,190,127,0,0,0,0,0,0,0,0,0,0,0,0,0,0,0,0,0,0,0,0,0,0,0,0,0,34,245,57,0,0,0,0,0,0,0,0,0,0,0,0,0,0,0,25,0,0,0,0,0,0,0,0,25,219,208,18,0,0,0,0,0,0,0,0,0,0,0,0,0,0,30,184,0,0,0,0,0,0,0,59,219,184,20,0,0,0,0,0,0,0,0,0,0,0,0,0,0,0,139,148,0,0,0,0,0,24,151,245,173,20,0,0,0,0,0,0,0,0,0,0,0,0,0,0,0,0,223,159,0,0,0,70,182,227,174,82,3,0,0,0,0,0,0,0,0,0,0,0,0,0,0,0,0,0,148,252,212,182,222,251,210,96,6,0,0,0,0,0,0,0,0,0,0,0,0,0,0,0,0,0,0,0,5,100,208,188,154,70,5,0,0,0,0,0,0,0,0,0,0,0,0,0,0,0,0,0,0,0,0,0,0,0,0,0,0,0,0,0,0,0,0,0,0,0,0,0,0,0,0,0,0,0,0,0,0,0,0,0,0,0,0,0,0,0,0,0,0,0,0,0,0,0,0,0,0,0,0,0,0,0,0,0,0,0,0,0,0,0,0,0,0,0,0,0,0,0,0,0,0,0,0,0,0,0,0
1,0,0,0,0,0,0,0,0,0,0,0,0,0,0,0,0,0,0,0,0,0,0,0,0,0,0,0,0,0,0,0,0,0,0,0,0,0,0,0,0,0,0,0,0,0,0,0,0,0,0,0,0,0,0,0,0,0,0,0,0,0,0,0,0,0,0,0,0,0,0,0,0,0,0,0,0,0,0,0,0,0,0,0,0,0,0,0,0,0,0,0,0,0,0,0,0,0,0,0,0,0,0,0,0,0,0,0,0,0,0,0,0,0,0,0,0,0,0,0,0,0,0,0,0,0,0,0,0,0,0,0,0,0,0,0,0,0,0,0,0,0,0,0,0,0,0,0,0,0,0,0,0,0,0,0,255,253,133,19,0,0,0,0,0,0,0,0,0,0,0,0,0,0,0,0,0,0,0,0,0,0,0,128,253,252,252,165,0,0,0,0,0,0,0,0,0,0,0,0,0,0,0,0,0,0,0,0,0,0,62,240,253,252,252,172,0,0,0,0,0,0,0,0,0,0,0,0,0,0,0,0,0,0,0,0,0,0,146,252,253,252,252,60,0,0,0,0,0,0,0,0,0,0,0,0,0,0,0,0,0,0,0,0,0,8,174,252,253,252,252,39,0,0,0,0,0,0,0,0,0,0,0,0,0,0,0,0,0,0,0,0,0,27,252,252,253,252,183,11,0,0,0,0,0,0,0,0,0,0,0,0,0,0,0,0,0,0,0,0,0,119,252,252,253,252,158,0,0,0,0,0,0,0,0,0,0,0,0,0,0,0,0,0,0,0,0,0,26,218,252,252,253,252,75,0,0,0,0,0,0,0,0,0,0,0,0,0,0,0,0,0,0,0,0,0,41,252,252,252,253,190,11,0,0,0,0,0,0,0,0,0,0,0,0,0,0,0,0,0,0,0,0,0,41,252,252,252,253,145,0,0,0,0,0,0,0,0,0,0,0,0,0,0,0,0,0,0,0,0,0,0,41,253,253,253,255,146,0,0,0,0,0,0,0,0,0,0,0,0,0,0,0,0,0,0,0,0,0,0,41,252,252,252,253,145,0,0,0,0,0,0,0,0,0,0,0,0,0,0,0,0,0,0,0,0,0,0,41,252,252,252,253,26,0,0,0,0,0,0,0,0,0,0,0,0,0,0,0,0,0,0,0,0,0,0,83,252,252,252,253,13,0,0,0,0,0,0,0,0,0,0,0,0,0,0,0,0,0,0,0,0,0,0,173,252,252,252,123,3,0,0,0,0,0,0,0,0,0,0,0,0,0,0,0,0,0,0,0,0,0,0,173,252,252,252,71,0,0,0,0,0,0,0,0,0,0,0,0,0,0,0,0,0,0,0,0,0,0,0,173,252,252,252,0,0,0,0,0,0,0,0,0,0,0,0,0,0,0,0,0,0,0,0,0,0,0,0,173,252,252,252,0,0,0,0,0,0,0,0,0,0,0,0,0,0,0,0,0,0,0,0,0,0,0,0,166,252,252,252,0,0,0,0,0,0,0,0,0,0,0,0,0,0,0,0,0,0,0,0,0,0,0,0,19,203,252,181,0,0,0,0,0,0,0,0,0,0,0,0,0,0,0,0,0,0,0,0,0,0,0,0,0,0,0,0,0,0,0,0,0,0,0,0,0,0,0,0,0,0,0,0,0,0,0,0,0,0,0,0,0,0,0,0,0,0,0,0,0,0,0,0,0,0,0,0,0,0,0,0,0,0,0,0,0,0,0,0,0,0,0,0,0,0,0,0,0,0,0,0,0,0,0,0,0
0,0,0,0,0,0,0,0,0,0,0,0,0,0,0,0,0,0,0,0,0,0,0,0,0,0,0,0,0,0,0,0,0,0,0,0,0,0,0,0,0,0,0,0,0,0,0,0,0,0,0,0,0,0,0,0,0,0,0,0,0,0,0,0,0,0,0,0,0,0,0,0,0,0,0,0,0,0,0,0,0,0,0,0,0,0,0,0,0,0,0,0,0,0,0,0,0,0,0,0,0,0,0,0,0,0,0,0,0,0,0,0,0,0,0,0,0,0,0,0,0,0,0,0,0,0,0,0,0,0,0,0,0,0,0,0,0,0,0,0,0,0,0,0,0,0,0,0,0,0,0,0,0,0,57,114,86,198,255,198,86,0,0,0,0,0,0,0,0,0,0,0,0,0,0,0,0,0,0,0,29,198,255,255,255,255,255,255,226,0,0,0,0,0,0,0,0,0,0,0,0,0,0,0,0,0,0,0,198,255,255,255,255,255,255,255,114,0,0,0,0,0,0,0,0,0,0,0,0,0,0,0,0,0,0,170,255,255,255,255,255,141,170,255,170,141,0,0,0,0,0,0,0,0,0,0,0,0,0,0,0,0,29,255,255,114,226,226,255,114,0,198,255,255,29,0,0,0,0,0,0,0,0,0,0,0,0,0,0,0,198,255,255,0,86,29,226,141,0,57,255,255,0,0,0,0,0,0,0,0,0,0,0,0,0,0,0,0,255,255,114,0,0,0,114,255,0,0,255,255,86,0,0,0,0,0,0,0,0,0,0,0,0,0,0,57,255,255,29,0,0,0,0,114,0,0,141,255,170,0,0,0,0,0,0,0,0,0,0,0,0,0,0,57,255,226,0,0,0,0,0,0,0,0,86,255,226,0,0,0,0,0,0,0,0,0,0,0,0,0,0,141,255,170,0,0,0,0,0,0,0,0,86,255,57,0,0,0,0,0,0,0,0,0,0,0,0,0,0,226,255,57,0,0,0,0,0,0,0,0,86,255,86,0,0,0,0,0,0,0,0,0,0,0,0,0,0,255,255,0,0,0,0,0,0,0,0,0,114,255,141,0,0,0,0,0,0,0,0,0,0,0,0,0,0,255,255,0,0,0,0,0,0,0,0,0,170,255,114,0,0,0,0,0,0,0,0,0,0,0,0,0,0,255,255,29,0,0,0,0,0,0,0,0,255,255,86,0,0,0,0,0,0,0,0,0,0,0,0,0,0,226,255,141,0,0,0,0,0,0,0,141,255,255,0,0,0,0,0,0,0,0,0,0,0,0,0,0,0,86,255,255,0,0,0,0,0,0,86,255,255,198,0,0,0,0,0,0,0,0,0,0,0,0,0,0,0,0,255,255,0,0,0,0,0,114,255,255,198,0,0,0,0,0,0,0,0,0,0,0,0,0,0,0,0,0,255,255,114,0,0,0,170,255,255,170,0,0,0,0,0,0,0,0,0,0,0,0,0,0,0,0,0,0,86,255,255,114,29,255,255,255,198,0,0,0,0,0,0,0,0,0,0,0,0,0,0,0,0,0,0,0,29,255,255,255,255,255,255,226,86,0,0,0,0,0,0,0,0,0,0,0,0,0,0,0,0,0,0,0,0,0,0,0,0,0,0,0,0,0,0,0,0,0,0,0,0,0,0,0,0,0,0,0,0,0,0,0,0,0,0,0,0,0,0,0,0,0,0,0,0,0,0,0,0,0,0,0,0,0,0,0,0,0,0,0,0,0,0,0,0,0,0,0,0,0,0,0,0,0,0,0,0,0,0
0,0,0,0,0,0,0,0,0,0,0,0,0,0,0,0,0,0,0,0,0,0,0,0,0,0,0,0,0,0,0,0,0,0,0,0,0,0,0,0,0,0,0,0,0,0,0,0,0,0,0,0,0,0,0,0,0,0,0,0,0,0,0,0,0,0,0,0,0,0,0,0,0,0,0,0,0,0,0,0,0,0,0,0,0,0,0,0,0,0,0,0,0,0,0,0,0,0,0,0,0,0,0,0,0,0,0,0,0,0,0,0,0,0,0,0,0,0,0,0,0,0,0,0,0,0,5,200,74,0,0,0,0,0,0,0,0,0,0,0,0,0,0,0,0,0,0,0,0,0,0,0,0,0,90,255,191,31,0,0,0,0,0,0,0,0,0,0,0,0,0,0,0,0,0,0,0,0,0,0,0,32,231,255,254,215,31,0,0,0,0,0,0,0,0,0,0,0,0,0,0,0,0,0,0,0,0,0,0,64,254,201,145,242,155,0,0,0,0,0,0,0,0,0,0,0,0,0,0,0,0,0,0,0,0,0,0,138,254,85,0,157,250,40,0,0,0,0,0,0,0,0,0,0,0,0,0,0,0,0,0,0,0,0,33,245,175,0,0,128,254,96,0,0,0,0,0,0,0,0,0,0,0,0,0,0,0,0,0,0,0,0,108,254,139,0,0,68,254,95,0,0,0,0,0,0,0,0,0,0,0,0,0,0,0,0,0,0,0,16,216,222,23,0,0,9,228,159,0,0,0,0,0,0,0,0,0,0,0,0,0,0,0,0,0,0,0,52,254,170,0,0,0,0,223,129,0,0,0,0,0,0,0,0,0,0,0,0,0,0,0,0,0,0,0,161,254,61,0,0,0,0,173,144,0,0,0,0,0,0,0,0,0,0,0,0,0,0,0,0,0,0,16,254,207,0,0,0,0,0,198,175,0,0,0,0,0,0,0,0,0,0,0,0,0,0,0,0,0,0,51,254,171,0,0,0,0,0,223,115,0,0,0,0,0,0,0,0,0,0,0,0,0,0,0,0,0,0,96,254,112,0,0,0,0,9,228,95,0,0,0,0,0,0,0,0,0,0,0,0,0,0,0,0,0,0,96,246,36,0,0,0,0,68,254,95,0,0,0,0,0,0,0,0,0,0,0,0,0,0,0,0,0,0,96,232,15,0,0,0,0,128,254,95,0,0,0,0,0,0,0,0,0,0,0,0,0,0,0,0,0,0,101,254,48,0,0,0,0,128,251,40,0,0,0,0,0,0,0,0,0,0,0,0,0,0,0,0,0,0,140,254,141,0,0,0,14,168,155,0,0,0,0,0,0,0,0,0,0,0,0,0,0,0,0,0,0,0,56,254,215,6,0,23,183,245,65,0,0,0,0,0,0,0,0,0,0,0,0,0,0,0,0,0,0,0,12,218,254,206,143,210,254,117,0,0,0,0,0,0,0,0,0,0,0,0,0,0,0,0,0,0,0,0,0,52,189,254,254,225,129,3,0,0,0,0,0,0,0,0,0,0,0,0,0,0,0,0,0,0,0,0,0,0,0,0,0,0,0,0,0,0,0,0,0,0,0,0,0,0,0,0,0,0,0,0,0,0,0,0,0,0,0,0,0,0,0,0,0,0,0,0,0,0,0,0,0,0,0,0,0,0,0,0,0,0,0,0,0,0,0,0,0,0,0,0,0,0,0,0,0,0,0,0,0,0,0,0,0,0,0,0,0,0,0,0,0,0,0,0,0,0,0,0,0,0,0,0,0,0,0,0,0,0,0
4,0,0,0,0,0,0,0,0,0,0,0,0,0,0,0,0,0,0,0,0,0,0,0,0,0,0,0,0,0,0,0,0,0,0,0,0,0,0,0,0,0,0,0,0,0,0,0,0,0,0,0,0,0,0,0,0,0,0,0,0,0,0,0,0,0,0,0,0,0,0,0,0,0,0,0,0,0,0,0,0,0,0,0,0,0,0,0,0,0,0,0,0,0,0,0,0,0,0,0,0,0,0,0,0,0,0,0,0,0,0,0,0,0,0,0,0,0,0,0,0,0,0,0,0,0,0,0,0,0,0,0,0,0,0,0,0,0,0,0,0,0,0,0,0,0,0,0,0,0,0,31,213,214,10,0,0,0,0,0,21,234,30,0,0,0,0,0,0,0,0,0,0,0,0,0,0,0,0,233,252,233,30,0,0,0,0,0,183,253,50,0,0,0,0,0,0,0,0,0,0,0,0,0,0,11,213,254,253,183,0,0,0,0,0,51,253,255,151,0,0,0,0,0,0,0,0,0,0,0,0,0,0,173,252,253,212,20,0,0,0,0,0,51,252,253,151,0,0,0,0,0,0,0,0,0,0,0,0,0,21,254,253,244,81,0,0,0,0,0,0,51,253,255,131,0,0,0,0,0,0,0,0,0,0,0,0,0,102,253,252,162,0,0,0,0,0,0,0,51,252,253,50,0,0,0,0,0,0,0,0,0,0,0,0,0,123,254,253,82,0,0,0,0,0,0,0,72,253,254,50,0,0,0,0,0,0,0,0,0,0,0,0,41,243,253,212,0,0,0,0,0,0,0,0,152,252,253,50,0,0,0,0,0,0,0,0,0,0,0,0,72,253,254,213,21,0,0,0,0,0,51,92,254,253,203,20,0,0,0,0,0,0,0,0,0,0,0,0,152,252,253,252,223,203,203,203,203,203,253,252,253,252,20,0,0,0,0,0,0,0,0,0,0,0,0,0,123,243,254,253,254,253,254,253,254,253,254,253,254,253,0,0,0,0,0,0,0,0,0,0,0,0,0,0,0,40,151,192,151,151,233,151,151,111,213,252,253,171,0,0,0,0,0,0,0,0,0,0,0,0,0,0,0,0,0,0,0,0,0,0,0,0,152,253,254,131,0,0,0,0,0,0,0,0,0,0,0,0,0,0,0,0,0,0,0,0,0,0,0,0,233,252,233,30,0,0,0,0,0,0,0,0,0,0,0,0,0,0,0,0,0,0,0,0,0,0,0,82,254,253,183,0,0,0,0,0,0,0,0,0,0,0,0,0,0,0,0,0,0,0,0,0,0,0,0,203,253,252,102,0,0,0,0,0,0,0,0,0,0,0,0,0,0,0,0,0,0,0,0,0,0,0,72,253,254,233,41,0,0,0,0,0,0,0,0,0,0,0,0,0,0,0,0,0,0,0,0,0,0,0,233,252,253,151,0,0,0,0,0,0,0,0,0,0,0,0,0,0,0,0,0,0,0,0,0,0,0,0,254,253,254,131,0,0,0,0,0,0,0,0,0,0,0,0,0,0,0,0,0,0,0,0,0,0,0,0,131,252,131,10,0,0,0,0,0,0,0,0,0,0,0,0,0,0,0,0,0,0,0,0,0,0,0,0,0,0,0,0,0,0,0,0,0,0,0,0,0,0,0,0,0,0,0,0,0,0,0,0,0,0,0,0,0,0,0,0,0,0,0,0,0,0,0,0,0,0,0,0,0,0,0,0,0,0,0,0,0,0,0,0,0,0,0,0,0,0,0,0,0,0,0,0,0,0
7,0,0,0,0,0,0,0,0,0,0,0,0,0,0,0,0,0,0,0,0,0,0,0,0,0,0,0,0,0,0,0,0,0,0,0,0,0,0,0,0,0,0,0,0,0,0,0,0,0,0,0,0,0,0,0,0,0,0,0,0,0,0,0,0,0,0,0,0,0,0,0,0,0,0,0,0,0,0,0,0,0,0,0,0,0,0,0,0,0,0,0,0,0,0,0,0,0,0,0,0,0,0,0,0,0,0,0,0,0,0,0,0,0,0,0,0,0,0,0,0,0,0,0,0,0,0,0,0,0,0,0,0,0,0,0,0,0,0,0,0,0,0,0,0,0,0,0,0,0,0,0,0,0,0,0,0,0,0,0,0,0,0,0,0,0,0,0,0,0,0,0,0,0,0,0,0,0,0,0,0,0,0,0,0,0,0,0,0,0,0,0,0,0,0,0,0,0,0,0,0,0,0,0,0,0,0,0,0,0,0,0,0,0,0,0,72,80,164,254,146,0,0,0,0,0,0,0,0,0,0,0,0,0,0,0,10,110,152,71,71,128,182,246,253,254,254,254,157,0,0,0,0,0,0,0,0,0,0,0,0,0,0,11,119,254,254,254,254,254,254,254,254,254,254,156,4,0,0,0,0,0,0,0,0,0,0,0,0,0,11,119,254,248,201,237,201,174,114,214,254,254,198,24,0,0,0,0,0,0,0,0,0,0,0,0,0,0,114,254,254,107,0,24,0,0,67,246,254,216,21,0,0,0,0,0,0,0,0,0,0,0,0,0,0,64,249,254,170,9,0,0,0,51,250,254,216,33,0,0,0,0,0,0,0,0,0,0,0,0,0,0,0,149,254,179,9,0,0,0,10,237,254,247,41,0,0,0,0,0,0,0,0,0,0,0,0,0,0,0,0,57,130,30,0,0,0,1,160,254,254,90,0,0,0,0,0,0,0,0,0,0,0,0,0,0,0,0,0,0,0,0,0,0,1,79,254,254,166,5,0,0,0,0,0,0,0,0,0,0,0,0,0,0,0,0,0,0,0,0,0,0,18,254,254,227,6,0,0,0,0,0,0,0,0,0,0,0,0,0,0,0,0,0,0,0,0,0,0,9,182,255,254,31,0,0,0,0,0,0,0,0,0,0,0,0,0,0,0,0,0,0,0,0,0,0,0,82,254,254,175,0,0,0,0,0,0,0,0,0,0,0,0,0,0,0,0,0,0,0,0,0,0,0,42,226,254,224,6,0,0,0,0,0,0,0,0,0,0,0,0,0,0,0,0,0,0,0,0,0,0,25,195,254,244,71,0,0,0,0,0,0,0,0,0,0,0,0,0,0,0,0,0,0,0,0,0,0,10,141,254,249,165,0,0,0,0,0,0,0,0,0,0,0,0,0,0,0,0,0,0,0,0,0,0,0,96,254,254,215,0,0,0,0,0,0,0,0,0,0,0,0,0,0,0,0,0,0,0,0,0,0,0,49,230,254,250,95,0,0,0,0,0,0,0,0,0,0,0,0,0,0,0,0,0,0,0,0,0,0,5,166,254,251,173,0,0,0,0,0,0,0,0,0,0,0,0,0,0,0,0,0,0,0,0,0,0,0,71,254,254,173,0,0,0,0,0,0,0,0,0,0,0,0,0,0,0,0,0,0,0,0,0,0,0,0,71,254,217,11,0,0,0,0,0,0,0,0,0,0,0,0,0,0,0,0,0,0,0,0,0,0,0,0,0,0,0,0,0,0,0,0,0,0,0,0,0,0,0,0,0,0,0,0,0
0,0,0,0,0,0,0,0,0,0,0,0,0,0,0,0,0,0,0,0,0,0,0,0,0,0,0,0,0,0,0,0,0,0,0,0,0,0,0,0,0,0,0,0,0,0,0,0,0,0,0,0,0,0,0,0,0,0,0,0,0,0,0,0,0,0,0,0,0,0,0,0,0,0,0,0,0,0,0,0,0,0,0,0,0,0,0,0,0,0,0,0,0,0,0,0,0,0,0,0,0,0,0,0,0,0,0,0,0,0,0,0,0,0,0,0,0,0,0,0,0,0,0,0,0,19,59,209,255,253,118,5,0,0,0,0,0,0,0,0,0,0,0,0,0,0,0,0,0,0,0,0,0,78,251,251,253,251,251,109,0,0,0,0,0,0,0,0,0,0,0,0,0,0,0,0,0,0,0,0,149,198,251,251,253,251,251,212,0,0,0,0,0,0,0,0,0,0,0,0,0,0,0,0,0,0,16,159,248,239,212,212,103,251,251,248,158,39,6,0,0,0,0,0,0,0,0,0,0,0,0,0,0,16,156,251,251,173,0,0,253,251,251,251,251,251,113,0,0,0,0,0,0,0,0,0,0,0,0,0,0,159,251,251,239,66,0,121,253,251,251,251,251,251,243,108,0,0,0,0,0,0,0,0,0,0,0,0,0,233,251,251,231,0,11,199,253,251,237,234,251,251,251,239,109,5,0,0,0,0,0,0,0,0,0,0,55,239,251,202,159,25,171,251,253,214,53,27,203,251,251,251,251,57,0,0,0,0,0,0,0,0,0,64,216,251,251,96,0,78,251,251,116,62,0,0,45,115,231,251,251,57,0,0,0,0,0,0,0,0,46,220,251,251,251,96,0,18,57,57,0,0,0,0,0,0,214,251,251,57,0,0,0,0,0,0,0,0,59,253,253,253,154,0,0,0,0,0,0,0,0,0,0,0,20,253,253,103,0,0,0,0,0,0,0,0,59,251,251,232,83,0,0,0,0,0,0,0,0,0,0,0,20,251,251,251,0,0,0,0,0,0,0,0,59,251,251,212,0,0,0,0,0,0,0,0,0,0,0,0,20,251,251,116,0,0,0,0,0,0,0,0,239,251,251,32,0,0,0,0,0,0,0,0,0,0,16,39,206,251,251,57,0,0,0,0,0,0,0,0,253,251,251,93,0,0,0,0,0,0,0,0,0,16,156,251,251,251,198,35,0,0,0,0,0,0,0,0,253,251,251,212,0,0,0,0,0,0,0,0,109,170,251,251,251,202,44,0,0,0,0,0,0,0,0,0,88,251,251,245,138,20,20,20,20,170,215,214,239,251,251,251,219,26,0,0,0,0,0,0,0,0,0,0,59,251,251,251,251,251,251,251,251,251,253,251,251,239,173,173,26,0,0,0,0,0,0,0,0,0,0,0,27,115,209,251,251,251,251,251,251,251,221,115,115,98,0,0,0,0,0,0,0,0,0,0,0,0,0,0,0,0,40,237,251,251,251,251,251,101,44,0,0,0,0,0,0,0,0,0,0,0,0,0,0,0,0,0,0,0,0,0,0,0,0,0,0,0,0,0,0,0,0,0,0,0,0,0,0,0,0,0,0,0,0,0,0,0,0,0,0,0,0,0,0,0,0,0,0,0,0,0,0,0,0,0,0,0,0,0,0,0,0,0,0,0,0,0,0,0,0,0,0,0,0,0,0,0,0,0,0,0,0,0,0,0,0,0,0,0,0,0,0,0,0,0,0,0,0,0,0,0,0,0,0,0,0,0,0,0,0,0,0,0,0
4,0,0,0,0,0,0,0,0,0,0,0,0,0,0,0,0,0,0,0,0,0,0,0,0,0,0,0,0,0,0,0,0,0,0,0,0,0,0,0,0,0,0,0,0,0,0,0,0,0,0,0,0,0,0,0,0,0,0,0,0,0,0,0,0,0,0,0,0,0,0,0,0,0,0,0,0,0,0,0,0,0,0,0,0,0,0,0,0,0,0,0,0,0,0,0,0,0,0,0,0,0,0,0,0,0,0,0,0,0,0,0,0,0,0,0,0,0,0,0,0,0,0,0,0,0,0,0,0,0,0,0,34,243,107,0,0,0,0,0,0,0,0,0,0,0,0,0,0,0,0,0,0,0,0,0,0,0,0,0,55,253,101,0,0,0,0,0,0,0,0,0,0,0,0,0,0,0,0,0,28,23,0,0,0,0,0,4,169,253,24,0,0,0,0,0,0,0,0,0,0,0,0,0,0,0,0,0,95,201,3,0,0,0,0,79,253,227,14,0,0,0,0,0,0,0,0,0,0,0,0,0,0,0,0,28,212,176,0,0,0,0,0,136,253,129,0,0,0,0,0,0,0,0,0,0,0,0,0,0,0,0,0,168,253,137,0,0,0,0,17,230,253,99,0,0,0,0,0,0,0,0,0,0,0,0,0,0,0,0,62,249,253,26,0,0,0,0,78,253,207,15,0,0,0,0,0,0,0,0,0,0,0,0,0,0,0,0,178,253,193,2,0,0,0,7,177,253,123,0,0,0,0,0,0,0,0,0,0,0,0,0,0,0,0,63,250,253,114,0,0,0,0,76,253,253,72,0,0,0,0,0,0,0,0,0,0,0,0,0,0,0,22,233,253,197,1,0,0,0,0,159,253,160,2,0,0,0,0,0,0,0,0,0,0,0,0,0,0,1,120,254,254,209,172,196,254,255,227,254,254,214,172,172,172,11,0,0,0,0,0,0,0,0,0,0,0,57,253,253,253,244,236,186,154,185,253,253,245,197,208,154,81,5,0,0,0,0,0,0,0,0,0,0,13,215,253,228,130,30,0,0,0,70,253,253,105,0,0,0,0,0,0,0,0,0,0,0,0,0,0,0,9,173,172,30,0,0,0,0,0,191,253,223,13,0,0,0,0,0,0,0,0,0,0,0,0,0,0,0,0,0,0,0,0,0,0,0,67,254,253,107,0,0,0,0,0,0,0,0,0,0,0,0,0,0,0,0,0,0,0,0,0,0,0,0,150,254,197,11,0,0,0,0,0,0,0,0,0,0,0,0,0,0,0,0,0,0,0,0,0,0,0,41,239,254,136,0,0,0,0,0,0,0,0,0,0,0,0,0,0,0,0,0,0,0,0,0,0,0,0,142,253,228,31,0,0,0,0,0,0,0,0,0,0,0,0,0,0,0,0,0,0,0,0,0,0,0,20,242,253,163,0,0,0,0,0,0,0,0,0,0,0,0,0,0,0,0,0,0,0,0,0,0,0,0,24,216,253,85,0,0,0,0,0,0,0,0,0,0,0,0,0,0,0,0,0,0,0,0,0,0,0,0,0,0,0,0,0,0,0,0,0,0,0,0,0,0,0,0,0,0,0,0,0,0,0,0,0,0,0,0,0,0,0,0,0,0,0,0,0,0,0,0,0,0,0,0,0,0,0,0,0,0,0,0,0,0,0,0,0,0,0,0,0,0,0,0,0,0,0,0,0,0,0,0,0,0,0,0,0,0,0,0,0,0,0,0,0,0,0,0,0,0,0,0,0,0,0,0,0,0,0,0,0
7,0,0,0,0,0,0,0,0,0,0,0,0,0,0,0,0,0,0,0,0,0,0,0,0,0,0,0,0,0,0,0,0,0,0,0,0,0,0,0,0,0,0,0,0,0,0,0,0,0,0,0,0,0,0,0,0,0,0,0,0,0,0,0,0,0,0,0,0,0,0,0,0,0,0,0,0,0,0,0,0,0,0,0,0,0,0,0,0,0,0,0,0,0,0,0,0,0,0,0,0,0,0,0,0,0,0,0,0,0,0,0,0,0,0,0,0,0,0,0,0,0,0,0,0,0,0,0,0,0,0,0,0,0,0,0,0,0,0,0,0,0,0,0,0,0,0,0,0,0,0,0,0,0,0,0,0,0,0,0,0,0,0,0,0,0,0,0,0,0,0,0,0,0,0,0,0,0,0,0,0,0,0,128,255,128,128,255,255,255,64,0,0,0,0,0,0,0,0,0,0,0,0,0,0,0,0,0,0,0,64,255,255,255,255,255,255,255,128,0,0,0,0,0,0,0,0,0,0,0,0,0,0,0,0,0,0,191,255,255,255,255,255,255,255,255,255,0,0,0,0,0,0,0,0,0,0,0,0,0,0,0,0,64,255,255,255,255,255,191,128,191,255,255,191,0,0,0,0,0,0,0,0,0,0,0,0,0,0,0,191,255,255,255,255,191,64,0,0,191,255,255,128,0,0,0,0,0,0,0,0,0,0,0,0,0,64,255,255,255,255,191,64,0,0,0,128,255,255,191,0,0,0,0,0,0,0,0,0,0,0,0,0,64,255,255,255,255,128,64,0,0,0,0,255,255,255,0,0,0,0,0,0,0,0,0,0,0,0,0,0,191,255,255,255,64,0,0,0,0,0,64,255,255,191,0,0,0,0,0,0,0,0,0,0,0,0,0,0,191,255,191,64,0,0,0,0,0,128,255,255,191,0,0,0,0,0,0,0,0,0,0,0,0,0,0,0,0,128,0,0,0,0,0,0,0,255,255,255,128,0,0,0,0,0,0,0,0,0,0,0,0,0,0,0,0,0,0,0,0,0,0,0,255,255,255,128,0,0,0,0,0,0,0,0,0,0,0,0,0,0,0,0,0,0,0,0,0,0,0,191,255,255,191,0,0,0,0,0,0,0,0,0,0,0,0,0,0,0,0,0,0,0,0,0,0,0,128,255,255,191,0,0,0,0,0,0,0,0,0,0,0,0,0,0,0,0,0,0,0,0,0,0,0,191,255,255,255,64,0,0,0,0,0,0,0,0,0,0,0,0,0,0,0,0,0,0,0,0,0,0,191,255,255,255,64,0,0,0,0,0,0,0,0,0,0,0,0,0,0,0,0,0,0,0,0,0,0,128,255,255,255,128,0,0,0,0,0,0,0,0,0,0,0,0,0,0,0,0,0,0,0,0,0,0,64,255,255,255,128,0,0,0,0,0,0,0,0,0,0,0,0,0,0,0,0,0,0,0,0,0,0,0,255,255,255,255,64,0,0,0,0,0,0,0,0,0,0,0,0,0,0,0,0,0,0,0,0,0,0,128,255,255,255,128,0,0,0,0,0,0,0,0,0,0,0,0,0,0,0,0,0,0,0,0,0,0,0,128,255,191,64,0,0,0,0,0,0,0,0,0,0,0,0,0,0,0,0,0,0,0,0,0,0,0,0,0,0,0,0,0,0,0,0,0,0,0,0,0,0,0,0,0,0,0,0,0,0,0,0,0,0,0,0,0,0,0,0,0,0,0,0,0,0,0,0,0,0,0,0,0,0,0,0,0
4,0,0,0,0,0,0,0,0,0,0,0,0,0,0,0,0,0,0,0,0,0,0,0,0,0,0,0,0,0,0,0,0,0,0,0,0,0,0,0,0,0,0,0,0,0,0,0,0,0,0,0,0,0,0,0,0,0,0,0,0,0,0,0,0,0,0,0,0,0,0,0,0,0,0,0,0,0,0,0,0,0,0,0,0,0,0,0,0,0,0,0,0,0,0,0,0,0,0,0,0,0,0,0,0,0,0,0,0,0,0,0,0,0,0,0,0,0,0,0,0,0,0,0,0,0,0,0,0,0,0,0,0,0,0,0,0,0,0,0,0,0,0,0,0,0,0,0,0,0,0,0,0,0,0,0,0,0,0,0,0,0,0,0,0,0,0,0,0,0,0,0,0,0,0,0,23,206,8,0,0,0,0,0,0,0,0,0,51,139,13,0,0,0,0,0,0,0,0,0,0,0,0,0,52,253,131,0,0,0,0,0,0,0,0,0,89,253,207,46,0,0,0,0,0,0,0,0,0,0,0,0,176,253,122,0,0,0,0,0,0,0,0,0,180,253,253,66,0,0,0,0,0,0,0,0,0,0,0,96,253,253,55,0,0,0,0,0,0,0,0,0,199,253,211,3,0,0,0,0,0,0,0,0,0,0,0,100,253,253,55,0,0,0,0,0,0,0,0,37,211,253,209,0,0,0,0,0,0,0,0,0,0,0,0,186,253,253,55,0,0,0,78,90,166,199,199,235,253,253,209,0,0,0,0,0,0,0,0,0,0,0,0,210,253,229,31,64,122,204,251,254,250,242,242,250,253,253,204,0,0,0,0,0,0,0,0,0,0,0,0,210,253,253,176,245,253,253,253,147,73,0,0,166,253,247,39,0,0,0,0,0,0,0,0,0,0,0,21,223,253,253,253,253,240,176,80,0,0,0,0,166,253,242,0,0,0,0,0,0,0,0,0,0,0,0,115,253,253,253,253,195,27,0,0,0,0,0,0,166,253,145,0,0,0,0,0,0,0,0,0,0,0,0,178,254,254,209,24,0,0,0,0,0,0,0,23,255,254,132,0,0,0,0,0,0,0,0,0,0,0,0,83,242,180,27,0,0,0,0,0,0,0,0,23,253,253,103,0,0,0,0,0,0,0,0,0,0,0,0,0,36,2,0,0,0,0,0,0,0,0,0,66,253,219,13,0,0,0,0,0,0,0,0,0,0,0,0,0,0,0,0,0,0,0,0,0,0,0,0,191,253,165,0,0,0,0,0,0,0,0,0,0,0,0,0,0,0,0,0,0,0,0,0,0,0,0,0,243,253,165,0,0,0,0,0,0,0,0,0,0,0,0,0,0,0,0,0,0,0,0,0,0,0,0,79,251,253,165,0,0,0,0,0,0,0,0,0,0,0,0,0,0,0,0,0,0,0,0,0,0,0,0,100,253,227,38,0,0,0,0,0,0,0,0,0,0,0,0,0,0,0,0,0,0,0,0,0,0,0,0,83,252,179,0,0,0,0,0,0,0,0,0,0,0,0,0,0,0,0,0,0,0,0,0,0,0,0,0,0,243,88,0,0,0,0,0,0,0,0,0,0,0,0,0,0,0,0,0,0,0,0,0,0,0,0,0,0,243,88,0,0,0,0,0,0,0,0,0,0,0,0,0,0,0,0,0,0,0,0,0,0,0,0,0,0,0,0,0,0,0,0,0,0,0,0,0,0,0,0,0,0,0,0,0,0,0,0,0,0,0,0,0,0,0,0,0,0,0,0,0,0,0,0,0
9,0,0,0,0,0,0,0,0,0,0,0,0,0,0,0,0,0,0,0,0,0,0,0,0,0,0,0,0,0,0,0,0,0,0,0,0,0,0,0,0,0,0,0,0,0,0,0,0,0,0,0,0,0,0,0,0,0,0,0,0,0,0,0,0,0,0,0,0,0,0,0,0,0,0,0,0,0,0,0,0,0,0,0,0,0,0,0,0,0,0,0,0,0,0,0,0,0,0,0,0,0,0,0,0,0,0,0,0,0,0,0,0,0,0,0,0,0,0,0,0,0,0,0,0,0,0,0,0,0,0,0,0,0,0,0,0,0,0,0,0,0,0,0,0,0,0,0,0,0,0,0,0,0,0,0,0,0,0,0,0,0,0,0,0,0,0,0,0,0,0,0,0,0,0,0,0,0,0,0,0,0,0,0,0,0,0,0,0,0,0,0,0,0,0,0,0,0,0,0,0,0,0,0,0,0,0,0,0,0,57,170,226,255,170,0,0,0,0,0,0,0,0,0,0,0,0,0,0,0,0,0,0,0,0,0,57,226,255,255,255,255,255,29,0,0,0,0,0,0,0,0,0,0,0,0,0,0,0,0,0,0,0,141,255,255,198,114,170,255,255,86,0,0,0,0,0,0,0,0,0,0,0,0,0,0,0,0,0,0,170,255,255,114,0,86,255,255,255,86,0,0,0,0,0,0,0,0,0,0,0,0,0,0,0,0,0,170,255,255,57,29,141,255,255,255,255,86,0,0,0,0,0,0,0,0,0,0,0,0,0,0,0,0,86,255,255,255,226,226,255,198,29,170,255,86,0,0,0,0,0,0,0,0,0,0,0,0,0,0,0,0,86,255,255,255,255,226,86,0,0,226,255,86,0,0,0,0,0,0,0,0,0,0,0,0,0,0,0,0,29,226,255,226,114,29,0,0,0,255,255,86,0,0,0,0,0,0,0,0,0,0,0,0,0,0,0,0,0,0,0,0,0,0,0,0,29,255,255,86,0,0,0,0,0,0,0,0,0,0,0,0,0,0,0,0,0,0,0,0,0,0,0,0,114,255,255,57,0,0,0,0,0,0,0,0,0,0,0,0,0,0,0,0,0,0,0,0,0,0,0,0,170,255,255,0,0,0,0,0,0,0,0,0,0,0,0,0,0,0,0,0,0,0,0,0,0,0,0,0,170,255,255,0,0,0,0,0,0,0,0,0,0,0,0,0,0,0,0,0,0,0,0,0,0,0,0,0,170,255,255,0,0,0,0,0,0,0,0,0,0,0,0,0,0,0,0,0,0,0,0,0,0,0,0,0,198,255,226,0,0,0,0,0,0,0,0,0,0,0,0,0,0,0,0,0,0,0,0,0,0,0,0,0,255,255,170,0,0,0,0,0,0,0,0,0,0,0,0,0,0,0,0,0,0,0,0,0,0,0,0,0,255,255,114,0,0,0,0,0,0,0,0,0,0,0,0,0,0,0,0,0,0,0,0,0,0,0,0,0,255,255,86,0,0,0,0,0,0,0,0,0,0,0,0,0,0,0,0,0,0,0,0,0,0,0,0,57,255,255,86,0,0,0,0,0,0,0,0,0,0,0,0,0,0,0,0,0,0,0,0,0,0,0,0,86,255,255,86,0,0,0,0,0,0,0,0,0,0,0,0,0,0,0,0,0,0,0,0,0,0,0,0,86,255,255,86,0,0,0,0,0,0,0,0,0,0,0,0,0,0,0,0,0,0,0,0,0,0,0,0,0,0,0,0,0,0,0,0,0,0,0,0,0,0
7,0,0,0,0,0,0,0,0,0,0,0,0,0,0,0,0,0,0,0,0,0,0,0,0,0,0,0,0,0,0,0,0,0,0,0,0,0,0,0,0,0,0,0,0,0,0,0,0,0,0,0,0,0,0,0,0,0,0,0,0,0,0,0,0,0,0,0,0,0,0,0,0,0,0,0,0,0,0,0,0,0,0,0,0,0,0,0,0,0,0,0,0,0,0,0,0,0,0,0,0,0,0,0,0,0,0,0,0,0,0,0,0,0,0,0,0,0,0,0,0,0,0,0,0,0,0,0,0,0,0,0,0,0,0,0,0,0,0,0,0,0,0,0,0,0,0,0,0,0,0,0,0,0,0,0,0,0,0,0,0,0,0,0,0,0,0,0,0,0,0,0,0,0,0,0,0,0,0,0,0,0,0,0,0,0,0,0,0,0,0,0,0,0,0,0,0,0,0,0,0,0,0,0,0,0,0,0,0,0,0,0,0,0,0,0,0,0,0,0,0,0,0,0,0,0,0,0,0,0,0,0,0,0,0,0,12,46,136,136,189,254,255,254,254,160,27,0,0,0,0,0,0,0,0,0,0,0,0,0,0,0,35,103,217,253,253,253,253,253,253,253,253,253,152,0,0,0,0,0,0,0,0,0,0,0,12,54,95,171,250,253,253,253,253,208,200,200,231,253,253,253,73,0,0,0,0,0,0,0,0,0,0,116,203,253,253,253,253,247,182,154,65,11,0,0,148,253,253,158,9,0,0,0,0,0,0,0,0,0,0,154,253,253,253,216,107,42,0,0,0,0,0,10,234,253,200,10,0,0,0,0,0,0,0,0,0,0,0,34,147,196,106,17,0,0,0,0,0,0,0,62,253,253,138,0,0,0,0,0,0,0,0,0,0,0,0,0,0,5,0,0,0,0,0,0,0,0,0,188,253,252,69,0,0,0,0,0,0,0,0,0,0,0,0,0,0,0,0,0,0,0,0,0,0,0,0,249,253,206,0,0,0,0,0,0,0,0,0,0,0,0,0,0,0,0,0,0,0,0,0,0,0,0,19,249,253,186,0,0,0,0,0,0,0,0,0,0,0,0,0,0,0,0,0,0,0,0,0,0,0,23,201,253,246,68,0,0,0,0,0,0,0,0,0,0,0,0,0,0,0,0,0,0,0,0,0,0,0,95,253,253,188,0,0,0,0,0,0,0,0,0,0,0,0,0,0,0,0,0,0,0,0,0,0,0,0,139,253,253,106,0,0,0,0,0,0,0,0,0,0,0,0,0,0,0,0,0,0,0,0,0,0,0,0,213,253,253,106,0,0,0,0,0,0,0,0,0,0,0,0,0,0,0,0,0,0,0,0,0,0,0,76,253,253,242,2,0,0,0,0,0,0,0,0,0,0,0,0,0,0,0,0,0,0,0,0,0,0,0,78,253,253,241,0,0,0,0,0,0,0,0,0,0,0,0,0,0,0,0,0,0,0,0,0,0,0,0,100,253,253,219,0,0,0,0,0,0,0,0,0,0,0,0,0,0,0,0,0,0,0,0,0,0,0,0,165,253,253,124,0,0,0,0,0,0,0,0,0,0,0,0,0,0,0,0,0,0,0,0,0,0,0,0,52,240,253,124,0,0,0,0,0,0,0,0,0,0,0,0,0,0,0,0,0,0,0,0,0,0,0,0,0,166,253,170,0,0,0,0,0,0,0,0,0,0,0,0,0,0,0,0,0,0,0,0,0,0,0,0,0,7,125,184,0,0,0,0,0,0,0,0,0,0,0
3,0,0,0,0,0,0,0,0,0,0,0,0,0,0,0,0,0,0,0,0,0,0,0,0,0,0,0,0,0,0,0,0,0,0,0,0,0,0,0,0,0,0,0,0,0,0,0,0,0,0,0,0,0,0,0,0,0,0,0,0,0,0,0,0,0,0,0,0,0,0,0,0,0,0,0,0,0,0,0,0,0,0,0,0,0,0,0,0,0,0,0,0,0,0,0,0,0,0,0,0,0,0,0,0,0,0,0,0,0,0,0,0,0,0,0,0,0,0,0,0,0,0,0,0,0,0,0,0,0,0,0,0,0,0,0,0,0,0,0,0,0,0,0,0,0,0,0,0,0,0,0,0,0,0,0,0,0,0,0,0,0,0,0,0,0,0,0,0,0,0,0,0,0,0,0,0,38,112,161,221,254,254,220,162,78,13,0,0,0,0,0,0,0,0,0,0,0,0,0,0,0,0,0,89,235,253,253,254,253,253,253,254,253,184,13,0,0,0,0,0,0,0,0,0,0,0,0,0,0,3,125,237,253,253,236,230,230,187,171,230,251,253,111,0,0,0,0,0,0,0,0,0,0,0,0,0,0,24,253,254,236,119,19,0,0,0,0,0,129,253,194,0,0,0,0,0,0,0,0,0,0,0,0,0,0,17,235,255,115,0,0,0,0,0,0,0,0,208,254,0,0,0,0,0,0,0,0,0,0,0,0,0,0,0,184,254,115,0,0,0,0,0,0,0,43,232,202,0,0,0,0,0,0,0,0,0,0,0,0,0,0,0,101,239,71,0,0,0,0,0,0,0,180,253,119,0,0,0,0,0,0,0,0,0,0,0,0,0,0,0,0,25,0,0,0,0,0,0,0,85,247,244,44,0,0,0,0,0,0,0,0,0,0,0,0,0,0,0,0,0,0,0,0,0,0,0,85,254,254,146,0,0,0,0,0,0,0,0,0,0,0,0,0,0,0,0,0,0,0,0,0,0,9,130,247,254,143,4,0,0,0,0,0,0,0,0,0,0,0,0,0,0,0,0,0,0,0,0,0,0,123,253,253,205,13,0,0,0,0,0,0,0,0,0,0,0,0,0,0,0,0,0,0,0,0,0,0,0,138,253,253,127,9,0,0,0,0,0,0,0,0,0,0,0,0,0,0,0,0,0,0,0,0,0,0,0,34,241,254,254,203,120,19,0,0,0,0,0,0,0,0,0,0,0,0,0,0,0,0,0,0,0,0,0,0,69,206,254,253,253,203,51,0,0,0,0,0,0,0,0,0,0,0,0,0,0,0,0,0,0,0,0,0,0,0,71,137,224,253,134,0,0,0,0,0,0,0,0,0,0,0,0,0,0,0,0,0,0,0,0,0,0,0,0,0,82,253,184,0,0,0,0,0,0,0,0,0,0,0,0,0,0,0,0,0,0,0,0,0,0,0,0,38,221,254,210,9,0,0,0,0,0,0,0,0,0,0,0,0,0,0,0,0,0,0,0,9,123,138,164,243,253,253,134,0,0,0,0,0,0,0,0,0,0,0,0,0,0,0,0,0,0,0,0,47,253,253,254,253,251,162,17,0,0,0,0,0,0,0,0,0,0,0,0,0,0,0,0,0,0,0,0,13,152,253,254,202,79,0,0,0,0,0,0,0,0,0,0,0,0,0,0,0,0,0,0,0,0,0,0,0,0,0,0,0,0,0,0,0,0,0,0,0,0,0,0,0,0,0,0,0,0,0,0,0,0,0,0,0,0,0,0,0,0,0,0,0,0,0,0,0,0,0,0
1,0,0,0,0,0,0,0,0,0,0,0,0,0,0,0,0,0,0,0,0,0,0,0,0,0,0,0,0,0,0,0,0,0,0,0,0,0,0,0,0,0,0,0,0,0,0,0,0,0,0,0,0,0,0,0,0,0,0,0,0,0,0,0,0,0,0,0,0,0,0,0,0,0,0,0,0,0,0,0,0,0,0,0,0,0,0,0,0,0,0,0,0,0,0,0,0,0,0,0,0,0,0,0,0,0,0,0,0,0,0,0,0,0,0,0,0,0,0,0,0,0,0,0,0,0,0,0,0,0,0,0,0,0,0,0,0,0,0,0,0,0,0,0,0,0,0,0,0,0,0,0,0,0,0,0,125,253,253,175,21,0,0,0,0,0,0,0,0,0,0,0,0,0,0,0,0,0,0,0,0,0,0,0,253,251,251,251,71,0,0,0,0,0,0,0,0,0,0,0,0,0,0,0,0,0,0,0,0,0,0,156,253,251,251,251,71,0,0,0,0,0,0,0,0,0,0,0,0,0,0,0,0,0,0,0,0,0,47,211,253,251,251,251,71,0,0,0,0,0,0,0,0,0,0,0,0,0,0,0,0,0,0,0,0,27,211,251,253,251,251,173,20,0,0,0,0,0,0,0,0,0,0,0,0,0,0,0,0,0,0,0,0,37,253,253,255,253,242,103,0,0,0,0,0,0,0,0,0,0,0,0,0,0,0,0,0,0,0,0,0,37,251,251,253,251,112,0,0,0,0,0,0,0,0,0,0,0,0,0,0,0,0,0,0,0,0,0,0,192,251,251,253,251,35,0,0,0,0,0,0,0,0,0,0,0,0,0,0,0,0,0,0,0,0,0,0,217,251,251,253,251,35,0,0,0,0,0,0,0,0,0,0,0,0,0,0,0,0,0,0,0,0,0,105,241,251,251,253,147,10,0,0,0,0,0,0,0,0,0,0,0,0,0,0,0,0,0,0,0,0,21,176,253,253,253,234,77,0,0,0,0,0,0,0,0,0,0,0,0,0,0,0,0,0,0,0,0,0,73,251,251,251,251,180,0,0,0,0,0,0,0,0,0,0,0,0,0,0,0,0,0,0,0,0,0,0,73,251,251,251,251,25,0,0,0,0,0,0,0,0,0,0,0,0,0,0,0,0,0,0,0,0,0,0,73,251,251,251,251,0,0,0,0,0,0,0,0,0,0,0,0,0,0,0,0,0,0,0,0,0,0,0,73,251,251,251,251,0,0,0,0,0,0,0,0,0,0,0,0,0,0,0,0,0,0,0,0,0,0,0,73,253,253,253,253,0,0,0,0,0,0,0,0,0,0,0,0,0,0,0,0,0,0,0,0,0,0,0,73,251,251,251,147,0,0,0,0,0,0,0,0,0,0,0,0,0,0,0,0,0,0,0,0,0,0,0,73,251,251,251,97,0,0,0,0,0,0,0,0,0,0,0,0,0,0,0,0,0,0,0,0,0,0,0,73,251,251,251,251,0,0,0,0,0,0,0,0,0,0,0,0,0,0,0,0,0,0,0,0,0,0,0,21,71,200,148,251,0,0,0,0,0,0,0,0,0,0,0,0,0,0,0,0,0,0,0,0,0,0,0,0,0,0,0,0,0,0,0,0,0,0,0,0,0,0,0,0,0,0,0,0,0,0,0,0,0,0,0,0,0,0,0,0,0,0,0,0,0,0,0,0,0,0,0,0,0,0,0,0,0,0,0,0,0,0,0,0,0,0,0,0,0,0,0,0,0,0,0,0,0,0,0,0,0
6,0,0,0,0,0,0,0,0,0,0,0,0,0,0,0,0,0,0,0,0,0,0,0,0,0,0,0,0,0,0,0,0,0,0,0,0,0,0,0,0,0,0,0,0,0,0,0,0,0,0,0,0,0,0,0,0,0,0,0,0,0,0,0,0,0,0,0,0,0,0,0,0,0,0,0,0,0,0,0,0,0,0,0,0,0,0,0,0,0,0,0,0,0,0,0,0,0,0,0,1,13,163,254,135,0,0,0,0,0,0,0,0,0,0,0,0,0,0,0,0,0,0,0,0,0,0,0,94,253,253,253,181,0,0,0,0,0,0,0,0,0,0,0,0,0,0,0,0,0,0,0,0,0,0,76,254,253,253,223,28,0,0,0,0,0,0,0,0,0,0,0,0,0,0,0,0,0,0,0,0,0,45,204,254,253,223,108,0,0,0,0,0,0,0,0,0,0,0,0,0,0,0,0,0,0,0,0,0,53,236,253,254,247,73,0,0,0,0,0,0,0,0,0,0,0,0,0,0,0,0,0,0,0,0,0,66,245,253,253,251,106,0,0,0,0,0,0,0,0,0,0,0,0,0,0,0,0,0,0,0,0,0,0,126,253,253,253,242,0,0,0,0,0,0,0,0,0,0,0,0,0,0,0,0,0,0,0,0,0,0,110,247,253,253,207,196,0,0,0,0,0,0,0,0,0,0,0,0,0,0,0,0,0,0,0,0,0,27,219,253,253,206,18,12,0,0,0,0,0,0,0,0,0,0,0,0,0,0,0,0,0,0,0,0,24,211,253,253,207,18,0,0,0,0,24,122,122,81,0,0,0,0,0,0,0,0,0,0,0,0,0,2,117,254,254,250,92,0,0,1,82,151,254,254,254,173,2,0,0,0,0,0,0,0,0,0,0,0,0,107,253,253,246,95,0,0,12,94,253,253,253,253,253,253,47,0,0,0,0,0,0,0,0,0,0,0,0,157,253,253,106,0,0,0,138,254,253,231,136,96,216,253,156,0,0,0,0,0,0,0,0,0,0,0,0,157,253,253,60,0,0,97,250,254,214,32,0,64,234,253,76,0,0,0,0,0,0,0,0,0,0,0,0,157,253,253,60,0,0,230,253,246,31,0,35,233,253,192,10,0,0,0,0,0,0,0,0,0,0,0,0,157,253,253,95,0,28,237,253,207,0,46,165,253,253,76,0,0,0,0,0,0,0,0,0,0,0,0,0,60,253,253,240,108,149,253,253,171,206,235,253,253,96,9,0,0,0,0,0,0,0,0,0,0,0,0,0,6,135,253,253,253,253,253,253,254,253,253,235,70,9,0,0,0,0,0,0,0,0,0,0,0,0,0,0,0,5,53,228,253,253,253,253,249,144,69,19,0,0,0,0,0,0,0,0,0,0,0,0,0,0,0,0,0,0,0,9,11,11,173,253,242,0,0,0,0,0,0,0,0,0,0,0,0,0,0,0,0,0,0,0,0,0,0,0,0,0,0,0,0,0,0,0,0,0,0,0,0,0,0,0,0,0,0,0,0,0,0,0,0,0,0,0,0,0,0,0,0,0,0,0,0,0,0,0,0,0,0,0,0,0,0,0,0,0,0,0,0,0,0,0,0,0,0,0,0,0,0,0,0,0,0,0,0,0,0,0,0,0,0,0,0,0,0,0,0,0,0,0,0,0,0,0,0,0,0,0,0,0,0,0,0,0,0,0,0,0,0,0,0,0,0,0,0,0,0,0,0,0,0,0,0,0,0,0,0,0,0,0,0,0,0,0,0
6,0,0,0,0,0,0,0,0,0,0,0,0,0,0,0,0,0,0,0,0,0,0,0,0,0,0,0,0,0,0,0,0,0,0,0,0,0,0,0,0,0,0,0,0,0,0,0,0,0,0,0,0,0,0,0,0,0,0,0,0,0,0,0,0,0,0,0,0,0,0,0,0,0,0,128,191,0,0,0,0,0,0,0,0,0,0,0,0,0,0,0,0,0,0,0,0,0,0,0,0,0,64,255,128,0,0,0,0,0,0,0,0,0,0,0,0,0,0,0,0,0,0,0,0,0,0,0,0,64,255,255,64,0,0,0,0,0,0,0,0,0,0,0,0,0,0,0,0,0,0,0,0,0,0,0,0,191,255,64,0,0,0,0,0,0,0,0,0,0,0,0,0,0,0,0,0,0,0,0,0,0,0,0,191,255,255,0,0,0,0,0,0,0,0,0,0,0,0,0,0,0,0,0,0,0,0,0,0,0,0,0,255,255,64,0,0,0,0,0,0,0,0,0,0,0,0,0,0,0,0,0,0,0,0,0,0,0,0,191,255,128,0,0,0,0,0,0,0,0,0,0,0,0,0,0,0,0,0,0,0,0,0,0,0,0,128,255,255,128,0,0,0,0,0,0,0,0,0,0,0,0,0,0,0,0,0,0,0,0,0,0,0,0,191,255,191,0,0,0,0,0,0,0,0,0,0,0,0,0,0,0,0,0,0,0,0,0,0,0,0,64,255,255,64,0,0,0,0,0,0,0,0,0,0,0,0,0,0,0,0,0,0,0,0,0,0,0,0,191,255,191,0,0,0,0,0,0,0,0,0,0,0,0,0,0,0,0,0,0,0,0,0,0,0,0,128,255,255,64,0,0,0,0,0,0,0,0,0,0,0,0,0,0,0,0,0,0,0,0,0,0,0,64,255,255,128,64,191,255,191,0,0,0,0,0,0,0,0,0,0,0,0,0,0,0,0,0,0,0,0,128,255,255,255,255,255,255,255,128,0,0,0,0,0,0,0,0,0,0,0,0,0,0,0,0,0,0,0,128,255,255,191,128,0,0,255,128,0,0,0,0,0,0,0,0,0,0,0,0,0,0,0,0,0,0,0,255,255,191,0,0,0,64,255,64,0,0,0,0,0,0,0,0,0,0,0,0,0,0,0,0,0,0,0,255,255,0,0,0,0,191,255,0,0,0,0,0,0,0,0,0,0,0,0,0,0,0,0,0,0,0,0,191,255,191,0,64,255,255,191,0,0,0,0,0,0,0,0,0,0,0,0,0,0,0,0,0,0,0,0,128,255,255,255,255,255,191,0,0,0,0,0,0,0,0,0,0,0,0,0,0,0,0,0,0,0,0,0,0,191,255,255,255,128,0,0,0,0,0,0,0,0,0,0,0,0,0,0,0,0,0,0,0,0,0,0,0,0,0,0,0,0,0,0,0,0,0,0,0,0,0,0,0,0,0,0,0,0,0,0,0,0,0,0,0,0,0,0,0,0,0,0,0,0,0,0,0,0,0,0,0,0,0,0,0,0,0,0,0,0,0,0,0,0,0,0,0,0,0,0,0,0,0,0,0,0,0,0,0,0,0,0,0,0,0,0,0,0,0,0,0,0,0,0,0,0,0,0,0,0,0,0,0,0,0,0,0,0,0,0,0,0,0,0,0,0,0,0,0,0,0,0,0,0,0,0,0,0,0,0,0,0,0,0,0,0,0,0,0,0,0,0,0,0,0,0,0,0,0,0,0,0,0,0,0,0,0,0,0,0,0,0,0,0
7,0,0,0,0,0,0,0,0,0,0,0,0,0,0,0,0,0,0,0,0,0,0,0,0,0,0,0,0,0,0,0,0,0,0,0,0,0,0,0,0,0,0,0,0,0,0,0,0,0,0,0,0,0,0,0,0,0,0,0,0,0,0,0,0,0,0,0,0,0,0,0,0,0,0,0,0,0,0,0,0,0,0,0,0,0,0,0,0,0,0,0,0,0,0,0,0,0,0,0,0,0,0,0,0,0,0,0,0,0,0,0,0,0,0,0,0,0,0,0,0,0,0,0,0,0,0,0,0,0,0,0,0,0,0,0,0,0,0,0,0,0,0,0,0,0,0,0,0,0,0,0,0,0,0,0,0,0,0,0,0,0,0,0,0,0,0,0,0,0,0,0,0,0,0,0,0,0,0,0,0,0,0,0,0,0,0,0,0,0,0,0,0,0,0,0,0,0,0,0,0,0,0,0,0,0,0,0,0,0,0,0,51,121,162,253,253,253,226,0,0,0,0,0,0,0,0,0,0,0,0,0,0,85,154,0,0,6,107,241,245,252,252,252,252,252,225,0,0,0,0,0,0,0,0,0,0,0,0,0,73,247,246,205,178,228,252,253,252,252,252,252,252,252,225,0,0,0,0,0,0,0,0,0,0,0,0,73,205,252,252,252,252,205,172,173,46,39,65,224,252,252,183,0,0,0,0,0,0,0,0,0,0,0,29,233,252,252,238,185,101,22,0,0,0,0,186,252,252,241,68,0,0,0,0,0,0,0,0,0,0,0,107,252,252,209,87,0,0,0,0,0,0,20,221,252,241,97,0,0,0,0,0,0,0,0,0,0,0,0,34,198,169,17,0,0,0,0,0,0,17,189,252,252,198,0,0,0,0,0,0,0,0,0,0,0,0,0,0,0,0,0,0,0,0,0,0,0,107,252,252,245,108,0,0,0,0,0,0,0,0,0,0,0,0,0,0,0,0,0,0,0,0,0,0,0,114,252,252,185,0,0,0,0,0,0,0,0,0,0,0,0,0,0,0,0,0,0,0,0,0,0,0,64,246,252,252,185,0,0,0,0,0,0,0,0,0,0,0,0,0,0,0,0,0,0,0,0,0,0,0,255,253,253,253,53,0,0,0,0,0,0,0,0,0,0,0,0,0,0,0,0,0,0,0,0,0,0,128,253,252,252,120,3,0,0,0,0,0,0,0,0,0,0,0,0,0,0,0,0,0,0,0,0,0,62,240,253,252,217,25,0,0,0,0,0,0,0,0,0,0,0,0,0,0,0,0,0,0,0,0,0,0,146,252,253,218,38,0,0,0,0,0,0,0,0,0,0,0,0,0,0,0,0,0,0,0,0,0,0,8,174,252,253,145,0,0,0,0,0,0,0,0,0,0,0,0,0,0,0,0,0,0,0,0,0,0,0,55,252,252,253,118,0,0,0,0,0,0,0,0,0,0,0,0,0,0,0,0,0,0,0,0,0,0,28,223,252,252,149,4,0,0,0,0,0,0,0,0,0,0,0,0,0,0,0,0,0,0,0,0,0,0,41,252,252,252,0,0,0,0,0,0,0,0,0,0,0,0,0,0,0,0,0,0,0,0,0,0,0,0,41,252,252,252,0,0,0,0,0,0,0,0,0,0,0,0,0,0,0,0,0,0,0,0,0,0,0,0,41,252,252,252,0,0,0,0,0,0,0,0,0,0,0,0,0,0,0,0,0,0,0,0,0,0,0,0,0,0,0,0,0,0,0,0,0,0,0,0,0,0,0,0,0,0
8,0,0,0,0,0,0,0,0,0,0,0,0,0,0,0,0,0,0,0,0,0,0,0,0,0,0,0,0,0,0,0,0,0,0,0,0,0,0,0,0,0,0,0,0,0,0,0,0,0,0,0,0,0,0,0,0,0,0,0,0,0,0,0,0,0,0,0,0,0,0,0,0,0,0,0,0,0,0,0,0,0,0,0,0,0,0,0,0,0,0,0,0,0,0,0,0,0,0,0,0,0,0,0,0,0,0,0,0,0,0,0,0,0,0,0,0,0,0,0,0,0,0,0,0,0,0,0,43,116,199,183,0,0,0,0,0,0,0,0,0,0,0,0,0,0,0,0,0,0,0,0,3,29,121,204,244,254,228,93,0,0,0,0,0,0,0,0,0,0,0,0,0,0,0,0,0,0,0,20,177,254,254,254,227,111,14,0,0,0,0,0,0,0,0,0,0,0,0,0,0,0,0,0,0,6,124,251,254,236,178,22,72,92,0,0,0,0,0,0,0,0,0,0,0,0,0,0,0,0,0,0,0,107,254,220,127,26,0,13,243,227,20,0,0,0,0,0,0,0,0,0,0,0,0,0,0,0,0,0,0,121,254,138,0,0,0,85,254,142,0,0,0,0,0,0,0,0,0,0,0,0,0,0,0,0,0,0,0,59,240,253,202,65,0,204,254,59,0,0,0,0,0,0,0,0,0,0,0,0,0,0,0,0,0,0,0,0,31,192,251,241,212,247,183,4,0,0,0,0,0,0,0,0,0,0,0,0,0,0,0,0,0,0,0,0,0,0,71,199,254,254,113,0,0,0,0,0,0,0,0,0,0,0,0,0,0,0,0,0,0,0,0,0,0,0,0,20,244,254,250,135,10,0,0,0,0,0,0,0,0,0,0,0,0,0,0,0,0,0,0,0,0,0,0,125,254,123,142,253,136,0,0,0,0,0,0,0,0,0,0,0,0,0,0,0,0,0,0,0,0,0,14,230,254,48,0,170,251,88,0,0,0,0,0,0,0,0,0,0,0,0,0,0,0,0,0,0,0,0,36,254,140,4,0,27,226,194,4,0,0,0,0,0,0,0,0,0,0,0,0,0,0,0,0,0,0,3,194,254,14,0,0,0,127,254,101,0,0,0,0,0,0,0,0,0,0,0,0,0,0,0,0,0,0,54,254,254,14,0,0,0,107,254,120,0,0,0,0,0,0,0,0,0,0,0,0,0,0,0,0,0,0,54,255,242,12,0,0,0,121,254,120,0,0,0,0,0,0,0,0,0,0,0,0,0,0,0,0,0,0,54,254,205,6,0,0,20,223,253,45,0,0,0,0,0,0,0,0,0,0,0,0,0,0,0,0,0,0,54,254,254,78,17,97,214,254,156,0,0,0,0,0,0,0,0,0,0,0,0,0,0,0,0,0,0,0,6,154,255,255,233,254,249,177,10,0,0,0,0,0,0,0,0,0,0,0,0,0,0,0,0,0,0,0,0,13,158,249,254,189,95,0,0,0,0,0,0,0,0,0,0,0,0,0,0,0,0,0,0,0,0,0,0,0,0,0,0,0,0,0,0,0,0,0,0,0,0,0,0,0,0,0,0,0,0,0,0,0,0,0,0,0,0,0,0,0,0,0,0,0,0,0,0,0,0,0,0,0,0,0,0,0,0,0,0,0,0,0,0,0,0,0,0,0,0,0,0,0,0,0,0,0,0,0,0,0,0,0,0,0,0,0,0,0,0,0,0,0,0,0,0,0,0,0,0,0,0,0,0,0,0,0,0,0
3,0,0,0,0,0,0,0,0,0,0,0,0,0,0,0,0,0,0,0,0,0,0,0,0,0,0,0,0,0,0,0,0,0,0,0,0,0,0,0,0,0,0,0,0,0,0,0,0,0,0,0,0,0,0,0,0,0,0,0,0,0,0,0,0,0,0,0,0,0,0,0,0,0,0,0,0,0,0,0,0,0,0,0,0,0,0,0,0,0,0,0,0,0,0,0,0,0,0,0,0,0,0,0,0,0,0,0,0,0,0,0,0,0,0,0,0,0,0,0,0,0,0,0,0,0,0,0,0,0,0,0,0,0,0,0,0,0,0,0,0,0,0,0,0,0,0,0,0,0,83,121,128,253,255,253,253,253,253,154,38,0,0,0,0,0,0,0,0,0,0,0,0,0,0,0,0,51,248,252,252,252,253,252,252,252,252,252,244,88,0,0,0,0,0,0,0,0,0,0,0,0,0,0,0,34,158,89,158,89,26,26,26,26,205,252,252,93,0,0,0,0,0,0,0,0,0,0,0,0,0,0,0,0,0,0,0,0,0,0,0,26,216,252,239,63,0,0,0,0,0,0,0,0,0,0,0,0,0,0,0,0,0,0,0,0,0,0,110,216,252,238,86,0,0,0,0,0,0,0,0,0,0,0,0,0,0,0,0,0,0,0,0,29,54,180,245,252,238,87,0,0,0,0,0,0,0,0,0,0,0,0,0,0,0,0,0,0,0,5,48,215,253,252,237,212,86,0,0,0,0,0,0,0,0,0,0,0,0,0,0,0,0,0,8,27,119,169,252,252,253,252,168,5,0,0,0,0,0,0,0,0,0,0,0,0,0,0,0,0,0,0,67,252,252,252,252,252,253,252,252,163,112,11,0,0,0,0,0,0,0,0,0,0,0,0,0,0,0,0,67,252,252,252,174,189,253,252,252,252,252,227,42,0,0,0,0,0,0,0,0,0,0,0,0,0,0,0,0,0,0,0,0,0,0,0,121,235,253,253,213,0,0,0,0,0,0,0,0,0,0,0,0,0,0,0,0,0,0,0,0,0,0,0,0,11,202,252,250,88,0,0,0,0,0,0,0,0,0,0,0,0,0,0,0,0,0,0,0,0,0,0,0,0,81,252,252,93,0,0,0,0,0,0,0,0,0,0,0,0,0,0,0,0,0,0,0,0,0,0,0,0,179,252,239,63,0,0,0,0,0,0,0,0,0,0,0,0,0,0,0,0,0,0,0,0,0,0,0,22,214,252,176,0,0,0,0,0,0,0,0,0,0,0,0,0,98,74,12,0,0,0,0,0,0,0,98,207,252,241,63,0,0,0,0,0,0,0,0,0,0,0,0,0,226,252,53,0,0,0,0,0,20,97,244,252,241,97,0,0,0,0,0,0,0,0,0,0,0,0,0,0,226,252,74,27,27,27,27,98,204,252,252,243,96,0,0,0,0,0,0,0,0,0,0,0,0,0,0,0,149,252,252,252,252,252,252,252,253,239,189,72,0,0,0,0,0,0,0,0,0,0,0,0,0,0,0,0,45,161,252,252,231,203,252,181,120,6,0,0,0,0,0,0,0,0,0,0,0,0,0,0,0,0,0,0,0,0,0,0,0,0,0,0,0,0,0,0,0,0,0,0,0,0,0,0,0,0,0,0,0,0,0,0,0,0,0,0,0,0,0,0,0,0,0,0,0,0,0,0,0,0,0,0,0,0,0,0,0,0,0,0,0,0,0,0,0,0,0,0,0,0,0,0,0,0,0,0,0,0,0,0,0,0,0
9,0,0,0,0,0,0,0,0,0,0,0,0,0,0,0,0,0,0,0,0,0,0,0,0,0,0,0,0,0,0,0,0,0,0,0,0,0,0,0,0,0,0,0,0,0,0,0,0,0,0,0,0,0,0,0,0,0,0,0,0,0,0,0,0,0,0,0,0,0,0,0,0,0,0,0,0,0,0,0,0,0,0,0,0,0,0,0,0,0,0,0,0,0,0,0,0,0,0,0,0,0,0,0,0,0,0,0,0,0,0,0,0,0,0,0,0,0,0,0,0,0,0,0,0,0,0,0,0,0,0,0,0,0,0,0,0,0,0,0,0,0,0,0,0,0,0,0,0,0,0,0,0,0,0,0,0,0,0,0,0,0,0,0,0,0,0,0,0,0,0,0,0,0,0,0,0,0,0,0,0,0,0,0,0,19,107,218,235,44,0,0,0,0,0,0,0,0,0,0,0,0,0,0,0,0,0,0,0,0,0,2,94,217,254,254,254,187,0,0,0,0,0,0,0,0,0,0,0,0,0,0,0,0,0,0,0,0,31,192,254,254,254,254,254,187,0,0,0,0,0,0,0,0,0,0,0,0,0,0,0,0,0,0,2,67,218,254,254,254,254,226,234,176,0,0,0,0,0,0,0,0,0,0,0,0,0,0,0,0,0,3,76,254,254,254,254,254,254,174,17,6,0,0,0,0,0,0,0,0,0,0,0,0,0,0,0,0,3,76,254,254,254,254,254,254,254,132,0,0,0,0,0,0,0,0,0,0,0,0,0,0,0,0,0,0,31,254,254,254,254,254,254,254,248,100,0,0,0,0,0,0,0,0,0,0,0,0,0,0,0,0,0,0,116,254,254,254,254,254,254,254,200,0,0,0,0,0,0,0,0,0,0,0,0,0,0,0,0,0,0,0,188,254,254,254,254,234,235,254,188,0,0,0,0,0,0,0,0,0,0,0,0,0,0,0,0,0,0,0,106,254,254,210,90,59,234,254,117,0,0,0,0,0,0,0,0,0,0,0,0,0,0,0,0,0,0,0,4,77,88,9,0,128,254,245,68,0,0,0,0,0,0,0,0,0,0,0,0,0,0,0,0,0,0,0,0,0,0,0,33,248,254,143,0,0,0,0,0,0,0,0,0,0,0,0,0,0,0,0,0,0,0,0,0,0,0,8,166,254,214,5,0,0,0,0,0,0,0,0,0,0,0,0,0,0,0,0,0,0,0,0,0,0,0,53,254,254,161,0,0,0,0,0,0,0,0,0,0,0,0,0,0,0,0,0,0,0,0,0,0,0,17,224,254,217,12,0,0,0,0,0,0,0,0,0,0,0,0,0,0,0,0,0,0,0,0,0,0,0,80,254,254,114,0,0,0,0,0,0,0,0,0,0,0,0,0,0,0,0,0,0,0,0,0,0,0,16,227,254,219,3,0,0,0,0,0,0,0,0,0,0,0,0,0,0,0,0,0,0,0,0,0,0,0,103,254,245,71,0,0,0,0,0,0,0,0,0,0,0,0,0,0,0,0,0,0,0,0,0,0,0,21,253,254,195,0,0,0,0,0,0,0,0,0,0,0,0,0,0,0,0,0,0,0,0,0,0,0,0,49,254,254,83,0,0,0,0,0,0,0,0,0,0,0,0,0,0,0,0,0,0,0,0,0,0,0,0,0,0,0,0,0,0,0,0,0,0,0,0,0,0,0,0,0,0,0,0,0,0,0,0,0,0,0,0,0,0,0,0,0,0,0,0,0,0,0,0,0,0,0,0,0,0,0
1,0,0,0,0,0,0,0,0,0,0,0,0,0,0,0,0,0,0,0,0,0,0,0,0,0,0,0,0,0,0,0,0,0,0,0,0,0,0,0,0,0,0,0,0,0,0,0,0,0,0,0,0,0,0,0,0,0,0,0,0,0,0,0,0,0,0,0,0,0,0,0,0,0,0,0,0,0,0,0,0,0,0,0,0,0,0,0,0,0,0,0,0,0,0,0,0,0,0,0,0,0,0,0,0,0,0,0,0,0,0,0,0,0,0,0,0,0,0,0,0,0,0,0,0,0,0,0,0,0,58,249,172,0,0,0,0,0,0,0,0,0,0,0,0,0,0,0,0,0,0,0,0,0,0,0,0,0,125,254,171,0,0,0,0,0,0,0,0,0,0,0,0,0,0,0,0,0,0,0,0,0,0,0,0,6,234,254,171,0,0,0,0,0,0,0,0,0,0,0,0,0,0,0,0,0,0,0,0,0,0,0,0,38,254,254,141,0,0,0,0,0,0,0,0,0,0,0,0,0,0,0,0,0,0,0,0,0,0,0,19,219,254,254,34,0,0,0,0,0,0,0,0,0,0,0,0,0,0,0,0,0,0,0,0,0,0,0,36,254,254,254,34,0,0,0,0,0,0,0,0,0,0,0,0,0,0,0,0,0,0,0,0,0,0,0,166,254,254,201,17,0,0,0,0,0,0,0,0,0,0,0,0,0,0,0,0,0,0,0,0,0,0,108,253,254,254,91,0,0,0,0,0,0,0,0,0,0,0,0,0,0,0,0,0,0,0,0,0,0,0,187,254,254,143,2,0,0,0,0,0,0,0,0,0,0,0,0,0,0,0,0,0,0,0,0,0,25,107,242,254,211,25,0,0,0,0,0,0,0,0,0,0,0,0,0,0,0,0,0,0,0,0,0,0,91,254,254,249,89,0,0,0,0,0,0,0,0,0,0,0,0,0,0,0,0,0,0,0,0,0,0,28,183,255,254,212,0,0,0,0,0,0,0,0,0,0,0,0,0,0,0,0,0,0,0,0,0,0,0,249,254,254,223,39,0,0,0,0,0,0,0,0,0,0,0,0,0,0,0,0,0,0,0,0,0,0,65,252,254,254,68,0,0,0,0,0,0,0,0,0,0,0,0,0,0,0,0,0,0,0,0,0,0,63,181,254,254,132,4,0,0,0,0,0,0,0,0,0,0,0,0,0,0,0,0,0,0,0,0,0,0,152,254,254,176,7,0,0,0,0,0,0,0,0,0,0,0,0,0,0,0,0,0,0,0,0,0,0,62,233,254,227,50,0,0,0,0,0,0,0,0,0,0,0,0,0,0,0,0,0,0,0,0,0,0,40,231,254,254,47,0,0,0,0,0,0,0,0,0,0,0,0,0,0,0,0,0,0,0,0,0,0,0,56,254,254,172,3,0,0,0,0,0,0,0,0,0,0,0,0,0,0,0,0,0,0,0,0,0,0,0,56,254,247,57,0,0,0,0,0,0,0,0,0,0,0,0,0,0,0,0,0,0,0,0,0,0,0,0,0,0,0,0,0,0,0,0,0,0,0,0,0,0,0,0,0,0,0,0,0,0,0,0,0,0,0,0,0,0,0,0,0,0,0,0,0,0,0,0,0,0,0,0,0,0,0,0,0,0,0,0,0,0,0,0,0,0,0,0,0,0,0,0,0,0,0,0,0,0,0,0,0,0,0,0,0,0,0,0,0,0,0,0,0,0,0,0,0,0,0,0,0,0,0,0,0,0,0,0,0,0,0,0,0
0,0,0,0,0,0,0,0,0,0,0,0,0,0,0,0,0,0,0,0,0,0,0,0,0,0,0,0,0,0,0,0,0,0,0,0,0,0,0,0,0,0,0,0,0,0,0,0,0,0,0,0,0,0,0,0,0,0,0,0,0,0,0,0,0,0,0,0,0,0,0,0,0,0,0,0,0,0,0,0,0,0,0,0,0,0,0,0,0,0,0,0,0,0,0,0,0,0,0,0,0,0,0,0,0,0,0,0,0,0,0,0,0,0,0,0,0,0,0,0,0,0,0,0,0,0,0,0,0,0,0,0,0,0,0,0,0,0,0,0,0,0,0,0,0,0,0,0,0,0,0,0,0,82,254,255,193,80,3,0,0,0,0,0,0,0,0,0,0,0,0,0,0,0,0,0,0,0,0,137,158,234,253,253,253,253,8,0,0,0,0,0,0,0,0,0,0,0,0,0,0,0,0,0,0,58,237,251,253,246,144,78,78,78,3,0,0,0,0,0,0,0,0,0,0,0,0,0,0,0,0,0,0,159,253,253,253,143,187,253,253,253,143,140,14,0,0,0,0,0,0,0,0,0,0,0,0,0,0,0,137,251,253,245,230,230,253,253,253,253,253,253,223,128,8,0,0,0,0,0,0,0,0,0,0,0,0,39,204,253,253,209,124,253,253,248,130,211,253,253,253,253,128,0,0,0,0,0,0,0,0,0,0,0,0,80,253,253,253,209,25,191,226,97,0,34,100,226,250,253,246,202,48,0,0,0,0,0,0,0,0,0,0,80,253,253,253,209,0,0,0,0,0,0,0,0,133,202,253,253,133,0,0,0,0,0,0,0,0,0,0,80,253,253,253,209,0,0,0,0,0,0,0,0,0,36,222,253,248,115,0,0,0,0,0,0,0,0,0,80,253,253,253,209,0,0,0,0,0,0,0,0,0,0,149,253,253,156,0,0,0,0,0,0,0,0,0,80,253,253,253,209,0,0,0,0,0,0,0,0,0,0,36,253,253,220,52,0,0,0,0,0,0,0,0,80,253,253,253,221,37,0,0,0,0,0,0,0,0,0,36,253,253,253,78,0,0,0,0,0,0,0,0,33,197,253,253,253,130,0,0,0,0,0,0,0,0,0,138,253,253,196,32,0,0,0,0,0,0,0,0,0,16,202,253,253,241,83,0,0,0,0,0,0,0,0,211,253,249,124,0,0,0,0,0,0,0,0,0,0,0,62,253,253,253,240,131,36,0,0,0,0,0,69,233,253,144,0,0,0,0,0,0,0,0,0,0,0,0,11,43,225,253,253,253,216,36,12,0,0,0,114,247,237,52,0,0,0,0,0,0,0,0,0,0,0,0,0,0,140,253,253,253,253,253,161,115,115,115,55,116,77,0,0,0,0,0,0,0,0,0,0,0,0,0,0,0,41,235,237,253,253,253,253,253,253,253,212,30,0,0,0,0,0,0,0,0,0,0,0,0,0,0,0,0,0,0,17,196,253,253,253,253,253,165,75,0,0,0,0,0,0,0,0,0,0,0,0,0,0,0,0,0,0,0,0,33,78,78,193,83,78,8,0,0,0,0,0,0,0,0,0,0,0,0,0,0,0,0,0,0,0,0,0,0,0,0,0,0,0,0,0,0,0,0,0,0,0,0,0,0,0,0,0,0,0,0,0,0,0,0,0,0,0,0,0,0,0,0,0,0,0,0,0,0,0,0,0,0,0,0,0,0,0,0,0,0,0,0,0,0,0,0,0,0,0,0,0,0,0,0,0,0,0,0
3,0,0,0,0,0,0,0,0,0,0,0,0,0,0,0,0,0,0,0,0,0,0,0,0,0,0,0,0,0,0,0,0,0,0,0,0,0,0,0,0,0,0,0,0,0,0,0,0,0,0,0,0,0,0,0,0,0,0,0,0,0,0,0,0,0,0,0,0,0,0,0,0,0,0,0,0,0,0,0,0,0,0,0,0,0,0,0,0,0,0,0,0,0,0,0,0,0,0,0,0,0,0,0,0,0,0,0,0,0,0,0,0,0,0,0,0,0,0,4,18,115,136,136,136,136,164,255,199,95,10,18,7,0,0,0,0,0,0,0,0,0,0,0,0,0,39,175,253,253,253,253,253,253,253,253,253,253,207,253,188,60,0,0,0,0,0,0,0,0,0,0,0,0,154,253,253,253,253,253,253,253,253,253,253,253,253,253,253,163,0,0,0,0,0,0,0,0,0,0,0,0,111,182,182,207,253,253,253,253,253,253,253,253,253,253,185,18,0,0,0,0,0,0,0,0,0,0,0,0,0,0,0,17,47,159,159,253,253,253,253,253,253,132,16,0,0,0,0,0,0,0,0,0,0,0,0,0,0,0,0,0,0,56,241,253,253,253,253,253,243,12,0,0,0,0,0,0,0,0,0,0,0,0,0,0,0,0,0,0,106,248,253,253,253,253,253,253,247,55,0,0,0,0,0,0,0,0,0,0,0,0,0,0,0,0,0,9,228,253,253,234,162,253,253,253,253,226,9,0,0,0,0,0,0,0,0,0,0,0,0,0,0,0,0,75,249,253,253,253,253,253,253,253,253,253,88,0,0,0,0,0,0,0,0,0,0,0,0,0,0,0,0,0,172,251,253,253,253,253,253,253,253,253,181,45,0,0,0,0,0,0,0,0,0,0,0,0,0,0,0,0,0,61,253,253,253,253,253,253,253,253,253,238,77,0,0,0,0,0,0,0,0,0,0,0,0,0,0,0,0,4,212,253,253,253,253,253,253,253,253,253,240,29,0,0,0,0,0,0,0,0,0,0,0,0,0,0,0,6,243,253,253,253,253,253,253,253,253,253,253,35,0,0,0,0,0,0,0,0,0,0,0,0,0,0,0,123,253,253,253,253,253,253,253,253,253,253,253,35,0,0,0,0,0,0,0,0,0,0,0,0,0,0,0,125,253,253,253,253,253,253,253,253,253,253,253,35,0,0,0,0,0,0,0,0,0,0,0,0,0,0,0,146,253,253,253,253,253,253,253,253,253,253,177,12,0,0,0,0,0,0,0,0,0,0,0,70,183,183,183,250,253,253,253,253,253,253,253,253,253,176,15,0,0,0,0,0,0,0,0,0,0,0,29,236,253,253,253,253,253,253,253,253,253,253,253,253,177,15,0,0,0,0,0,0,0,0,0,0,0,0,5,115,228,253,253,253,253,253,253,253,253,253,253,194,53,0,0,0,0,0,0,0,0,0,0,0,0,0,0,0,13,17,17,20,135,135,162,253,253,253,131,7,0,0,0,0,0,0,0,0,0,0,0,0,0,0,0,0,0,0,0,0,0,0,0,0,0,0,0,0,0,0,0,0,0,0,0,0,0,0,0,0,0,0,0,0,0,0,0,0,0,0,0,0,0,0,0,0,0,0,0,0,0,0,0,0,0,0,0,0,0,0,0,0,0,0,0,0,0,0,0,0,0,0,0,0,0,0,0,0,0,0,0,0,0,0,0,0,0,0,0,0,0,0,0,0,0,0,0,0,0,0,0,0,0,0,0,0,0,0,0,0,0
4,0,0,0,0,0,0,0,0,0,0,0,0,0,0,0,0,0,0,0,0,0,0,0,0,0,0,0,0,0,0,0,0,0,0,0,0,0,0,0,0,0,0,0,0,0,0,0,0,0,0,0,0,0,0,0,0,0,0,0,0,0,0,0,0,0,0,0,0,0,0,0,0,0,0,0,0,0,0,0,0,0,0,0,0,0,0,0,0,0,0,0,0,0,0,0,0,0,0,0,0,0,0,0,0,0,0,0,0,0,0,0,0,0,0,0,0,0,0,0,0,0,0,0,0,0,0,0,0,0,0,0,0,0,0,0,0,0,0,0,0,0,0,0,0,0,0,0,0,0,0,0,0,0,0,0,0,0,0,0,9,76,202,228,32,0,0,0,0,0,0,0,0,0,0,0,0,0,0,0,0,0,0,0,0,0,0,0,114,252,253,206,0,0,0,0,0,0,0,0,0,0,0,0,0,0,0,0,0,0,0,0,0,0,0,51,220,252,184,171,32,0,0,0,0,0,0,0,0,0,0,0,0,0,0,0,9,93,68,0,0,0,17,209,252,116,0,0,0,0,0,0,0,0,0,0,0,0,0,0,0,0,0,0,76,252,215,21,0,0,47,252,210,12,0,0,0,0,0,0,0,0,0,0,0,0,0,0,0,0,0,0,202,249,115,0,0,24,253,247,94,0,0,0,0,0,0,0,0,0,0,0,0,0,0,0,0,0,0,95,253,206,0,0,0,97,252,110,0,0,0,0,0,0,0,0,0,0,0,0,0,0,0,0,0,0,26,236,253,174,0,0,32,222,240,50,0,0,0,0,0,0,0,0,0,0,0,0,0,0,0,0,0,0,93,242,203,58,0,0,105,245,131,0,0,0,0,0,0,0,0,0,0,0,0,0,0,0,0,0,0,85,228,252,63,0,0,95,240,241,116,116,116,168,0,0,0,0,0,0,0,0,0,0,0,0,0,0,0,174,253,253,191,138,138,233,253,255,253,253,245,178,0,0,0,0,0,0,0,0,0,0,0,0,0,0,0,142,252,252,253,252,252,252,252,218,92,92,58,0,0,0,0,0,0,0,0,0,0,0,0,0,0,0,0,134,183,183,173,69,202,252,168,32,0,0,0,0,0,0,0,0,0,0,0,0,0,0,0,0,0,0,0,0,0,0,0,17,209,252,96,0,0,0,0,0,0,0,0,0,0,0,0,0,0,0,0,0,0,0,0,0,0,0,0,26,221,252,75,0,0,0,0,0,0,0,0,0,0,0,0,0,0,0,0,0,0,0,0,0,0,0,0,110,253,150,0,0,0,0,0,0,0,0,0,0,0,0,0,0,0,0,0,0,0,0,0,0,0,0,0,140,252,67,0,0,0,0,0,0,0,0,0,0,0,0,0,0,0,0,0,0,0,0,0,0,0,0,17,197,233,64,0,0,0,0,0,0,0,0,0,0,0,0,0,0,0,0,0,0,0,0,0,0,0,0,66,252,183,0,0,0,0,0,0,0,0,0,0,0,0,0,0,0,0,0,0,0,0,0,0,0,0,0,86,252,162,21,0,0,0,0,0,0,0,0,0,0,0,0,0,0,0,0,0,0,0,0,0,0,0,0,0,0,0,0,0,0,0,0,0,0,0,0,0,0,0,0,0,0,0,0,0,0,0,0,0,0,0,0,0,0,0,0,0,0,0,0,0,0,0,0,0,0,0,0,0,0,0,0,0,0,0,0,0,0,0,0,0,0,0,0,0,0,0,0,0,0,0,0,0,0,0,0,0
3,0,0,0,0,0,0,0,0,0,0,0,0,0,0,0,0,0,0,0,0,0,0,0,0,0,0,0,0,0,0,0,0,0,0,0,0,0,0,0,0,0,0,0,0,0,0,0,0,0,0,0,0,0,0,0,0,0,0,0,0,0,0,0,0,0,0,0,0,0,0,0,0,0,0,0,0,0,0,0,0,0,0,0,0,0,0,0,0,0,0,0,0,0,0,0,0,0,0,0,0,0,0,0,0,0,0,0,0,0,0,0,0,0,0,0,0,0,0,0,0,0,5,92,158,254,254,254,215,88,7,1,0,0,0,0,0,0,0,0,0,0,0,0,0,0,0,0,17,136,214,253,253,253,253,253,253,253,253,150,19,0,0,0,0,0,0,0,0,0,0,0,0,0,0,0,102,253,253,253,253,253,253,253,253,253,253,253,207,19,0,0,0,0,0,0,0,0,0,0,0,0,0,0,155,253,253,253,253,253,253,234,167,237,253,253,253,141,0,0,0,0,0,0,0,0,0,0,0,0,0,0,76,227,253,253,246,222,189,22,0,34,231,253,253,210,7,0,0,0,0,0,0,0,0,0,0,0,0,0,0,14,93,93,72,0,0,0,0,0,217,253,253,253,12,0,0,0,0,0,0,0,0,0,0,0,0,0,0,0,0,0,0,0,0,0,0,15,223,253,253,234,10,0,0,0,0,0,0,0,0,0,0,0,0,0,0,0,0,0,0,0,0,0,16,120,253,253,253,118,0,0,0,0,0,0,0,0,0,0,0,0,0,0,0,0,0,0,0,72,180,180,203,253,253,253,178,6,0,0,0,0,0,0,0,0,0,0,0,0,0,0,0,0,0,0,0,186,253,253,253,253,253,253,57,0,0,0,0,0,0,0,0,0,0,0,0,0,0,0,0,0,0,0,0,186,253,253,253,253,253,253,146,5,0,0,0,0,0,0,0,0,0,0,0,0,0,0,0,0,0,0,0,71,179,179,239,253,253,253,253,147,4,0,0,0,0,0,0,0,0,0,0,0,46,81,71,0,0,0,0,0,0,0,40,92,242,253,253,253,12,0,0,0,0,0,0,0,0,0,0,5,181,253,222,0,0,0,0,0,0,0,0,0,37,228,253,253,12,0,0,0,0,0,0,0,0,0,0,13,253,253,234,34,0,0,0,0,0,0,0,0,81,234,253,253,12,0,0,0,0,0,0,0,0,0,0,13,253,253,253,216,34,0,0,0,0,0,81,142,249,253,253,253,12,0,0,0,0,0,0,0,0,0,0,2,153,253,253,253,216,106,106,28,29,142,249,253,253,253,253,101,2,0,0,0,0,0,0,0,0,0,0,0,19,207,253,253,253,253,253,240,241,253,253,253,253,253,101,2,0,0,0,0,0,0,0,0,0,0,0,0,0,92,253,253,253,253,253,253,253,253,253,253,152,26,2,0,0,0,0,0,0,0,0,0,0,0,0,0,0,1,21,129,129,214,253,253,253,156,129,26,1,0,0,0,0,0,0,0,0,0,0,0,0,0,0,0,0,0,0,0,0,0,0,0,0,0,0,0,0,0,0,0,0,0,0,0,0,0,0,0,0,0,0,0,0,0,0,0,0,0,0,0,0,0,0,0,0,0,0,0,0,0,0,0,0,0,0,0,0,0,0,0,0,0,0,0,0,0,0,0,0,0,0,0,0,0,0,0,0,0,0,0,0,0,0,0,0,0,0,0,0,0,0,0,0,0,0,0,0,0,0,0,0,0,0,0,0,0,0,0,0,0,0
2,0,0,0,0,0,0,0,0,0,0,0,0,0,0,0,0,0,0,0,0,0,0,0,0,0,0,0,0,0,0,0,0,0,0,0,0,0,0,0,0,0,0,0,0,0,0,0,0,0,0,0,0,0,0,0,0,0,0,0,0,0,0,0,0,0,0,0,0,0,0,0,0,0,0,0,0,0,0,0,0,0,0,0,0,0,0,0,0,0,0,0,0,0,0,0,0,0,18,105,148,96,14,0,0,0,0,0,0,0,0,0,0,0,0,0,0,0,0,0,0,0,0,0,43,155,216,253,252,252,211,102,0,0,0,0,0,0,0,0,0,0,0,0,0,0,0,0,0,0,0,52,190,252,252,170,82,179,245,252,62,0,0,0,0,0,0,0,0,0,0,0,0,0,0,0,0,0,11,206,247,162,84,0,0,0,99,252,239,42,0,0,0,0,0,0,0,0,0,0,0,0,0,0,0,0,43,252,143,0,0,0,0,0,11,174,253,63,0,0,0,0,0,0,0,0,0,0,0,0,0,0,0,0,36,243,127,0,0,0,0,0,0,45,254,183,4,0,0,0,0,0,0,0,0,0,0,0,0,0,0,0,0,127,84,0,0,0,0,0,0,0,253,252,21,0,0,0,0,0,0,0,0,0,0,0,0,0,0,0,0,0,0,0,0,0,0,0,0,0,253,252,21,0,0,0,0,0,0,0,0,0,0,0,0,0,0,0,0,0,0,0,0,0,0,0,0,0,253,252,21,0,0,0,0,0,0,0,0,0,0,0,0,0,0,0,107,106,53,0,0,0,0,0,0,0,253,252,21,0,0,0,0,0,0,0,0,0,0,0,0,22,139,253,254,253,253,156,43,0,0,0,0,0,255,204,9,0,0,0,0,0,0,0,0,0,0,0,0,162,252,252,107,142,210,252,252,173,21,0,0,80,253,132,0,0,0,0,0,0,0,0,0,0,0,0,131,249,205,38,0,0,11,74,240,253,237,81,6,162,253,63,0,0,0,0,0,0,0,0,0,0,0,29,232,160,0,0,0,0,0,0,35,145,237,245,190,252,225,21,0,0,0,0,0,0,0,0,0,0,0,130,252,126,0,0,0,0,0,0,0,0,67,244,252,252,124,0,0,0,0,0,0,0,0,0,0,0,0,254,253,109,0,0,0,0,0,0,0,0,68,245,253,253,255,138,43,43,43,0,0,0,0,0,0,0,0,253,252,21,0,0,0,0,0,0,0,146,237,245,98,150,253,252,252,252,137,0,0,0,0,0,0,0,0,104,252,172,22,22,22,22,119,197,232,253,201,72,0,0,21,100,126,100,4,0,0,0,0,0,0,0,0,14,184,252,252,252,253,252,252,236,189,128,21,0,0,0,0,0,0,0,0,0,0,0,0,0,0,0,0,0,14,42,113,103,147,147,94,31,0,0,0,0,0,0,0,0,0,0,0,0,0,0,0,0,0,0,0,0,0,0,0,0,0,0,0,0,0,0,0,0,0,0,0,0,0,0,0,0,0,0,0,0,0,0,0,0,0,0,0,0,0,0,0,0,0,0,0,0,0,0,0,0,0,0,0,0,0,0,0,0,0,0,0,0,0,0,0,0,0,0,0,0,0,0,0,0,0,0,0,0,0,0,0,0,0,0,0,0,0,0,0,0,0,0,0,0,0,0,0,0,0,0,0,0,0,0,0,0,0,0,0,0,0,0,0,0,0,0,0,0,0,0,0,0,0,0,0,0,0,0,0,0,0,0,0,0,0,0,0,0,0,0,0
3,0,0,0,0,0,0,0,0,0,0,0,0,0,0,0,0,0,0,0,0,0,0,0,0,0,0,0,0,0,0,0,0,0,0,0,0,0,0,0,0,0,0,0,0,0,0,0,0,0,0,0,0,0,0,0,0,0,0,0,0,0,0,0,0,0,0,0,0,0,0,0,0,0,0,0,0,0,0,0,0,0,0,0,0,0,0,0,0,0,0,0,0,0,0,0,0,0,0,0,0,0,0,0,0,0,0,0,0,0,0,0,0,0,0,0,0,0,0,0,0,0,0,0,0,0,0,0,0,0,0,0,0,0,0,0,0,0,0,0,0,0,0,0,0,0,0,0,0,0,0,0,0,32,73,99,163,163,169,254,255,254,254,208,21,0,0,0,0,0,0,0,0,0,0,0,0,0,0,187,235,243,253,254,253,253,253,253,199,229,233,253,143,0,0,0,0,0,0,0,0,0,0,0,0,0,63,250,253,253,240,217,164,127,88,36,0,21,23,161,253,0,0,0,0,0,0,0,0,0,0,0,0,0,42,228,189,106,35,0,0,0,0,0,0,0,0,147,253,0,0,0,0,0,0,0,0,0,0,0,0,0,0,0,0,0,0,0,0,0,0,0,0,0,27,238,155,0,0,0,0,0,0,0,0,0,0,0,0,0,0,0,0,0,0,0,0,0,0,0,0,62,241,242,26,0,0,0,0,0,0,0,0,0,0,0,0,0,0,0,0,0,0,0,0,0,0,0,81,239,245,55,0,0,0,0,0,0,0,0,0,0,0,0,0,0,0,0,0,16,69,128,108,37,43,159,254,245,89,0,0,0,0,0,0,0,0,0,0,0,0,0,0,0,0,69,154,222,253,254,253,253,253,253,216,49,0,0,0,0,0,0,0,0,0,0,0,0,0,0,0,0,85,248,253,253,220,221,253,253,253,253,59,0,0,0,0,0,0,0,0,0,0,0,0,21,31,0,0,0,163,254,241,130,195,255,254,204,98,233,149,0,0,0,0,0,0,0,0,0,0,0,0,144,56,0,0,0,163,253,253,253,253,199,95,9,0,78,249,17,0,0,0,0,0,0,0,0,0,0,0,254,18,0,0,0,139,229,216,145,62,0,0,0,0,0,254,18,0,0,0,0,0,0,0,0,0,0,0,202,5,0,0,0,0,20,0,0,0,0,0,0,0,7,254,18,0,0,0,0,0,0,0,0,0,0,0,254,18,0,0,0,0,0,0,0,0,0,0,0,0,91,254,18,0,0,0,0,0,0,0,0,0,0,0,228,202,23,0,0,0,0,0,0,0,0,0,0,45,254,156,0,0,0,0,0,0,0,0,0,0,0,0,38,243,225,74,16,0,0,0,0,0,0,12,100,224,233,7,0,0,0,0,0,0,0,0,0,0,0,0,0,137,248,253,195,102,37,37,76,128,153,225,253,231,49,0,0,0,0,0,0,0,0,0,0,0,0,0,0,0,137,249,253,254,253,253,253,253,254,249,176,31,0,0,0,0,0,0,0,0,0,0,0,0,0,0,0,0,0,57,136,221,201,194,162,162,136,57,0,0,0,0,0,0,0,0,0,0,0,0,0,0,0,0,0,0,0,0,0,0,0,0,0,0,0,0,0,0,0,0,0,0,0,0,0,0,0,0,0,0,0,0,0,0,0,0,0,0,0,0,0,0,0,0,0,0,0,0,0,0,0,0,0,0,0,0,0,0,0,0,0,0,0,0,0,0,0,0,0,0,0,0,0,0,0,0,0,0,0,0,0,0,0,0
7,0,0,0,0,0,0,0,0,0,0,0,0,0,0,0,0,0,0,0,0,0,0,0,0,0,0,0,0,0,0,0,0,0,0,0,0,0,0,0,0,0,0,0,0,0,0,0,0,0,0,0,0,0,0,0,0,0,0,0,0,0,0,0,0,0,0,0,0,0,0,0,0,0,0,0,0,0,0,0,0,0,0,0,0,0,0,0,0,0,0,0,0,0,0,0,0,0,0,0,0,0,0,0,0,0,0,0,0,0,0,0,0,0,0,0,0,0,0,0,0,0,0,0,0,0,0,0,0,0,0,0,0,0,0,0,0,0,0,0,0,0,0,0,0,0,0,0,0,0,0,0,0,0,0,0,0,0,0,0,0,0,0,0,0,0,0,0,0,0,0,0,0,0,0,0,0,0,0,0,0,0,0,0,0,0,0,0,0,0,0,0,0,0,0,0,0,0,0,0,0,0,0,0,0,0,0,16,28,0,0,0,9,77,153,254,254,254,235,62,5,0,0,0,0,0,0,0,0,0,0,0,0,0,24,204,240,177,128,129,197,253,253,253,253,253,253,170,10,0,0,0,0,0,0,0,0,0,0,0,0,0,50,244,253,253,253,254,253,253,253,253,253,253,236,89,0,0,0,0,0,0,0,0,0,0,0,0,0,0,4,112,121,121,217,232,202,121,94,253,253,243,142,0,0,0,0,0,0,0,0,0,0,0,0,0,0,0,0,0,0,0,0,0,0,66,212,253,253,108,0,0,0,0,0,0,0,0,0,0,0,0,0,0,0,0,0,0,0,0,0,12,118,220,253,234,79,5,0,0,0,0,0,0,0,0,0,0,0,0,0,0,0,0,0,0,0,0,0,29,220,253,243,104,0,0,0,0,0,0,0,0,0,0,0,0,0,0,0,0,0,0,0,0,0,0,39,254,253,217,142,0,0,0,0,0,0,0,0,0,0,0,0,0,0,0,0,0,0,0,0,0,0,24,231,255,253,92,0,0,0,0,0,0,0,0,0,0,0,0,0,0,0,0,0,0,0,0,0,0,20,203,253,240,66,6,0,0,0,0,0,0,0,0,0,0,0,0,0,0,0,0,0,0,0,0,0,2,168,254,254,97,0,0,0,0,0,0,0,0,0,0,0,0,0,0,0,0,0,0,0,0,0,0,0,118,253,253,147,0,0,0,0,0,0,0,0,0,0,0,0,0,0,0,0,0,0,0,0,0,0,0,39,242,253,220,19,0,0,0,0,0,0,0,0,0,0,0,0,0,0,0,0,0,0,0,0,0,0,63,243,253,182,39,2,0,0,0,0,0,0,0,0,0,0,0,0,0,0,0,0,0,0,0,0,0,63,223,253,222,73,0,0,0,0,0,0,0,0,0,0,0,0,0,0,0,0,0,0,0,0,0,0,35,151,253,222,86,0,0,0,0,0,0,0,0,0,0,0,0,0,0,0,0,0,0,0,0,0,0,32,173,253,222,38,0,0,0,0,0,0,0,0,0,0,0,0,0,0,0,0,0,0,0,0,0,0,6,100,253,230,73,0,0,0,0,0,0,0,0,0,0,0,0,0,0,0,0,0,0,0,0,0,0,0,82,253,253,121,0,0,0,0,0,0,0,0,0,0,0,0,0,0,0,0,0,0,0,0,0,0,0,0,82,253,119,16,0,0,0,0,0,0,0,0,0,0,0,0,0,0,0,0,0,0,0,0,0,0,0,0,0,0,0,0,0,0,0,0,0,0,0,0,0,0,0,0,0,0,0,0,0,0,0,0
7,0,0,0,0,0,0,0,0,0,0,0,0,0,0,0,0,0,0,0,0,0,0,0,0,0,0,0,0,0,0,0,0,0,0,0,0,0,0,0,0,0,0,0,0,0,0,0,0,0,0,0,0,0,0,0,0,0,0,0,0,0,0,0,0,0,0,0,0,0,0,0,0,0,0,0,0,0,0,0,0,0,0,0,0,0,0,0,0,0,0,0,0,0,0,0,0,0,0,0,0,0,0,0,0,0,0,0,0,0,0,0,0,0,0,0,0,0,0,0,0,0,0,0,0,0,0,0,0,0,0,0,0,0,0,0,0,0,0,0,0,0,0,0,0,0,0,0,0,0,0,0,0,0,0,0,0,0,0,0,0,0,0,0,0,0,0,0,0,0,0,0,0,0,0,0,0,0,0,0,0,0,0,0,0,0,0,0,0,0,0,0,0,0,0,0,0,0,0,0,167,254,254,254,254,254,254,201,131,166,106,105,105,105,105,105,105,106,87,0,0,0,0,0,0,0,0,0,254,253,253,253,253,253,253,253,253,253,254,253,253,253,253,253,253,253,245,209,0,0,0,0,0,0,0,0,246,253,253,253,253,253,253,253,253,253,254,253,253,253,253,253,253,253,253,253,0,0,0,0,0,0,0,0,56,133,140,253,253,253,253,253,253,253,254,253,253,253,253,253,253,253,253,253,0,0,0,0,0,0,0,0,0,0,2,29,29,47,178,178,178,178,179,178,178,178,200,253,253,253,253,253,0,0,0,0,0,0,0,0,0,0,0,0,0,0,0,0,0,0,0,0,0,0,93,253,253,253,253,146,0,0,0,0,0,0,0,0,0,0,0,0,0,0,0,0,0,0,0,0,0,64,240,253,253,253,229,49,0,0,0,0,0,0,0,0,0,0,0,0,0,0,0,0,0,0,0,0,15,246,253,253,253,253,67,0,0,0,0,0,0,0,0,0,0,0,0,0,0,0,0,0,0,0,0,0,42,253,253,253,253,237,49,0,0,0,0,0,0,0,0,0,0,0,0,0,0,0,0,0,0,0,0,36,217,253,253,253,253,163,0,0,0,0,0,0,0,0,0,0,0,0,0,0,0,0,0,0,0,0,0,211,254,254,254,254,199,8,0,0,0,0,0,0,0,0,0,0,0,0,0,0,0,0,0,0,0,0,123,246,253,253,253,228,21,0,0,0,0,0,0,0,0,0,0,0,0,0,0,0,0,0,0,0,0,98,254,253,253,253,249,122,0,0,0,0,0,0,0,0,0,0,0,0,0,0,0,0,0,0,0,0,0,149,254,253,253,253,178,0,0,0,0,0,0,0,0,0,0,0,0,0,0,0,0,0,0,0,0,0,85,241,254,253,253,217,37,0,0,0,0,0,0,0,0,0,0,0,0,0,0,0,0,0,0,0,0,64,236,253,254,253,242,39,0,0,0,0,0,0,0,0,0,0,0,0,0,0,0,0,0,0,0,0,0,169,253,253,254,253,238,0,0,0,0,0,0,0,0,0,0,0,0,0,0,0,0,0,0,0,0,0,0,239,253,253,255,232,66,0,0,0,0,0,0,0,0,0,0,0,0,0,0,0,0,0,0,0,0,0,0,239,253,253,254,79,0,0,0,0,0,0,0,0,0,0,0,0,0,0,0,0,0,0,0,0,0,0,0,151,253,253,192,18,0,0,0,0,0,0,0,0,0,0,0,0,0,0,0,0,0,0,0,0,0,0,0,0,0,0,0,0,0,0,0,0,0,0,0,0,0,0,0,0,0
8,0,0,0,0,0,0,0,0,0,0,0,0,0,0,0,0,0,0,0,0,0,0,0,0,0,0,0,0,0,0,0,0,0,0,0,0,0,0,0,0,0,0,0,0,0,0,0,0,0,0,0,0,0,0,0,0,0,0,0,0,0,0,0,0,0,0,0,0,0,0,0,0,0,0,0,0,0,0,0,0,0,0,0,0,0,0,0,0,0,0,0,0,0,0,0,0,0,0,0,0,0,0,0,0,0,0,0,0,0,0,0,0,0,0,0,0,0,0,0,0,0,0,0,0,0,194,253,255,253,238,50,236,253,119,0,0,0,0,0,0,0,0,0,0,0,0,0,0,0,18,60,139,208,242,252,193,69,45,150,252,244,90,0,0,0,0,0,0,0,0,0,0,0,0,0,1,15,173,252,252,252,240,148,0,0,24,252,252,213,0,0,0,0,0,0,0,0,0,0,0,0,0,0,86,252,252,252,252,209,31,0,0,0,164,252,252,74,0,0,0,0,0,0,0,0,0,0,0,0,0,98,242,252,252,243,99,19,0,0,0,53,242,252,141,9,0,0,0,0,0,0,0,0,0,0,0,0,0,208,252,252,199,65,0,0,0,0,13,170,252,167,9,0,0,0,0,0,0,0,0,0,0,0,0,0,0,208,252,252,99,0,0,0,0,0,183,252,252,132,0,0,0,0,0,0,0,0,0,0,0,0,0,0,0,208,252,252,195,26,0,0,0,53,253,252,184,8,0,0,0,0,0,0,0,0,0,0,0,0,0,0,0,182,252,252,252,210,115,45,72,228,253,206,21,0,0,0,0,0,0,0,0,0,0,0,0,0,0,0,0,25,199,252,252,252,252,252,252,252,253,192,0,0,0,0,0,0,0,0,0,0,0,0,0,0,0,0,0,0,9,149,179,253,253,253,253,253,255,253,244,55,0,0,0,0,0,0,0,0,0,0,0,0,0,0,0,0,0,0,13,68,252,252,252,252,253,252,252,231,208,96,0,0,0,0,0,0,0,0,0,0,0,0,0,0,0,0,0,127,252,252,249,237,89,124,246,252,252,241,164,9,0,0,0,0,0,0,0,0,0,0,0,0,0,0,0,178,252,252,136,0,0,0,87,189,252,252,252,85,0,0,0,0,0,0,0,0,0,0,0,0,0,0,0,178,252,252,59,0,0,0,0,14,95,252,252,241,52,0,0,0,0,0,0,0,0,0,0,0,0,0,0,178,252,252,59,0,0,0,0,15,96,252,252,252,59,0,0,0,0,0,0,0,0,0,0,0,0,0,0,178,252,252,161,55,0,32,134,189,252,252,252,204,28,0,0,0,0,0,0,0,0,0,0,0,0,0,0,28,210,252,252,244,240,241,252,252,252,252,252,22,0,0,0,0,0,0,0,0,0,0,0,0,0,0,0,0,111,207,241,252,253,252,252,252,212,189,59,4,0,0,0,0,0,0,0,0,0,0,0,0,0,0,0,0,0,0,80,191,253,252,243,103,12,0,0,0,0,0,0,0,0,0,0,0,0,0,0,0,0,0,0,0,0,0,0,0,0,0,0,0,0,0,0,0,0,0,0,0,0,0,0,0,0,0,0,0,0,0,0,0,0,0,0,0,0,0,0,0,0,0,0,0,0,0,0,0,0,0,0,0,0,0,0,0,0,0,0,0,0,0,0,0,0,0,0,0,0,0,0,0,0,0,0,0,0,0,0,0,0,0,0,0,0,0,0,0,0,0,0,0,0,0,0,0,0,0,0,0,0,0,0,0,0
1,0,0,0,0,0,0,0,0,0,0,0,0,0,0,0,0,0,0,0,0,0,0,0,0,0,0,0,0,0,0,0,0,0,0,0,0,0,0,0,0,0,0,0,0,0,0,0,0,0,0,0,0,0,0,0,0,0,0,0,0,0,0,0,0,0,0,0,0,0,0,0,0,0,0,0,0,0,0,0,0,0,0,0,0,0,0,0,0,0,0,0,0,0,0,0,0,0,0,0,0,0,0,0,0,0,0,0,0,0,0,0,0,0,0,0,0,0,0,0,0,0,0,0,0,0,0,0,166,255,187,6,0,0,0,0,0,0,0,0,0,0,0,0,0,0,0,0,0,0,0,0,0,0,0,0,165,253,253,13,0,0,0,0,0,0,0,0,0,0,0,0,0,0,0,0,0,0,0,0,0,0,0,15,191,253,253,13,0,0,0,0,0,0,0,0,0,0,0,0,0,0,0,0,0,0,0,0,0,0,0,49,253,253,253,13,0,0,0,0,0,0,0,0,0,0,0,0,0,0,0,0,0,0,0,0,0,0,0,141,253,253,169,4,0,0,0,0,0,0,0,0,0,0,0,0,0,0,0,0,0,0,0,0,0,0,4,189,253,249,53,0,0,0,0,0,0,0,0,0,0,0,0,0,0,0,0,0,0,0,0,0,0,0,69,253,253,246,0,0,0,0,0,0,0,0,0,0,0,0,0,0,0,0,0,0,0,0,0,0,0,0,69,253,253,246,0,0,0,0,0,0,0,0,0,0,0,0,0,0,0,0,0,0,0,0,0,0,0,0,118,253,253,124,0,0,0,0,0,0,0,0,0,0,0,0,0,0,0,0,0,0,0,0,0,0,0,0,206,253,231,21,0,0,0,0,0,0,0,0,0,0,0,0,0,0,0,0,0,0,0,0,0,0,0,66,241,253,199,0,0,0,0,0,0,0,0,0,0,0,0,0,0,0,0,0,0,0,0,0,0,0,0,105,253,253,89,0,0,0,0,0,0,0,0,0,0,0,0,0,0,0,0,0,0,0,0,0,0,0,3,228,253,252,86,0,0,0,0,0,0,0,0,0,0,0,0,0,0,0,0,0,0,0,0,0,0,0,111,253,253,205,0,0,0,0,0,0,0,0,0,0,0,0,0,0,0,0,0,0,0,0,0,0,0,0,166,253,253,75,0,0,0,0,0,0,0,0,0,0,0,0,0,0,0,0,0,0,0,0,0,0,0,43,249,253,193,9,0,0,0,0,0,0,0,0,0,0,0,0,0,0,0,0,0,0,0,0,0,0,4,160,253,253,184,0,0,0,0,0,0,0,0,0,0,0,0,0,0,0,0,0,0,0,0,0,0,0,37,253,253,253,88,0,0,0,0,0,0,0,0,0,0,0,0,0,0,0,0,0,0,0,0,0,0,0,140,253,253,186,18,0,0,0,0,0,0,0,0,0,0,0,0,0,0,0,0,0,0,0,0,0,0,0,14,253,253,27,0,0,0,0,0,0,0,0,0,0,0,0,0,0,0,0,0,0,0,0,0,0,0,0,0,0,0,0,0,0,0,0,0,0,0,0,0,0,0,0,0,0,0,0,0,0,0,0,0,0,0,0,0,0,0,0,0,0,0,0,0,0,0,0,0,0,0,0,0,0,0,0,0,0,0,0,0,0,0,0,0,0,0,0,0,0,0,0,0,0,0,0,0,0,0,0,0,0,0,0,0,0,0,0,0,0,0,0,0,0,0,0,0,0,0,0,0,0,0,0,0,0,0,0,0,0,0
6,0,0,0,0,0,0,0,0,0,0,0,0,0,0,0,0,0,0,0,0,0,0,0,0,0,0,0,0,0,0,0,0,0,0,0,0,0,0,0,0,0,0,0,0,0,0,0,0,0,0,0,0,0,0,0,0,0,0,0,0,0,0,0,0,0,99,248,57,0,0,0,0,0,0,0,0,0,0,0,0,0,0,0,0,0,0,0,0,0,0,0,0,22,204,249,77,0,0,0,0,0,0,0,0,0,0,0,0,0,0,0,0,0,0,0,0,0,0,0,0,56,254,241,0,0,0,0,0,0,0,0,0,0,0,0,0,0,0,0,0,0,0,0,0,0,0,0,58,207,254,135,0,0,0,0,0,0,0,0,0,0,0,0,0,0,0,0,0,0,0,0,0,0,0,0,77,254,254,103,0,0,0,0,0,0,0,0,0,0,0,0,0,0,0,0,0,0,0,0,0,0,0,0,84,254,234,42,0,0,0,0,0,0,0,0,0,0,0,0,0,0,0,0,0,0,0,0,0,0,0,0,214,254,148,0,0,0,0,0,0,86,131,131,7,0,0,0,0,0,0,0,0,0,0,0,0,0,0,95,254,254,82,0,0,0,100,148,249,253,254,254,249,204,84,0,0,0,0,0,0,0,0,0,0,0,0,98,254,254,82,0,0,148,252,254,254,254,254,254,254,254,248,117,0,0,0,0,0,0,0,0,0,0,0,134,254,254,82,4,140,253,254,254,254,254,254,254,254,254,254,224,26,0,0,0,0,0,0,0,0,0,0,235,254,254,208,190,254,254,254,254,254,254,254,254,254,254,254,254,197,0,0,0,0,0,0,0,0,0,0,235,254,254,254,254,254,254,254,232,126,89,89,156,253,254,254,254,234,0,0,0,0,0,0,0,0,0,0,235,254,254,254,254,251,187,110,21,0,0,0,0,105,156,254,254,234,0,0,0,0,0,0,0,0,0,0,235,254,254,254,254,124,0,0,0,0,0,0,0,0,84,254,254,234,0,0,0,0,0,0,0,0,0,0,179,254,254,254,254,177,3,37,20,20,104,104,104,235,246,254,254,177,0,0,0,0,0,0,0,0,0,0,66,241,254,254,254,254,222,233,227,228,255,254,254,254,254,254,173,13,0,0,0,0,0,0,0,0,0,0,0,214,254,254,254,254,254,254,254,254,254,254,254,254,254,205,57,0,0,0,0,0,0,0,0,0,0,0,0,117,254,254,254,254,254,254,254,254,254,254,254,215,168,16,0,0,0,0,0,0,0,0,0,0,0,0,0,29,126,234,235,254,254,254,254,254,254,254,244,12,0,0,0,0,0,0,0,0,0,0,0,0,0,0,0,0,0,0,7,117,191,240,142,117,117,117,60,0,0,0,0,0,0,0,0,0,0,0,0,0,0,0,0,0,0,0,0,0,0,0,0,0,0,0,0,0,0,0,0,0,0,0,0,0,0,0,0,0,0,0,0,0,0,0,0,0,0,0,0,0,0,0,0,0,0,0,0,0,0,0,0,0,0,0,0,0,0,0,0,0,0,0,0,0,0,0,0,0,0,0,0,0,0,0,0,0,0,0,0,0,0,0,0,0,0,0,0,0,0,0,0,0,0,0,0,0,0,0,0,0,0,0,0,0,0,0,0,0,0,0,0,0,0,0,0,0,0,0,0,0,0,0,0,0,0,0,0,0,0,0,0,0,0,0,0,0,0,0,0,0,0,0,0,0,0,0,0,0,0,0,0,0,0,0,0,0,0,0,0,0,0,0,0,0
1,0,0,0,0,0,0,0,0,0,0,0,0,0,0,0,0,0,0,0,0,0,0,0,0,0,0,0,0,0,0,0,0,0,0,0,0,0,0,0,0,0,0,0,0,0,0,0,0,0,0,0,0,0,0,0,0,0,0,0,0,0,0,0,0,0,0,0,0,0,0,0,0,0,0,0,0,0,0,0,0,0,0,0,0,0,0,0,0,0,0,0,0,0,0,0,0,0,0,0,0,0,0,0,0,0,0,0,0,0,0,0,0,0,0,0,0,0,0,0,0,248,255,170,6,0,0,0,0,0,0,0,0,0,0,0,0,0,0,0,0,0,0,0,0,0,0,0,0,247,253,253,136,0,0,0,0,0,0,0,0,0,0,0,0,0,0,0,0,0,0,0,0,0,0,0,0,247,253,253,168,0,0,0,0,0,0,0,0,0,0,0,0,0,0,0,0,0,0,0,0,0,0,0,0,63,231,253,168,0,0,0,0,0,0,0,0,0,0,0,0,0,0,0,0,0,0,0,0,0,0,0,0,0,169,253,181,11,0,0,0,0,0,0,0,0,0,0,0,0,0,0,0,0,0,0,0,0,0,0,0,0,39,253,253,68,0,0,0,0,0,0,0,0,0,0,0,0,0,0,0,0,0,0,0,0,0,0,0,0,39,253,253,224,41,0,0,0,0,0,0,0,0,0,0,0,0,0,0,0,0,0,0,0,0,0,0,0,34,239,253,253,138,3,0,0,0,0,0,0,0,0,0,0,0,0,0,0,0,0,0,0,0,0,0,0,0,139,253,253,253,102,0,0,0,0,0,0,0,0,0,0,0,0,0,0,0,0,0,0,0,0,0,0,0,12,240,253,253,199,24,0,0,0,0,0,0,0,0,0,0,0,0,0,0,0,0,0,0,0,0,0,0,0,131,253,253,253,90,0,0,0,0,0,0,0,0,0,0,0,0,0,0,0,0,0,0,0,0,0,0,0,85,253,253,253,241,64,0,0,0,0,0,0,0,0,0,0,0,0,0,0,0,0,0,0,0,0,0,0,10,150,253,253,253,239,26,0,0,0,0,0,0,0,0,0,0,0,0,0,0,0,0,0,0,0,0,0,0,11,171,253,253,253,137,6,0,0,0,0,0,0,0,0,0,0,0,0,0,0,0,0,0,0,0,0,0,0,72,243,253,253,253,154,0,0,0,0,0,0,0,0,0,0,0,0,0,0,0,0,0,0,0,0,0,0,0,82,234,253,253,251,145,10,0,0,0,0,0,0,0,0,0,0,0,0,0,0,0,0,0,0,0,0,0,0,172,249,253,253,253,137,3,0,0,0,0,0,0,0,0,0,0,0,0,0,0,0,0,0,0,0,0,0,0,71,240,253,253,253,92,0,0,0,0,0,0,0,0,0,0,0,0,0,0,0,0,0,0,0,0,0,0,0,83,235,253,253,185,0,0,0,0,0,0,0,0,0,0,0,0,0,0,0,0,0,0,0,0,0,0,0,0,76,253,253,92,0,0,0,0,0,0,0,0,0,0,0,0,0,0,0,0,0,0,0,0,0,0,0,0,0,0,0,0,0,0,0,0,0,0,0,0,0,0,0,0,0,0,0,0,0,0,0,0,0,0,0,0,0,0,0,0,0,0,0,0,0,0,0,0,0,0,0,0,0,0,0,0,0,0,0,0,0,0,0,0,0,0,0,0,0,0,0,0,0,0,0,0,0,0,0,0,0,0,0,0,0,0,0,0,0,0,0,0,0,0,0,0,0,0,0,0,0,0
9,0,0,0,0,0,0,0,0,0,0,0,0,0,0,0,0,0,0,0,0,0,0,0,0,0,0,0,0,0,0,0,0,0,0,0,0,0,0,0,0,0,0,0,0,0,0,0,0,0,0,0,0,0,0,0,0,0,0,0,0,0,0,0,0,0,0,0,0,0,0,0,0,0,0,0,0,0,0,0,0,0,0,0,0,0,0,0,0,0,0,0,0,0,0,0,0,0,0,0,0,0,0,0,0,0,0,0,0,0,0,0,0,0,0,0,0,0,0,0,0,0,0,0,0,0,0,0,0,0,0,0,0,0,0,0,0,0,0,0,0,0,0,0,0,0,0,0,0,0,0,0,0,0,0,0,0,0,0,0,0,0,0,0,0,0,0,0,0,0,0,0,0,0,0,0,0,0,0,0,74,250,178,97,11,0,0,0,0,0,0,0,0,0,0,0,0,0,0,0,0,0,0,0,0,0,0,29,242,254,254,254,136,4,0,0,0,0,0,0,0,0,0,0,0,0,0,0,0,0,0,0,0,0,20,201,254,254,254,254,254,159,0,0,26,0,0,0,0,0,0,0,0,0,0,0,0,0,0,0,0,0,84,254,254,212,35,35,164,223,19,42,212,44,0,0,0,0,0,0,0,0,0,0,0,0,0,0,0,6,199,254,254,46,0,0,76,237,38,228,254,230,14,0,0,0,0,0,0,0,0,0,0,0,0,0,0,72,254,251,119,2,0,0,1,50,177,254,254,245,17,0,0,0,0,0,0,0,0,0,0,0,0,0,0,121,254,224,0,0,0,0,2,126,254,254,254,141,0,0,0,0,0,0,0,0,0,0,0,0,0,0,0,105,254,241,68,41,41,138,182,254,254,254,251,63,0,0,0,0,0,0,0,0,0,0,0,0,0,0,0,5,194,254,254,254,254,254,254,254,254,254,192,0,0,0,0,0,0,0,0,0,0,0,0,0,0,0,0,0,33,221,254,254,254,254,254,254,254,254,31,0,0,0,0,0,0,0,0,0,0,0,0,0,0,0,0,0,0,38,149,149,149,91,134,254,254,225,18,0,0,0,0,0,0,0,0,0,0,0,0,0,0,0,0,0,0,0,0,0,0,0,106,254,254,184,0,0,0,0,0,0,0,0,0,0,0,0,0,0,0,0,0,0,0,0,0,0,0,3,193,254,254,95,0,0,0,0,0,0,0,0,0,0,0,0,0,0,0,0,0,0,0,0,0,0,0,78,254,254,239,0,0,0,0,0,0,0,0,0,0,0,0,0,0,0,0,0,0,0,0,0,0,0,0,150,254,254,230,0,0,0,0,0,0,0,0,0,0,0,0,0,0,0,0,0,0,0,0,0,0,0,0,221,254,254,108,0,0,0,0,0,0,0,0,0,0,0,0,0,0,0,0,0,0,0,0,0,0,0,51,253,254,199,3,0,0,0,0,0,0,0,0,0,0,0,0,0,0,0,0,0,0,0,0,0,0,0,170,254,254,194,0,0,0,0,0,0,0,0,0,0,0,0,0,0,0,0,0,0,0,0,0,0,0,0,195,254,254,82,0,0,0,0,0,0,0,0,0,0,0,0,0,0,0,0,0,0,0,0,0,0,0,0,156,254,170,0,0,0,0,0,0,0,0,0,0,0,0,0,0,0,0,0,0,0,0,0,0,0,0,0,0,0,0,0,0,0,0,0,0,0,0,0,0,0,0,0,0,0,0,0,0,0,0,0,0,0,0,0,0,0,0,0,0,0,0,0,0,0,0,0,0,0,0
0,0,0,0,0,0,0,0,0,0,0,0,0,0,0,0,0,0,0,0,0,0,0,0,0,0,0,0,0,0,0,0,0,0,0,0,0,0,0,0,0,0,0,0,0,0,0,0,0,0,0,0,0,0,0,0,0,0,0,0,0,0,0,0,0,0,0,0,0,0,0,0,0,0,0,0,0,0,0,0,0,0,0,0,0,0,0,0,0,0,0,0,0,0,0,0,0,0,0,0,0,0,0,0,0,0,0,0,0,0,0,0,0,0,0,0,0,0,0,0,0,0,0,0,0,0,0,0,0,0,0,0,0,0,0,0,0,0,0,0,0,0,0,0,0,0,0,0,0,0,0,0,0,43,154,195,155,155,89,56,17,0,0,0,0,0,0,0,0,0,0,0,0,0,0,0,0,0,0,8,82,244,254,254,254,254,254,254,192,56,0,0,0,0,0,0,0,0,0,0,0,0,0,0,0,0,46,230,254,254,254,202,205,254,254,254,254,228,17,0,0,0,0,0,0,0,0,0,0,0,0,0,2,50,228,254,254,202,76,7,69,254,174,233,254,254,119,1,0,0,0,0,0,0,0,0,0,0,0,0,50,254,254,254,243,42,0,2,197,214,27,96,254,254,254,39,0,0,0,0,0,0,0,0,0,0,0,34,228,254,251,224,111,0,0,2,116,29,0,13,205,254,254,200,0,0,0,0,0,0,0,0,0,0,0,66,254,254,151,0,0,0,0,0,0,0,0,0,54,248,254,242,40,0,0,0,0,0,0,0,0,0,2,174,254,243,26,0,0,0,0,0,0,0,0,0,0,141,254,254,55,0,0,0,0,0,0,0,0,0,48,254,254,142,0,0,0,0,0,0,0,0,0,0,0,135,254,254,55,0,0,0,0,0,0,0,0,0,111,254,243,33,0,0,0,0,0,0,0,0,0,0,0,135,254,254,55,0,0,0,0,0,0,0,0,0,151,254,234,0,0,0,0,0,0,0,0,0,0,0,34,224,254,254,55,0,0,0,0,0,0,0,0,35,238,254,234,0,0,0,0,0,0,0,0,0,0,0,81,254,254,202,21,0,0,0,0,0,0,0,0,34,237,254,149,0,0,0,0,0,0,0,0,0,0,2,130,254,254,64,0,0,0,0,0,0,0,0,0,83,254,254,134,0,0,0,0,0,0,0,0,0,0,53,254,254,230,7,0,0,0,0,0,0,0,0,0,145,254,254,134,0,0,0,0,0,0,0,0,0,17,217,254,237,45,0,0,0,0,0,0,0,0,0,0,38,241,254,205,0,0,0,0,0,0,0,0,37,197,254,254,118,0,0,0,0,0,0,0,0,0,0,0,0,118,254,245,56,0,0,0,0,0,1,123,244,254,254,166,2,0,0,0,0,0,0,0,0,0,0,0,0,75,254,254,236,139,25,0,34,111,192,254,254,254,126,19,0,0,0,0,0,0,0,0,0,0,0,0,0,1,75,217,254,254,248,245,249,254,254,254,234,76,2,0,0,0,0,0,0,0,0,0,0,0,0,0,0,0,0,26,55,145,227,254,254,254,171,55,30,0,0,0,0,0,0,0,0,0,0,0,0,0,0,0,0,0,0,0,0,0,0,0,0,0,0,0,0,0,0,0,0,0,0,0,0,0,0,0,0,0,0,0,0,0,0,0,0,0,0,0,0,0,0,0,0,0,0,0,0,0,0,0,0,0,0,0,0,0,0,0,0,0,0,0,0,0,0,0,0,0,0,0,0,0,0,0,0,0,0,0,0,0,0,0
2,0,0,0,0,0,0,0,0,0,0,0,0,0,0,0,0,0,0,0,0,0,0,0,0,0,0,0,0,0,0,0,0,0,0,0,0,0,0,0,0,0,0,0,0,0,0,0,0,0,0,0,0,0,0,0,0,0,0,0,0,0,0,0,0,0,0,0,0,0,0,0,0,0,0,0,0,0,0,0,0,0,0,0,0,0,0,0,0,0,0,0,0,1,171,253,253,253,171,253,253,253,0,0,0,0,0,0,0,0,0,0,0,0,0,0,0,0,0,0,0,42,252,252,252,252,253,252,231,66,63,20,0,0,0,0,0,0,0,0,0,0,0,0,0,0,0,0,27,221,252,252,252,252,253,252,252,190,120,26,110,16,0,0,0,0,0,0,0,0,0,0,0,0,0,0,37,252,252,252,252,252,108,108,108,46,170,221,221,108,0,0,0,0,0,0,0,0,0,0,0,0,0,0,21,143,252,220,41,0,0,0,0,0,62,237,252,252,63,0,0,0,0,0,0,0,0,0,0,0,0,0,0,1,35,25,0,0,0,0,0,0,0,175,252,252,144,0,0,0,0,0,0,0,0,0,0,0,0,0,0,0,0,0,0,0,0,0,0,0,0,21,201,252,144,0,0,0,0,0,0,0,0,0,0,0,0,0,0,0,0,0,0,0,0,0,0,0,0,0,181,252,207,20,0,0,0,0,0,0,0,0,0,0,0,0,0,0,0,0,0,0,0,0,0,0,0,0,182,253,208,20,0,0,0,0,0,0,0,0,0,0,0,0,0,0,0,0,0,0,0,0,0,0,0,0,181,252,144,0,0,0,0,0,0,0,0,0,0,0,0,0,0,0,0,0,0,0,0,0,0,0,0,0,181,252,144,0,0,0,0,0,0,0,0,0,0,0,0,0,0,0,0,0,0,0,0,0,0,0,0,42,221,252,144,84,0,0,0,0,0,0,0,0,0,0,0,0,0,0,0,0,79,109,110,47,129,253,255,253,253,253,208,104,84,0,0,0,0,0,0,0,0,0,0,0,11,73,154,197,159,252,253,232,252,252,253,252,252,252,238,217,103,0,0,0,0,0,0,0,0,0,0,156,191,252,252,252,252,252,253,252,252,252,253,252,252,252,253,220,205,0,0,0,0,0,0,0,0,0,0,217,252,252,189,108,211,252,253,252,252,252,253,210,108,108,108,15,62,0,0,0,0,0,0,0,0,0,47,233,253,253,144,0,182,253,255,253,253,253,145,20,0,0,0,0,0,0,0,0,0,0,0,0,0,0,109,252,252,252,205,207,242,252,253,252,200,97,0,0,0,0,0,0,0,0,0,0,0,0,0,0,0,0,109,252,252,252,221,242,252,231,217,174,20,0,0,0,0,0,0,0,0,0,0,0,0,0,0,0,0,0,47,232,252,168,169,168,148,46,0,0,0,0,0,0,0,0,0,0,0,0,0,0,0,0,0,0,0,0,0,0,0,0,0,0,0,0,0,0,0,0,0,0,0,0,0,0,0,0,0,0,0,0,0,0,0,0,0,0,0,0,0,0,0,0,0,0,0,0,0,0,0,0,0,0,0,0,0,0,0,0,0,0,0,0,0,0,0,0,0,0,0,0,0,0,0,0,0,0,0,0,0,0,0,0,0,0,0,0,0,0,0,0,0,0,0,0,0,0,0,0,0,0,0,0,0,0,0,0,0,0,0,0,0,0,0,0,0,0,0,0,0,0,0,0,0,0,0,0,0,0,0,0,0,0,0,0,0,0,0,0,0,0,0
9,0,0,0,0,0,0,0,0,0,0,0,0,0,0,0,0,0,0,0,0,0,0,0,0,0,0,0,0,0,0,0,0,0,0,0,0,0,0,0,0,0,0,0,0,0,0,0,0,0,0,0,0,0,0,0,0,0,0,0,0,0,0,0,0,0,0,0,0,0,0,0,0,0,0,0,0,0,0,0,0,0,0,0,0,0,0,0,0,0,0,0,0,0,0,0,0,0,0,0,0,0,0,0,0,0,0,0,0,0,0,0,0,0,0,0,0,0,0,0,0,0,0,0,0,0,0,0,0,0,0,0,0,0,0,0,0,0,0,0,0,0,0,0,0,0,0,0,0,0,0,0,0,0,0,0,0,0,0,0,0,0,0,0,0,0,0,0,0,0,0,0,0,0,0,0,0,0,0,0,0,0,0,0,0,0,0,0,0,0,0,0,0,0,0,0,0,0,0,0,0,0,0,0,0,0,0,0,0,0,0,50,130,215,254,254,245,98,0,0,0,0,0,0,0,0,0,0,0,0,0,0,0,0,0,0,0,49,185,250,253,253,253,253,253,232,0,0,0,0,0,0,0,0,0,0,0,0,0,0,0,0,0,0,81,248,254,215,140,26,47,101,253,153,0,0,0,0,0,0,0,0,0,0,0,0,0,0,0,0,6,126,246,253,117,10,0,0,0,171,253,145,57,0,0,0,0,0,0,0,0,0,0,0,0,0,0,0,72,253,251,148,0,0,0,0,38,232,253,253,141,0,0,0,0,0,0,0,0,0,0,0,0,0,0,0,186,253,129,0,0,0,9,54,220,253,253,153,12,0,0,0,0,0,0,0,0,0,0,125,6,0,0,0,201,253,215,140,171,146,208,253,253,253,153,13,0,0,0,0,0,0,0,0,0,0,0,21,0,0,0,0,118,214,247,235,236,150,216,253,250,121,13,0,0,0,0,0,0,0,0,0,0,0,0,0,0,0,0,0,0,0,48,0,0,88,248,251,112,0,0,0,0,0,0,0,0,0,0,0,0,0,0,0,0,0,0,0,0,0,0,0,116,250,253,110,0,0,0,0,0,0,0,0,0,0,0,0,0,0,0,0,0,0,0,0,0,0,0,116,255,254,108,0,0,0,0,0,0,0,0,0,0,0,0,0,0,0,0,0,0,0,0,0,0,0,118,250,254,77,1,0,0,0,0,0,0,0,0,0,0,0,0,0,0,0,0,0,0,0,0,0,7,164,248,253,78,1,0,0,0,0,0,0,0,0,0,0,0,0,0,0,0,0,0,0,0,0,0,0,124,253,233,80,0,0,0,0,0,0,0,0,0,0,0,0,0,0,0,0,0,0,0,0,0,0,0,91,246,235,70,0,0,0,0,0,0,0,0,0,0,0,0,0,0,0,0,0,0,0,0,0,0,0,34,231,237,67,0,0,0,0,0,0,0,0,0,0,0,0,0,0,0,0,0,0,0,0,0,0,0,33,216,228,47,0,0,0,0,0,0,0,0,0,0,0,0,0,0,0,0,0,0,0,0,0,0,0,5,208,222,47,0,0,0,0,0,0,0,0,0,0,0,0,0,0,0,0,0,0,0,0,0,0,0,3,158,230,22,0,0,0,0,0,0,0,0,0,0,0,0,0,0,0,0,0,0,0,0,0,0,0,0,101,201,44,0,0,0,0,0,0,0,0,0,0,0,0,0,0,0,0,0,0,0,0,0,0,0,0,0,0,0,0,0,0,0,0,0,0,0,0,0,0,0,0,0,0,0,0,0,0,0,0,0
5,0,0,0,0,0,0,0,0,0,0,0,0,0,0,0,0,0,0,0,0,0,0,0,0,0,0,0,0,0,0,0,0,0,0,0,0,0,0,0,0,0,0,0,0,0,0,0,0,0,0,0,0,0,0,0,0,0,0,0,0,0,0,0,0,0,0,0,0,0,0,0,0,0,0,0,0,0,0,0,0,0,0,0,0,0,0,0,0,0,0,0,0,0,0,0,0,0,0,0,0,0,0,0,0,0,0,0,0,0,0,0,0,0,0,0,0,0,0,0,0,0,0,0,0,0,0,0,0,0,0,0,0,0,0,0,0,0,0,0,0,0,0,0,0,0,0,0,0,0,0,0,0,0,0,24,96,255,133,96,96,36,96,24,0,0,0,0,0,0,0,0,0,0,0,0,0,0,0,0,0,0,16,186,251,253,251,251,251,212,253,205,111,4,0,0,0,0,0,0,0,0,0,0,0,0,0,0,0,16,189,251,251,253,251,251,251,251,253,251,251,141,48,0,0,0,0,0,0,0,0,0,0,0,0,0,0,171,251,251,251,189,89,188,188,188,189,69,31,31,12,0,0,0,0,0,0,0,0,0,0,0,0,0,60,228,251,211,94,0,0,0,0,0,0,0,0,0,0,0,0,0,0,0,0,0,0,0,0,0,0,60,255,253,253,129,0,0,0,0,0,0,0,0,0,0,0,0,0,0,0,0,0,0,0,0,0,16,171,228,253,227,62,8,0,0,0,0,0,0,0,0,0,0,0,0,0,0,0,0,0,0,0,0,16,189,251,251,253,140,0,0,0,0,0,0,0,0,0,0,0,0,0,0,0,0,0,0,0,0,0,0,171,251,251,251,189,47,0,0,0,0,0,0,0,0,0,0,0,0,0,0,0,0,0,0,0,0,0,60,228,251,251,251,0,120,79,0,0,0,0,0,0,0,0,0,0,0,0,0,0,0,0,0,0,0,0,96,253,253,253,253,255,253,253,213,96,0,0,0,0,0,0,0,0,0,0,0,0,0,0,0,0,0,0,24,181,220,228,251,253,251,251,251,251,131,8,0,0,0,0,0,0,0,0,0,0,0,0,0,0,0,0,0,0,0,32,126,173,251,251,251,251,253,157,63,0,0,0,0,0,0,0,0,0,0,0,0,0,0,0,0,0,0,0,0,12,31,31,169,228,253,251,156,8,0,0,0,0,0,0,0,0,0,0,0,0,0,0,0,0,0,0,0,0,0,0,0,59,253,251,251,31,0,0,0,0,0,0,0,0,0,0,0,0,0,0,0,0,48,194,96,0,0,0,0,60,255,253,253,31,0,0,0,0,0,0,0,0,0,0,0,0,0,0,0,0,32,229,251,32,131,32,72,228,253,251,156,8,0,0,0,0,0,0,0,0,0,0,0,0,0,0,0,0,0,142,251,253,251,251,251,251,253,235,63,0,0,0,0,0,0,0,0,0,0,0,0,0,0,0,0,0,0,8,129,253,251,251,251,251,229,66,0,0,0,0,0,0,0,0,0,0,0,0,0,0,0,0,0,0,0,0,0,95,114,251,251,251,59,0,0,0,0,0,0,0,0,0,0,0,0,0,0,0,0,0,0,0,0,0,0,0,0,0,0,0,0,0,0,0,0,0,0,0,0,0,0,0,0,0,0,0,0,0,0,0,0,0,0,0,0,0,0,0,0,0,0,0,0,0,0,0,0,0,0,0,0,0,0,0,0,0,0,0,0,0,0,0,0,0,0,0,0,0,0,0,0,0,0,0,0,0,0,0
5,0,0,0,0,0,0,0,0,0,0,0,0,0,0,0,0,0,0,0,0,0,0,0,0,0,0,0,0,0,0,0,0,0,0,0,0,0,0,0,0,0,0,0,0,0,0,0,0,0,0,0,0,0,0,0,0,0,0,0,0,0,0,0,0,0,0,0,0,0,0,0,0,0,0,0,0,0,0,0,0,0,0,0,0,0,0,0,0,0,0,0,0,0,0,0,0,0,0,0,0,0,0,0,0,0,0,0,0,0,0,0,0,0,0,0,0,0,0,0,0,0,0,0,0,0,0,0,0,0,0,0,0,0,0,0,0,0,0,0,0,0,0,0,0,0,0,0,0,0,0,0,0,0,0,0,0,0,0,0,0,0,0,0,0,0,0,0,0,0,0,0,0,0,0,0,0,0,0,0,0,0,0,0,0,0,0,4,43,43,61,148,148,148,104,0,0,0,0,0,0,0,0,0,0,0,0,0,0,0,131,190,190,191,190,195,252,252,253,252,252,252,252,0,0,0,0,0,0,0,0,0,0,0,0,0,4,101,242,252,252,253,252,252,252,252,253,252,252,252,252,0,0,0,0,0,0,0,0,0,0,0,0,27,183,252,252,252,252,253,252,252,252,252,253,252,252,252,252,0,0,0,0,0,0,0,0,0,0,0,27,211,253,252,252,252,252,253,252,252,252,252,253,252,252,226,103,0,0,0,0,0,0,0,0,0,15,105,253,253,254,253,232,211,211,237,253,218,253,218,212,131,97,0,0,0,0,0,0,0,0,0,0,15,185,252,252,252,253,252,221,120,14,37,63,11,63,11,0,0,0,0,0,0,0,0,0,0,0,0,0,96,252,252,252,252,253,252,252,252,147,0,0,0,0,0,0,0,0,0,0,0,0,0,0,0,0,0,0,148,252,252,252,252,253,252,252,252,252,0,0,0,0,0,0,0,0,0,0,0,0,0,0,0,0,0,0,104,252,252,252,252,253,252,164,252,252,132,0,0,0,0,0,0,0,0,0,0,0,0,0,0,0,0,0,18,185,211,185,62,0,0,0,64,253,255,63,0,0,0,0,0,0,0,0,0,0,0,0,0,0,0,0,0,0,0,0,0,0,0,0,43,239,253,63,0,0,0,0,0,0,0,0,0,0,0,0,0,0,0,0,0,0,0,0,0,0,0,0,59,249,253,63,0,0,0,0,0,0,0,0,0,0,0,0,0,0,0,0,0,0,0,0,0,0,0,0,64,252,253,63,0,0,0,0,0,0,0,0,0,0,0,0,0,0,0,0,0,0,0,0,0,0,0,54,186,252,253,63,0,0,0,0,0,0,0,0,0,0,0,0,0,0,0,0,8,43,43,43,43,61,183,253,253,253,255,63,0,0,0,0,0,0,0,0,0,0,0,0,0,0,0,0,201,252,252,252,252,253,252,252,252,252,186,16,0,0,0,0,0,0,0,0,0,0,0,0,0,0,0,0,232,247,252,252,252,253,252,252,252,190,9,0,0,0,0,0,0,0,0,0,0,0,0,0,0,0,0,0,0,63,180,231,252,253,252,252,183,14,0,0,0,0,0,0,0,0,0,0,0,0,0,0,0,0,0,0,0,0,0,55,147,147,147,94,14,0,0,0,0,0,0,0,0,0,0,0,0,0,0,0,0,0,0,0,0,0,0,0,0,0,0,0,0,0,0,0,0,0,0,0,0,0,0,0,0,0,0,0,0,0,0,0,0,0,0,0,0,0,0,0,0,0,0,0,0,0,0,0,0,0,0,0,0,0
3,0,0,0,0,0,0,0,0,0,0,0,0,0,0,0,0,0,0,0,0,0,0,0,0,0,0,0,0,0,0,0,0,0,0,0,0,0,0,0,0,0,0,0,0,0,0,0,0,0,0,0,0,0,0,0,0,0,0,0,0,0,0,0,0,0,0,0,0,0,0,0,0,0,0,0,0,0,0,0,0,0,0,0,0,0,0,0,0,0,0,0,0,0,0,0,0,0,0,0,0,0,0,0,0,0,0,0,0,0,0,0,0,0,0,0,0,0,0,0,0,0,0,0,0,0,0,0,0,0,0,0,0,0,0,0,0,0,0,0,0,0,0,0,0,0,0,0,0,0,0,0,0,42,169,255,254,229,146,22,0,0,0,0,0,0,0,0,0,0,0,0,0,0,0,0,0,0,0,15,114,248,253,253,253,253,253,150,0,0,0,0,0,0,0,0,0,0,0,0,0,0,0,0,0,0,8,187,253,253,253,253,253,253,253,250,120,0,0,0,0,0,0,0,0,0,0,0,0,0,0,0,0,0,137,253,253,253,253,253,253,253,253,253,188,0,0,0,0,0,0,0,0,0,0,0,0,0,0,0,0,27,236,253,253,253,253,253,253,253,253,253,188,0,0,0,0,0,0,0,0,0,0,0,0,0,0,0,0,9,179,253,253,253,253,253,253,253,253,253,184,0,0,0,0,0,0,0,0,0,0,0,0,0,0,0,0,0,51,205,221,253,253,253,253,253,253,237,31,0,0,0,0,0,0,0,0,0,0,0,0,0,0,0,0,0,0,0,124,253,253,253,253,253,253,247,99,0,0,0,0,0,0,0,0,0,0,0,0,0,0,0,0,0,0,24,224,253,253,253,253,253,253,253,188,0,0,0,0,0,0,0,0,0,0,0,0,0,0,0,0,0,0,49,253,253,253,253,253,253,253,253,230,51,0,0,0,0,0,0,0,0,0,0,0,0,0,0,0,0,0,49,253,253,253,253,197,54,216,253,253,150,0,0,0,0,0,0,0,0,0,0,0,0,0,0,4,103,79,3,53,223,232,108,8,0,105,253,253,150,0,0,0,0,0,0,0,0,0,0,0,0,0,2,139,253,243,0,0,0,0,0,0,0,169,253,253,150,0,0,0,0,0,0,0,0,0,0,0,0,0,6,253,253,154,0,0,0,0,0,0,23,224,253,253,150,0,0,0,0,0,0,0,0,0,0,0,0,0,6,253,253,147,11,0,0,0,0,3,81,253,253,246,42,0,0,0,0,0,0,0,0,0,0,0,0,0,6,253,253,253,170,0,28,0,24,82,253,253,253,188,0,0,0,0,0,0,0,0,0,0,0,0,0,0,6,253,253,253,245,211,229,211,226,253,253,253,242,66,0,0,0,0,0,0,0,0,0,0,0,0,0,0,3,183,253,253,253,253,253,253,253,253,253,253,107,0,0,0,0,0,0,0,0,0,0,0,0,0,0,0,0,13,156,246,253,253,253,253,253,253,237,96,3,0,0,0,0,0,0,0,0,0,0,0,0,0,0,0,0,0,0,85,166,253,253,253,253,142,29,0,0,0,0,0,0,0,0,0,0,0,0,0,0,0,0,0,0,0,0,0,0,0,0,0,0,0,0,0,0,0,0,0,0,0,0,0,0,0,0,0,0,0,0,0,0,0,0,0,0,0,0,0,0,0,0,0,0,0,0,0,0,0,0,0,0,0,0,0,0,0,0,0,0,0,0,0,0,0,0,0,0,0,0,0,0,0,0,0,0,0,0,0,0,0
5,0,0,0,0,0,0,0,0,0,0,0,0,0,0,0,0,0,0,0,0,0,0,0,0,0,0,0,0,0,0,0,0,0,0,0,0,0,0,0,0,0,0,0,0,0,0,0,0,0,0,0,0,0,0,0,0,0,0,0,0,0,0,0,0,0,0,0,0,0,0,0,0,0,0,0,0,0,0,0,0,0,0,0,0,0,0,0,0,0,0,0,0,0,0,0,0,0,0,0,0,0,0,0,0,0,0,0,0,0,0,0,0,0,0,0,0,0,0,0,0,0,0,0,0,0,0,0,0,0,0,0,0,0,0,0,0,0,0,0,0,0,0,0,0,0,0,0,0,0,0,0,0,0,0,0,0,0,0,0,0,0,0,0,0,0,0,0,0,0,0,0,0,0,0,0,0,0,14,156,254,254,255,180,136,45,12,0,0,0,0,0,0,0,0,0,0,0,0,0,0,0,0,0,0,8,198,253,253,253,253,253,253,253,216,154,38,36,29,0,0,0,0,0,0,0,0,0,0,0,0,0,8,150,253,253,253,253,253,253,253,253,253,253,253,253,238,171,171,49,0,0,0,0,0,0,0,0,0,0,36,253,253,253,253,220,213,182,199,253,253,253,253,253,253,253,253,153,0,0,0,0,0,0,0,0,0,0,36,253,253,253,203,29,21,0,11,47,146,206,252,201,181,253,253,112,0,0,0,0,0,0,0,0,0,0,36,253,253,253,253,226,158,40,0,0,0,14,28,12,6,29,29,4,0,0,0,0,0,0,0,0,0,0,19,210,253,253,253,253,253,247,215,89,1,0,0,0,0,0,0,0,0,0,0,0,0,0,0,0,0,0,0,24,200,249,253,253,253,253,253,253,107,0,0,0,0,0,0,0,0,0,0,0,0,0,0,0,0,0,0,0,0,119,212,212,212,219,253,253,174,4,0,0,0,0,0,0,0,0,0,0,0,0,0,0,0,0,0,0,0,0,0,0,0,13,200,253,253,106,0,0,0,0,0,0,0,0,0,0,0,0,0,0,0,0,0,0,0,0,0,0,0,0,87,253,253,175,2,0,0,0,0,0,0,0,0,0,0,0,0,0,0,0,0,0,0,0,0,0,0,0,115,253,253,253,5,0,0,0,0,0,0,0,0,0,0,0,0,0,0,0,0,0,0,0,0,0,0,0,112,253,253,203,3,0,0,0,0,0,0,0,0,0,0,0,0,0,0,0,2,10,0,0,0,0,0,22,216,253,253,141,0,0,0,0,0,0,0,0,0,0,0,0,0,0,0,3,117,231,38,0,0,0,0,56,253,253,253,141,0,0,0,0,0,0,0,0,0,0,0,0,0,0,0,18,253,253,65,0,0,49,166,221,253,253,253,119,0,0,0,0,0,0,0,0,0,0,0,0,0,0,0,5,181,253,201,87,170,250,253,253,253,253,185,7,0,0,0,0,0,0,0,0,0,0,0,0,0,0,0,0,154,253,253,253,253,253,253,253,253,228,107,0,0,0,0,0,0,0,0,0,0,0,0,0,0,0,0,0,38,221,253,253,253,253,253,253,230,52,0,0,0,0,0,0,0,0,0,0,0,0,0,0,0,0,0,0,0,37,135,232,253,253,242,116,13,0,0,0,0,0,0,0,0,0,0,0,0,0,0,0,0,0,0,0,0,0,0,0,0,0,0,0,0,0,0,0,0,0,0,0,0,0,0,0,0,0,0,0,0,0,0,0,0,0,0,0,0,0,0,0,0,0,0,0,0,0,0,0,0,0,0,0,0
9,0,0,0,0,0,0,0,0,0,0,0,0,0,0,0,0,0,0,0,0,0,0,0,0,0,0,0,0,0,0,0,0,0,0,0,0,0,0,0,0,0,0,0,0,0,0,0,0,0,0,0,0,0,0,0,0,0,0,0,0,0,0,0,0,0,0,0,0,0,0,0,0,0,0,0,0,0,0,0,0,0,0,0,0,0,0,0,0,0,0,0,0,0,0,0,0,0,0,0,0,0,0,0,0,0,0,0,0,0,0,0,0,0,0,0,0,0,0,0,0,0,0,0,0,0,0,0,0,0,0,0,0,0,0,0,0,0,0,0,0,0,0,0,0,0,0,0,0,0,0,0,0,0,0,0,0,0,0,0,0,0,0,0,0,0,0,0,0,0,0,0,0,0,0,0,0,0,0,0,0,0,0,0,0,0,0,0,0,0,0,0,0,0,0,0,0,0,0,0,0,0,0,0,0,0,0,0,0,17,173,255,254,75,0,0,0,0,0,0,0,0,0,0,0,0,0,0,0,0,0,0,0,0,0,0,0,163,254,143,200,218,0,0,0,0,0,0,0,0,0,0,0,0,0,0,0,0,0,0,0,0,0,0,0,224,208,2,4,37,0,0,0,0,0,0,0,0,0,0,0,0,0,0,0,0,0,0,0,0,0,0,0,224,177,0,0,10,14,0,0,0,0,0,0,0,0,0,0,0,0,0,0,0,0,0,0,0,0,0,0,224,234,78,108,224,131,0,0,0,0,0,0,0,0,0,0,0,0,0,0,0,0,0,0,0,0,0,0,84,204,254,254,254,137,0,0,0,0,0,0,0,0,0,0,0,0,0,0,0,0,0,0,0,0,0,0,0,5,26,61,254,89,0,0,0,0,0,0,0,0,0,0,0,0,0,0,0,0,0,0,0,0,0,0,0,0,0,57,254,51,0,0,0,0,0,0,0,0,0,0,0,0,0,0,0,0,0,0,0,0,0,0,0,0,0,170,235,25,0,0,0,0,0,0,0,0,0,0,0,0,0,0,0,0,0,0,0,0,0,0,0,0,0,211,175,0,0,0,0,0,0,0,0,0,0,0,0,0,0,0,0,0,0,0,0,0,0,0,0,0,22,232,120,0,0,0,0,0,0,0,0,0,0,0,0,0,0,0,0,0,0,0,0,0,0,0,0,0,85,254,47,0,0,0,0,0,0,0,0,0,0,0,0,0,0,0,0,0,0,0,0,0,0,0,0,0,169,236,26,0,0,0,0,0,0,0,0,0,0,0,0,0,0,0,0,0,0,0,0,0,0,0,0,0,216,206,0,0,0,0,0,0,0,0,0,0,0,0,0,0,0,0,0,0,0,0,0,0,0,0,0,0,216,93,0,0,0,0,0,0,0,0,0,0,0,0,0,0,0,0,0,0,0,0,0,0,0,0,0,36,244,43,0,0,0,0,0,0,0,0,0,0,0,0,0,0,0,0,0,0,0,0,0,0,0,0,0,52,254,43,0,0,0,0,0,0,0,0,0,0,0,0,0,0,0,0,0,0,0,0,0,0,0,0,0,133,223,13,0,0,0,0,0,0,0,0,0,0,0,0,0,0,0,0,0,0,0,0,0,0,0,0,0,133,180,0,0,0,0,0,0,0,0,0,0,0,0,0,0,0,0,0,0,0,0,0,0,0,0,0,0,133,66,0,0,0,0,0,0,0,0,0,0,0,0,0,0,0,0,0,0,0,0,0,0,0,0,0,0,0,0,0,0,0,0,0,0,0,0,0,0,0,0,0
1,0,0,0,0,0,0,0,0,0,0,0,0,0,0,0,0,0,0,0,0,0,0,0,0,0,0,0,0,0,0,0,0,0,0,0,0,0,0,0,0,0,0,0,0,0,0,0,0,0,0,0,0,0,0,0,0,0,0,0,0,0,0,0,0,0,0,0,0,0,0,0,0,0,0,0,0,0,0,0,0,0,0,0,0,0,0,0,0,0,0,0,0,0,0,0,0,0,0,0,0,0,0,0,0,0,0,0,0,0,0,0,0,0,0,0,0,0,0,0,0,0,0,0,0,0,92,253,141,0,0,0,0,0,0,0,0,0,0,0,0,0,0,0,0,0,0,0,0,0,0,0,0,0,169,252,140,0,0,0,0,0,0,0,0,0,0,0,0,0,0,0,0,0,0,0,0,0,0,0,0,0,59,252,166,6,0,0,0,0,0,0,0,0,0,0,0,0,0,0,0,0,0,0,0,0,0,0,0,0,123,252,178,9,0,0,0,0,0,0,0,0,0,0,0,0,0,0,0,0,0,0,0,0,0,0,0,0,169,252,140,0,0,0,0,0,0,0,0,0,0,0,0,0,0,0,0,0,0,0,0,0,0,0,0,0,169,253,141,0,0,0,0,0,0,0,0,0,0,0,0,0,0,0,0,0,0,0,0,0,0,0,0,32,215,252,140,0,0,0,0,0,0,0,0,0,0,0,0,0,0,0,0,0,0,0,0,0,0,0,0,0,169,252,140,0,0,0,0,0,0,0,0,0,0,0,0,0,0,0,0,0,0,0,0,0,0,0,0,7,178,252,140,0,0,0,0,0,0,0,0,0,0,0,0,0,0,0,0,0,0,0,0,0,0,0,0,57,252,252,140,0,0,0,0,0,0,0,0,0,0,0,0,0,0,0,0,0,0,0,0,0,0,0,0,198,253,253,141,0,0,0,0,0,0,0,0,0,0,0,0,0,0,0,0,0,0,0,0,0,0,0,0,197,252,252,94,0,0,0,0,0,0,0,0,0,0,0,0,0,0,0,0,0,0,0,0,0,0,0,0,88,252,252,111,0,0,0,0,0,0,0,0,0,0,0,0,0,0,0,0,0,0,0,0,0,0,0,0,57,252,252,140,0,0,0,0,0,0,0,0,0,0,0,0,0,0,0,0,0,0,0,0,0,0,0,0,57,252,252,140,0,0,0,0,0,0,0,0,0,0,0,0,0,0,0,0,0,0,0,0,0,0,0,0,0,169,253,255,27,0,0,0,0,0,0,0,0,0,0,0,0,0,0,0,0,0,0,0,0,0,0,0,0,169,252,253,27,0,0,0,0,0,0,0,0,0,0,0,0,0,0,0,0,0,0,0,0,0,0,0,0,59,252,253,155,13,0,0,0,0,0,0,0,0,0,0,0,0,0,0,0,0,0,0,0,0,0,0,0,10,177,253,252,149,0,0,0,0,0,0,0,0,0,0,0,0,0,0,0,0,0,0,0,0,0,0,0,0,63,174,252,195,0,0,0,0,0,0,0,0,0,0,0,0,0,0,0,0,0,0,0,0,0,0,0,0,0,0,0,0,0,0,0,0,0,0,0,0,0,0,0,0,0,0,0,0,0,0,0,0,0,0,0,0,0,0,0,0,0,0,0,0,0,0,0,0,0,0,0,0,0,0,0,0,0,0,0,0,0,0,0,0,0,0,0,0,0,0,0,0,0,0,0,0,0,0,0,0,0,0,0,0,0,0,0,0,0,0,0,0,0,0,0,0,0,0,0,0,0,0,0,0,0,0
6,0,0,0,0,0,0,0,0,0,0,0,0,0,0,0,0,0,0,0,0,0,0,0,0,0,0,0,0,0,0,0,0,0,0,0,0,0,0,0,0,0,0,0,0,0,0,0,0,0,0,0,0,0,0,0,0,0,0,0,0,0,0,0,0,0,0,0,0,0,0,0,0,0,0,0,0,0,0,0,0,0,0,0,0,0,0,0,0,0,0,0,6,47,0,0,0,0,0,0,0,0,58,21,0,0,0,0,0,0,0,0,0,0,0,0,0,114,229,235,237,207,0,0,0,0,0,0,12,113,245,89,0,0,0,0,0,0,0,0,0,0,0,0,0,127,127,49,36,11,0,0,0,0,0,50,186,208,33,0,0,0,0,0,0,0,0,0,0,0,0,0,0,0,0,0,0,0,0,0,0,2,116,234,164,27,0,0,0,0,0,0,0,0,0,0,0,0,0,0,0,0,0,0,0,0,0,0,0,116,220,105,5,0,0,0,0,0,0,0,0,0,0,0,0,0,0,0,0,0,0,0,0,0,0,0,153,216,59,0,0,0,0,0,0,0,0,0,0,0,0,0,0,0,0,0,0,0,0,0,0,0,0,103,242,81,0,0,0,0,0,0,0,0,0,0,0,0,0,0,0,0,0,0,0,0,0,0,0,0,50,224,89,0,0,0,0,0,0,0,0,0,0,0,0,0,0,0,0,0,0,0,0,0,0,0,0,0,202,128,0,0,0,0,0,0,0,0,0,0,0,0,0,0,0,0,0,0,0,0,0,0,0,0,0,33,254,76,0,0,0,0,0,0,0,0,0,0,0,0,0,0,0,0,0,0,0,0,0,0,0,0,0,182,124,0,0,0,0,0,0,0,0,27,99,163,163,163,47,0,0,0,0,0,0,0,0,0,0,0,17,248,91,0,0,0,0,0,0,8,87,158,238,179,121,241,175,0,0,0,0,0,0,0,0,0,0,0,64,253,13,0,0,0,0,0,8,132,237,151,26,0,6,207,175,0,0,0,0,0,0,0,0,0,0,0,77,253,0,0,0,0,0,64,207,143,31,0,0,17,149,238,86,0,0,0,0,0,0,0,0,0,0,0,77,253,0,0,0,0,66,228,102,0,0,0,118,248,240,35,0,0,0,0,0,0,0,0,0,0,0,0,19,254,118,0,0,0,182,124,0,11,112,195,255,166,13,0,0,0,0,0,0,0,0,0,0,0,0,0,8,192,249,216,145,184,248,184,197,238,253,214,50,2,0,0,0,0,0,0,0,0,0,0,0,0,0,0,0,13,185,250,253,253,253,254,253,234,138,11,0,0,0,0,0,0,0,0,0,0,0,0,0,0,0,0,0,0,0,50,54,164,202,144,60,27,0,0,0,0,0,0,0,0,0,0,0,0,0,0,0,0,0,0,0,0,0,0,0,0,0,0,0,0,0,0,0,0,0,0,0,0,0,0,0,0,0,0,0,0,0,0,0,0,0,0,0,0,0,0,0,0,0,0,0,0,0,0,0,0,0,0,0,0,0,0,0,0,0,0,0,0,0,0,0,0,0,0,0,0,0,0,0,0,0,0,0,0,0,0,0,0,0,0,0,0,0,0,0,0,0,0,0,0,0,0,0,0,0,0,0,0,0,0,0,0,0,0,0,0,0,0,0,0,0,0,0,0,0,0,0,0,0,0,0,0,0,0,0,0,0,0,0,0,0,0,0,0,0,0,0,0,0,0,0,0,0,0,0,0,0,0,0,0,0,0,0,0,0,0,0,0,0,0,0
6,0,0,0,0,0,0,0,0,0,0,0,0,0,0,0,0,0,0,0,0,0,0,0,0,0,0,0,0,0,0,0,0,0,0,0,0,0,0,0,0,0,0,0,0,0,0,0,0,0,0,0,0,0,0,0,0,0,0,0,0,0,0,0,0,0,0,0,0,0,0,0,0,0,0,0,0,0,0,0,0,0,0,0,0,0,0,0,0,0,0,0,0,0,0,0,0,0,0,21,73,228,253,253,255,253,35,0,0,0,0,0,0,0,0,0,0,0,0,0,0,0,0,0,0,0,0,31,189,251,251,251,253,251,35,0,0,0,0,0,0,0,0,0,0,0,0,0,0,0,0,0,0,16,37,218,236,251,251,251,253,127,5,0,0,0,0,0,0,0,0,0,0,0,0,0,0,0,0,0,16,170,251,253,251,251,251,251,221,61,0,0,0,0,0,0,0,0,0,0,0,0,0,0,0,0,0,105,190,251,251,253,251,251,173,71,51,0,0,0,0,0,0,0,0,0,0,0,0,0,0,0,0,0,0,145,253,253,253,234,180,25,0,0,0,0,0,0,0,0,0,0,0,0,0,0,0,0,0,0,0,0,42,206,251,251,251,77,0,0,0,0,0,0,0,0,0,0,0,0,0,0,0,0,0,0,0,0,0,27,228,251,251,235,86,0,0,0,0,0,0,0,0,0,0,0,0,0,0,0,0,0,0,0,0,0,0,180,253,251,235,82,0,0,0,0,0,0,0,0,0,0,0,0,0,0,0,0,0,0,0,0,0,0,0,180,253,251,86,0,0,0,0,0,0,0,0,0,0,0,0,0,0,0,0,0,0,0,0,0,0,0,110,253,255,108,0,0,0,0,0,63,73,202,0,0,0,0,0,0,0,0,0,0,0,0,0,0,0,0,109,251,253,107,0,0,0,0,84,236,251,251,105,0,0,0,0,0,0,0,0,0,0,0,0,0,0,0,93,241,201,30,0,0,0,63,236,251,251,251,191,16,0,0,0,0,0,0,0,0,0,0,0,0,0,16,109,211,221,61,0,0,79,150,251,251,251,251,253,107,0,0,0,0,0,0,0,0,0,0,0,0,0,11,148,251,180,0,0,0,180,253,251,251,251,251,253,107,0,0,0,0,0,0,0,0,0,0,0,0,0,0,110,253,255,149,73,150,253,255,253,253,253,253,182,0,0,0,0,0,0,0,0,0,0,0,0,0,0,0,109,251,253,251,251,251,251,253,251,251,251,251,222,62,0,0,0,0,0,0,0,0,0,0,0,0,0,0,93,241,253,251,251,251,251,253,251,251,251,251,216,92,0,0,0,0,0,0,0,0,0,0,0,0,0,0,0,103,175,251,251,251,251,253,251,251,251,251,79,0,0,0,0,0,0,0,0,0,0,0,0,0,0,0,0,0,73,251,251,251,251,253,251,251,173,71,51,0,0,0,0,0,0,0,0,0,0,0,0,0,0,0,0,0,0,0,0,0,0,0,0,0,0,0,0,0,0,0,0,0,0,0,0,0,0,0,0,0,0,0,0,0,0,0,0,0,0,0,0,0,0,0,0,0,0,0,0,0,0,0,0,0,0,0,0,0,0,0,0,0,0,0,0,0,0,0,0,0,0,0,0,0,0,0,0,0,0,0,0,0,0,0,0,0,0,0,0,0,0,0,0,0,0,0,0,0,0,0,0,0,0,0,0,0,0,0,0,0,0,0,0,0,0,0,0,0,0,0,0,0,0,0,0,0,0,0,0,0,0,0,0,0,0,0,0
2,0,0,0,0,0,0,0,0,0,0,0,0,0,0,0,0,0,0,0,0,0,0,0,0,0,0,0,0,0,0,0,0,0,0,0,0,0,0,0,0,0,0,0,0,0,0,0,0,0,0,0,0,0,0,0,0,0,0,0,0,0,0,0,0,0,0,0,0,0,0,0,0,0,0,0,0,0,0,0,0,0,0,0,0,0,0,0,0,0,0,0,0,0,0,0,0,0,0,0,0,0,0,0,0,0,0,0,0,0,0,0,0,0,0,0,0,0,255,253,253,253,253,195,96,96,96,36,0,0,0,0,0,0,0,0,0,0,0,0,0,0,0,0,0,0,253,251,251,251,251,253,251,251,251,212,191,170,32,4,0,0,0,0,0,0,0,0,0,0,0,0,0,0,126,126,126,126,126,253,251,251,251,251,253,251,251,141,48,0,0,0,0,0,0,0,0,0,0,0,0,0,0,0,0,0,0,31,31,31,31,129,189,236,251,251,232,139,0,0,0,0,0,0,0,0,0,0,0,0,0,0,0,0,0,0,0,0,0,0,0,91,251,251,251,218,39,0,0,0,0,0,0,0,0,0,0,0,0,0,0,0,0,0,0,0,0,0,0,0,0,64,253,255,221,0,0,0,0,0,0,0,0,0,0,0,0,0,0,0,0,0,0,0,0,0,0,0,0,64,251,253,220,0,0,0,0,0,0,0,0,0,0,0,0,0,0,0,0,0,0,0,0,0,0,0,0,64,251,253,140,0,0,0,0,0,0,0,0,0,0,0,0,0,0,0,0,0,0,0,0,0,0,8,64,210,251,169,8,0,0,0,0,0,0,0,0,0,0,0,0,0,0,0,0,0,0,0,0,0,0,32,251,251,251,59,0,0,0,0,0,0,0,0,0,0,0,0,0,0,0,0,0,0,0,0,0,0,96,214,253,229,59,0,0,0,0,0,0,0,0,0,0,0,0,0,0,0,0,0,0,0,0,0,8,32,253,247,140,47,0,0,0,0,0,0,0,0,0,0,0,0,0,0,0,0,0,0,0,0,0,0,143,251,253,220,0,0,0,0,0,0,0,0,0,0,0,0,0,0,0,0,0,0,0,0,0,0,68,221,248,251,189,66,0,0,0,0,0,0,0,0,0,0,0,0,0,0,0,0,0,0,0,0,100,159,228,251,251,152,0,0,0,0,0,0,0,0,0,0,0,0,0,0,0,0,0,0,0,0,48,134,253,255,253,205,19,0,0,0,0,0,0,0,0,0,0,0,0,0,0,0,0,0,0,0,12,151,221,251,251,253,251,220,51,32,32,32,32,171,91,131,32,32,72,91,0,0,0,0,0,0,0,0,96,251,251,251,251,253,251,251,251,251,253,251,251,251,251,253,251,251,251,172,0,0,0,0,0,0,0,0,72,236,251,251,251,253,251,251,251,251,253,251,251,235,188,129,31,31,31,12,0,0,0,0,0,0,0,0,0,71,94,94,94,95,94,173,113,94,95,94,94,70,0,0,0,0,0,0,0,0,0,0,0,0,0,0,0,0,0,0,0,0,0,0,0,0,0,0,0,0,0,0,0,0,0,0,0,0,0,0,0,0,0,0,0,0,0,0,0,0,0,0,0,0,0,0,0,0,0,0,0,0,0,0,0,0,0,0,0,0,0,0,0,0,0,0,0,0,0,0,0,0,0,0,0,0,0,0,0,0,0,0,0,0,0,0,0,0,0,0,0,0,0,0,0,0,0,0,0,0,0,0,0,0,0,0,0,0,0,0,0,0,0
4,0,0,0,0,0,0,0,0,0,0,0,0,0,0,0,0,0,0,0,0,0,0,0,0,0,0,0,0,0,0,0,0,0,0,0,0,0,0,0,0,0,0,0,0,0,0,0,0,0,0,0,0,0,0,0,0,0,0,0,0,0,0,0,0,0,0,0,0,0,0,0,0,0,0,0,0,0,0,0,0,0,0,0,0,0,0,0,0,0,0,0,0,0,0,0,0,0,0,0,0,0,0,0,0,0,0,0,0,0,0,0,0,0,0,0,0,0,0,0,0,0,0,0,0,0,0,0,0,0,0,0,0,0,0,0,0,0,0,0,0,0,0,0,0,0,0,0,0,0,0,0,0,0,0,0,0,0,0,0,0,0,0,0,0,0,0,0,0,0,0,0,0,0,0,0,0,0,0,0,0,0,0,0,0,0,0,0,0,0,0,0,0,0,0,0,0,0,0,0,0,0,0,0,0,0,0,21,157,241,113,0,0,0,0,0,27,222,109,0,0,0,0,0,0,0,0,0,0,0,0,0,0,0,20,209,253,214,125,0,0,0,0,0,175,238,85,0,0,0,0,0,0,0,0,0,0,0,0,0,0,0,136,254,147,11,8,0,0,0,0,16,243,168,0,0,0,0,0,0,0,0,0,0,0,0,0,0,0,15,238,196,4,0,0,0,0,0,3,132,253,85,0,0,0,0,0,0,0,0,0,0,0,0,0,0,0,84,253,181,0,0,0,0,0,0,69,253,188,0,0,0,0,0,0,0,0,0,0,0,0,0,0,0,0,19,254,182,0,0,0,0,0,0,218,254,72,0,0,0,0,0,0,0,0,0,0,0,0,0,0,0,0,19,253,181,0,0,0,0,0,123,250,164,5,0,0,0,0,0,0,0,0,0,0,0,0,0,0,0,0,19,253,243,28,0,3,37,186,250,247,46,0,0,0,0,0,0,0,0,0,0,0,0,0,0,0,0,0,4,157,254,202,122,203,253,254,253,171,0,0,0,0,0,0,0,0,0,0,0,0,0,0,0,0,0,0,0,26,221,253,240,162,129,254,253,36,0,0,0,0,0,0,0,0,0,0,0,0,0,0,0,0,0,0,0,0,0,0,0,0,27,255,192,13,0,0,0,0,0,0,0,0,0,0,0,0,0,0,0,0,0,0,0,0,0,0,0,4,158,254,56,0,0,0,0,0,0,0,0,0,0,0,0,0,0,0,0,0,0,0,0,0,0,0,0,19,253,217,9,0,0,0,0,0,0,0,0,0,0,0,0,0,0,0,0,0,0,0,0,0,0,0,0,90,253,71,0,0,0,0,0,0,0,0,0,0,0,0,0,0,0,0,0,0,0,0,0,0,0,0,0,173,253,0,0,0,0,0,0,0,0,0,0,0,0,0,0,0,0,0,0,0,0,0,0,0,0,0,37,254,136,0,0,0,0,0,0,0,0,0,0,0,0,0,0,0,0,0,0,0,0,0,0,0,0,0,56,236,5,0,0,0,0,0,0,0,0,0,0,0,0,0,0,0,0,0,0,0,0,0,0,0,0,0,172,222,0,0,0,0,0,0,0,0,0,0,0,0,0,0,0,0,0,0,0,0,0,0,0,0,0,0,217,112,0,0,0,0,0,0,0,0,0,0,0,0,0,0,0,0,0,0,0,0,0,0,0,0,0,0,185,144,0,0,0,0,0,0,0,0,0,0,0,0,0,0,0,0,0,0,0,0,0,0,0,0,0,0,0,0,0,0,0,0,0,0,0,0,0,0,0,0,0,0
6,0,0,0,0,0,0,0,0,0,0,0,0,0,0,0,0,0,0,0,0,0,0,0,0,0,0,0,0,0,0,0,0,0,0,0,0,0,0,0,0,0,0,0,0,0,0,0,0,0,0,0,0,0,0,0,0,0,0,0,0,0,0,0,0,0,0,0,0,0,0,0,0,0,0,0,0,0,0,0,0,0,0,0,0,0,0,0,0,0,0,0,0,0,0,0,0,0,0,0,0,0,25,79,159,254,254,255,193,0,0,0,0,0,0,0,0,0,0,0,0,0,0,0,0,0,0,0,0,72,221,253,253,253,253,253,112,0,0,0,0,0,0,0,0,0,0,0,0,0,0,0,0,0,0,0,24,226,253,253,253,253,175,48,2,0,0,0,0,0,0,0,0,0,0,0,0,0,0,0,0,0,0,0,152,253,253,253,178,101,10,0,0,0,0,0,0,0,0,0,0,0,0,0,0,0,0,0,0,0,6,149,253,253,216,50,2,0,0,0,0,0,0,0,0,0,0,0,0,0,0,0,0,0,0,0,0,4,192,253,242,144,5,0,0,0,0,0,0,0,0,0,0,0,0,0,0,0,0,0,0,0,0,0,30,165,253,241,72,0,0,0,0,0,0,0,0,0,0,0,0,0,0,0,0,0,0,0,0,0,0,62,188,253,194,18,0,0,0,0,0,0,0,0,0,0,0,0,0,0,0,0,0,0,0,0,0,0,2,224,253,204,16,0,0,0,0,0,0,0,0,0,0,0,0,0,0,0,0,0,0,0,0,0,0,0,95,253,253,124,0,0,0,0,0,0,0,0,0,0,0,0,0,0,0,0,0,0,0,0,0,0,0,0,176,253,204,9,0,0,0,0,0,0,0,0,0,0,0,0,0,0,0,0,0,0,0,0,0,0,0,15,221,253,131,0,0,0,0,0,0,0,0,0,0,0,0,0,0,0,0,0,0,0,0,0,0,0,0,105,253,242,22,0,0,0,0,0,0,0,0,0,0,0,0,0,0,0,0,0,0,0,0,0,0,0,11,230,253,154,32,32,32,32,133,135,135,135,39,0,0,0,0,0,0,0,0,0,0,0,0,0,0,44,135,253,253,253,253,253,253,253,241,235,253,253,248,133,0,0,0,0,0,0,0,0,0,0,0,229,228,242,253,253,253,253,253,245,233,192,108,19,178,233,251,247,93,8,0,0,0,0,0,0,0,0,0,187,186,186,186,220,253,253,169,47,0,0,0,0,0,0,228,253,253,93,0,0,0,0,0,0,0,0,0,0,0,0,0,29,219,253,245,216,51,11,11,11,66,157,240,253,245,51,0,0,0,0,0,0,0,0,0,0,0,0,0,0,65,211,253,253,253,253,221,216,253,253,253,238,109,0,0,0,0,0,0,0,0,0,0,0,0,0,0,0,0,22,115,237,189,233,126,162,247,253,160,68,0,0,0,0,0,0,0,0,0,0,0,0,0,0,0,0,0,0,0,0,0,0,0,0,0,0,0,0,0,0,0,0,0,0,0,0,0,0,0,0,0,0,0,0,0,0,0,0,0,0,0,0,0,0,0,0,0,0,0,0,0,0,0,0,0,0,0,0,0,0,0,0,0,0,0,0,0,0,0,0,0,0,0,0,0,0,0,0,0,0,0,0,0,0,0,0,0,0,0,0,0,0,0,0,0,0,0,0,0,0,0,0,0,0,0,0,0,0,0,0,0,0,0,0,0,0,0,0,0,0,0,0,0,0,0,0,0,0,0,0,0,0,0,0,0,0,0
6,0,0,0,0,0,0,0,0,0,0,0,0,0,0,0,0,0,0,0,0,0,0,0,0,0,0,0,0,0,0,0,0,0,0,0,0,0,0,0,0,0,0,0,0,0,0,0,0,0,0,0,0,0,0,0,0,0,0,0,0,0,0,0,0,0,0,0,0,0,32,136,171,8,0,0,0,0,0,0,0,0,0,0,0,0,0,0,0,0,0,0,0,0,0,0,0,93,226,204,98,3,0,0,0,0,0,0,0,0,0,0,0,0,0,0,0,0,0,0,0,0,0,12,170,252,203,60,0,0,0,0,0,0,0,0,0,0,0,0,0,0,0,0,0,0,0,0,0,0,15,190,254,209,58,0,0,0,0,0,0,0,0,0,0,0,0,0,0,0,0,0,0,0,0,0,0,0,100,254,238,49,0,0,0,0,0,0,0,0,0,0,0,0,0,0,0,0,0,0,0,0,0,0,0,34,226,238,94,0,0,0,0,0,0,0,0,0,0,0,0,0,0,0,0,0,0,0,0,0,0,0,0,142,254,140,0,0,0,0,0,0,0,0,0,0,0,0,0,0,0,0,0,0,0,0,0,0,0,0,6,219,225,22,0,0,0,0,0,0,0,0,0,0,0,0,0,0,0,0,0,0,0,0,0,0,0,0,91,254,127,0,0,0,0,0,0,0,0,0,0,0,0,0,0,0,0,0,0,0,0,0,0,0,0,0,174,254,113,0,0,0,0,0,0,0,0,0,0,0,0,0,0,0,0,0,0,0,0,0,0,0,0,0,199,254,113,0,0,0,0,0,0,0,0,0,0,0,0,0,0,0,0,0,0,0,0,0,0,0,0,0,198,254,113,0,0,0,0,0,0,0,30,38,31,0,0,0,0,0,0,0,0,0,0,0,0,0,0,0,159,254,113,0,0,0,0,8,105,188,241,254,243,156,35,0,0,0,0,0,0,0,0,0,0,0,0,0,76,254,175,0,0,0,19,232,254,242,178,143,220,254,225,34,0,0,0,0,0,0,0,0,0,0,0,0,8,238,250,96,0,0,117,254,200,26,0,0,11,158,254,155,0,0,0,0,0,0,0,0,0,0,0,0,0,162,254,233,104,0,200,254,18,0,0,0,0,114,254,197,0,0,0,0,0,0,0,0,0,0,0,0,0,23,174,254,229,158,229,254,32,0,0,0,0,114,254,130,0,0,0,0,0,0,0,0,0,0,0,0,0,0,5,132,254,254,254,254,249,147,55,38,110,232,254,47,0,0,0,0,0,0,0,0,0,0,0,0,0,0,0,3,69,152,228,254,255,254,252,241,254,251,162,2,0,0,0,0,0,0,0,0,0,0,0,0,0,0,0,0,0,0,8,101,160,243,254,225,159,113,0,0,0,0,0,0,0,0,0,0,0,0,0,0,0,0,0,0,0,0,0,0,0,0,0,0,0,0,0,0,0,0,0,0,0,0,0,0,0,0,0,0,0,0,0,0,0,0,0,0,0,0,0,0,0,0,0,0,0,0,0,0,0,0,0,0,0,0,0,0,0,0,0,0,0,0,0,0,0,0,0,0,0,0,0,0,0,0,0,0,0,0,0,0,0,0,0,0,0,0,0,0,0,0,0,0,0,0,0,0,0,0,0,0,0,0,0,0,0,0,0,0,0,0,0,0,0,0,0,0,0,0,0,0,0,0,0,0,0,0,0,0,0,0,0,0,0,0,0,0,0,0,0,0,0,0,0,0,0,0,0,0,0,0,0,0,0,0,0,0,0,0,0,0,0
2,0,0,0,0,0,0,0,0,0,0,0,0,0,0,0,0,0,0,0,0,0,0,0,0,0,0,0,0,0,0,0,0,0,0,0,0,0,0,0,0,0,0,0,0,0,0,0,0,0,0,0,0,0,0,0,0,0,0,0,0,0,0,0,0,0,0,0,0,0,0,0,0,0,0,0,0,0,0,0,0,0,0,0,0,0,0,0,0,0,0,0,0,0,0,0,0,0,0,0,0,0,0,0,0,0,0,0,0,0,0,0,0,0,0,0,0,0,0,0,63,171,98,37,253,255,253,72,0,0,0,0,0,0,0,0,0,0,0,0,0,0,0,0,0,0,0,73,237,252,179,129,119,211,252,227,134,0,0,0,0,0,0,0,0,0,0,0,0,0,0,0,0,0,0,181,252,153,10,0,0,31,113,241,252,21,0,0,0,0,0,0,0,0,0,0,0,0,0,0,0,0,42,221,252,0,0,0,0,0,0,181,252,207,104,1,0,0,0,0,0,0,0,0,0,0,0,0,0,0,73,252,108,0,0,0,0,0,0,0,0,253,252,215,0,0,0,0,0,0,0,0,0,0,0,0,0,0,73,252,108,0,0,0,0,0,0,0,0,128,252,247,93,0,0,0,0,0,0,0,0,0,0,0,0,0,21,180,108,0,0,0,0,0,0,0,0,94,247,252,108,0,0,0,0,0,0,0,0,0,0,0,0,0,0,37,190,0,0,0,0,0,0,0,0,0,217,252,108,0,0,0,0,0,0,0,0,0,0,0,0,0,0,21,207,0,0,0,0,0,0,0,0,0,218,253,108,0,0,0,0,0,0,0,0,0,0,0,0,0,0,0,20,0,0,0,0,0,0,0,0,0,217,179,15,0,0,0,0,0,0,0,0,0,0,0,0,0,0,0,0,0,0,0,0,0,0,0,0,0,217,201,78,0,0,0,0,0,0,0,0,0,0,0,0,0,0,0,0,0,0,0,0,0,0,0,0,0,217,252,108,0,0,0,0,0,0,0,0,0,0,0,0,0,0,0,0,0,0,0,0,0,0,0,0,110,253,253,108,0,0,0,0,0,0,0,0,0,0,0,0,0,0,0,0,0,0,73,217,218,217,114,31,233,252,241,77,0,0,0,0,0,0,0,0,0,0,0,0,0,0,0,0,0,156,232,252,170,128,252,211,253,189,175,0,0,0,0,0,0,0,0,0,0,0,0,0,0,0,0,0,0,217,252,168,47,88,252,252,191,128,195,144,84,0,0,0,0,0,0,0,0,0,0,0,0,0,0,0,0,218,253,108,0,32,212,253,255,149,114,145,192,15,0,0,0,0,0,0,0,0,0,0,0,0,0,0,0,217,252,232,135,227,252,210,35,57,165,237,159,5,0,0,0,0,0,0,0,0,0,0,0,0,0,0,0,103,241,252,253,241,195,31,0,0,11,154,202,25,0,0,0,0,0,0,0,0,0,0,0,0,0,0,0,0,78,108,108,77,0,0,0,0,0,0,47,99,0,0,0,0,0,0,0,0,0,0,0,0,0,0,0,0,0,0,0,0,0,0,0,0,0,0,0,0,0,0,0,0,0,0,0,0,0,0,0,0,0,0,0,0,0,0,0,0,0,0,0,0,0,0,0,0,0,0,0,0,0,0,0,0,0,0,0,0,0,0,0,0,0,0,0,0,0,0,0,0,0,0,0,0,0,0,0,0,0,0,0,0,0,0,0,0,0,0,0,0,0,0,0,0,0,0,0,0,0,0,0,0,0,0,0,0,0,0
3,0,0,0,0,0,0,0,0,0,0,0,0,0,0,0,0,0,0,0,0,0,0,0,0,0,0,0,0,0,0,0,0,0,0,0,0,0,0,0,0,0,0,0,0,0,0,0,0,0,0,0,0,0,0,0,0,0,0,0,0,0,0,0,0,0,0,0,0,0,0,0,0,0,0,0,0,0,0,0,0,0,0,0,0,0,0,0,0,0,0,0,0,0,0,0,0,0,0,0,0,0,0,0,0,0,0,0,0,0,0,0,0,0,0,0,0,0,0,0,0,0,0,0,31,152,152,193,234,152,132,10,0,0,0,0,0,0,0,0,0,0,0,0,0,0,0,0,0,0,0,0,132,212,192,192,253,252,253,212,41,0,0,0,0,0,0,0,0,0,0,0,0,0,0,0,0,0,0,0,21,20,0,0,0,0,123,243,255,50,0,0,0,0,0,0,0,0,0,0,0,0,0,0,0,0,0,0,0,0,0,0,0,0,0,162,253,50,0,0,0,0,0,0,0,0,0,0,0,0,0,0,0,0,0,0,0,0,0,0,0,0,51,233,224,20,0,0,0,0,0,0,0,0,0,0,0,0,0,0,0,0,0,0,0,0,0,0,0,41,233,252,81,0,0,0,0,0,0,0,0,0,0,0,0,0,0,0,0,0,0,0,0,0,0,41,132,253,244,122,0,0,0,0,0,0,0,0,0,0,0,0,0,0,0,0,0,0,0,0,102,142,203,243,253,212,81,0,0,0,0,0,0,0,0,0,0,0,0,0,0,0,0,0,0,0,113,253,254,253,254,253,173,10,0,0,0,0,0,0,0,0,0,0,0,0,0,0,0,0,0,0,0,0,51,151,151,151,213,252,253,212,123,0,0,0,0,0,0,0,0,0,0,0,0,0,0,0,0,0,0,0,0,0,0,0,0,0,102,203,254,213,0,0,0,0,0,0,0,0,0,0,0,0,0,0,0,0,0,0,0,0,0,0,0,0,0,20,131,252,82,0,0,0,0,0,0,0,0,0,0,0,0,0,0,0,0,0,0,0,0,0,0,0,0,0,31,233,203,0,0,0,0,0,0,0,0,0,0,0,0,0,0,0,0,0,0,0,0,0,0,0,0,0,51,252,162,0,0,0,0,0,0,0,0,0,0,0,0,0,0,0,0,0,0,0,0,0,0,0,0,0,113,253,82,0,0,0,0,0,0,0,0,0,0,0,0,0,21,102,0,0,0,0,0,0,0,0,0,0,193,252,0,0,0,0,0,0,0,0,0,0,0,0,0,0,52,253,21,0,0,0,0,0,0,0,11,173,254,172,0,0,0,0,0,0,0,0,0,0,0,0,0,0,31,232,203,20,0,0,0,0,0,82,173,252,172,10,0,0,0,0,0,0,0,0,0,0,0,0,0,0,0,41,255,253,153,152,153,152,254,253,254,172,0,0,0,0,0,0,0,0,0,0,0,0,0,0,0,0,0,0,50,212,253,252,253,252,192,151,91,10,0,0,0,0,0,0,0,0,0,0,0,0,0,0,0,0,0,0,0,0,0,0,0,0,0,0,0,0,0,0,0,0,0,0,0,0,0,0,0,0,0,0,0,0,0,0,0,0,0,0,0,0,0,0,0,0,0,0,0,0,0,0,0,0,0,0,0,0,0,0,0,0,0,0,0,0,0,0,0,0,0,0,0,0,0,0,0,0,0,0,0,0,0,0,0,0,0,0,0,0,0,0,0,0,0,0,0,0,0,0,0,0,0,0,0,0,0,0,0,0,0,0,0
9,0,0,0,0,0,0,0,0,0,0,0,0,0,0,0,0,0,0,0,0,0,0,0,0,0,0,0,0,0,0,0,0,0,0,0,0,0,0,0,0,0,0,0,0,0,0,0,0,0,0,0,0,0,0,0,0,0,0,0,0,0,0,0,0,0,0,0,0,0,0,0,0,0,0,0,0,0,0,0,0,0,0,0,0,0,0,0,0,0,0,0,0,0,0,0,0,0,0,0,0,0,0,0,0,0,0,0,0,0,0,0,0,0,0,0,0,0,0,0,0,0,0,0,0,0,0,0,0,0,0,0,0,0,0,0,0,0,0,0,0,0,0,0,0,0,0,0,0,0,0,0,0,0,0,0,0,0,0,0,0,0,0,0,0,0,0,0,0,0,0,0,0,0,0,0,0,0,0,0,0,0,0,0,0,0,0,0,0,0,0,0,0,0,0,0,0,0,0,0,0,0,0,0,0,0,0,0,22,97,212,254,254,255,226,33,0,0,0,0,0,0,0,0,0,0,0,0,0,0,0,0,0,0,0,21,148,254,205,102,109,214,254,199,6,0,0,0,0,0,0,0,0,0,0,0,0,0,0,0,0,0,23,208,240,101,13,0,0,14,254,217,10,0,0,0,0,0,0,0,0,0,0,0,0,0,0,0,0,0,112,212,62,0,0,0,0,5,254,99,0,0,0,0,0,0,0,0,0,0,0,0,0,0,0,0,0,2,193,169,0,0,0,0,0,68,143,2,0,0,0,0,0,0,0,0,0,0,0,0,0,0,0,0,0,23,254,103,0,0,0,0,0,0,0,0,0,0,0,0,0,0,0,0,0,0,0,0,0,0,0,0,0,53,254,80,0,0,0,0,0,0,27,148,8,0,0,0,0,0,0,0,0,0,0,0,0,0,0,0,0,87,254,167,0,0,0,0,0,87,251,254,22,0,0,0,0,0,0,0,0,0,0,0,0,0,0,0,0,10,195,248,180,65,59,70,153,249,254,254,22,0,0,0,0,0,0,0,0,0,0,0,0,0,0,0,0,0,47,149,237,254,254,254,250,178,254,218,11,0,0,0,0,0,0,0,0,0,0,0,0,0,0,0,0,0,0,0,28,128,118,76,41,5,254,186,0,0,0,0,0,0,0,0,0,0,0,0,0,0,0,0,0,0,0,0,0,0,0,0,0,43,254,149,0,0,0,0,0,0,0,0,0,0,0,0,0,0,0,0,0,0,0,0,0,0,0,0,0,94,254,65,0,0,0,0,0,0,0,0,0,0,0,0,0,0,0,0,0,0,0,0,0,0,0,0,0,123,254,9,0,0,0,0,0,0,0,0,0,0,0,0,0,0,0,0,0,0,0,0,0,0,0,0,12,226,232,6,0,0,0,0,0,0,0,0,0,0,0,0,0,0,0,0,0,0,0,0,0,0,0,0,18,254,173,0,0,0,0,0,0,0,0,0,0,0,0,0,0,0,0,0,0,0,0,0,0,0,0,0,18,253,84,0,0,0,0,0,0,0,0,0,0,0,0,0,0,0,0,0,0,0,0,0,0,0,0,0,59,249,0,0,0,0,0,0,0,0,0,0,0,0,0,0,0,0,0,0,0,0,0,0,0,0,0,0,108,249,0,0,0,0,0,0,0,0,0,0,0,0,0,0,0,0,0,0,0,0,0,0,0,0,0,0,76,251,30,0,0,0,0,0,0,0,0,0,0,0,0,0,0,0,0,0,0,0,0,0,0,0,0,0,0,0,0,0,0,0,0,0,0,0,0,0,0
7,0,0,0,0,0,0,0,0,0,0,0,0,0,0,0,0,0,0,0,0,0,0,0,0,0,0,0,0,0,0,0,0,0,0,0,0,0,0,0,0,0,0,0,0,0,0,0,0,0,0,0,0,0,0,0,0,0,0,0,0,0,0,0,0,0,0,0,0,0,0,0,0,0,0,0,0,0,0,0,0,0,0,0,0,0,0,0,0,0,0,0,0,0,0,0,0,0,0,0,0,0,0,0,0,0,0,0,0,0,0,0,0,0,0,0,0,0,0,0,0,0,0,0,0,0,0,0,0,0,0,0,0,0,0,0,0,0,0,0,0,0,0,0,0,0,0,0,0,0,0,0,0,0,0,0,0,0,0,0,0,0,0,0,0,0,0,0,0,0,0,0,0,0,0,0,0,0,0,0,0,0,0,0,0,0,0,0,0,0,0,0,0,0,0,0,0,0,0,0,0,0,0,0,0,0,0,0,0,0,0,0,0,0,0,0,0,0,0,0,0,0,0,0,0,0,0,0,0,0,0,0,0,0,0,0,0,0,0,0,0,0,0,0,0,0,0,0,0,0,0,0,0,0,0,0,0,101,113,113,113,176,174,222,113,191,255,253,253,253,253,255,206,113,38,0,0,0,0,0,0,0,0,0,147,249,252,252,252,253,252,252,252,252,253,252,252,252,252,253,252,252,209,0,0,0,0,0,0,0,0,0,222,252,252,252,252,253,252,252,252,252,253,252,208,195,195,196,246,252,246,88,0,0,0,0,0,0,0,0,38,209,223,239,223,225,223,192,84,84,84,84,19,0,0,0,130,252,252,112,0,0,0,0,0,0,0,0,0,0,0,63,0,0,0,0,0,0,0,0,0,0,0,0,85,252,252,112,0,0,0,0,0,0,0,0,0,0,0,0,0,0,0,0,0,0,0,0,0,0,0,51,238,253,253,112,0,0,0,0,0,0,0,0,0,0,0,0,0,0,0,0,0,0,0,0,0,0,48,238,252,233,151,12,0,0,0,0,0,0,0,0,0,0,0,0,0,0,0,0,0,0,0,0,0,7,165,253,233,74,0,0,0,0,0,0,0,0,0,0,0,0,0,0,0,0,0,0,0,0,0,0,0,29,252,253,74,0,0,0,0,0,0,0,0,0,0,0,0,0,0,0,0,0,0,0,0,0,0,0,0,107,252,253,27,0,0,0,0,0,0,0,0,0,0,0,0,0,0,0,0,0,0,0,0,0,0,0,26,207,253,204,15,0,0,0,0,0,0,0,0,0,0,0,0,0,0,0,0,0,0,0,0,0,0,0,57,252,252,94,0,0,0,0,0,0,0,0,0,0,0,0,0,0,0,0,0,0,0,0,0,0,0,0,88,252,252,0,0,0,0,0,0,0,0,0,0,0,0,0,0,0,0,0,0,0,0,0,0,0,0,0,197,252,157,0,0,0,0,0,0,0,0,0,0,0,0,0,0,0,0,0,0,0,0,0,0,0,0,0,197,252,112,0,0,0,0,0,0,0,0,0,0,0,0,0,0,0,0,0,0,0,0,0,0,0,0,0,198,253,112,0,0,0,0,0,0,0,0,0,0,0,0,0,0,0,0,0,0,0,0,0,0,0,0,0,150,252,112,0,0,0,0,0,0,0,0,0,0,0,0,0,0,0,0,0,0,0,0,0,0,0,0,0,57,252,221,0,0,0,0,0,0,0,0,0,0,0,0,0,0,0,0,0,0,0,0,0,0,0,0,0,51,227,252,95,0,0,0,0,0,0,0,0,0
2,0,0,0,0,0,0,0,0,0,0,0,0,0,0,0,0,0,0,0,0,0,0,0,0,0,0,0,0,0,0,0,0,0,0,0,0,0,0,0,0,0,0,0,0,0,0,0,0,0,0,0,0,0,0,0,0,0,0,0,0,0,0,0,0,0,0,0,0,0,0,0,0,0,0,0,0,0,0,0,0,0,0,0,0,0,0,0,0,0,0,0,0,0,0,0,169,253,237,148,96,14,0,0,0,0,0,0,0,0,0,0,0,0,0,0,0,0,0,0,0,0,0,0,113,203,253,252,252,211,102,0,0,0,0,0,0,0,0,0,0,0,0,0,0,0,0,0,0,0,0,0,0,9,21,100,179,245,252,150,0,0,0,0,0,0,0,0,0,0,0,0,0,0,0,0,0,0,0,0,0,0,0,0,0,56,198,239,113,0,0,0,0,0,0,0,0,0,0,0,0,0,0,0,0,0,0,0,0,0,0,0,0,0,62,253,239,17,0,0,0,0,0,0,0,0,0,0,0,0,0,0,0,0,0,0,0,0,0,0,0,0,0,148,253,38,0,0,0,0,0,0,0,0,0,0,0,0,0,0,0,0,0,0,0,0,0,0,0,0,0,148,252,126,0,0,0,0,0,0,0,0,0,0,0,0,0,0,0,0,0,0,0,0,0,0,0,0,9,201,252,170,0,0,0,0,0,0,0,0,0,0,0,0,0,0,0,0,0,0,0,0,0,0,0,0,106,253,252,56,0,0,0,0,0,0,0,0,0,0,0,0,0,0,0,0,0,0,0,0,0,0,0,0,150,253,252,21,0,0,0,0,0,0,0,0,0,0,0,0,0,0,0,0,0,0,0,0,0,32,43,139,253,247,97,0,0,0,0,0,0,0,0,0,0,0,0,0,0,0,0,0,0,0,57,128,191,237,252,252,252,243,83,0,0,0,0,0,0,0,0,0,0,0,0,0,0,0,0,4,57,224,246,244,241,238,252,252,252,253,246,19,0,0,0,0,0,0,0,0,0,0,0,0,0,0,27,139,252,247,119,49,46,171,252,236,101,156,252,91,0,0,0,0,0,0,0,0,0,0,0,0,0,71,211,253,217,47,0,0,175,252,244,66,0,43,252,126,0,0,0,0,0,0,0,0,0,0,0,0,13,218,253,230,27,0,29,175,255,239,106,0,0,105,253,65,0,0,0,0,0,0,0,0,0,0,0,0,136,252,173,53,0,87,232,252,239,68,0,0,0,148,153,5,0,0,0,0,0,0,0,0,0,0,0,0,223,252,155,39,162,251,252,244,62,0,0,0,0,57,5,0,0,0,0,0,0,0,0,0,0,0,0,0,101,252,252,253,252,247,162,49,0,0,0,0,0,0,0,0,0,0,0,0,0,0,0,0,0,0,0,0,4,113,235,236,147,47,0,0,0,0,0,0,0,0,0,0,0,0,0,0,0,0,0,0,0,0,0,0,0,0,0,0,0,0,0,0,0,0,0,0,0,0,0,0,0,0,0,0,0,0,0,0,0,0,0,0,0,0,0,0,0,0,0,0,0,0,0,0,0,0,0,0,0,0,0,0,0,0,0,0,0,0,0,0,0,0,0,0,0,0,0,0,0,0,0,0,0,0,0,0,0,0,0,0,0,0,0,0,0,0,0,0,0,0,0,0,0,0,0,0,0,0,0,0,0,0,0,0,0,0,0,0,0,0,0,0,0,0,0,0,0,0,0,0,0,0,0,0,0,0,0,0,0,0,0,0,0,0,0,0,0,0,0
3,0,0,0,0,0,0,0,0,0,0,0,0,0,0,0,0,0,0,0,0,0,0,0,0,0,0,0,0,0,0,0,0,0,0,0,0,0,0,0,0,0,0,0,0,0,0,0,0,0,0,0,0,0,0,0,0,0,0,0,0,0,0,0,0,0,0,0,0,0,0,0,0,0,0,0,0,0,0,0,0,0,0,0,0,0,0,0,0,0,0,0,0,0,0,0,0,0,0,0,0,0,0,0,0,0,0,0,0,0,0,0,0,0,0,0,0,0,0,0,0,0,0,0,0,0,0,0,0,0,0,0,0,0,0,0,0,0,0,0,0,0,0,0,0,0,0,8,117,224,132,173,253,143,132,128,13,13,13,10,0,0,0,0,0,0,0,0,0,0,0,0,0,0,0,157,252,252,252,252,252,252,252,253,252,252,252,226,35,0,0,0,0,0,0,0,0,0,0,0,0,0,0,60,176,216,216,216,216,216,233,236,252,252,252,252,134,0,0,0,0,0,0,0,0,0,0,0,0,0,0,0,0,0,0,0,0,0,40,44,84,84,196,252,228,32,0,0,0,0,0,0,0,0,0,0,0,0,0,0,0,0,0,0,0,0,0,0,0,0,169,252,252,48,0,0,0,0,0,0,0,0,0,0,0,0,0,0,0,0,0,0,0,0,0,0,0,63,233,252,231,34,0,0,0,0,0,0,0,0,0,0,0,0,0,0,0,0,0,0,0,0,0,45,97,234,252,252,82,0,0,0,0,0,0,0,0,0,0,0,0,0,0,0,0,0,0,0,38,97,154,237,252,252,252,229,37,0,0,0,0,0,0,0,0,0,0,0,0,0,0,0,0,0,0,37,221,252,252,253,252,252,231,52,0,0,0,0,0,0,0,0,0,0,0,0,0,0,0,0,0,0,0,85,252,252,252,253,252,217,9,0,0,0,0,0,0,0,0,0,0,0,0,0,0,0,0,0,0,0,0,41,167,241,247,255,253,253,172,132,37,0,0,0,0,0,0,0,0,0,0,0,0,0,0,0,0,0,0,0,0,0,52,109,120,228,244,252,221,28,0,0,0,0,0,0,0,0,0,0,0,0,0,0,0,0,0,0,0,0,0,0,0,0,88,242,252,65,0,0,0,0,0,0,0,0,0,0,0,0,0,0,0,0,0,0,0,0,0,0,0,0,0,181,252,167,0,0,0,0,0,0,0,0,0,0,0,0,0,0,0,0,0,0,0,0,0,0,0,0,12,198,252,228,26,0,0,0,0,0,0,0,0,0,0,0,0,0,0,0,0,0,0,0,0,4,31,46,164,252,252,187,9,0,0,0,0,0,0,0,0,0,0,0,0,0,0,0,157,205,127,134,85,150,225,234,252,252,228,54,0,0,0,0,0,0,0,0,0,0,0,0,0,0,0,99,244,252,239,249,252,253,252,252,252,183,54,0,0,0,0,0,0,0,0,0,0,0,0,0,0,0,0,129,252,252,252,252,252,253,252,184,121,7,0,0,0,0,0,0,0,0,0,0,0,0,0,0,0,0,0,3,104,172,206,241,136,127,11,5,0,0,0,0,0,0,0,0,0,0,0,0,0,0,0,0,0,0,0,0,0,0,0,0,0,0,0,0,0,0,0,0,0,0,0,0,0,0,0,0,0,0,0,0,0,0,0,0,0,0,0,0,0,0,0,0,0,0,0,0,0,0,0,0,0,0,0,0,0,0,0,0,0,0,0,0,0,0,0,0,0,0,0,0,0,0,0,0,0,0,0,0,0,0,0
9,0,0,0,0,0,0,0,0,0,0,0,0,0,0,0,0,0,0,0,0,0,0,0,0,0,0,0,0,0,0,0,0,0,0,0,0,0,0,0,0,0,0,0,0,0,0,0,0,0,0,0,0,0,0,0,0,0,0,0,0,0,0,0,0,0,0,0,0,0,0,0,0,0,0,0,0,0,0,0,0,0,0,0,0,0,0,0,0,0,0,0,0,0,0,0,0,0,0,0,0,0,0,0,0,0,0,0,0,0,0,0,0,0,0,0,0,0,0,0,0,0,0,0,0,0,0,0,0,0,0,0,0,0,0,0,0,0,0,0,0,0,0,0,0,0,0,0,0,0,0,0,0,0,0,0,0,0,0,0,0,0,0,0,0,0,0,0,0,0,0,0,0,0,0,0,0,0,0,0,0,0,0,0,0,0,0,0,0,0,0,0,0,0,0,0,0,0,0,0,0,0,0,0,0,0,0,0,44,154,159,188,166,159,131,30,0,0,0,0,0,0,0,0,0,0,0,0,0,0,0,0,0,10,106,222,245,254,254,254,228,249,254,222,29,0,0,0,0,0,0,0,0,0,0,0,0,0,0,0,53,211,254,248,132,67,67,67,5,94,224,254,128,0,0,0,0,0,0,0,0,0,0,0,0,0,0,94,238,254,164,20,0,0,0,0,0,25,188,254,153,0,0,0,0,0,0,0,0,0,0,0,0,0,0,200,254,171,16,0,0,0,0,0,21,213,254,254,153,0,0,0,0,0,0,0,0,0,0,0,0,0,0,251,254,72,0,0,0,0,0,0,145,254,254,254,85,0,0,0,0,0,0,0,0,0,0,0,0,0,0,231,254,179,57,54,54,72,149,215,254,254,254,197,2,0,0,0,0,0,0,0,0,0,0,0,0,0,0,85,230,254,254,254,254,254,254,241,166,167,254,128,0,0,0,0,0,0,0,0,0,0,0,0,0,0,0,0,46,172,172,172,141,77,77,25,0,107,254,216,0,0,0,0,0,0,0,0,0,0,0,0,0,0,0,0,0,0,0,0,0,0,0,0,0,107,254,216,0,0,0,0,0,0,0,0,0,0,0,0,0,0,0,0,0,0,0,0,0,0,0,0,0,101,254,216,0,0,0,0,0,0,0,0,0,0,0,0,0,0,0,0,0,0,0,0,0,0,0,0,0,10,254,242,39,0,0,0,0,0,0,0,0,0,0,0,0,0,0,0,0,0,0,0,0,0,0,0,0,1,175,254,146,0,0,0,0,0,0,0,0,0,0,0,0,0,0,0,0,0,0,0,0,0,0,0,0,0,93,254,153,0,0,0,0,0,0,0,0,0,0,0,0,0,0,0,0,0,0,0,0,0,0,0,0,0,73,254,153,0,0,0,0,0,0,0,0,0,0,0,0,0,0,0,0,0,0,0,0,0,0,0,0,0,160,255,153,0,0,0,0,0,0,0,0,0,0,0,0,0,0,0,0,0,0,0,0,0,0,0,0,0,95,254,153,0,0,0,0,0,0,0,0,0,0,0,0,0,0,0,0,0,0,0,0,0,0,0,0,0,73,254,179,0,0,0,0,0,0,0,0,0,0,0,0,0,0,0,0,0,0,0,0,0,0,0,0,0,73,255,250,0,0,0,0,0,0,0,0,0,0,0,0,0,0,0,0,0,0,0,0,0,0,0,0,0,46,209,140,0,0,0,0,0,0,0,0,0,0,0,0,0,0,0,0,0,0,0,0,0,0,0,0,0,0,0,0,0,0,0,0,0,0,0,0
4,0,0,0,0,0,0,0,0,0,0,0,0,0,0,0,0,0,0,0,0,0,0,0,0,0,0,0,0,0,0,0,0,0,0,0,0,0,0,0,0,0,0,0,0,0,0,0,0,0,0,0,0,0,0,0,0,0,0,0,0,0,0,0,0,0,0,0,0,0,0,0,0,0,0,0,0,0,0,0,0,0,0,0,0,0,0,0,0,0,0,0,0,0,0,0,0,0,0,0,0,0,0,0,0,0,0,0,0,0,0,0,0,0,0,0,0,0,0,0,0,0,0,0,0,0,0,0,0,0,0,0,0,0,0,0,0,0,0,0,0,0,0,0,0,0,0,0,0,0,0,114,222,31,0,0,0,0,0,43,219,0,0,0,0,0,0,0,0,0,0,0,0,0,0,0,0,9,140,250,254,71,0,0,0,0,1,156,249,59,0,0,0,0,0,0,0,0,0,0,0,0,0,0,0,46,254,254,173,5,0,0,0,0,41,254,229,0,0,0,0,0,0,0,0,0,0,0,0,0,0,0,0,167,254,240,37,0,0,0,0,0,116,254,221,0,0,0,0,0,0,0,0,0,0,0,0,0,0,0,45,244,254,127,0,0,0,0,0,0,184,254,129,0,0,0,0,0,0,0,0,0,0,0,0,0,0,0,156,254,246,22,0,0,0,0,0,0,215,254,129,0,0,0,0,0,0,0,0,0,0,0,0,0,0,4,195,254,146,0,0,0,0,0,0,0,215,254,129,0,0,0,0,0,0,0,0,0,0,0,0,0,0,105,254,243,36,0,0,0,0,0,0,0,215,254,129,0,0,0,0,0,0,0,0,0,0,0,0,0,0,111,254,234,0,0,0,0,0,0,0,23,230,254,53,0,14,96,4,0,0,0,0,0,0,0,0,0,0,111,254,159,51,51,51,51,51,70,112,175,254,254,251,250,244,169,4,0,0,0,0,0,0,0,0,0,0,109,254,254,254,254,254,254,254,254,254,254,254,254,254,218,90,0,0,0,0,0,0,0,0,0,0,0,0,8,233,254,254,254,254,254,254,254,254,254,254,214,97,0,0,0,0,0,0,0,0,0,0,0,0,0,0,0,117,239,239,239,239,184,139,139,103,254,254,85,0,0,0,0,0,0,0,0,0,0,0,0,0,0,0,0,0,0,0,0,0,0,0,0,6,254,254,85,0,0,0,0,0,0,0,0,0,0,0,0,0,0,0,0,0,0,0,0,0,0,0,0,55,254,247,43,0,0,0,0,0,0,0,0,0,0,0,0,0,0,0,0,0,0,0,0,0,0,0,0,137,254,239,0,0,0,0,0,0,0,0,0,0,0,0,0,0,0,0,0,0,0,0,0,0,0,0,0,205,254,226,0,0,0,0,0,0,0,0,0,0,0,0,0,0,0,0,0,0,0,0,0,0,0,0,38,242,254,139,0,0,0,0,0,0,0,0,0,0,0,0,0,0,0,0,0,0,0,0,0,0,0,0,22,226,254,157,0,0,0,0,0,0,0,0,0,0,0,0,0,0,0,0,0,0,0,0,0,0,0,0,0,127,254,122,0,0,0,0,0,0,0,0,0,0,0,0,0,0,0,0,0,0,0,0,0,0,0,0,0,0,0,0,0,0,0,0,0,0,0,0,0,0,0,0,0,0,0,0,0,0,0,0,0,0,0,0,0,0,0,0,0,0,0,0,0,0,0,0,0,0,0,0,0,0,0,0,0,0,0,0,0,0,0,0,0,0,0,0,0,0,0,0,0,0,0,0,0,0
5,0,0,0,0,0,0,0,0,0,0,0,0,0,0,0,0,0,0,0,0,0,0,0,0,0,0,0,0,0,0,0,0,0,0,0,0,0,0,0,0,0,0,0,0,0,0,0,0,0,0,0,0,0,0,0,0,0,0,0,0,0,0,0,0,0,0,0,0,0,0,0,0,0,0,0,0,0,0,0,0,0,0,0,0,0,0,0,0,0,0,0,0,0,0,0,0,0,0,0,0,0,0,0,0,0,0,0,0,0,0,0,0,0,0,0,0,0,0,0,0,0,0,0,0,0,0,0,0,0,0,0,0,0,0,0,0,0,0,0,0,0,0,0,0,0,0,0,0,0,0,0,0,0,0,0,0,0,0,0,0,0,0,0,0,0,0,0,0,0,0,0,0,0,0,0,0,0,0,0,0,0,0,0,0,0,0,0,0,0,0,0,0,0,0,0,0,0,0,0,0,0,0,0,0,0,0,0,0,0,0,0,0,0,0,0,0,0,0,0,0,0,0,0,0,0,0,0,0,0,0,0,0,0,0,0,0,8,81,192,118,38,24,33,33,73,62,116,116,116,89,0,0,0,0,0,0,0,0,0,0,0,0,0,51,206,254,254,254,222,240,254,254,254,254,254,216,213,159,0,0,0,0,0,0,0,0,0,0,0,0,64,234,254,204,230,238,205,146,123,123,123,80,41,4,0,0,0,0,0,0,0,0,0,0,0,0,0,19,195,254,254,61,20,22,0,0,0,0,0,0,0,0,0,0,0,0,0,0,0,0,0,0,0,0,0,60,254,254,101,3,0,0,0,0,0,0,0,0,0,0,0,0,0,0,0,0,0,0,0,0,0,0,0,40,224,254,226,134,5,0,0,0,0,0,0,0,0,0,0,0,0,0,0,0,0,0,0,0,0,0,0,0,60,214,254,254,223,85,0,0,0,0,0,0,0,0,0,0,0,0,0,0,0,0,0,0,0,0,0,0,0,0,118,241,254,255,115,3,0,0,0,0,0,0,0,0,0,0,0,0,0,0,0,0,0,0,0,0,0,0,0,19,174,253,252,82,0,0,0,0,0,0,0,0,0,0,0,0,0,0,0,0,0,0,0,0,0,0,0,0,8,194,254,208,0,0,0,0,0,0,0,0,0,0,0,0,0,0,0,0,12,21,0,0,0,28,105,116,182,254,254,182,0,0,0,0,0,0,0,0,0,0,0,0,0,0,0,0,157,203,124,187,205,246,254,254,254,254,197,54,0,0,0,0,0,0,0,0,0,0,0,0,0,0,0,0,172,254,254,254,254,254,211,204,128,43,14,0,0,0,0,0,0,0,0,0,0,0,0,0,0,0,0,0,22,33,59,70,75,33,5,0,0,0,0,0,0,0,0,0,0,0,0,0,0,0,0,0,0,0,0,0,0,0,0,0,0,0,0,0,0,0,0,0,0,0,0,0,0,0,0,0,0,0,0,0,0,0,0,0,0,0,0,0,0,0,0,0,0,0,0,0,0,0,0,0,0,0,0,0,0,0,0,0,0,0,0,0,0,0,0,0,0,0,0,0,0,0,0,0,0,0,0,0,0,0,0,0,0,0,0,0,0,0,0,0,0,0,0,0,0,0,0,0,0,0,0,0,0,0,0,0,0,0,0,0,0,0,0,0,0,0,0,0,0,0,0,0,0,0,0,0,0,0,0,0,0,0,0,0,0,0,0,0,0,0,0,0,0,0,0,0,0,0,0,0,0,0,0,0,0,0,0,0,0,0,0,0,0,0,0,0,0,0
0,0,0,0,0,0,0,0,0,0,0,0,0,0,0,0,0,0,0,0,0,0,0,0,0,0,0,0,0,0,0,0,0,0,0,0,0,0,0,0,0,0,0,0,0,0,0,0,0,0,0,0,0,0,0,0,0,0,0,0,0,0,0,0,0,0,0,0,0,0,0,0,0,0,0,0,0,0,0,0,0,0,0,0,0,0,0,0,0,0,0,0,0,0,0,0,0,0,0,0,0,0,0,0,0,0,0,0,0,0,0,0,0,0,0,0,0,0,0,0,0,0,0,0,0,0,0,0,0,0,0,0,0,0,0,0,0,0,0,0,0,0,0,0,0,0,0,0,0,0,0,0,0,0,43,227,253,227,60,0,0,0,0,0,0,0,0,0,0,0,0,0,0,0,0,0,0,0,0,0,0,0,227,252,252,252,252,173,21,0,0,0,0,0,0,0,0,0,0,0,0,0,0,0,0,0,0,0,32,215,253,236,82,118,240,253,166,2,0,0,0,0,0,0,0,0,0,0,0,0,0,0,0,0,0,6,155,252,243,47,0,0,80,253,252,91,0,0,0,0,0,0,0,0,0,0,0,0,0,0,0,0,0,110,252,252,35,0,0,0,0,209,252,126,0,0,0,0,0,0,0,0,0,0,0,0,0,0,0,0,68,245,243,79,0,0,0,0,0,43,253,191,14,0,0,0,0,0,0,0,0,0,0,0,0,0,0,15,211,252,153,0,0,0,0,0,0,29,231,252,84,0,0,0,0,0,0,0,0,0,0,0,0,0,0,105,252,180,7,0,0,0,0,0,0,0,190,252,128,0,0,0,0,0,0,0,0,0,0,0,0,0,0,253,231,51,0,0,0,0,0,0,0,0,190,252,84,0,0,0,0,0,0,0,0,0,0,0,0,0,132,253,124,0,0,0,0,0,0,0,0,0,190,252,172,0,0,0,0,0,0,0,0,0,0,0,0,82,253,230,27,0,0,0,0,0,0,0,0,0,191,253,190,0,0,0,0,0,0,0,0,0,0,0,8,197,252,97,0,0,0,0,0,0,0,0,0,0,190,252,189,0,0,0,0,0,0,0,0,0,0,0,119,252,244,0,0,0,0,0,0,0,0,0,0,22,221,252,189,0,0,0,0,0,0,0,0,0,0,0,127,252,121,0,0,0,0,0,0,0,0,0,0,69,252,247,98,0,0,0,0,0,0,0,0,0,0,0,215,199,7,0,0,0,0,0,0,0,0,0,0,236,252,143,0,0,0,0,0,0,0,0,0,0,0,103,253,190,0,0,0,0,0,0,0,0,0,0,80,255,239,62,0,0,0,0,0,0,0,0,0,0,0,190,252,189,0,0,0,0,0,0,0,0,0,48,242,253,89,0,0,0,0,0,0,0,0,0,0,0,0,190,252,92,0,0,0,0,0,0,0,0,64,202,252,152,5,0,0,0,0,0,0,0,0,0,0,0,0,190,238,28,0,0,0,0,0,0,0,48,202,252,226,0,0,0,0,0,0,0,0,0,0,0,0,0,0,190,249,70,0,0,0,0,0,0,124,242,252,226,42,0,0,0,0,0,0,0,0,0,0,0,0,0,0,0,0,0,0,0,0,0,0,0,0,0,0,0,0,0,0,0,0,0,0,0,0,0,0,0,0,0,0,0,0,0,0,0,0,0,0,0,0,0,0,0,0,0,0,0,0,0,0,0,0,0,0,0,0,0,0,0,0,0,0,0,0,0,0,0,0,0,0,0,0,0,0,0,0,0,0,0,0,0,0
2,0,0,0,0,0,0,0,0,0,0,0,0,0,0,0,0,0,0,0,0,0,0,0,0,0,0,0,0,0,0,0,0,0,0,0,0,0,0,0,0,0,0,0,0,0,0,0,0,0,0,0,0,0,0,0,0,0,0,0,0,0,0,0,0,0,0,0,0,0,0,0,0,0,0,0,0,0,0,0,0,0,0,0,0,0,0,0,0,0,0,0,0,0,0,0,0,0,0,0,0,0,0,0,0,0,0,0,0,0,0,0,0,0,0,0,0,0,0,0,0,0,0,0,7,188,254,254,255,228,41,0,0,0,0,0,0,0,0,0,0,0,0,0,0,0,0,0,0,0,0,14,179,253,253,253,253,253,226,42,0,0,0,0,0,0,0,0,0,0,0,0,0,0,0,0,0,0,0,35,253,253,160,40,99,253,253,150,0,0,0,0,0,0,0,0,0,0,0,0,0,0,0,0,0,0,0,35,253,253,39,0,17,202,253,246,0,0,0,0,0,0,0,0,0,0,0,0,0,0,0,0,0,0,0,35,253,164,2,154,134,195,253,246,0,0,0,0,0,0,0,0,0,0,0,0,0,0,0,0,0,0,0,35,253,200,17,228,253,253,253,246,0,0,0,0,0,0,0,0,0,0,0,0,0,0,0,0,0,0,0,35,253,253,253,253,253,253,253,246,0,0,0,0,0,0,0,0,0,0,0,0,0,0,0,0,0,0,0,35,253,253,253,253,253,253,253,246,0,0,0,0,0,0,0,0,0,0,0,0,0,0,0,0,0,0,0,4,34,164,202,253,253,253,253,246,0,0,0,0,0,0,0,0,0,0,0,0,0,0,0,0,0,0,0,0,0,0,21,47,104,253,253,134,0,0,0,0,0,0,0,0,0,0,0,0,0,0,0,0,0,0,0,0,29,49,49,49,105,253,253,109,0,0,0,0,0,0,0,0,0,0,0,0,0,0,0,0,0,0,21,47,218,253,253,253,253,253,253,199,28,2,0,0,0,0,0,0,0,0,0,0,0,0,0,0,0,48,227,253,253,253,253,253,253,253,253,253,253,94,5,0,0,0,0,0,0,0,0,0,0,0,0,0,48,233,253,253,246,129,250,253,253,253,253,253,253,253,211,27,0,0,0,0,0,0,0,0,0,0,0,0,97,253,253,220,12,0,173,253,253,233,76,209,253,253,253,135,31,0,0,0,0,0,0,0,0,0,0,0,97,253,235,73,0,114,252,253,193,27,0,23,170,204,253,253,149,0,0,0,0,0,0,0,0,0,0,0,97,253,124,9,70,227,253,253,150,0,0,0,0,22,99,157,16,0,0,0,0,0,0,0,0,0,0,0,97,253,237,189,253,253,253,93,14,0,0,0,0,0,0,0,0,0,0,0,0,0,0,0,0,0,0,0,89,250,253,253,253,242,173,10,0,0,0,0,0,0,0,0,0,0,0,0,0,0,0,0,0,0,0,0,0,138,253,253,246,57,0,0,0,0,0,0,0,0,0,0,0,0,0,0,0,0,0,0,0,0,0,0,0,0,0,0,0,0,0,0,0,0,0,0,0,0,0,0,0,0,0,0,0,0,0,0,0,0,0,0,0,0,0,0,0,0,0,0,0,0,0,0,0,0,0,0,0,0,0,0,0,0,0,0,0,0,0,0,0,0,0,0,0,0,0,0,0,0,0,0,0,0,0,0,0,0,0,0,0,0,0,0,0,0,0,0,0,0,0,0,0,0,0,0,0,0,0,0,0,0,0,0,0,0,0,0,0
1,0,0,0,0,0,0,0,0,0,0,0,0,0,0,0,0,0,0,0,0,0,0,0,0,0,0,0,0,0,0,0,0,0,0,0,0,0,0,0,0,0,0,0,0,0,0,0,0,0,0,0,0,0,0,0,0,0,0,0,0,0,0,0,0,0,0,0,0,0,0,0,0,0,0,0,0,0,0,0,0,0,0,0,0,0,0,0,0,0,0,0,0,0,0,0,0,0,0,0,0,0,0,0,0,0,0,0,0,0,0,0,0,0,0,0,0,0,0,0,0,0,0,0,0,0,0,0,0,0,0,0,0,0,0,0,0,0,0,0,0,0,0,0,0,0,0,0,0,0,0,0,0,0,0,55,255,98,13,0,0,0,0,0,0,0,0,0,0,0,0,0,0,0,0,0,0,0,0,0,0,0,0,133,253,253,86,0,0,0,0,0,0,0,0,0,0,0,0,0,0,0,0,0,0,0,0,0,0,0,1,164,253,253,86,0,0,0,0,0,0,0,0,0,0,0,0,0,0,0,0,0,0,0,0,0,0,0,17,253,253,253,150,0,0,0,0,0,0,0,0,0,0,0,0,0,0,0,0,0,0,0,0,0,0,0,17,253,253,253,159,0,0,0,0,0,0,0,0,0,0,0,0,0,0,0,0,0,0,0,0,0,0,0,16,250,253,253,86,0,0,0,0,0,0,0,0,0,0,0,0,0,0,0,0,0,0,0,0,0,0,0,11,219,253,253,86,0,0,0,0,0,0,0,0,0,0,0,0,0,0,0,0,0,0,0,0,0,0,0,17,253,253,253,86,0,0,0,0,0,0,0,0,0,0,0,0,0,0,0,0,0,0,0,0,0,0,0,24,253,253,252,81,0,0,0,0,0,0,0,0,0,0,0,0,0,0,0,0,0,0,0,0,0,0,0,125,253,253,232,0,0,0,0,0,0,0,0,0,0,0,0,0,0,0,0,0,0,0,0,0,0,0,0,125,253,253,146,0,0,0,0,0,0,0,0,0,0,0,0,0,0,0,0,0,0,0,0,0,0,0,0,226,253,253,22,0,0,0,0,0,0,0,0,0,0,0,0,0,0,0,0,0,0,0,0,0,0,0,58,246,253,253,16,0,0,0,0,0,0,0,0,0,0,0,0,0,0,0,0,0,0,0,0,0,0,0,87,253,253,218,10,0,0,0,0,0,0,0,0,0,0,0,0,0,0,0,0,0,0,0,0,0,0,0,191,253,253,150,0,0,0,0,0,0,0,0,0,0,0,0,0,0,0,0,0,0,0,0,0,0,0,0,195,253,253,54,0,0,0,0,0,0,0,0,0,0,0,0,0,0,0,0,0,0,0,0,0,0,0,0,195,253,208,9,0,0,0,0,0,0,0,0,0,0,0,0,0,0,0,0,0,0,0,0,0,0,0,0,195,253,199,0,0,0,0,0,0,0,0,0,0,0,0,0,0,0,0,0,0,0,0,0,0,0,0,35,236,253,169,0,0,0,0,0,0,0,0,0,0,0,0,0,0,0,0,0,0,0,0,0,0,0,0,8,203,246,53,0,0,0,0,0,0,0,0,0,0,0,0,0,0,0,0,0,0,0,0,0,0,0,0,0,0,0,0,0,0,0,0,0,0,0,0,0,0,0,0,0,0,0,0,0,0,0,0,0,0,0,0,0,0,0,0,0,0,0,0,0,0,0,0,0,0,0,0,0,0,0,0,0,0,0,0,0,0,0,0,0,0,0,0,0,0,0,0,0,0,0,0,0,0,0,0,0
1,0,0,0,0,0,0,0,0,0,0,0,0,0,0,0,0,0,0,0,0,0,0,0,0,0,0,0,0,0,0,0,0,0,0,0,0,0,0,0,0,0,0,0,0,0,0,0,0,0,0,0,0,0,0,0,0,0,0,0,0,0,0,0,0,0,0,0,0,0,0,0,0,0,0,0,0,0,0,0,0,0,0,0,0,0,0,0,0,0,0,0,0,0,0,0,0,0,0,0,0,0,0,0,0,0,0,0,0,0,0,0,0,0,0,0,0,0,0,0,0,0,0,0,0,0,0,0,0,0,0,0,0,0,0,0,0,0,0,0,0,0,0,0,0,0,0,0,0,0,0,0,0,0,0,0,0,4,118,249,211,25,0,0,0,0,0,0,0,0,0,0,0,0,0,0,0,0,0,0,0,0,0,0,0,60,254,254,254,55,0,0,0,0,0,0,0,0,0,0,0,0,0,0,0,0,0,0,0,0,0,15,166,237,254,254,254,55,0,0,0,0,0,0,0,0,0,0,0,0,0,0,0,0,0,0,0,0,38,190,254,254,254,254,254,55,0,0,0,0,0,0,0,0,0,0,0,0,0,0,0,0,0,0,0,0,0,60,194,254,254,254,179,18,0,0,0,0,0,0,0,0,0,0,0,0,0,0,0,0,0,0,0,0,0,37,219,254,254,249,32,0,0,0,0,0,0,0,0,0,0,0,0,0,0,0,0,0,0,0,0,0,0,187,254,254,254,151,0,0,0,0,0,0,0,0,0,0,0,0,0,0,0,0,0,0,0,0,0,0,68,253,254,254,254,16,0,0,0,0,0,0,0,0,0,0,0,0,0,0,0,0,0,0,0,0,0,32,210,254,254,248,27,2,0,0,0,0,0,0,0,0,0,0,0,0,0,0,0,0,0,0,0,0,0,203,254,254,254,210,0,0,0,0,0,0,0,0,0,0,0,0,0,0,0,0,0,0,0,0,0,0,82,247,254,254,208,30,0,0,0,0,0,0,0,0,0,0,0,0,0,0,0,0,0,0,0,0,0,15,201,254,255,249,80,0,0,0,0,0,0,0,0,0,0,0,0,0,0,0,0,0,0,0,0,0,1,135,254,254,253,126,0,0,0,0,0,0,0,0,0,0,0,0,0,0,0,0,0,0,0,0,0,0,82,254,254,254,185,0,0,0,0,0,0,0,0,0,0,0,0,0,0,0,0,0,0,0,0,0,0,33,249,254,254,218,35,0,0,0,0,0,0,0,0,0,0,0,0,0,0,0,0,0,0,0,0,0,0,155,254,254,254,45,0,0,0,0,0,0,0,0,0,0,0,0,0,0,0,0,0,0,0,0,0,0,78,237,254,254,167,6,0,0,0,0,0,0,0,0,0,0,0,0,0,0,0,0,0,0,0,0,0,0,194,254,254,161,43,0,0,0,0,0,0,0,0,0,0,0,0,0,0,0,0,0,0,0,0,0,0,0,194,254,235,47,0,0,0,0,0,0,0,0,0,0,0,0,0,0,0,0,0,0,0,0,0,0,0,0,194,236,47,0,0,0,0,0,0,0,0,0,0,0,0,0,0,0,0,0,0,0,0,0,0,0,0,0,0,0,0,0,0,0,0,0,0,0,0,0,0,0,0,0,0,0,0,0,0,0,0,0,0,0,0,0,0,0,0,0,0,0,0,0,0,0,0,0,0,0,0,0,0,0,0,0,0,0,0,0,0,0,0,0,0,0,0,0,0,0,0,0,0,0,0,0,0,0,0,0,0,0,0,0,0
4,0,0,0,0,0,0,0,0,0,0,0,0,0,0,0,0,0,0,0,0,0,0,0,0,0,0,0,0,0,0,0,0,0,0,0,0,0,0,0,0,0,0,0,0,0,0,0,0,0,0,0,0,0,0,0,0,0,0,0,0,0,0,0,0,0,0,0,0,0,0,0,0,0,0,0,0,0,0,0,0,0,0,0,0,0,0,0,0,0,0,0,0,0,0,0,0,0,0,0,0,0,0,0,0,0,0,0,0,0,0,0,0,0,0,0,0,0,0,0,0,0,0,0,0,0,0,0,0,0,0,0,0,0,0,0,0,0,0,0,0,0,0,0,0,0,0,0,0,0,0,0,0,0,0,0,100,60,0,0,0,0,0,0,32,148,145,0,0,0,0,0,0,0,0,0,0,0,0,0,0,0,100,190,232,137,0,0,0,0,0,0,190,252,110,0,0,0,0,0,0,0,0,0,0,0,0,0,18,145,247,242,134,4,0,0,0,0,9,101,247,171,7,0,0,0,0,0,0,0,0,0,0,0,0,43,239,253,231,95,0,0,0,0,0,0,176,253,169,7,0,0,0,0,0,0,0,0,0,0,0,0,9,186,252,253,80,0,0,0,0,0,0,98,246,218,11,0,0,0,0,0,0,0,0,0,0,0,0,0,145,253,253,107,0,0,0,0,0,15,148,253,236,0,0,0,0,0,0,0,0,0,0,0,0,0,0,100,247,252,252,27,0,0,22,85,85,185,252,252,112,0,0,0,0,0,0,0,0,0,0,0,0,0,0,190,252,252,164,18,16,128,237,252,253,252,252,185,4,0,0,0,0,0,0,0,0,0,0,0,0,0,0,163,252,252,252,239,232,252,236,242,253,252,212,28,0,0,0,0,0,0,0,0,0,0,0,0,0,0,0,14,191,252,252,253,217,138,128,246,253,252,82,0,0,0,0,0,0,0,0,0,0,0,0,0,0,0,0,0,0,71,62,0,0,13,218,253,255,168,0,0,0,0,0,0,0,0,0,0,0,0,0,0,0,0,0,0,0,0,0,0,0,136,252,252,204,68,0,0,0,0,0,0,0,0,0,0,0,0,0,0,0,0,0,0,0,0,0,13,136,251,252,252,9,0,0,0,0,0,0,0,0,0,0,0,0,0,0,0,0,0,0,0,0,0,0,174,252,252,252,155,0,0,0,0,0,0,0,0,0,0,0,0,0,0,0,0,0,0,0,0,0,0,132,253,252,252,155,7,0,0,0,0,0,0,0,0,0,0,0,0,0,0,0,0,0,0,0,0,4,139,253,254,239,149,0,0,0,0,0,0,0,0,0,0,0,0,0,0,0,0,0,0,0,0,0,0,57,252,252,253,89,0,0,0,0,0,0,0,0,0,0,0,0,0,0,0,0,0,0,0,0,0,0,43,234,252,252,161,5,0,0,0,0,0,0,0,0,0,0,0,0,0,0,0,0,0,0,0,0,0,0,155,252,252,252,35,0,0,0,0,0,0,0,0,0,0,0,0,0,0,0,0,0,0,0,0,0,0,0,146,252,182,59,0,0,0,0,0,0,0,0,0,0,0,0,0,0,0,0,0,0,0,0,0,0,0,0,0,0,0,0,0,0,0,0,0,0,0,0,0,0,0,0,0,0,0,0,0,0,0,0,0,0,0,0,0,0,0,0,0,0,0,0,0,0,0,0,0,0,0,0,0,0,0,0,0,0,0,0,0,0,0,0,0,0,0,0,0,0,0,0,0,0,0,0,0,0,0,0,0,0,0,0
0,0,0,0,0,0,0,0,0,0,0,0,0,0,0,0,0,0,0,0,0,0,0,0,0,0,0,0,0,0,0,0,0,0,0,0,0,0,0,0,0,0,0,0,0,0,0,0,0,0,0,0,0,0,0,0,0,0,0,0,0,0,0,0,0,0,0,0,0,0,0,0,0,0,0,0,0,0,0,0,0,0,0,0,0,0,0,0,0,0,0,0,0,0,0,0,0,0,0,0,0,0,0,0,0,0,0,0,0,0,0,0,0,0,0,0,0,0,0,0,0,0,0,0,56,158,254,254,106,19,0,0,0,0,0,0,0,0,0,0,0,0,0,0,0,0,0,0,0,0,18,78,233,253,253,253,254,181,60,60,43,0,0,0,0,0,0,0,0,0,0,0,0,0,0,0,0,0,84,253,253,253,253,253,254,253,253,253,227,57,0,0,0,0,0,0,0,0,0,0,0,0,0,0,0,57,238,253,253,253,182,253,254,253,253,253,253,223,0,0,0,0,0,0,0,0,0,0,0,0,0,0,14,238,253,253,213,37,140,253,179,55,38,214,253,250,106,0,0,0,0,0,0,0,0,0,0,0,0,0,33,253,253,249,105,0,14,74,0,0,0,106,250,253,134,2,0,0,0,0,0,0,0,0,0,0,0,0,164,253,253,143,0,0,0,0,0,0,0,0,145,253,253,14,0,0,0,0,0,0,0,0,0,0,0,22,196,253,226,48,0,0,0,0,0,0,0,0,75,253,253,14,0,0,0,0,0,0,0,0,0,0,0,87,253,253,178,0,0,0,0,0,0,0,0,0,18,196,253,128,0,0,0,0,0,0,0,0,0,0,0,209,253,253,178,0,0,0,0,0,0,0,0,0,0,179,253,163,0,0,0,0,0,0,0,0,0,0,0,211,254,254,179,0,0,0,0,0,0,0,0,0,0,181,254,255,59,0,0,0,0,0,0,0,0,0,0,209,253,253,178,0,0,0,0,0,0,0,0,0,0,179,253,178,11,0,0,0,0,0,0,0,0,0,0,209,253,253,178,0,0,0,0,0,0,0,0,0,0,179,253,163,0,0,0,0,0,0,0,0,0,0,0,209,253,253,178,0,0,0,0,0,0,0,0,0,36,214,253,93,0,0,0,0,0,0,0,0,0,0,0,77,253,253,178,0,0,0,0,0,0,0,0,0,75,253,253,14,0,0,0,0,0,0,0,0,0,0,0,18,85,253,231,162,30,2,0,0,0,0,0,0,93,253,253,121,0,0,0,0,0,0,0,0,0,0,0,0,15,253,253,253,253,141,112,0,0,0,0,64,240,253,253,84,0,0,0,0,0,0,0,0,0,0,0,0,1,85,243,253,253,253,251,239,241,239,239,246,253,225,14,1,0,0,0,0,0,0,0,0,0,0,0,0,0,0,52,165,232,253,253,253,254,253,253,253,169,52,0,0,0,0,0,0,0,0,0,0,0,0,0,0,0,0,0,0,56,156,253,253,255,129,104,104,12,0,0,0,0,0,0,0,0,0,0,0,0,0,0,0,0,0,0,0,0,0,0,0,0,0,0,0,0,0,0,0,0,0,0,0,0,0,0,0,0,0,0,0,0,0,0,0,0,0,0,0,0,0,0,0,0,0,0,0,0,0,0,0,0,0,0,0,0,0,0,0,0,0,0,0,0,0,0,0,0,0,0,0,0,0,0,0,0,0,0,0,0,0,0,0,0,0,0,0,0,0,0,0,0,0,0,0,0,0,0,0,0,0,0,0,0,0,0,0,0
4,0,0,0,0,0,0,0,0,0,0,0,0,0,0,0,0,0,0,0,0,0,0,0,0,0,0,0,0,0,0,0,0,0,0,0,0,0,0,0,0,0,0,0,0,0,0,0,0,0,0,0,0,0,0,0,0,0,0,0,0,0,0,0,0,0,0,0,0,0,0,0,0,0,0,0,0,0,0,0,0,0,0,0,0,0,0,0,0,0,0,0,0,0,0,0,0,0,0,0,0,0,0,0,0,0,0,0,0,0,0,0,0,0,0,0,0,0,0,0,0,0,0,0,0,0,0,0,0,0,0,0,0,0,0,0,0,0,0,0,0,0,0,0,0,0,0,0,0,0,0,0,0,0,0,0,0,0,0,10,179,255,197,0,0,0,0,0,0,0,0,0,0,0,0,0,0,0,0,0,0,0,0,0,0,0,0,160,252,253,121,0,0,0,0,0,0,0,0,0,0,0,0,0,0,0,0,0,0,0,0,0,0,0,45,240,252,231,19,0,0,0,0,0,0,0,0,0,0,0,0,0,0,0,0,0,0,0,0,0,0,13,194,252,252,125,0,0,0,0,0,0,0,0,0,0,0,0,0,0,0,0,120,253,91,0,0,0,0,104,253,253,190,0,0,0,0,0,0,0,0,0,0,0,0,0,0,0,0,19,225,252,139,0,0,0,26,253,252,252,115,0,0,0,0,0,0,0,0,0,0,0,0,0,0,0,38,204,252,252,139,0,0,0,150,253,252,148,6,0,0,0,0,0,0,0,0,0,0,0,0,0,0,38,225,253,252,164,28,0,0,126,249,253,252,56,0,0,0,0,0,0,0,0,0,0,0,0,0,0,7,204,253,254,253,165,141,141,141,229,253,254,228,53,29,13,0,0,0,0,0,0,0,0,0,0,0,0,131,252,252,253,252,252,252,253,252,252,252,253,252,252,252,207,94,38,0,0,0,0,0,0,0,0,0,0,131,252,252,253,252,252,252,253,252,252,252,253,252,252,252,253,252,130,0,0,0,0,0,0,0,0,0,0,7,28,78,140,65,28,28,28,178,252,252,178,28,116,139,140,65,6,0,0,0,0,0,0,0,0,0,0,0,0,0,0,0,0,0,29,253,253,241,51,0,0,0,0,0,0,0,0,0,0,0,0,0,0,0,0,0,0,0,0,0,0,0,104,252,252,139,0,0,0,0,0,0,0,0,0,0,0,0,0,0,0,0,0,0,0,0,0,0,0,0,229,252,252,52,0,0,0,0,0,0,0,0,0,0,0,0,0,0,0,0,0,0,0,0,0,0,0,101,253,252,77,3,0,0,0,0,0,0,0,0,0,0,0,0,0,0,0,0,0,0,0,0,0,0,10,229,254,184,0,0,0,0,0,0,0,0,0,0,0,0,0,0,0,0,0,0,0,0,0,0,0,0,110,252,247,65,0,0,0,0,0,0,0,0,0,0,0,0,0,0,0,0,0,0,0,0,0,0,0,0,197,252,187,0,0,0,0,0,0,0,0,0,0,0,0,0,0,0,0,0,0,0,0,0,0,0,0,0,197,202,13,0,0,0,0,0,0,0,0,0,0,0,0,0,0,0,0,0,0,0,0,0,0,0,0,0,0,0,0,0,0,0,0,0,0,0,0,0,0,0,0,0,0,0,0,0,0,0,0,0,0,0,0,0,0,0,0,0,0,0,0,0,0,0,0,0,0,0,0,0,0,0,0,0,0,0,0,0,0,0,0,0,0,0,0,0,0,0,0,0,0,0,0,0,0,0,0,0,0,0
8,0,0,0,0,0,0,0,0,0,0,0,0,0,0,0,0,0,0,0,0,0,0,0,0,0,0,0,0,0,0,0,0,0,0,0,0,0,0,0,0,0,0,0,0,0,0,0,0,0,0,0,0,0,0,0,0,0,0,0,0,0,0,0,0,0,0,0,0,0,0,0,0,0,0,0,0,0,0,0,0,0,0,0,0,0,0,0,0,0,0,0,0,0,0,0,0,0,0,0,0,0,0,0,0,0,0,0,0,0,0,0,0,0,0,0,0,0,0,0,0,0,0,0,0,0,0,0,0,0,0,0,0,0,0,0,0,0,0,0,0,0,0,0,0,0,0,0,0,1,7,7,7,7,7,5,0,0,0,0,0,0,0,0,0,0,0,0,0,0,0,0,0,0,1,13,89,154,253,253,253,253,253,219,98,3,0,0,0,0,0,0,0,0,0,0,0,0,0,0,1,25,151,253,253,253,253,250,235,248,253,253,253,161,30,0,0,0,0,0,0,0,0,0,0,0,0,0,152,253,253,253,253,237,146,85,0,77,138,236,253,253,215,101,13,14,0,0,0,0,0,0,0,0,0,0,255,253,253,253,253,172,32,25,0,0,0,29,224,253,253,253,205,141,0,0,0,0,0,0,0,0,0,0,236,253,253,253,253,253,253,235,161,161,161,65,212,253,253,253,219,60,0,0,0,0,0,0,0,0,0,0,48,233,253,253,253,253,253,253,253,253,253,253,253,253,237,101,8,0,0,0,0,0,0,0,0,0,0,0,0,43,80,80,80,98,122,164,203,216,253,253,253,253,224,45,0,0,0,0,0,0,0,0,0,0,0,0,0,0,0,0,0,0,0,0,0,32,223,253,253,253,253,224,68,4,0,0,0,0,0,0,0,0,0,0,0,0,0,0,0,0,0,0,0,93,253,235,91,170,244,253,253,109,0,0,0,0,0,0,0,0,0,0,0,0,0,0,0,0,0,0,43,237,253,179,0,0,99,245,253,226,104,0,0,0,0,0,0,0,0,0,0,0,0,0,0,0,0,0,56,253,253,82,0,0,0,98,246,253,228,4,0,0,0,0,0,0,0,0,0,0,0,0,0,0,0,0,156,253,198,11,0,0,0,0,190,253,253,106,0,0,0,0,0,0,0,0,0,0,0,0,0,0,0,18,205,253,185,0,0,0,0,0,18,239,253,172,0,0,0,0,0,0,0,0,0,0,0,0,0,0,0,32,226,253,210,21,0,0,0,0,0,190,253,253,0,0,0,0,0,0,0,0,0,0,0,0,0,0,0,0,180,253,253,193,68,0,0,0,142,237,253,253,0,0,0,0,0,0,0,0,0,0,0,0,0,0,0,0,68,253,253,253,246,230,230,230,251,253,253,201,0,0,0,0,0,0,0,0,0,0,0,0,0,0,0,0,4,109,226,253,253,253,253,253,253,253,201,12,0,0,0,0,0,0,0,0,0,0,0,0,0,0,0,0,0,0,9,109,173,253,253,253,146,81,6,0,0,0,0,0,0,0,0,0,0,0,0,0,0,0,0,0,0,0,0,0,2,5,5,5,1,0,0,0,0,0,0,0,0,0,0,0,0,0,0,0,0,0,0,0,0,0,0,0,0,0,0,0,0,0,0,0,0,0,0,0,0,0,0,0,0,0,0,0,0,0,0,0,0,0,0,0,0,0,0,0,0,0,0,0,0,0,0,0,0,0,0,0,0,0,0,0,0,0,0,0,0,0,0,0,0,0,0,0,0,0,0,0,0,0,0,0,0
1,0,0,0,0,0,0,0,0,0,0,0,0,0,0,0,0,0,0,0,0,0,0,0,0,0,0,0,0,0,0,0,0,0,0,0,0,0,0,0,0,0,0,0,0,0,0,0,0,0,0,0,0,0,0,0,0,0,0,0,0,0,0,0,0,0,0,0,0,0,0,0,0,0,0,0,0,0,0,0,0,0,0,0,0,0,0,0,0,0,0,0,0,0,0,0,0,0,0,0,0,0,0,0,0,0,0,0,0,0,0,0,0,0,0,0,0,0,0,0,0,0,0,0,0,0,0,0,0,0,0,0,0,254,168,0,0,0,0,0,0,0,0,0,0,0,0,0,0,0,0,0,0,0,0,0,0,0,0,0,36,253,168,9,0,0,0,0,0,0,0,0,0,0,0,0,0,0,0,0,0,0,0,0,0,0,0,32,223,232,32,0,0,0,0,0,0,0,0,0,0,0,0,0,0,0,0,0,0,0,0,0,0,0,6,155,252,115,0,0,0,0,0,0,0,0,0,0,0,0,0,0,0,0,0,0,0,0,0,0,0,0,153,252,208,0,0,0,0,0,0,0,0,0,0,0,0,0,0,0,0,0,0,0,0,0,0,0,0,15,237,253,174,0,0,0,0,0,0,0,0,0,0,0,0,0,0,0,0,0,0,0,0,0,0,0,15,140,252,231,72,0,0,0,0,0,0,0,0,0,0,0,0,0,0,0,0,0,0,0,0,0,0,0,43,226,251,173,0,0,0,0,0,0,0,0,0,0,0,0,0,0,0,0,0,0,0,0,0,0,0,27,253,252,205,0,0,0,0,0,0,0,0,0,0,0,0,0,0,0,0,0,0,0,0,0,0,0,0,194,253,252,82,0,0,0,0,0,0,0,0,0,0,0,0,0,0,0,0,0,0,0,0,0,0,0,109,253,255,151,0,0,0,0,0,0,0,0,0,0,0,0,0,0,0,0,0,0,0,0,0,0,0,43,127,252,239,86,0,0,0,0,0,0,0,0,0,0,0,0,0,0,0,0,0,0,0,0,0,0,0,92,252,252,193,0,0,0,0,0,0,0,0,0,0,0,0,0,0,0,0,0,0,0,0,0,0,0,57,246,252,208,0,0,0,0,0,0,0,0,0,0,0,0,0,0,0,0,0,0,0,0,0,0,0,36,225,252,252,76,0,0,0,0,0,0,0,0,0,0,0,0,0,0,0,0,0,0,0,0,0,0,0,254,253,241,35,0,0,0,0,0,0,0,0,0,0,0,0,0,0,0,0,0,0,0,0,0,0,48,190,253,224,66,0,0,0,0,0,0,0,0,0,0,0,0,0,0,0,0,0,0,0,0,0,0,2,98,235,250,110,0,0,0,0,0,0,0,0,0,0,0,0,0,0,0,0,0,0,0,0,0,0,0,48,252,252,158,0,0,0,0,0,0,0,0,0,0,0,0,0,0,0,0,0,0,0,0,0,0,0,0,74,173,252,0,0,0,0,0,0,0,0,0,0,0,0,0,0,0,0,0,0,0,0,0,0,0,0,0,0,0,0,0,0,0,0,0,0,0,0,0,0,0,0,0,0,0,0,0,0,0,0,0,0,0,0,0,0,0,0,0,0,0,0,0,0,0,0,0,0,0,0,0,0,0,0,0,0,0,0,0,0,0,0,0,0,0,0,0,0,0,0,0,0,0,0,0,0,0,0,0,0,0,0,0,0,0,0,0,0,0,0,0,0,0,0,0,0,0,0,0,0,0,0,0,0,0,0,0,0,0,0,0,0
0,0,0,0,0,0,0,0,0,0,0,0,0,0,0,0,0,0,0,0,0,0,0,0,0,0,0,0,0,0,0,0,0,0,0,0,0,0,0,0,0,0,0,0,0,0,0,0,0,0,0,0,0,0,0,0,0,0,0,0,0,0,0,0,0,0,0,0,0,0,0,0,0,0,0,0,0,0,0,0,0,0,0,0,0,0,0,0,0,0,0,0,0,0,0,0,0,0,0,0,0,0,0,0,0,0,0,0,0,0,0,0,0,0,0,0,0,0,0,0,0,0,0,0,0,0,0,0,0,0,0,0,0,0,0,0,0,0,0,0,0,0,0,0,0,0,0,0,0,0,0,0,0,0,0,36,43,43,43,43,7,0,0,0,0,0,0,0,0,0,0,0,0,0,0,0,0,0,71,85,85,85,85,224,252,250,250,250,111,85,56,0,0,0,0,0,0,0,0,0,0,0,0,0,64,127,230,252,250,250,250,250,252,250,250,250,250,252,208,63,0,0,0,0,0,0,0,0,0,0,0,0,127,250,250,252,250,250,250,250,252,250,250,250,250,252,250,125,0,0,0,0,0,0,0,0,0,0,0,71,230,250,250,252,250,250,250,74,252,179,146,250,250,252,250,230,70,0,0,0,0,0,0,0,0,0,43,252,252,252,252,212,139,0,0,0,212,210,126,183,252,254,252,252,112,7,0,0,0,0,0,0,0,0,113,250,250,250,250,0,0,0,0,0,0,0,84,166,237,252,250,250,250,41,0,0,0,0,0,0,0,0,252,250,250,250,250,0,0,0,0,0,0,0,0,0,105,252,250,250,250,41,0,0,0,0,0,0,0,0,252,250,250,250,250,0,0,0,0,0,0,0,0,0,0,112,250,250,250,41,0,0,0,0,0,0,0,0,252,250,250,250,74,0,0,0,0,0,0,0,0,0,0,43,250,250,250,217,0,0,0,0,0,0,0,0,254,252,252,252,76,0,0,0,0,0,0,0,0,0,0,43,252,252,252,252,0,0,0,0,0,0,0,0,252,250,250,250,250,0,0,0,0,0,0,0,0,0,0,43,250,250,250,250,0,0,0,0,0,0,0,0,252,250,250,250,250,128,84,0,0,0,0,0,0,0,0,43,250,250,250,250,0,0,0,0,0,0,0,0,83,138,250,250,250,252,223,84,0,0,0,0,0,0,0,183,250,250,250,110,0,0,0,0,0,0,0,0,0,85,250,250,250,252,250,230,210,210,0,0,0,0,0,252,250,250,110,7,0,0,0,0,0,0,0,0,0,0,107,239,252,254,252,252,252,252,255,252,252,252,252,255,252,126,0,0,0,0,0,0,0,0,0,0,0,0,0,112,237,252,250,250,250,250,252,250,250,250,250,238,166,83,0,0,0,0,0,0,0,0,0,0,0,0,0,0,105,146,250,250,250,250,252,250,250,250,250,105,0,0,0,0,0,0,0,0,0,0,0,0,0,0,0,0,0,14,83,83,83,83,83,83,83,83,83,0,0,0,0,0,0,0,0,0,0,0,0,0,0,0,0,0,0,0,0,0,0,0,0,0,0,0,0,0,0,0,0,0,0,0,0,0,0,0,0,0,0,0,0,0,0,0,0,0,0,0,0,0,0,0,0,0,0,0,0,0,0,0,0,0,0,0,0,0,0,0,0,0,0,0,0,0,0,0,0,0,0,0,0,0,0,0,0,0,0,0,0,0,0,0,0,0,0,0,0,0,0,0,0,0,0,0,0,0,0,0,0,0,0,0,0,0,0,0,0
5,0,0,0,0,0,0,0,0,0,0,0,0,0,0,0,0,0,0,0,0,0,0,0,0,0,0,0,0,0,0,0,0,0,0,0,0,0,0,0,0,0,0,0,0,0,0,0,0,0,0,0,0,0,0,0,0,0,0,0,0,0,0,0,0,0,0,0,0,0,0,0,0,0,0,0,0,0,0,0,0,0,0,0,0,0,0,0,0,0,0,0,0,0,0,0,0,0,0,0,0,0,0,0,0,0,0,0,0,0,0,0,0,0,0,0,0,0,0,0,0,0,0,0,0,0,0,0,0,0,0,0,0,0,0,0,0,0,0,0,0,0,0,0,0,0,0,0,0,0,0,0,0,0,0,0,0,0,0,48,130,179,254,254,136,6,0,0,0,0,0,0,0,0,0,0,0,0,0,0,0,0,3,13,46,136,136,234,253,253,253,253,253,184,0,0,0,0,0,0,0,0,0,0,0,0,0,0,4,44,167,253,253,253,253,253,246,235,183,111,111,3,0,0,0,0,0,0,0,0,0,0,0,0,0,0,117,253,253,253,253,253,253,245,144,0,0,0,0,0,0,0,0,0,0,0,0,0,0,0,0,0,0,84,220,253,253,139,201,253,204,65,0,0,0,0,0,0,0,0,0,0,0,0,0,0,0,0,0,0,16,161,253,229,103,25,59,216,87,0,0,0,0,0,0,0,0,0,0,0,0,0,0,0,0,0,0,0,6,177,253,199,25,0,0,0,0,0,0,0,0,0,0,0,0,0,0,0,0,0,0,0,0,0,0,0,10,106,253,199,75,0,0,0,0,0,0,0,0,0,0,0,0,0,0,0,0,0,0,0,0,0,0,0,0,91,234,253,210,15,0,0,0,0,0,0,0,0,0,0,0,0,0,0,0,0,0,0,0,0,0,0,0,19,179,253,226,35,0,0,0,0,0,0,0,0,0,0,0,0,0,0,0,0,0,0,0,0,0,0,0,0,11,159,253,178,17,0,0,0,0,0,0,0,0,0,0,0,0,0,0,0,0,0,0,0,0,0,0,0,0,111,253,223,68,0,0,0,0,0,0,0,0,0,0,0,0,0,0,0,0,0,106,138,75,0,0,0,0,34,190,253,125,0,0,0,0,0,0,0,0,0,0,0,0,0,0,0,0,0,173,253,244,52,0,0,0,0,56,253,218,27,0,0,0,0,0,0,0,0,0,0,0,0,0,0,0,0,40,210,251,217,85,0,0,0,8,196,244,93,0,0,0,0,0,0,0,0,0,0,0,0,0,0,0,0,0,89,253,241,99,0,0,0,28,170,253,147,20,0,0,0,0,0,0,0,0,0,0,0,0,0,0,0,0,69,155,253,250,150,36,0,0,174,253,217,25,0,0,0,0,0,0,0,0,0,0,0,0,0,0,0,0,0,10,202,253,253,242,236,236,249,253,129,4,0,0,0,0,0,0,0,0,0,0,0,0,0,0,0,0,0,1,12,159,253,253,253,253,253,163,30,0,0,0,0,0,0,0,0,0,0,0,0,0,0,0,0,0,0,0,0,4,24,129,129,129,99,2,0,0,0,0,0,0,0,0,0,0,0,0,0,0,0,0,0,0,0,0,0,0,0,0,0,0,0,0,0,0,0,0,0,0,0,0,0,0,0,0,0,0,0,0,0,0,0,0,0,0,0,0,0,0,0,0,0,0,0,0,0,0,0,0,0,0,0,0,0,0,0,0,0,0,0,0,0,0,0,0,0,0,0,0,0,0,0,0,0,0,0,0,0,0,0,0
2,0,0,0,0,0,0,0,0,0,0,0,0,0,0,0,0,0,0,0,0,0,0,0,0,0,0,0,0,0,0,0,0,0,0,0,0,0,0,0,0,0,0,0,0,0,0,0,0,0,0,0,0,0,0,0,0,0,0,0,0,0,0,0,0,0,0,0,0,0,0,0,0,0,0,0,0,0,0,0,0,0,0,0,0,0,0,0,0,0,0,0,0,34,255,254,254,212,91,91,91,91,23,0,0,0,0,0,0,0,0,0,0,0,0,0,0,0,0,0,0,31,236,240,253,253,253,253,253,253,199,99,0,0,0,0,0,0,0,0,0,0,0,0,0,0,0,0,0,0,0,29,146,146,212,253,253,253,253,186,21,0,0,0,0,0,0,0,0,0,0,0,0,0,0,0,0,0,0,0,0,0,35,226,253,253,253,253,70,0,0,0,0,0,0,0,0,0,0,0,0,0,0,0,0,0,0,0,0,0,0,83,253,253,253,253,212,0,0,0,0,0,0,0,0,0,0,0,0,0,0,0,0,0,0,0,0,0,0,115,253,253,253,253,74,0,0,0,0,0,0,0,0,0,0,0,0,0,0,0,0,0,0,0,0,0,0,246,253,253,253,253,48,0,0,0,0,0,0,0,0,0,0,0,0,0,0,0,0,0,0,0,0,18,167,252,253,253,253,148,5,0,0,0,0,0,0,0,0,0,0,0,0,0,0,0,0,0,0,0,0,167,253,253,253,253,253,138,0,0,0,0,0,0,0,0,0,0,0,0,0,0,0,0,0,0,0,49,246,252,253,253,253,221,171,94,0,0,0,0,0,0,0,0,0,0,0,0,0,0,0,0,0,2,9,162,253,253,253,253,253,149,0,0,0,0,0,0,0,0,0,0,0,0,0,0,0,0,0,0,0,33,253,253,253,253,253,221,149,0,0,0,0,0,0,0,0,0,0,0,0,0,0,0,0,0,0,0,0,155,253,253,253,253,253,155,0,0,0,0,0,0,0,0,0,0,0,0,0,0,0,0,0,0,0,0,49,222,253,253,253,223,138,4,0,0,0,0,0,0,0,0,0,0,0,0,0,0,0,0,0,0,0,0,107,253,253,253,253,187,0,0,0,0,0,19,42,127,62,18,0,0,0,0,0,0,0,0,0,0,0,0,52,224,253,253,253,221,131,131,131,131,131,186,253,253,253,106,0,0,0,0,0,0,0,0,0,0,0,0,0,197,253,253,253,253,253,253,253,253,253,253,253,253,253,106,0,0,0,0,0,0,0,0,0,0,0,0,0,102,253,253,253,253,253,253,253,253,253,253,253,253,253,106,0,0,0,0,0,0,0,0,0,0,0,0,0,24,215,253,253,253,253,253,253,253,253,253,253,253,151,7,0,0,0,0,0,0,0,0,0,0,0,0,0,0,44,121,253,253,253,253,253,253,253,178,89,89,11,0,0,0,0,0,0,0,0,0,0,0,0,0,0,0,0,0,0,0,0,0,0,0,0,0,0,0,0,0,0,0,0,0,0,0,0,0,0,0,0,0,0,0,0,0,0,0,0,0,0,0,0,0,0,0,0,0,0,0,0,0,0,0,0,0,0,0,0,0,0,0,0,0,0,0,0,0,0,0,0,0,0,0,0,0,0,0,0,0,0,0,0,0,0,0,0,0,0,0,0,0,0,0,0,0,0,0,0,0,0,0,0,0,0,0,0,0,0,0,0,0,0,0,0,0,0,0,0,0,0,0,0,0,0,0,0,0,0,0,0,0,0,0,0,0,0
7,0,0,0,0,0,0,0,0,0,0,0,0,0,0,0,0,0,0,0,0,0,0,0,0,0,0,0,0,0,0,0,0,0,0,0,0,0,0,0,0,0,0,0,0,0,0,0,0,0,0,0,0,0,0,0,0,0,0,0,0,0,0,0,0,0,0,0,0,0,0,0,0,0,0,0,0,0,0,0,0,0,0,0,0,0,0,0,0,0,0,0,0,0,0,0,0,0,0,0,0,0,0,0,0,0,0,0,0,0,0,0,0,0,0,0,0,0,0,0,0,0,0,0,0,0,0,0,0,0,0,0,0,0,0,0,0,0,0,0,0,0,0,0,0,0,0,0,0,0,0,93,254,254,254,254,254,254,255,215,0,0,0,0,0,0,0,0,0,0,0,0,0,0,0,0,0,0,0,2,6,114,135,135,163,253,253,214,0,0,0,0,0,0,0,0,0,0,0,0,0,0,0,0,0,0,0,0,0,0,0,0,117,253,253,214,0,0,0,0,0,0,0,0,0,0,0,0,0,0,0,0,0,0,0,0,0,0,0,27,216,253,253,94,0,0,0,0,0,0,0,0,0,0,0,0,0,0,0,0,0,0,0,0,0,0,0,183,253,253,212,9,0,0,0,0,0,0,0,0,0,0,0,0,0,0,0,0,0,0,0,0,0,0,0,196,253,253,94,0,0,0,0,0,0,0,0,0,0,0,0,0,0,0,0,0,0,0,0,0,0,0,25,215,253,253,78,0,0,0,0,0,0,0,0,0,0,0,0,0,0,0,0,0,0,0,0,0,0,0,72,253,253,253,78,0,0,0,0,0,0,0,0,0,0,0,0,0,0,0,0,0,0,0,0,0,0,0,176,253,253,174,16,0,0,0,0,0,0,0,0,0,0,0,0,0,0,0,0,0,0,0,0,0,0,61,242,253,253,71,0,0,0,0,0,0,0,0,0,0,0,0,0,0,0,0,0,0,0,0,0,0,0,79,253,253,253,71,0,0,0,0,0,0,0,0,0,0,0,0,0,0,0,0,0,0,0,0,0,0,0,79,253,253,211,20,0,0,0,0,0,0,0,0,0,0,0,0,0,0,0,0,0,0,0,0,0,0,0,79,253,253,194,0,0,0,0,0,0,0,0,0,0,0,0,0,0,0,0,0,0,0,0,0,0,0,0,79,253,253,194,0,0,0,0,0,0,0,0,0,0,0,0,0,0,0,0,0,0,0,0,0,0,0,0,79,253,253,194,0,0,0,0,0,0,0,0,0,0,0,0,0,0,0,0,0,0,0,0,0,0,0,0,79,253,253,194,0,0,0,0,0,0,0,0,0,0,0,0,0,0,0,0,0,0,0,0,0,0,0,0,155,253,253,194,0,0,0,0,0,0,0,0,0,0,0,0,0,0,0,0,0,0,0,0,0,0,0,0,209,253,253,194,0,0,0,0,0,0,0,0,0,0,0,0,0,0,0,0,0,0,0,0,0,0,0,0,205,253,253,194,0,0,0,0,0,0,0,0,0,0,0,0,0,0,0,0,0,0,0,0,0,0,0,0,79,253,253,128,0,0,0,0,0,0,0,0,0,0,0,0,0,0,0,0,0,0,0,0,0,0,0,0,0,0,0,0,0,0,0,0,0,0,0,0,0,0,0,0,0,0,0,0,0,0,0,0,0,0,0,0,0,0,0,0,0,0,0,0,0,0,0,0,0,0,0,0,0,0,0,0,0,0,0,0,0,0,0,0,0,0,0,0,0,0,0,0,0,0,0,0,0,0,0,0
8,0,0,0,0,0,0,0,0,0,0,0,0,0,0,0,0,0,0,0,0,0,0,0,0,0,0,0,0,0,0,0,0,0,0,0,0,0,0,0,0,0,0,0,0,0,0,0,0,0,0,0,0,0,0,0,0,0,0,0,0,0,0,0,0,0,0,0,0,0,0,0,0,0,0,0,0,0,0,0,0,0,0,0,0,0,0,0,0,0,0,0,0,0,0,0,0,0,0,0,0,0,0,0,0,0,0,0,0,0,0,0,0,0,0,0,0,0,0,0,0,0,0,0,0,0,0,0,0,0,0,0,0,0,0,0,0,0,0,0,0,0,0,0,0,0,0,0,0,0,0,0,0,0,0,0,0,0,0,0,0,0,0,0,0,0,0,0,0,0,0,0,0,46,125,165,197,231,254,254,255,207,165,128,75,0,0,0,0,0,0,0,0,0,0,0,0,0,0,0,68,244,254,254,254,254,254,254,232,254,254,254,253,241,154,35,0,0,0,0,0,0,0,0,0,0,0,0,245,254,244,160,77,26,26,26,17,26,26,26,26,70,251,220,37,0,0,0,0,0,0,0,0,0,0,0,198,254,246,139,55,10,0,0,0,0,0,0,0,125,254,254,199,0,0,0,0,0,0,0,0,0,0,0,16,191,251,254,254,215,139,112,60,19,0,0,0,169,254,222,222,39,0,0,0,0,0,0,0,0,0,0,0,0,60,141,187,158,248,254,254,242,145,61,76,232,228,68,48,30,0,0,0,0,0,0,0,0,0,0,0,0,0,0,0,0,27,80,163,184,254,254,254,254,126,0,0,0,0,0,0,0,0,0,0,0,0,0,0,0,0,0,0,0,0,0,0,1,47,217,254,254,228,142,10,0,0,0,0,0,0,0,0,0,0,0,0,0,0,0,0,0,0,0,0,0,39,230,231,75,208,254,225,70,0,0,0,0,0,0,0,0,0,0,0,0,0,0,0,0,0,0,0,0,168,254,144,0,9,50,204,241,96,0,0,0,0,0,0,0,0,0,0,0,0,0,0,0,0,0,0,33,231,196,13,0,0,0,36,248,247,47,0,0,0,0,0,0,0,0,0,0,0,0,0,0,0,0,0,140,254,109,0,0,0,0,0,56,228,202,0,0,0,0,0,0,0,0,0,0,0,0,0,0,0,0,22,234,198,16,0,0,0,0,0,0,190,254,0,0,0,0,0,0,0,0,0,0,0,0,0,0,0,0,59,254,133,0,0,0,0,0,0,0,162,254,0,0,0,0,0,0,0,0,0,0,0,0,0,0,0,0,59,254,133,0,0,0,0,0,0,26,252,254,0,0,0,0,0,0,0,0,0,0,0,0,0,0,0,0,59,254,183,0,0,0,0,0,9,107,254,203,0,0,0,0,0,0,0,0,0,0,0,0,0,0,0,0,29,238,249,96,0,0,0,9,137,254,247,50,0,0,0,0,0,0,0,0,0,0,0,0,0,0,0,0,0,168,249,233,172,117,139,215,254,241,100,0,0,0,0,0,0,0,0,0,0,0,0,0,0,0,0,0,0,0,105,246,254,254,254,254,233,104,0,0,0,0,0,0,0,0,0,0,0,0,0,0,0,0,0,0,0,0,0,39,164,164,164,83,37,0,0,0,0,0,0,0,0,0,0,0,0,0,0,0,0,0,0,0,0,0,0,0,0,0,0,0,0,0,0,0,0,0,0,0,0,0,0,0,0,0,0,0,0,0,0,0,0,0,0,0,0,0,0,0,0,0,0,0,0,0,0,0,0
8,0,0,0,0,0,0,0,0,0,0,0,0,0,0,0,0,0,0,0,0,0,0,0,0,0,0,0,0,0,0,0,0,0,0,0,0,0,0,0,0,0,0,0,0,0,0,0,0,0,0,0,0,0,0,0,0,0,0,0,0,0,0,0,0,0,0,0,0,0,0,0,0,0,0,0,0,0,0,0,0,0,0,0,0,0,0,0,0,0,0,0,0,0,0,0,0,0,0,0,0,0,0,0,0,0,0,0,0,0,0,0,0,0,0,0,0,0,0,3,121,155,126,56,56,56,35,0,0,0,0,0,0,0,0,0,0,0,0,0,0,0,0,0,0,0,64,195,254,254,254,251,254,254,157,130,49,11,2,0,0,0,0,0,0,0,0,0,0,0,0,0,0,0,95,254,254,249,160,94,123,173,131,253,229,254,95,48,0,0,0,0,0,0,0,0,0,0,0,0,0,0,142,254,229,96,0,0,0,0,0,34,25,234,244,245,159,0,0,0,0,0,0,0,0,0,0,0,0,0,165,254,229,52,0,0,0,0,0,0,0,0,42,179,189,22,0,0,0,0,0,0,0,0,0,0,0,0,95,254,189,21,0,0,0,0,0,0,0,0,0,0,61,88,34,0,0,0,0,0,0,0,0,0,0,0,15,189,229,55,0,0,0,0,0,0,0,0,0,0,10,182,180,0,0,0,0,0,0,0,0,0,0,0,0,14,225,224,56,20,0,0,0,16,0,0,0,0,54,182,164,0,0,0,0,0,0,0,0,0,0,0,0,0,16,91,231,212,134,174,172,219,193,134,90,27,150,254,43,0,0,0,0,0,0,0,0,0,0,0,0,0,0,9,208,254,254,254,254,254,254,254,254,252,254,148,8,0,0,0,0,0,0,0,0,0,0,0,0,0,0,0,95,254,254,254,254,254,254,254,254,254,191,17,1,2,0,0,0,0,0,0,0,0,0,0,0,0,0,0,28,239,254,254,254,175,95,95,95,95,61,156,134,128,0,0,0,0,0,0,0,0,0,0,0,0,0,0,0,151,254,254,254,5,0,0,0,0,0,13,69,241,138,0,0,0,0,0,0,0,0,0,0,0,0,0,0,163,254,216,211,84,0,0,0,0,0,0,12,211,240,37,0,0,0,0,0,0,0,0,0,0,0,0,0,55,154,183,41,1,0,0,0,0,0,0,0,22,207,104,0,0,0,0,0,0,0,0,0,0,0,0,0,0,115,254,197,3,0,0,0,0,0,0,0,0,149,164,0,0,0,0,0,0,0,0,0,0,0,0,0,0,40,247,217,117,77,112,59,0,4,36,89,210,254,109,0,0,0,0,0,0,0,0,0,0,0,0,0,0,0,130,254,254,254,254,225,163,185,254,254,254,203,36,0,0,0,0,0,0,0,0,0,0,0,0,0,0,0,2,87,234,254,254,254,254,255,240,209,100,4,0,0,0,0,0,0,0,0,0,0,0,0,0,0,0,0,0,0,33,57,154,154,154,106,38,0,0,0,0,0,0,0,0,0,0,0,0,0,0,0,0,0,0,0,0,0,0,0,0,0,0,0,0,0,0,0,0,0,0,0,0,0,0,0,0,0,0,0,0,0,0,0,0,0,0,0,0,0,0,0,0,0,0,0,0,0,0,0,0,0,0,0,0,0,0,0,0,0,0,0,0,0,0,0,0,0,0,0,0,0,0,0,0,0,0,0,0,0,0,0,0,0,0,0,0,0,0,0,0,0,0,0,0,0,0,0,0,0,0,0,0,0,0,0
